ISO-10303-21;
HEADER;
FILE_DESCRIPTION(('KiCad electronic assembly'),'2;1');
FILE_NAME('line.step','2026-08-25T19:16:28',('Pcbnew'),('Kicad'),
  'Open CASCADE STEP processor 7.8','KiCad to STEP converter','Unknown'
  );
FILE_SCHEMA(('AUTOMOTIVE_DESIGN { 1 0 10303 214 1 1 1 1 }'));
ENDSEC;
DATA;
#1 = APPLICATION_PROTOCOL_DEFINITION('international standard',
  'automotive_design',2000,#2);
#2 = APPLICATION_CONTEXT(
  'core data for automotive mechanical design processes');
#3 = SHAPE_DEFINITION_REPRESENTATION(#4,#10);
#4 = PRODUCT_DEFINITION_SHAPE('','',#5);
#5 = PRODUCT_DEFINITION('design','',#6,#9);
#6 = PRODUCT_DEFINITION_FORMATION('','',#7);
#7 = PRODUCT('line 1','line 1','',(#8));
#8 = PRODUCT_CONTEXT('',#2,'mechanical');
#9 = PRODUCT_DEFINITION_CONTEXT('part definition',#2,'design');
#10 = SHAPE_REPRESENTATION('',(#11,#15,#19,#23,#27,#31),#35);
#11 = AXIS2_PLACEMENT_3D('',#12,#13,#14);
#12 = CARTESIAN_POINT('',(0.,0.,0.));
#13 = DIRECTION('',(0.,0.,1.));
#14 = DIRECTION('',(1.,0.,-0.));
#15 = AXIS2_PLACEMENT_3D('',#16,#17,#18);
#16 = CARTESIAN_POINT('',(144.25,-112.5,1.595));
#17 = DIRECTION('',(0.,0.,1.));
#18 = DIRECTION('',(-1.,1.224646799147E-16,0.));
#19 = AXIS2_PLACEMENT_3D('',#20,#21,#22);
#20 = CARTESIAN_POINT('',(143.71,-115.75,1.595));
#21 = DIRECTION('',(0.,-0.,1.));
#22 = DIRECTION('',(1.110223024625E-16,1.,0.));
#23 = AXIS2_PLACEMENT_3D('',#24,#25,#26);
#24 = CARTESIAN_POINT('',(146.25,-109.,1.595));
#25 = DIRECTION('',(0.,-0.,1.));
#26 = DIRECTION('',(1.110223024625E-16,1.,0.));
#27 = AXIS2_PLACEMENT_3D('',#28,#29,#30);
#28 = CARTESIAN_POINT('',(148.25,-112.5,1.595));
#29 = DIRECTION('',(0.,0.,1.));
#30 = DIRECTION('',(1.,0.,0.));
#31 = AXIS2_PLACEMENT_3D('',#32,#33,#34);
#32 = CARTESIAN_POINT('',(0.,0.,0.));
#33 = DIRECTION('',(0.,0.,1.));
#34 = DIRECTION('',(1.,0.,-0.));
#35 = ( GEOMETRIC_REPRESENTATION_CONTEXT(3) 
GLOBAL_UNCERTAINTY_ASSIGNED_CONTEXT((#39)) GLOBAL_UNIT_ASSIGNED_CONTEXT(
(#36,#37,#38)) REPRESENTATION_CONTEXT('Context #1',
  '3D Context with UNIT and UNCERTAINTY') );
#36 = ( LENGTH_UNIT() NAMED_UNIT(*) SI_UNIT(.MILLI.,.METRE.) );
#37 = ( NAMED_UNIT(*) PLANE_ANGLE_UNIT() SI_UNIT($,.RADIAN.) );
#38 = ( NAMED_UNIT(*) SI_UNIT($,.STERADIAN.) SOLID_ANGLE_UNIT() );
#39 = UNCERTAINTY_MEASURE_WITH_UNIT(LENGTH_MEASURE(1.E-07),#36,
  'distance_accuracy_value','confusion accuracy');
#40 = PRODUCT_RELATED_PRODUCT_CATEGORY('part',$,(#7));
#41 = SHAPE_DEFINITION_REPRESENTATION(#42,#48);
#42 = PRODUCT_DEFINITION_SHAPE('','',#43);
#43 = PRODUCT_DEFINITION('design','',#44,#47);
#44 = PRODUCT_DEFINITION_FORMATION('','',#45);
#45 = PRODUCT('R_0805_2012Metric','R_0805_2012Metric','',(#46));
#46 = PRODUCT_CONTEXT('',#2,'mechanical');
#47 = PRODUCT_DEFINITION_CONTEXT('part definition',#2,'design');
#48 = SHAPE_REPRESENTATION('',(#11,#49),#53);
#49 = AXIS2_PLACEMENT_3D('',#50,#51,#52);
#50 = CARTESIAN_POINT('',(0.,0.,0.));
#51 = DIRECTION('',(0.,0.,1.));
#52 = DIRECTION('',(1.,0.,-0.));
#53 = ( GEOMETRIC_REPRESENTATION_CONTEXT(3) 
GLOBAL_UNCERTAINTY_ASSIGNED_CONTEXT((#57)) GLOBAL_UNIT_ASSIGNED_CONTEXT(
(#54,#55,#56)) REPRESENTATION_CONTEXT('Context #1',
  '3D Context with UNIT and UNCERTAINTY') );
#54 = ( LENGTH_UNIT() NAMED_UNIT(*) SI_UNIT(.MILLI.,.METRE.) );
#55 = ( NAMED_UNIT(*) PLANE_ANGLE_UNIT() SI_UNIT($,.RADIAN.) );
#56 = ( NAMED_UNIT(*) SI_UNIT($,.STERADIAN.) SOLID_ANGLE_UNIT() );
#57 = UNCERTAINTY_MEASURE_WITH_UNIT(LENGTH_MEASURE(1.E-07),#54,
  'distance_accuracy_value','confusion accuracy');
#58 = CONTEXT_DEPENDENT_SHAPE_REPRESENTATION(#59,#61);
#59 = ( REPRESENTATION_RELATIONSHIP('','',#48,#10) 
REPRESENTATION_RELATIONSHIP_WITH_TRANSFORMATION(#60) 
SHAPE_REPRESENTATION_RELATIONSHIP() );
#60 = ITEM_DEFINED_TRANSFORMATION('','',#11,#15);
#61 = PRODUCT_DEFINITION_SHAPE('Placement','Placement of an item',#62);
#62 = NEXT_ASSEMBLY_USAGE_OCCURRENCE('2','R2','',#5,#43,$);
#63 = PRODUCT_RELATED_PRODUCT_CATEGORY('part',$,(#45));
#64 = SHAPE_DEFINITION_REPRESENTATION(#65,#71);
#65 = PRODUCT_DEFINITION_SHAPE('','',#66);
#66 = PRODUCT_DEFINITION('design','',#67,#70);
#67 = PRODUCT_DEFINITION_FORMATION('','',#68);
#68 = PRODUCT('R_0805_2012Metric','R_0805_2012Metric','',(#69));
#69 = PRODUCT_CONTEXT('',#2,'mechanical');
#70 = PRODUCT_DEFINITION_CONTEXT('part definition',#2,'design');
#71 = ADVANCED_BREP_SHAPE_REPRESENTATION('',(#11,#72),#862);
#72 = MANIFOLD_SOLID_BREP('',#73);
#73 = CLOSED_SHELL('',(#74,#114,#197,#222,#247,#314,#331,#348,#397,#414,
    #431,#480,#497,#566,#597,#621,#690,#714,#731,#748,#765,#782,#799,
    #816,#833,#850));
#74 = ADVANCED_FACE('',(#75),#109,.F.);
#75 = FACE_BOUND('',#76,.F.);
#76 = EDGE_LOOP('',(#77,#87,#95,#103));
#77 = ORIENTED_EDGE('',*,*,#78,.F.);
#78 = EDGE_CURVE('',#79,#81,#83,.T.);
#79 = VERTEX_POINT('',#80);
#80 = CARTESIAN_POINT('',(-1.,-0.6,4.5E-02));
#81 = VERTEX_POINT('',#82);
#82 = CARTESIAN_POINT('',(-1.,-0.6,0.405));
#83 = LINE('',#84,#85);
#84 = CARTESIAN_POINT('',(-1.,-0.6,0.));
#85 = VECTOR('',#86,1.);
#86 = DIRECTION('',(0.,0.,1.));
#87 = ORIENTED_EDGE('',*,*,#88,.T.);
#88 = EDGE_CURVE('',#79,#89,#91,.T.);
#89 = VERTEX_POINT('',#90);
#90 = CARTESIAN_POINT('',(-1.,0.6,4.5E-02));
#91 = LINE('',#92,#93);
#92 = CARTESIAN_POINT('',(-1.,-0.6,4.5E-02));
#93 = VECTOR('',#94,1.);
#94 = DIRECTION('',(0.,1.,0.));
#95 = ORIENTED_EDGE('',*,*,#96,.T.);
#96 = EDGE_CURVE('',#89,#97,#99,.T.);
#97 = VERTEX_POINT('',#98);
#98 = CARTESIAN_POINT('',(-1.,0.6,0.405));
#99 = LINE('',#100,#101);
#100 = CARTESIAN_POINT('',(-1.,0.6,0.));
#101 = VECTOR('',#102,1.);
#102 = DIRECTION('',(0.,0.,1.));
#103 = ORIENTED_EDGE('',*,*,#104,.F.);
#104 = EDGE_CURVE('',#81,#97,#105,.T.);
#105 = LINE('',#106,#107);
#106 = CARTESIAN_POINT('',(-1.,-0.6,0.405));
#107 = VECTOR('',#108,1.);
#108 = DIRECTION('',(0.,1.,0.));
#109 = PLANE('',#110);
#110 = AXIS2_PLACEMENT_3D('',#111,#112,#113);
#111 = CARTESIAN_POINT('',(-1.,-0.6,0.));
#112 = DIRECTION('',(1.,0.,0.));
#113 = DIRECTION('',(0.,0.,1.));
#114 = ADVANCED_FACE('',(#115),#192,.F.);
#115 = FACE_BOUND('',#116,.F.);
#116 = EDGE_LOOP('',(#117,#127,#134,#135,#144,#152,#161,#169,#177,#185)
  );
#117 = ORIENTED_EDGE('',*,*,#118,.F.);
#118 = EDGE_CURVE('',#119,#121,#123,.T.);
#119 = VERTEX_POINT('',#120);
#120 = CARTESIAN_POINT('',(-0.955,-0.6,-2.775557561563E-17));
#121 = VERTEX_POINT('',#122);
#122 = CARTESIAN_POINT('',(-0.745,-0.6,-2.775557561563E-17));
#123 = LINE('',#124,#125);
#124 = CARTESIAN_POINT('',(-1.,-0.6,0.));
#125 = VECTOR('',#126,1.);
#126 = DIRECTION('',(1.,0.,0.));
#127 = ORIENTED_EDGE('',*,*,#128,.F.);
#128 = EDGE_CURVE('',#79,#119,#129,.T.);
#129 = CIRCLE('',#130,4.5E-02);
#130 = AXIS2_PLACEMENT_3D('',#131,#132,#133);
#131 = CARTESIAN_POINT('',(-0.955,-0.6,4.5E-02));
#132 = DIRECTION('',(0.,-1.,0.));
#133 = DIRECTION('',(0.,0.,1.));
#134 = ORIENTED_EDGE('',*,*,#78,.T.);
#135 = ORIENTED_EDGE('',*,*,#136,.T.);
#136 = EDGE_CURVE('',#81,#137,#139,.T.);
#137 = VERTEX_POINT('',#138);
#138 = CARTESIAN_POINT('',(-0.955,-0.6,0.45));
#139 = CIRCLE('',#140,4.5E-02);
#140 = AXIS2_PLACEMENT_3D('',#141,#142,#143);
#141 = CARTESIAN_POINT('',(-0.955,-0.6,0.405));
#142 = DIRECTION('',(0.,1.,0.));
#143 = DIRECTION('',(0.,-0.,1.));
#144 = ORIENTED_EDGE('',*,*,#145,.T.);
#145 = EDGE_CURVE('',#137,#146,#148,.T.);
#146 = VERTEX_POINT('',#147);
#147 = CARTESIAN_POINT('',(-0.745,-0.6,0.45));
#148 = LINE('',#149,#150);
#149 = CARTESIAN_POINT('',(-1.,-0.6,0.45));
#150 = VECTOR('',#151,1.);
#151 = DIRECTION('',(1.,0.,0.));
#152 = ORIENTED_EDGE('',*,*,#153,.F.);
#153 = EDGE_CURVE('',#154,#146,#156,.T.);
#154 = VERTEX_POINT('',#155);
#155 = CARTESIAN_POINT('',(-0.7,-0.6,0.405));
#156 = CIRCLE('',#157,4.5E-02);
#157 = AXIS2_PLACEMENT_3D('',#158,#159,#160);
#158 = CARTESIAN_POINT('',(-0.745,-0.6,0.405));
#159 = DIRECTION('',(0.,-1.,0.));
#160 = DIRECTION('',(0.,0.,1.));
#161 = ORIENTED_EDGE('',*,*,#162,.F.);
#162 = EDGE_CURVE('',#163,#154,#165,.T.);
#163 = VERTEX_POINT('',#164);
#164 = CARTESIAN_POINT('',(-0.955,-0.6,0.405));
#165 = LINE('',#166,#167);
#166 = CARTESIAN_POINT('',(-0.955,-0.6,0.405));
#167 = VECTOR('',#168,1.);
#168 = DIRECTION('',(1.,0.,0.));
#169 = ORIENTED_EDGE('',*,*,#170,.F.);
#170 = EDGE_CURVE('',#171,#163,#173,.T.);
#171 = VERTEX_POINT('',#172);
#172 = CARTESIAN_POINT('',(-0.955,-0.6,4.5E-02));
#173 = LINE('',#174,#175);
#174 = CARTESIAN_POINT('',(-0.955,-0.6,4.5E-02));
#175 = VECTOR('',#176,1.);
#176 = DIRECTION('',(0.,0.,1.));
#177 = ORIENTED_EDGE('',*,*,#178,.T.);
#178 = EDGE_CURVE('',#171,#179,#181,.T.);
#179 = VERTEX_POINT('',#180);
#180 = CARTESIAN_POINT('',(-0.7,-0.6,4.5E-02));
#181 = LINE('',#182,#183);
#182 = CARTESIAN_POINT('',(-0.955,-0.6,4.5E-02));
#183 = VECTOR('',#184,1.);
#184 = DIRECTION('',(1.,0.,0.));
#185 = ORIENTED_EDGE('',*,*,#186,.T.);
#186 = EDGE_CURVE('',#179,#121,#187,.T.);
#187 = CIRCLE('',#188,4.5E-02);
#188 = AXIS2_PLACEMENT_3D('',#189,#190,#191);
#189 = CARTESIAN_POINT('',(-0.745,-0.6,4.5E-02));
#190 = DIRECTION('',(0.,1.,0.));
#191 = DIRECTION('',(0.,-0.,1.));
#192 = PLANE('',#193);
#193 = AXIS2_PLACEMENT_3D('',#194,#195,#196);
#194 = CARTESIAN_POINT('',(-1.,-0.6,0.));
#195 = DIRECTION('',(0.,1.,0.));
#196 = DIRECTION('',(0.,-0.,1.));
#197 = ADVANCED_FACE('',(#198),#217,.T.);
#198 = FACE_BOUND('',#199,.T.);
#199 = EDGE_LOOP('',(#200,#201,#210,#216));
#200 = ORIENTED_EDGE('',*,*,#88,.T.);
#201 = ORIENTED_EDGE('',*,*,#202,.T.);
#202 = EDGE_CURVE('',#89,#203,#205,.T.);
#203 = VERTEX_POINT('',#204);
#204 = CARTESIAN_POINT('',(-0.955,0.6,-2.775557561563E-17));
#205 = CIRCLE('',#206,4.5E-02);
#206 = AXIS2_PLACEMENT_3D('',#207,#208,#209);
#207 = CARTESIAN_POINT('',(-0.955,0.6,4.5E-02));
#208 = DIRECTION('',(0.,-1.,0.));
#209 = DIRECTION('',(0.,0.,1.));
#210 = ORIENTED_EDGE('',*,*,#211,.F.);
#211 = EDGE_CURVE('',#119,#203,#212,.T.);
#212 = LINE('',#213,#214);
#213 = CARTESIAN_POINT('',(-0.955,-0.6,-2.775557561563E-17));
#214 = VECTOR('',#215,1.);
#215 = DIRECTION('',(0.,1.,0.));
#216 = ORIENTED_EDGE('',*,*,#128,.F.);
#217 = CYLINDRICAL_SURFACE('',#218,4.5E-02);
#218 = AXIS2_PLACEMENT_3D('',#219,#220,#221);
#219 = CARTESIAN_POINT('',(-0.955,-0.6,4.5E-02));
#220 = DIRECTION('',(0.,1.,0.));
#221 = DIRECTION('',(-1.,0.,0.));
#222 = ADVANCED_FACE('',(#223),#242,.T.);
#223 = FACE_BOUND('',#224,.T.);
#224 = EDGE_LOOP('',(#225,#226,#234,#241));
#225 = ORIENTED_EDGE('',*,*,#136,.T.);
#226 = ORIENTED_EDGE('',*,*,#227,.T.);
#227 = EDGE_CURVE('',#137,#228,#230,.T.);
#228 = VERTEX_POINT('',#229);
#229 = CARTESIAN_POINT('',(-0.955,0.6,0.45));
#230 = LINE('',#231,#232);
#231 = CARTESIAN_POINT('',(-0.955,-0.6,0.45));
#232 = VECTOR('',#233,1.);
#233 = DIRECTION('',(0.,1.,0.));
#234 = ORIENTED_EDGE('',*,*,#235,.F.);
#235 = EDGE_CURVE('',#97,#228,#236,.T.);
#236 = CIRCLE('',#237,4.5E-02);
#237 = AXIS2_PLACEMENT_3D('',#238,#239,#240);
#238 = CARTESIAN_POINT('',(-0.955,0.6,0.405));
#239 = DIRECTION('',(0.,1.,0.));
#240 = DIRECTION('',(0.,-0.,1.));
#241 = ORIENTED_EDGE('',*,*,#104,.F.);
#242 = CYLINDRICAL_SURFACE('',#243,4.5E-02);
#243 = AXIS2_PLACEMENT_3D('',#244,#245,#246);
#244 = CARTESIAN_POINT('',(-0.955,-0.6,0.405));
#245 = DIRECTION('',(0.,1.,0.));
#246 = DIRECTION('',(-1.,0.,0.));
#247 = ADVANCED_FACE('',(#248),#309,.T.);
#248 = FACE_BOUND('',#249,.T.);
#249 = EDGE_LOOP('',(#250,#258,#259,#260,#261,#269,#278,#286,#294,#302)
  );
#250 = ORIENTED_EDGE('',*,*,#251,.F.);
#251 = EDGE_CURVE('',#203,#252,#254,.T.);
#252 = VERTEX_POINT('',#253);
#253 = CARTESIAN_POINT('',(-0.745,0.6,-2.775557561563E-17));
#254 = LINE('',#255,#256);
#255 = CARTESIAN_POINT('',(-1.,0.6,0.));
#256 = VECTOR('',#257,1.);
#257 = DIRECTION('',(1.,0.,0.));
#258 = ORIENTED_EDGE('',*,*,#202,.F.);
#259 = ORIENTED_EDGE('',*,*,#96,.T.);
#260 = ORIENTED_EDGE('',*,*,#235,.T.);
#261 = ORIENTED_EDGE('',*,*,#262,.T.);
#262 = EDGE_CURVE('',#228,#263,#265,.T.);
#263 = VERTEX_POINT('',#264);
#264 = CARTESIAN_POINT('',(-0.745,0.6,0.45));
#265 = LINE('',#266,#267);
#266 = CARTESIAN_POINT('',(-1.,0.6,0.45));
#267 = VECTOR('',#268,1.);
#268 = DIRECTION('',(1.,0.,0.));
#269 = ORIENTED_EDGE('',*,*,#270,.F.);
#270 = EDGE_CURVE('',#271,#263,#273,.T.);
#271 = VERTEX_POINT('',#272);
#272 = CARTESIAN_POINT('',(-0.7,0.6,0.405));
#273 = CIRCLE('',#274,4.5E-02);
#274 = AXIS2_PLACEMENT_3D('',#275,#276,#277);
#275 = CARTESIAN_POINT('',(-0.745,0.6,0.405));
#276 = DIRECTION('',(0.,-1.,0.));
#277 = DIRECTION('',(0.,0.,1.));
#278 = ORIENTED_EDGE('',*,*,#279,.F.);
#279 = EDGE_CURVE('',#280,#271,#282,.T.);
#280 = VERTEX_POINT('',#281);
#281 = CARTESIAN_POINT('',(-0.955,0.6,0.405));
#282 = LINE('',#283,#284);
#283 = CARTESIAN_POINT('',(-0.955,0.6,0.405));
#284 = VECTOR('',#285,1.);
#285 = DIRECTION('',(1.,0.,0.));
#286 = ORIENTED_EDGE('',*,*,#287,.F.);
#287 = EDGE_CURVE('',#288,#280,#290,.T.);
#288 = VERTEX_POINT('',#289);
#289 = CARTESIAN_POINT('',(-0.955,0.6,4.5E-02));
#290 = LINE('',#291,#292);
#291 = CARTESIAN_POINT('',(-0.955,0.6,4.5E-02));
#292 = VECTOR('',#293,1.);
#293 = DIRECTION('',(0.,0.,1.));
#294 = ORIENTED_EDGE('',*,*,#295,.T.);
#295 = EDGE_CURVE('',#288,#296,#298,.T.);
#296 = VERTEX_POINT('',#297);
#297 = CARTESIAN_POINT('',(-0.7,0.6,4.5E-02));
#298 = LINE('',#299,#300);
#299 = CARTESIAN_POINT('',(-0.955,0.6,4.5E-02));
#300 = VECTOR('',#301,1.);
#301 = DIRECTION('',(1.,0.,0.));
#302 = ORIENTED_EDGE('',*,*,#303,.T.);
#303 = EDGE_CURVE('',#296,#252,#304,.T.);
#304 = CIRCLE('',#305,4.5E-02);
#305 = AXIS2_PLACEMENT_3D('',#306,#307,#308);
#306 = CARTESIAN_POINT('',(-0.745,0.6,4.5E-02));
#307 = DIRECTION('',(0.,1.,0.));
#308 = DIRECTION('',(0.,-0.,1.));
#309 = PLANE('',#310);
#310 = AXIS2_PLACEMENT_3D('',#311,#312,#313);
#311 = CARTESIAN_POINT('',(-1.,0.6,0.));
#312 = DIRECTION('',(0.,1.,0.));
#313 = DIRECTION('',(0.,-0.,1.));
#314 = ADVANCED_FACE('',(#315),#326,.F.);
#315 = FACE_BOUND('',#316,.F.);
#316 = EDGE_LOOP('',(#317,#318,#319,#320));
#317 = ORIENTED_EDGE('',*,*,#251,.F.);
#318 = ORIENTED_EDGE('',*,*,#211,.F.);
#319 = ORIENTED_EDGE('',*,*,#118,.T.);
#320 = ORIENTED_EDGE('',*,*,#321,.T.);
#321 = EDGE_CURVE('',#121,#252,#322,.T.);
#322 = LINE('',#323,#324);
#323 = CARTESIAN_POINT('',(-0.745,-0.6,-2.775557561563E-17));
#324 = VECTOR('',#325,1.);
#325 = DIRECTION('',(0.,1.,0.));
#326 = PLANE('',#327);
#327 = AXIS2_PLACEMENT_3D('',#328,#329,#330);
#328 = CARTESIAN_POINT('',(-1.,-0.6,0.));
#329 = DIRECTION('',(0.,0.,1.));
#330 = DIRECTION('',(1.,0.,-0.));
#331 = ADVANCED_FACE('',(#332),#343,.T.);
#332 = FACE_BOUND('',#333,.T.);
#333 = EDGE_LOOP('',(#334,#335,#336,#337));
#334 = ORIENTED_EDGE('',*,*,#186,.T.);
#335 = ORIENTED_EDGE('',*,*,#321,.T.);
#336 = ORIENTED_EDGE('',*,*,#303,.F.);
#337 = ORIENTED_EDGE('',*,*,#338,.F.);
#338 = EDGE_CURVE('',#179,#296,#339,.T.);
#339 = LINE('',#340,#341);
#340 = CARTESIAN_POINT('',(-0.7,-0.6,4.5E-02));
#341 = VECTOR('',#342,1.);
#342 = DIRECTION('',(0.,1.,0.));
#343 = CYLINDRICAL_SURFACE('',#344,4.5E-02);
#344 = AXIS2_PLACEMENT_3D('',#345,#346,#347);
#345 = CARTESIAN_POINT('',(-0.745,-0.6,4.5E-02));
#346 = DIRECTION('',(0.,1.,0.));
#347 = DIRECTION('',(1.,0.,0.));
#348 = ADVANCED_FACE('',(#349),#392,.F.);
#349 = FACE_BOUND('',#350,.F.);
#350 = EDGE_LOOP('',(#351,#352,#353,#354,#362,#370,#378,#386));
#351 = ORIENTED_EDGE('',*,*,#178,.F.);
#352 = ORIENTED_EDGE('',*,*,#170,.T.);
#353 = ORIENTED_EDGE('',*,*,#162,.T.);
#354 = ORIENTED_EDGE('',*,*,#355,.T.);
#355 = EDGE_CURVE('',#154,#356,#358,.T.);
#356 = VERTEX_POINT('',#357);
#357 = CARTESIAN_POINT('',(0.7,-0.6,0.405));
#358 = LINE('',#359,#360);
#359 = CARTESIAN_POINT('',(-0.7,-0.6,0.405));
#360 = VECTOR('',#361,1.);
#361 = DIRECTION('',(1.,0.,0.));
#362 = ORIENTED_EDGE('',*,*,#363,.T.);
#363 = EDGE_CURVE('',#356,#364,#366,.T.);
#364 = VERTEX_POINT('',#365);
#365 = CARTESIAN_POINT('',(0.955,-0.6,0.405));
#366 = LINE('',#367,#368);
#367 = CARTESIAN_POINT('',(-0.955,-0.6,0.405));
#368 = VECTOR('',#369,1.);
#369 = DIRECTION('',(1.,0.,0.));
#370 = ORIENTED_EDGE('',*,*,#371,.F.);
#371 = EDGE_CURVE('',#372,#364,#374,.T.);
#372 = VERTEX_POINT('',#373);
#373 = CARTESIAN_POINT('',(0.955,-0.6,4.5E-02));
#374 = LINE('',#375,#376);
#375 = CARTESIAN_POINT('',(0.955,-0.6,4.5E-02));
#376 = VECTOR('',#377,1.);
#377 = DIRECTION('',(0.,0.,1.));
#378 = ORIENTED_EDGE('',*,*,#379,.F.);
#379 = EDGE_CURVE('',#380,#372,#382,.T.);
#380 = VERTEX_POINT('',#381);
#381 = CARTESIAN_POINT('',(0.7,-0.6,4.5E-02));
#382 = LINE('',#383,#384);
#383 = CARTESIAN_POINT('',(-0.955,-0.6,4.5E-02));
#384 = VECTOR('',#385,1.);
#385 = DIRECTION('',(1.,0.,0.));
#386 = ORIENTED_EDGE('',*,*,#387,.F.);
#387 = EDGE_CURVE('',#179,#380,#388,.T.);
#388 = LINE('',#389,#390);
#389 = CARTESIAN_POINT('',(-0.955,-0.6,4.5E-02));
#390 = VECTOR('',#391,1.);
#391 = DIRECTION('',(1.,0.,0.));
#392 = PLANE('',#393);
#393 = AXIS2_PLACEMENT_3D('',#394,#395,#396);
#394 = CARTESIAN_POINT('',(-0.955,-0.6,4.5E-02));
#395 = DIRECTION('',(0.,1.,0.));
#396 = DIRECTION('',(0.,-0.,1.));
#397 = ADVANCED_FACE('',(#398),#409,.T.);
#398 = FACE_BOUND('',#399,.T.);
#399 = EDGE_LOOP('',(#400,#401,#402,#403));
#400 = ORIENTED_EDGE('',*,*,#262,.F.);
#401 = ORIENTED_EDGE('',*,*,#227,.F.);
#402 = ORIENTED_EDGE('',*,*,#145,.T.);
#403 = ORIENTED_EDGE('',*,*,#404,.T.);
#404 = EDGE_CURVE('',#146,#263,#405,.T.);
#405 = LINE('',#406,#407);
#406 = CARTESIAN_POINT('',(-0.745,-0.6,0.45));
#407 = VECTOR('',#408,1.);
#408 = DIRECTION('',(0.,1.,0.));
#409 = PLANE('',#410);
#410 = AXIS2_PLACEMENT_3D('',#411,#412,#413);
#411 = CARTESIAN_POINT('',(-1.,-0.6,0.45));
#412 = DIRECTION('',(0.,0.,1.));
#413 = DIRECTION('',(1.,0.,-0.));
#414 = ADVANCED_FACE('',(#415),#426,.T.);
#415 = FACE_BOUND('',#416,.T.);
#416 = EDGE_LOOP('',(#417,#423,#424,#425));
#417 = ORIENTED_EDGE('',*,*,#418,.T.);
#418 = EDGE_CURVE('',#154,#271,#419,.T.);
#419 = LINE('',#420,#421);
#420 = CARTESIAN_POINT('',(-0.7,-0.6,0.405));
#421 = VECTOR('',#422,1.);
#422 = DIRECTION('',(0.,1.,0.));
#423 = ORIENTED_EDGE('',*,*,#270,.T.);
#424 = ORIENTED_EDGE('',*,*,#404,.F.);
#425 = ORIENTED_EDGE('',*,*,#153,.F.);
#426 = CYLINDRICAL_SURFACE('',#427,4.5E-02);
#427 = AXIS2_PLACEMENT_3D('',#428,#429,#430);
#428 = CARTESIAN_POINT('',(-0.745,-0.6,0.405));
#429 = DIRECTION('',(0.,1.,0.));
#430 = DIRECTION('',(1.,0.,0.));
#431 = ADVANCED_FACE('',(#432),#475,.T.);
#432 = FACE_BOUND('',#433,.T.);
#433 = EDGE_LOOP('',(#434,#435,#436,#437,#445,#453,#461,#469));
#434 = ORIENTED_EDGE('',*,*,#295,.F.);
#435 = ORIENTED_EDGE('',*,*,#287,.T.);
#436 = ORIENTED_EDGE('',*,*,#279,.T.);
#437 = ORIENTED_EDGE('',*,*,#438,.T.);
#438 = EDGE_CURVE('',#271,#439,#441,.T.);
#439 = VERTEX_POINT('',#440);
#440 = CARTESIAN_POINT('',(0.7,0.6,0.405));
#441 = LINE('',#442,#443);
#442 = CARTESIAN_POINT('',(-0.7,0.6,0.405));
#443 = VECTOR('',#444,1.);
#444 = DIRECTION('',(1.,0.,0.));
#445 = ORIENTED_EDGE('',*,*,#446,.T.);
#446 = EDGE_CURVE('',#439,#447,#449,.T.);
#447 = VERTEX_POINT('',#448);
#448 = CARTESIAN_POINT('',(0.955,0.6,0.405));
#449 = LINE('',#450,#451);
#450 = CARTESIAN_POINT('',(-0.955,0.6,0.405));
#451 = VECTOR('',#452,1.);
#452 = DIRECTION('',(1.,0.,0.));
#453 = ORIENTED_EDGE('',*,*,#454,.F.);
#454 = EDGE_CURVE('',#455,#447,#457,.T.);
#455 = VERTEX_POINT('',#456);
#456 = CARTESIAN_POINT('',(0.955,0.6,4.5E-02));
#457 = LINE('',#458,#459);
#458 = CARTESIAN_POINT('',(0.955,0.6,4.5E-02));
#459 = VECTOR('',#460,1.);
#460 = DIRECTION('',(0.,0.,1.));
#461 = ORIENTED_EDGE('',*,*,#462,.F.);
#462 = EDGE_CURVE('',#463,#455,#465,.T.);
#463 = VERTEX_POINT('',#464);
#464 = CARTESIAN_POINT('',(0.7,0.6,4.5E-02));
#465 = LINE('',#466,#467);
#466 = CARTESIAN_POINT('',(-0.955,0.6,4.5E-02));
#467 = VECTOR('',#468,1.);
#468 = DIRECTION('',(1.,0.,0.));
#469 = ORIENTED_EDGE('',*,*,#470,.F.);
#470 = EDGE_CURVE('',#296,#463,#471,.T.);
#471 = LINE('',#472,#473);
#472 = CARTESIAN_POINT('',(-0.955,0.6,4.5E-02));
#473 = VECTOR('',#474,1.);
#474 = DIRECTION('',(1.,0.,0.));
#475 = PLANE('',#476);
#476 = AXIS2_PLACEMENT_3D('',#477,#478,#479);
#477 = CARTESIAN_POINT('',(-0.955,0.6,4.5E-02));
#478 = DIRECTION('',(0.,1.,0.));
#479 = DIRECTION('',(0.,-0.,1.));
#480 = ADVANCED_FACE('',(#481),#492,.F.);
#481 = FACE_BOUND('',#482,.F.);
#482 = EDGE_LOOP('',(#483,#484,#485,#491));
#483 = ORIENTED_EDGE('',*,*,#338,.F.);
#484 = ORIENTED_EDGE('',*,*,#387,.T.);
#485 = ORIENTED_EDGE('',*,*,#486,.T.);
#486 = EDGE_CURVE('',#380,#463,#487,.T.);
#487 = LINE('',#488,#489);
#488 = CARTESIAN_POINT('',(0.7,-0.6,4.5E-02));
#489 = VECTOR('',#490,1.);
#490 = DIRECTION('',(0.,1.,0.));
#491 = ORIENTED_EDGE('',*,*,#470,.F.);
#492 = PLANE('',#493);
#493 = AXIS2_PLACEMENT_3D('',#494,#495,#496);
#494 = CARTESIAN_POINT('',(-0.955,-0.6,4.5E-02));
#495 = DIRECTION('',(0.,0.,1.));
#496 = DIRECTION('',(1.,0.,-0.));
#497 = ADVANCED_FACE('',(#498),#561,.F.);
#498 = FACE_BOUND('',#499,.F.);
#499 = EDGE_LOOP('',(#500,#510,#517,#518,#519,#520,#529,#537,#546,#554)
  );
#500 = ORIENTED_EDGE('',*,*,#501,.F.);
#501 = EDGE_CURVE('',#502,#504,#506,.T.);
#502 = VERTEX_POINT('',#503);
#503 = CARTESIAN_POINT('',(0.745,-0.6,-2.775557561563E-17));
#504 = VERTEX_POINT('',#505);
#505 = CARTESIAN_POINT('',(0.955,-0.6,-2.775557561563E-17));
#506 = LINE('',#507,#508);
#507 = CARTESIAN_POINT('',(0.7,-0.6,0.));
#508 = VECTOR('',#509,1.);
#509 = DIRECTION('',(1.,0.,0.));
#510 = ORIENTED_EDGE('',*,*,#511,.F.);
#511 = EDGE_CURVE('',#380,#502,#512,.T.);
#512 = CIRCLE('',#513,4.5E-02);
#513 = AXIS2_PLACEMENT_3D('',#514,#515,#516);
#514 = CARTESIAN_POINT('',(0.745,-0.6,4.5E-02));
#515 = DIRECTION('',(0.,-1.,0.));
#516 = DIRECTION('',(0.,0.,1.));
#517 = ORIENTED_EDGE('',*,*,#379,.T.);
#518 = ORIENTED_EDGE('',*,*,#371,.T.);
#519 = ORIENTED_EDGE('',*,*,#363,.F.);
#520 = ORIENTED_EDGE('',*,*,#521,.T.);
#521 = EDGE_CURVE('',#356,#522,#524,.T.);
#522 = VERTEX_POINT('',#523);
#523 = CARTESIAN_POINT('',(0.745,-0.6,0.45));
#524 = CIRCLE('',#525,4.5E-02);
#525 = AXIS2_PLACEMENT_3D('',#526,#527,#528);
#526 = CARTESIAN_POINT('',(0.745,-0.6,0.405));
#527 = DIRECTION('',(0.,1.,0.));
#528 = DIRECTION('',(0.,-0.,1.));
#529 = ORIENTED_EDGE('',*,*,#530,.T.);
#530 = EDGE_CURVE('',#522,#531,#533,.T.);
#531 = VERTEX_POINT('',#532);
#532 = CARTESIAN_POINT('',(0.955,-0.6,0.45));
#533 = LINE('',#534,#535);
#534 = CARTESIAN_POINT('',(0.7,-0.6,0.45));
#535 = VECTOR('',#536,1.);
#536 = DIRECTION('',(1.,0.,0.));
#537 = ORIENTED_EDGE('',*,*,#538,.F.);
#538 = EDGE_CURVE('',#539,#531,#541,.T.);
#539 = VERTEX_POINT('',#540);
#540 = CARTESIAN_POINT('',(1.,-0.6,0.405));
#541 = CIRCLE('',#542,4.5E-02);
#542 = AXIS2_PLACEMENT_3D('',#543,#544,#545);
#543 = CARTESIAN_POINT('',(0.955,-0.6,0.405));
#544 = DIRECTION('',(0.,-1.,0.));
#545 = DIRECTION('',(0.,0.,1.));
#546 = ORIENTED_EDGE('',*,*,#547,.F.);
#547 = EDGE_CURVE('',#548,#539,#550,.T.);
#548 = VERTEX_POINT('',#549);
#549 = CARTESIAN_POINT('',(1.,-0.6,4.5E-02));
#550 = LINE('',#551,#552);
#551 = CARTESIAN_POINT('',(1.,-0.6,0.));
#552 = VECTOR('',#553,1.);
#553 = DIRECTION('',(0.,0.,1.));
#554 = ORIENTED_EDGE('',*,*,#555,.T.);
#555 = EDGE_CURVE('',#548,#504,#556,.T.);
#556 = CIRCLE('',#557,4.5E-02);
#557 = AXIS2_PLACEMENT_3D('',#558,#559,#560);
#558 = CARTESIAN_POINT('',(0.955,-0.6,4.5E-02));
#559 = DIRECTION('',(0.,1.,0.));
#560 = DIRECTION('',(0.,-0.,1.));
#561 = PLANE('',#562);
#562 = AXIS2_PLACEMENT_3D('',#563,#564,#565);
#563 = CARTESIAN_POINT('',(0.7,-0.6,0.));
#564 = DIRECTION('',(0.,1.,0.));
#565 = DIRECTION('',(0.,-0.,1.));
#566 = ADVANCED_FACE('',(#567),#592,.F.);
#567 = FACE_BOUND('',#568,.F.);
#568 = EDGE_LOOP('',(#569,#570,#578,#586));
#569 = ORIENTED_EDGE('',*,*,#355,.F.);
#570 = ORIENTED_EDGE('',*,*,#571,.T.);
#571 = EDGE_CURVE('',#154,#572,#574,.T.);
#572 = VERTEX_POINT('',#573);
#573 = CARTESIAN_POINT('',(-0.7,-0.6,0.45));
#574 = LINE('',#575,#576);
#575 = CARTESIAN_POINT('',(-0.7,-0.6,0.405));
#576 = VECTOR('',#577,1.);
#577 = DIRECTION('',(0.,0.,1.));
#578 = ORIENTED_EDGE('',*,*,#579,.T.);
#579 = EDGE_CURVE('',#572,#580,#582,.T.);
#580 = VERTEX_POINT('',#581);
#581 = CARTESIAN_POINT('',(0.7,-0.6,0.45));
#582 = LINE('',#583,#584);
#583 = CARTESIAN_POINT('',(-0.7,-0.6,0.45));
#584 = VECTOR('',#585,1.);
#585 = DIRECTION('',(1.,0.,0.));
#586 = ORIENTED_EDGE('',*,*,#587,.F.);
#587 = EDGE_CURVE('',#356,#580,#588,.T.);
#588 = LINE('',#589,#590);
#589 = CARTESIAN_POINT('',(0.7,-0.6,0.405));
#590 = VECTOR('',#591,1.);
#591 = DIRECTION('',(0.,0.,1.));
#592 = PLANE('',#593);
#593 = AXIS2_PLACEMENT_3D('',#594,#595,#596);
#594 = CARTESIAN_POINT('',(-0.7,-0.6,0.405));
#595 = DIRECTION('',(0.,1.,0.));
#596 = DIRECTION('',(0.,-0.,1.));
#597 = ADVANCED_FACE('',(#598),#616,.F.);
#598 = FACE_BOUND('',#599,.F.);
#599 = EDGE_LOOP('',(#600,#601,#602,#610));
#600 = ORIENTED_EDGE('',*,*,#571,.F.);
#601 = ORIENTED_EDGE('',*,*,#418,.T.);
#602 = ORIENTED_EDGE('',*,*,#603,.T.);
#603 = EDGE_CURVE('',#271,#604,#606,.T.);
#604 = VERTEX_POINT('',#605);
#605 = CARTESIAN_POINT('',(-0.7,0.6,0.45));
#606 = LINE('',#607,#608);
#607 = CARTESIAN_POINT('',(-0.7,0.6,0.405));
#608 = VECTOR('',#609,1.);
#609 = DIRECTION('',(0.,0.,1.));
#610 = ORIENTED_EDGE('',*,*,#611,.F.);
#611 = EDGE_CURVE('',#572,#604,#612,.T.);
#612 = LINE('',#613,#614);
#613 = CARTESIAN_POINT('',(-0.7,-0.6,0.45));
#614 = VECTOR('',#615,1.);
#615 = DIRECTION('',(0.,1.,0.));
#616 = PLANE('',#617);
#617 = AXIS2_PLACEMENT_3D('',#618,#619,#620);
#618 = CARTESIAN_POINT('',(-0.7,-0.6,0.405));
#619 = DIRECTION('',(1.,0.,0.));
#620 = DIRECTION('',(0.,0.,1.));
#621 = ADVANCED_FACE('',(#622),#685,.T.);
#622 = FACE_BOUND('',#623,.T.);
#623 = EDGE_LOOP('',(#624,#634,#641,#642,#643,#644,#653,#661,#670,#678)
  );
#624 = ORIENTED_EDGE('',*,*,#625,.F.);
#625 = EDGE_CURVE('',#626,#628,#630,.T.);
#626 = VERTEX_POINT('',#627);
#627 = CARTESIAN_POINT('',(0.745,0.6,-2.775557561563E-17));
#628 = VERTEX_POINT('',#629);
#629 = CARTESIAN_POINT('',(0.955,0.6,-2.775557561563E-17));
#630 = LINE('',#631,#632);
#631 = CARTESIAN_POINT('',(0.7,0.6,0.));
#632 = VECTOR('',#633,1.);
#633 = DIRECTION('',(1.,0.,0.));
#634 = ORIENTED_EDGE('',*,*,#635,.F.);
#635 = EDGE_CURVE('',#463,#626,#636,.T.);
#636 = CIRCLE('',#637,4.5E-02);
#637 = AXIS2_PLACEMENT_3D('',#638,#639,#640);
#638 = CARTESIAN_POINT('',(0.745,0.6,4.5E-02));
#639 = DIRECTION('',(0.,-1.,0.));
#640 = DIRECTION('',(0.,0.,1.));
#641 = ORIENTED_EDGE('',*,*,#462,.T.);
#642 = ORIENTED_EDGE('',*,*,#454,.T.);
#643 = ORIENTED_EDGE('',*,*,#446,.F.);
#644 = ORIENTED_EDGE('',*,*,#645,.T.);
#645 = EDGE_CURVE('',#439,#646,#648,.T.);
#646 = VERTEX_POINT('',#647);
#647 = CARTESIAN_POINT('',(0.745,0.6,0.45));
#648 = CIRCLE('',#649,4.5E-02);
#649 = AXIS2_PLACEMENT_3D('',#650,#651,#652);
#650 = CARTESIAN_POINT('',(0.745,0.6,0.405));
#651 = DIRECTION('',(0.,1.,0.));
#652 = DIRECTION('',(0.,-0.,1.));
#653 = ORIENTED_EDGE('',*,*,#654,.T.);
#654 = EDGE_CURVE('',#646,#655,#657,.T.);
#655 = VERTEX_POINT('',#656);
#656 = CARTESIAN_POINT('',(0.955,0.6,0.45));
#657 = LINE('',#658,#659);
#658 = CARTESIAN_POINT('',(0.7,0.6,0.45));
#659 = VECTOR('',#660,1.);
#660 = DIRECTION('',(1.,0.,0.));
#661 = ORIENTED_EDGE('',*,*,#662,.F.);
#662 = EDGE_CURVE('',#663,#655,#665,.T.);
#663 = VERTEX_POINT('',#664);
#664 = CARTESIAN_POINT('',(1.,0.6,0.405));
#665 = CIRCLE('',#666,4.5E-02);
#666 = AXIS2_PLACEMENT_3D('',#667,#668,#669);
#667 = CARTESIAN_POINT('',(0.955,0.6,0.405));
#668 = DIRECTION('',(0.,-1.,0.));
#669 = DIRECTION('',(0.,0.,1.));
#670 = ORIENTED_EDGE('',*,*,#671,.F.);
#671 = EDGE_CURVE('',#672,#663,#674,.T.);
#672 = VERTEX_POINT('',#673);
#673 = CARTESIAN_POINT('',(1.,0.6,4.5E-02));
#674 = LINE('',#675,#676);
#675 = CARTESIAN_POINT('',(1.,0.6,0.));
#676 = VECTOR('',#677,1.);
#677 = DIRECTION('',(0.,0.,1.));
#678 = ORIENTED_EDGE('',*,*,#679,.T.);
#679 = EDGE_CURVE('',#672,#628,#680,.T.);
#680 = CIRCLE('',#681,4.5E-02);
#681 = AXIS2_PLACEMENT_3D('',#682,#683,#684);
#682 = CARTESIAN_POINT('',(0.955,0.6,4.5E-02));
#683 = DIRECTION('',(0.,1.,0.));
#684 = DIRECTION('',(0.,-0.,1.));
#685 = PLANE('',#686);
#686 = AXIS2_PLACEMENT_3D('',#687,#688,#689);
#687 = CARTESIAN_POINT('',(0.7,0.6,0.));
#688 = DIRECTION('',(0.,1.,0.));
#689 = DIRECTION('',(0.,-0.,1.));
#690 = ADVANCED_FACE('',(#691),#709,.T.);
#691 = FACE_BOUND('',#692,.T.);
#692 = EDGE_LOOP('',(#693,#694,#695,#703));
#693 = ORIENTED_EDGE('',*,*,#438,.F.);
#694 = ORIENTED_EDGE('',*,*,#603,.T.);
#695 = ORIENTED_EDGE('',*,*,#696,.T.);
#696 = EDGE_CURVE('',#604,#697,#699,.T.);
#697 = VERTEX_POINT('',#698);
#698 = CARTESIAN_POINT('',(0.7,0.6,0.45));
#699 = LINE('',#700,#701);
#700 = CARTESIAN_POINT('',(-0.7,0.6,0.45));
#701 = VECTOR('',#702,1.);
#702 = DIRECTION('',(1.,0.,0.));
#703 = ORIENTED_EDGE('',*,*,#704,.F.);
#704 = EDGE_CURVE('',#439,#697,#705,.T.);
#705 = LINE('',#706,#707);
#706 = CARTESIAN_POINT('',(0.7,0.6,0.405));
#707 = VECTOR('',#708,1.);
#708 = DIRECTION('',(0.,0.,1.));
#709 = PLANE('',#710);
#710 = AXIS2_PLACEMENT_3D('',#711,#712,#713);
#711 = CARTESIAN_POINT('',(-0.7,0.6,0.405));
#712 = DIRECTION('',(0.,1.,0.));
#713 = DIRECTION('',(0.,-0.,1.));
#714 = ADVANCED_FACE('',(#715),#726,.T.);
#715 = FACE_BOUND('',#716,.T.);
#716 = EDGE_LOOP('',(#717,#718,#719,#725));
#717 = ORIENTED_EDGE('',*,*,#486,.T.);
#718 = ORIENTED_EDGE('',*,*,#635,.T.);
#719 = ORIENTED_EDGE('',*,*,#720,.F.);
#720 = EDGE_CURVE('',#502,#626,#721,.T.);
#721 = LINE('',#722,#723);
#722 = CARTESIAN_POINT('',(0.745,-0.6,-2.775557561563E-17));
#723 = VECTOR('',#724,1.);
#724 = DIRECTION('',(0.,1.,0.));
#725 = ORIENTED_EDGE('',*,*,#511,.F.);
#726 = CYLINDRICAL_SURFACE('',#727,4.5E-02);
#727 = AXIS2_PLACEMENT_3D('',#728,#729,#730);
#728 = CARTESIAN_POINT('',(0.745,-0.6,4.5E-02));
#729 = DIRECTION('',(0.,1.,0.));
#730 = DIRECTION('',(-1.,0.,0.));
#731 = ADVANCED_FACE('',(#732),#743,.F.);
#732 = FACE_BOUND('',#733,.F.);
#733 = EDGE_LOOP('',(#734,#735,#736,#737));
#734 = ORIENTED_EDGE('',*,*,#625,.F.);
#735 = ORIENTED_EDGE('',*,*,#720,.F.);
#736 = ORIENTED_EDGE('',*,*,#501,.T.);
#737 = ORIENTED_EDGE('',*,*,#738,.T.);
#738 = EDGE_CURVE('',#504,#628,#739,.T.);
#739 = LINE('',#740,#741);
#740 = CARTESIAN_POINT('',(0.955,-0.6,-2.775557561563E-17));
#741 = VECTOR('',#742,1.);
#742 = DIRECTION('',(0.,1.,0.));
#743 = PLANE('',#744);
#744 = AXIS2_PLACEMENT_3D('',#745,#746,#747);
#745 = CARTESIAN_POINT('',(0.7,-0.6,0.));
#746 = DIRECTION('',(0.,0.,1.));
#747 = DIRECTION('',(1.,0.,-0.));
#748 = ADVANCED_FACE('',(#749),#760,.T.);
#749 = FACE_BOUND('',#750,.T.);
#750 = EDGE_LOOP('',(#751,#752,#753,#754));
#751 = ORIENTED_EDGE('',*,*,#555,.T.);
#752 = ORIENTED_EDGE('',*,*,#738,.T.);
#753 = ORIENTED_EDGE('',*,*,#679,.F.);
#754 = ORIENTED_EDGE('',*,*,#755,.F.);
#755 = EDGE_CURVE('',#548,#672,#756,.T.);
#756 = LINE('',#757,#758);
#757 = CARTESIAN_POINT('',(1.,-0.6,4.5E-02));
#758 = VECTOR('',#759,1.);
#759 = DIRECTION('',(0.,1.,0.));
#760 = CYLINDRICAL_SURFACE('',#761,4.5E-02);
#761 = AXIS2_PLACEMENT_3D('',#762,#763,#764);
#762 = CARTESIAN_POINT('',(0.955,-0.6,4.5E-02));
#763 = DIRECTION('',(0.,1.,0.));
#764 = DIRECTION('',(1.,0.,0.));
#765 = ADVANCED_FACE('',(#766),#777,.T.);
#766 = FACE_BOUND('',#767,.T.);
#767 = EDGE_LOOP('',(#768,#769,#770,#771));
#768 = ORIENTED_EDGE('',*,*,#547,.F.);
#769 = ORIENTED_EDGE('',*,*,#755,.T.);
#770 = ORIENTED_EDGE('',*,*,#671,.T.);
#771 = ORIENTED_EDGE('',*,*,#772,.F.);
#772 = EDGE_CURVE('',#539,#663,#773,.T.);
#773 = LINE('',#774,#775);
#774 = CARTESIAN_POINT('',(1.,-0.6,0.405));
#775 = VECTOR('',#776,1.);
#776 = DIRECTION('',(0.,1.,0.));
#777 = PLANE('',#778);
#778 = AXIS2_PLACEMENT_3D('',#779,#780,#781);
#779 = CARTESIAN_POINT('',(1.,-0.6,0.));
#780 = DIRECTION('',(1.,0.,0.));
#781 = DIRECTION('',(0.,0.,1.));
#782 = ADVANCED_FACE('',(#783),#794,.T.);
#783 = FACE_BOUND('',#784,.T.);
#784 = EDGE_LOOP('',(#785,#786,#787,#793));
#785 = ORIENTED_EDGE('',*,*,#772,.T.);
#786 = ORIENTED_EDGE('',*,*,#662,.T.);
#787 = ORIENTED_EDGE('',*,*,#788,.F.);
#788 = EDGE_CURVE('',#531,#655,#789,.T.);
#789 = LINE('',#790,#791);
#790 = CARTESIAN_POINT('',(0.955,-0.6,0.45));
#791 = VECTOR('',#792,1.);
#792 = DIRECTION('',(0.,1.,0.));
#793 = ORIENTED_EDGE('',*,*,#538,.F.);
#794 = CYLINDRICAL_SURFACE('',#795,4.5E-02);
#795 = AXIS2_PLACEMENT_3D('',#796,#797,#798);
#796 = CARTESIAN_POINT('',(0.955,-0.6,0.405));
#797 = DIRECTION('',(0.,1.,0.));
#798 = DIRECTION('',(1.,0.,0.));
#799 = ADVANCED_FACE('',(#800),#811,.T.);
#800 = FACE_BOUND('',#801,.T.);
#801 = EDGE_LOOP('',(#802,#803,#809,#810));
#802 = ORIENTED_EDGE('',*,*,#654,.F.);
#803 = ORIENTED_EDGE('',*,*,#804,.F.);
#804 = EDGE_CURVE('',#522,#646,#805,.T.);
#805 = LINE('',#806,#807);
#806 = CARTESIAN_POINT('',(0.745,-0.6,0.45));
#807 = VECTOR('',#808,1.);
#808 = DIRECTION('',(0.,1.,0.));
#809 = ORIENTED_EDGE('',*,*,#530,.T.);
#810 = ORIENTED_EDGE('',*,*,#788,.T.);
#811 = PLANE('',#812);
#812 = AXIS2_PLACEMENT_3D('',#813,#814,#815);
#813 = CARTESIAN_POINT('',(0.7,-0.6,0.45));
#814 = DIRECTION('',(0.,0.,1.));
#815 = DIRECTION('',(1.,0.,-0.));
#816 = ADVANCED_FACE('',(#817),#828,.T.);
#817 = FACE_BOUND('',#818,.T.);
#818 = EDGE_LOOP('',(#819,#820,#821,#822));
#819 = ORIENTED_EDGE('',*,*,#521,.T.);
#820 = ORIENTED_EDGE('',*,*,#804,.T.);
#821 = ORIENTED_EDGE('',*,*,#645,.F.);
#822 = ORIENTED_EDGE('',*,*,#823,.F.);
#823 = EDGE_CURVE('',#356,#439,#824,.T.);
#824 = LINE('',#825,#826);
#825 = CARTESIAN_POINT('',(0.7,-0.6,0.405));
#826 = VECTOR('',#827,1.);
#827 = DIRECTION('',(0.,1.,0.));
#828 = CYLINDRICAL_SURFACE('',#829,4.5E-02);
#829 = AXIS2_PLACEMENT_3D('',#830,#831,#832);
#830 = CARTESIAN_POINT('',(0.745,-0.6,0.405));
#831 = DIRECTION('',(0.,1.,0.));
#832 = DIRECTION('',(-1.,0.,0.));
#833 = ADVANCED_FACE('',(#834),#845,.T.);
#834 = FACE_BOUND('',#835,.T.);
#835 = EDGE_LOOP('',(#836,#837,#838,#839));
#836 = ORIENTED_EDGE('',*,*,#587,.F.);
#837 = ORIENTED_EDGE('',*,*,#823,.T.);
#838 = ORIENTED_EDGE('',*,*,#704,.T.);
#839 = ORIENTED_EDGE('',*,*,#840,.F.);
#840 = EDGE_CURVE('',#580,#697,#841,.T.);
#841 = LINE('',#842,#843);
#842 = CARTESIAN_POINT('',(0.7,-0.6,0.45));
#843 = VECTOR('',#844,1.);
#844 = DIRECTION('',(0.,1.,0.));
#845 = PLANE('',#846);
#846 = AXIS2_PLACEMENT_3D('',#847,#848,#849);
#847 = CARTESIAN_POINT('',(0.7,-0.6,0.405));
#848 = DIRECTION('',(1.,0.,0.));
#849 = DIRECTION('',(0.,0.,1.));
#850 = ADVANCED_FACE('',(#851),#857,.T.);
#851 = FACE_BOUND('',#852,.T.);
#852 = EDGE_LOOP('',(#853,#854,#855,#856));
#853 = ORIENTED_EDGE('',*,*,#611,.F.);
#854 = ORIENTED_EDGE('',*,*,#579,.T.);
#855 = ORIENTED_EDGE('',*,*,#840,.T.);
#856 = ORIENTED_EDGE('',*,*,#696,.F.);
#857 = PLANE('',#858);
#858 = AXIS2_PLACEMENT_3D('',#859,#860,#861);
#859 = CARTESIAN_POINT('',(-0.7,-0.6,0.45));
#860 = DIRECTION('',(0.,0.,1.));
#861 = DIRECTION('',(1.,0.,-0.));
#862 = ( GEOMETRIC_REPRESENTATION_CONTEXT(3) 
GLOBAL_UNCERTAINTY_ASSIGNED_CONTEXT((#866)) GLOBAL_UNIT_ASSIGNED_CONTEXT
((#863,#864,#865)) REPRESENTATION_CONTEXT('Context #1',
  '3D Context with UNIT and UNCERTAINTY') );
#863 = ( LENGTH_UNIT() NAMED_UNIT(*) SI_UNIT(.MILLI.,.METRE.) );
#864 = ( NAMED_UNIT(*) PLANE_ANGLE_UNIT() SI_UNIT($,.RADIAN.) );
#865 = ( NAMED_UNIT(*) SI_UNIT($,.STERADIAN.) SOLID_ANGLE_UNIT() );
#866 = UNCERTAINTY_MEASURE_WITH_UNIT(LENGTH_MEASURE(1.E-07),#863,
  'distance_accuracy_value','confusion accuracy');
#867 = CONTEXT_DEPENDENT_SHAPE_REPRESENTATION(#868,#870);
#868 = ( REPRESENTATION_RELATIONSHIP('','',#71,#48) 
REPRESENTATION_RELATIONSHIP_WITH_TRANSFORMATION(#869) 
SHAPE_REPRESENTATION_RELATIONSHIP() );
#869 = ITEM_DEFINED_TRANSFORMATION('','',#11,#49);
#870 = PRODUCT_DEFINITION_SHAPE('Placement','Placement of an item',#871
  );
#871 = NEXT_ASSEMBLY_USAGE_OCCURRENCE('1','=>[0:1:1:3]','',#43,#66,$);
#872 = PRODUCT_RELATED_PRODUCT_CATEGORY('part',$,(#68));
#873 = SHAPE_DEFINITION_REPRESENTATION(#874,#880);
#874 = PRODUCT_DEFINITION_SHAPE('','',#875);
#875 = PRODUCT_DEFINITION('design','',#876,#879);
#876 = PRODUCT_DEFINITION_FORMATION('','',#877);
#877 = PRODUCT('PinHeader_1x03_P2.54mm_Vertical',
  'PinHeader_1x03_P2.54mm_Vertical','',(#878));
#878 = PRODUCT_CONTEXT('',#2,'mechanical');
#879 = PRODUCT_DEFINITION_CONTEXT('part definition',#2,'design');
#880 = SHAPE_REPRESENTATION('',(#11,#881),#885);
#881 = AXIS2_PLACEMENT_3D('',#882,#883,#884);
#882 = CARTESIAN_POINT('',(0.,0.,0.));
#883 = DIRECTION('',(0.,0.,1.));
#884 = DIRECTION('',(1.,0.,-0.));
#885 = ( GEOMETRIC_REPRESENTATION_CONTEXT(3) 
GLOBAL_UNCERTAINTY_ASSIGNED_CONTEXT((#889)) GLOBAL_UNIT_ASSIGNED_CONTEXT
((#886,#887,#888)) REPRESENTATION_CONTEXT('Context #1',
  '3D Context with UNIT and UNCERTAINTY') );
#886 = ( LENGTH_UNIT() NAMED_UNIT(*) SI_UNIT(.MILLI.,.METRE.) );
#887 = ( NAMED_UNIT(*) PLANE_ANGLE_UNIT() SI_UNIT($,.RADIAN.) );
#888 = ( NAMED_UNIT(*) SI_UNIT($,.STERADIAN.) SOLID_ANGLE_UNIT() );
#889 = UNCERTAINTY_MEASURE_WITH_UNIT(LENGTH_MEASURE(1.E-07),#886,
  'distance_accuracy_value','confusion accuracy');
#890 = CONTEXT_DEPENDENT_SHAPE_REPRESENTATION(#891,#893);
#891 = ( REPRESENTATION_RELATIONSHIP('','',#880,#10) 
REPRESENTATION_RELATIONSHIP_WITH_TRANSFORMATION(#892) 
SHAPE_REPRESENTATION_RELATIONSHIP() );
#892 = ITEM_DEFINED_TRANSFORMATION('','',#11,#19);
#893 = PRODUCT_DEFINITION_SHAPE('Placement','Placement of an item',#894
  );
#894 = NEXT_ASSEMBLY_USAGE_OCCURRENCE('4','J1','',#5,#875,$);
#895 = PRODUCT_RELATED_PRODUCT_CATEGORY('part',$,(#877));
#896 = SHAPE_DEFINITION_REPRESENTATION(#897,#903);
#897 = PRODUCT_DEFINITION_SHAPE('','',#898);
#898 = PRODUCT_DEFINITION('design','',#899,#902);
#899 = PRODUCT_DEFINITION_FORMATION('','',#900);
#900 = PRODUCT('PinHeader_1x03_P254mm_Vertical',
  'PinHeader_1x03_P254mm_Vertical','',(#901));
#901 = PRODUCT_CONTEXT('',#2,'mechanical');
#902 = PRODUCT_DEFINITION_CONTEXT('part definition',#2,'design');
#903 = ADVANCED_BREP_SHAPE_REPRESENTATION('',(#11,#904),#3010);
#904 = MANIFOLD_SOLID_BREP('',#905);
#905 = CLOSED_SHELL('',(#906,#946,#977,#1008,#1255,#1502,#1519,#1536,
    #1553,#1570,#1587,#1604,#1621,#1638,#1655,#1672,#1689,#1706,#1723,
    #1740,#1757,#1774,#1786,#1817,#1841,#1865,#1882,#1913,#1937,#1961,
    #1978,#2009,#2033,#2057,#2074,#2105,#2129,#2153,#2170,#2201,#2225,
    #2249,#2266,#2297,#2321,#2345,#2362,#2393,#2417,#2441,#2458,#2489,
    #2513,#2537,#2554,#2585,#2609,#2633,#2650,#2681,#2705,#2729,#2746,
    #2777,#2801,#2825,#2842,#2873,#2897,#2921,#2938,#2950,#2962,#2974,
    #2986,#2998));
#906 = ADVANCED_FACE('',(#907),#941,.F.);
#907 = FACE_BOUND('',#908,.F.);
#908 = EDGE_LOOP('',(#909,#919,#927,#935));
#909 = ORIENTED_EDGE('',*,*,#910,.T.);
#910 = EDGE_CURVE('',#911,#913,#915,.T.);
#911 = VERTEX_POINT('',#912);
#912 = CARTESIAN_POINT('',(-1.016,1.27,0.));
#913 = VERTEX_POINT('',#914);
#914 = CARTESIAN_POINT('',(-1.016,1.27,2.54));
#915 = LINE('',#916,#917);
#916 = CARTESIAN_POINT('',(-1.016,1.27,0.));
#917 = VECTOR('',#918,1.);
#918 = DIRECTION('',(0.,0.,1.));
#919 = ORIENTED_EDGE('',*,*,#920,.T.);
#920 = EDGE_CURVE('',#913,#921,#923,.T.);
#921 = VERTEX_POINT('',#922);
#922 = CARTESIAN_POINT('',(-1.27,1.016,2.54));
#923 = LINE('',#924,#925);
#924 = CARTESIAN_POINT('',(-1.016,1.27,2.54));
#925 = VECTOR('',#926,1.);
#926 = DIRECTION('',(-0.707106781187,-0.707106781187,0.));
#927 = ORIENTED_EDGE('',*,*,#928,.F.);
#928 = EDGE_CURVE('',#929,#921,#931,.T.);
#929 = VERTEX_POINT('',#930);
#930 = CARTESIAN_POINT('',(-1.27,1.016,0.));
#931 = LINE('',#932,#933);
#932 = CARTESIAN_POINT('',(-1.27,1.016,0.));
#933 = VECTOR('',#934,1.);
#934 = DIRECTION('',(0.,0.,1.));
#935 = ORIENTED_EDGE('',*,*,#936,.F.);
#936 = EDGE_CURVE('',#911,#929,#937,.T.);
#937 = LINE('',#938,#939);
#938 = CARTESIAN_POINT('',(-1.016,1.27,0.));
#939 = VECTOR('',#940,1.);
#940 = DIRECTION('',(-0.707106781187,-0.707106781187,0.));
#941 = PLANE('',#942);
#942 = AXIS2_PLACEMENT_3D('',#943,#944,#945);
#943 = CARTESIAN_POINT('',(-1.016,1.27,0.));
#944 = DIRECTION('',(0.707106781187,-0.707106781187,0.));
#945 = DIRECTION('',(-0.707106781187,-0.707106781187,0.));
#946 = ADVANCED_FACE('',(#947),#972,.F.);
#947 = FACE_BOUND('',#948,.F.);
#948 = EDGE_LOOP('',(#949,#959,#965,#966));
#949 = ORIENTED_EDGE('',*,*,#950,.T.);
#950 = EDGE_CURVE('',#951,#953,#955,.T.);
#951 = VERTEX_POINT('',#952);
#952 = CARTESIAN_POINT('',(1.016,1.27,0.));
#953 = VERTEX_POINT('',#954);
#954 = CARTESIAN_POINT('',(1.016,1.27,2.54));
#955 = LINE('',#956,#957);
#956 = CARTESIAN_POINT('',(1.016,1.27,0.));
#957 = VECTOR('',#958,1.);
#958 = DIRECTION('',(0.,0.,1.));
#959 = ORIENTED_EDGE('',*,*,#960,.T.);
#960 = EDGE_CURVE('',#953,#913,#961,.T.);
#961 = LINE('',#962,#963);
#962 = CARTESIAN_POINT('',(1.016,1.27,2.54));
#963 = VECTOR('',#964,1.);
#964 = DIRECTION('',(-1.,0.,0.));
#965 = ORIENTED_EDGE('',*,*,#910,.F.);
#966 = ORIENTED_EDGE('',*,*,#967,.F.);
#967 = EDGE_CURVE('',#951,#911,#968,.T.);
#968 = LINE('',#969,#970);
#969 = CARTESIAN_POINT('',(1.016,1.27,0.));
#970 = VECTOR('',#971,1.);
#971 = DIRECTION('',(-1.,0.,0.));
#972 = PLANE('',#973);
#973 = AXIS2_PLACEMENT_3D('',#974,#975,#976);
#974 = CARTESIAN_POINT('',(1.016,1.27,0.));
#975 = DIRECTION('',(0.,-1.,0.));
#976 = DIRECTION('',(-1.,0.,0.));
#977 = ADVANCED_FACE('',(#978),#1003,.F.);
#978 = FACE_BOUND('',#979,.F.);
#979 = EDGE_LOOP('',(#980,#981,#989,#997));
#980 = ORIENTED_EDGE('',*,*,#928,.T.);
#981 = ORIENTED_EDGE('',*,*,#982,.T.);
#982 = EDGE_CURVE('',#921,#983,#985,.T.);
#983 = VERTEX_POINT('',#984);
#984 = CARTESIAN_POINT('',(-1.27,-1.016,2.54));
#985 = LINE('',#986,#987);
#986 = CARTESIAN_POINT('',(-1.27,1.016,2.54));
#987 = VECTOR('',#988,1.);
#988 = DIRECTION('',(0.,-1.,0.));
#989 = ORIENTED_EDGE('',*,*,#990,.F.);
#990 = EDGE_CURVE('',#991,#983,#993,.T.);
#991 = VERTEX_POINT('',#992);
#992 = CARTESIAN_POINT('',(-1.27,-1.016,0.));
#993 = LINE('',#994,#995);
#994 = CARTESIAN_POINT('',(-1.27,-1.016,0.));
#995 = VECTOR('',#996,1.);
#996 = DIRECTION('',(0.,0.,1.));
#997 = ORIENTED_EDGE('',*,*,#998,.F.);
#998 = EDGE_CURVE('',#929,#991,#999,.T.);
#999 = LINE('',#1000,#1001);
#1000 = CARTESIAN_POINT('',(-1.27,1.016,0.));
#1001 = VECTOR('',#1002,1.);
#1002 = DIRECTION('',(0.,-1.,0.));
#1003 = PLANE('',#1004);
#1004 = AXIS2_PLACEMENT_3D('',#1005,#1006,#1007);
#1005 = CARTESIAN_POINT('',(-1.27,1.016,0.));
#1006 = DIRECTION('',(1.,0.,0.));
#1007 = DIRECTION('',(0.,-1.,0.));
#1008 = ADVANCED_FACE('',(#1009,#1148,#1182,#1216),#1250,.F.);
#1009 = FACE_BOUND('',#1010,.F.);
#1010 = EDGE_LOOP('',(#1011,#1012,#1013,#1021,#1029,#1037,#1045,#1053,
    #1061,#1069,#1077,#1085,#1093,#1101,#1109,#1117,#1125,#1133,#1141,
    #1147));
#1011 = ORIENTED_EDGE('',*,*,#936,.T.);
#1012 = ORIENTED_EDGE('',*,*,#998,.T.);
#1013 = ORIENTED_EDGE('',*,*,#1014,.T.);
#1014 = EDGE_CURVE('',#991,#1015,#1017,.T.);
#1015 = VERTEX_POINT('',#1016);
#1016 = CARTESIAN_POINT('',(-1.016,-1.27,0.));
#1017 = LINE('',#1018,#1019);
#1018 = CARTESIAN_POINT('',(-1.27,-1.016,0.));
#1019 = VECTOR('',#1020,1.);
#1020 = DIRECTION('',(0.707106781187,-0.707106781187,0.));
#1021 = ORIENTED_EDGE('',*,*,#1022,.T.);
#1022 = EDGE_CURVE('',#1015,#1023,#1025,.T.);
#1023 = VERTEX_POINT('',#1024);
#1024 = CARTESIAN_POINT('',(-1.27,-1.524,0.));
#1025 = LINE('',#1026,#1027);
#1026 = CARTESIAN_POINT('',(-1.016,-1.27,0.));
#1027 = VECTOR('',#1028,1.);
#1028 = DIRECTION('',(-0.707106781187,-0.707106781187,0.));
#1029 = ORIENTED_EDGE('',*,*,#1030,.T.);
#1030 = EDGE_CURVE('',#1023,#1031,#1033,.T.);
#1031 = VERTEX_POINT('',#1032);
#1032 = CARTESIAN_POINT('',(-1.27,-3.556,0.));
#1033 = LINE('',#1034,#1035);
#1034 = CARTESIAN_POINT('',(-1.27,-1.524,0.));
#1035 = VECTOR('',#1036,1.);
#1036 = DIRECTION('',(0.,-1.,0.));
#1037 = ORIENTED_EDGE('',*,*,#1038,.T.);
#1038 = EDGE_CURVE('',#1031,#1039,#1041,.T.);
#1039 = VERTEX_POINT('',#1040);
#1040 = CARTESIAN_POINT('',(-1.016,-3.81,0.));
#1041 = LINE('',#1042,#1043);
#1042 = CARTESIAN_POINT('',(-1.27,-3.556,0.));
#1043 = VECTOR('',#1044,1.);
#1044 = DIRECTION('',(0.707106781187,-0.707106781187,0.));
#1045 = ORIENTED_EDGE('',*,*,#1046,.T.);
#1046 = EDGE_CURVE('',#1039,#1047,#1049,.T.);
#1047 = VERTEX_POINT('',#1048);
#1048 = CARTESIAN_POINT('',(-1.27,-4.064,0.));
#1049 = LINE('',#1050,#1051);
#1050 = CARTESIAN_POINT('',(-1.016,-3.81,0.));
#1051 = VECTOR('',#1052,1.);
#1052 = DIRECTION('',(-0.707106781187,-0.707106781187,0.));
#1053 = ORIENTED_EDGE('',*,*,#1054,.T.);
#1054 = EDGE_CURVE('',#1047,#1055,#1057,.T.);
#1055 = VERTEX_POINT('',#1056);
#1056 = CARTESIAN_POINT('',(-1.27,-6.096,0.));
#1057 = LINE('',#1058,#1059);
#1058 = CARTESIAN_POINT('',(-1.27,-4.064,0.));
#1059 = VECTOR('',#1060,1.);
#1060 = DIRECTION('',(0.,-1.,0.));
#1061 = ORIENTED_EDGE('',*,*,#1062,.T.);
#1062 = EDGE_CURVE('',#1055,#1063,#1065,.T.);
#1063 = VERTEX_POINT('',#1064);
#1064 = CARTESIAN_POINT('',(-1.016,-6.35,0.));
#1065 = LINE('',#1066,#1067);
#1066 = CARTESIAN_POINT('',(-1.27,-6.096,0.));
#1067 = VECTOR('',#1068,1.);
#1068 = DIRECTION('',(0.707106781187,-0.707106781187,0.));
#1069 = ORIENTED_EDGE('',*,*,#1070,.T.);
#1070 = EDGE_CURVE('',#1063,#1071,#1073,.T.);
#1071 = VERTEX_POINT('',#1072);
#1072 = CARTESIAN_POINT('',(1.016,-6.35,0.));
#1073 = LINE('',#1074,#1075);
#1074 = CARTESIAN_POINT('',(-1.016,-6.35,0.));
#1075 = VECTOR('',#1076,1.);
#1076 = DIRECTION('',(1.,0.,0.));
#1077 = ORIENTED_EDGE('',*,*,#1078,.T.);
#1078 = EDGE_CURVE('',#1071,#1079,#1081,.T.);
#1079 = VERTEX_POINT('',#1080);
#1080 = CARTESIAN_POINT('',(1.27,-6.096,0.));
#1081 = LINE('',#1082,#1083);
#1082 = CARTESIAN_POINT('',(1.016,-6.35,0.));
#1083 = VECTOR('',#1084,1.);
#1084 = DIRECTION('',(0.707106781187,0.707106781187,0.));
#1085 = ORIENTED_EDGE('',*,*,#1086,.T.);
#1086 = EDGE_CURVE('',#1079,#1087,#1089,.T.);
#1087 = VERTEX_POINT('',#1088);
#1088 = CARTESIAN_POINT('',(1.27,-4.064,0.));
#1089 = LINE('',#1090,#1091);
#1090 = CARTESIAN_POINT('',(1.27,-6.096,0.));
#1091 = VECTOR('',#1092,1.);
#1092 = DIRECTION('',(0.,1.,0.));
#1093 = ORIENTED_EDGE('',*,*,#1094,.T.);
#1094 = EDGE_CURVE('',#1087,#1095,#1097,.T.);
#1095 = VERTEX_POINT('',#1096);
#1096 = CARTESIAN_POINT('',(1.016,-3.81,0.));
#1097 = LINE('',#1098,#1099);
#1098 = CARTESIAN_POINT('',(1.27,-4.064,0.));
#1099 = VECTOR('',#1100,1.);
#1100 = DIRECTION('',(-0.707106781187,0.707106781187,0.));
#1101 = ORIENTED_EDGE('',*,*,#1102,.T.);
#1102 = EDGE_CURVE('',#1095,#1103,#1105,.T.);
#1103 = VERTEX_POINT('',#1104);
#1104 = CARTESIAN_POINT('',(1.27,-3.556,0.));
#1105 = LINE('',#1106,#1107);
#1106 = CARTESIAN_POINT('',(1.016,-3.81,0.));
#1107 = VECTOR('',#1108,1.);
#1108 = DIRECTION('',(0.707106781187,0.707106781187,0.));
#1109 = ORIENTED_EDGE('',*,*,#1110,.T.);
#1110 = EDGE_CURVE('',#1103,#1111,#1113,.T.);
#1111 = VERTEX_POINT('',#1112);
#1112 = CARTESIAN_POINT('',(1.27,-1.524,0.));
#1113 = LINE('',#1114,#1115);
#1114 = CARTESIAN_POINT('',(1.27,-3.556,0.));
#1115 = VECTOR('',#1116,1.);
#1116 = DIRECTION('',(0.,1.,0.));
#1117 = ORIENTED_EDGE('',*,*,#1118,.T.);
#1118 = EDGE_CURVE('',#1111,#1119,#1121,.T.);
#1119 = VERTEX_POINT('',#1120);
#1120 = CARTESIAN_POINT('',(1.016,-1.27,0.));
#1121 = LINE('',#1122,#1123);
#1122 = CARTESIAN_POINT('',(1.27,-1.524,0.));
#1123 = VECTOR('',#1124,1.);
#1124 = DIRECTION('',(-0.707106781187,0.707106781187,0.));
#1125 = ORIENTED_EDGE('',*,*,#1126,.T.);
#1126 = EDGE_CURVE('',#1119,#1127,#1129,.T.);
#1127 = VERTEX_POINT('',#1128);
#1128 = CARTESIAN_POINT('',(1.27,-1.016,0.));
#1129 = LINE('',#1130,#1131);
#1130 = CARTESIAN_POINT('',(1.016,-1.27,0.));
#1131 = VECTOR('',#1132,1.);
#1132 = DIRECTION('',(0.707106781187,0.707106781187,0.));
#1133 = ORIENTED_EDGE('',*,*,#1134,.T.);
#1134 = EDGE_CURVE('',#1127,#1135,#1137,.T.);
#1135 = VERTEX_POINT('',#1136);
#1136 = CARTESIAN_POINT('',(1.27,1.016,0.));
#1137 = LINE('',#1138,#1139);
#1138 = CARTESIAN_POINT('',(1.27,-1.016,0.));
#1139 = VECTOR('',#1140,1.);
#1140 = DIRECTION('',(0.,1.,0.));
#1141 = ORIENTED_EDGE('',*,*,#1142,.T.);
#1142 = EDGE_CURVE('',#1135,#951,#1143,.T.);
#1143 = LINE('',#1144,#1145);
#1144 = CARTESIAN_POINT('',(1.27,1.016,0.));
#1145 = VECTOR('',#1146,1.);
#1146 = DIRECTION('',(-0.707106781187,0.707106781187,0.));
#1147 = ORIENTED_EDGE('',*,*,#967,.T.);
#1148 = FACE_BOUND('',#1149,.F.);
#1149 = EDGE_LOOP('',(#1150,#1160,#1168,#1176));
#1150 = ORIENTED_EDGE('',*,*,#1151,.F.);
#1151 = EDGE_CURVE('',#1152,#1154,#1156,.T.);
#1152 = VERTEX_POINT('',#1153);
#1153 = CARTESIAN_POINT('',(0.32,-0.32,0.));
#1154 = VERTEX_POINT('',#1155);
#1155 = CARTESIAN_POINT('',(0.32,0.32,0.));
#1156 = LINE('',#1157,#1158);
#1157 = CARTESIAN_POINT('',(0.32,-1.43,0.));
#1158 = VECTOR('',#1159,1.);
#1159 = DIRECTION('',(0.,1.,0.));
#1160 = ORIENTED_EDGE('',*,*,#1161,.T.);
#1161 = EDGE_CURVE('',#1152,#1162,#1164,.T.);
#1162 = VERTEX_POINT('',#1163);
#1163 = CARTESIAN_POINT('',(-0.32,-0.32,0.));
#1164 = LINE('',#1165,#1166);
#1165 = CARTESIAN_POINT('',(-0.16,-0.32,0.));
#1166 = VECTOR('',#1167,1.);
#1167 = DIRECTION('',(-1.,0.,0.));
#1168 = ORIENTED_EDGE('',*,*,#1169,.T.);
#1169 = EDGE_CURVE('',#1162,#1170,#1172,.T.);
#1170 = VERTEX_POINT('',#1171);
#1171 = CARTESIAN_POINT('',(-0.32,0.32,0.));
#1172 = LINE('',#1173,#1174);
#1173 = CARTESIAN_POINT('',(-0.32,-1.43,0.));
#1174 = VECTOR('',#1175,1.);
#1175 = DIRECTION('',(0.,1.,0.));
#1176 = ORIENTED_EDGE('',*,*,#1177,.F.);
#1177 = EDGE_CURVE('',#1154,#1170,#1178,.T.);
#1178 = LINE('',#1179,#1180);
#1179 = CARTESIAN_POINT('',(-0.16,0.32,0.));
#1180 = VECTOR('',#1181,1.);
#1181 = DIRECTION('',(-1.,0.,0.));
#1182 = FACE_BOUND('',#1183,.F.);
#1183 = EDGE_LOOP('',(#1184,#1194,#1202,#1210));
#1184 = ORIENTED_EDGE('',*,*,#1185,.T.);
#1185 = EDGE_CURVE('',#1186,#1188,#1190,.T.);
#1186 = VERTEX_POINT('',#1187);
#1187 = CARTESIAN_POINT('',(0.32,-2.86,0.));
#1188 = VERTEX_POINT('',#1189);
#1189 = CARTESIAN_POINT('',(-0.32,-2.86,0.));
#1190 = LINE('',#1191,#1192);
#1191 = CARTESIAN_POINT('',(-0.16,-2.86,0.));
#1192 = VECTOR('',#1193,1.);
#1193 = DIRECTION('',(-1.,0.,0.));
#1194 = ORIENTED_EDGE('',*,*,#1195,.T.);
#1195 = EDGE_CURVE('',#1188,#1196,#1198,.T.);
#1196 = VERTEX_POINT('',#1197);
#1197 = CARTESIAN_POINT('',(-0.32,-2.22,0.));
#1198 = LINE('',#1199,#1200);
#1199 = CARTESIAN_POINT('',(-0.32,-2.7,0.));
#1200 = VECTOR('',#1201,1.);
#1201 = DIRECTION('',(0.,1.,0.));
#1202 = ORIENTED_EDGE('',*,*,#1203,.F.);
#1203 = EDGE_CURVE('',#1204,#1196,#1206,.T.);
#1204 = VERTEX_POINT('',#1205);
#1205 = CARTESIAN_POINT('',(0.32,-2.22,0.));
#1206 = LINE('',#1207,#1208);
#1207 = CARTESIAN_POINT('',(-0.16,-2.22,0.));
#1208 = VECTOR('',#1209,1.);
#1209 = DIRECTION('',(-1.,0.,0.));
#1210 = ORIENTED_EDGE('',*,*,#1211,.F.);
#1211 = EDGE_CURVE('',#1186,#1204,#1212,.T.);
#1212 = LINE('',#1213,#1214);
#1213 = CARTESIAN_POINT('',(0.32,-2.7,0.));
#1214 = VECTOR('',#1215,1.);
#1215 = DIRECTION('',(0.,1.,0.));
#1216 = FACE_BOUND('',#1217,.F.);
#1217 = EDGE_LOOP('',(#1218,#1228,#1236,#1244));
#1218 = ORIENTED_EDGE('',*,*,#1219,.F.);
#1219 = EDGE_CURVE('',#1220,#1222,#1224,.T.);
#1220 = VERTEX_POINT('',#1221);
#1221 = CARTESIAN_POINT('',(0.32,-4.76,0.));
#1222 = VERTEX_POINT('',#1223);
#1223 = CARTESIAN_POINT('',(-0.32,-4.76,0.));
#1224 = LINE('',#1225,#1226);
#1225 = CARTESIAN_POINT('',(-0.16,-4.76,0.));
#1226 = VECTOR('',#1227,1.);
#1227 = DIRECTION('',(-1.,0.,0.));
#1228 = ORIENTED_EDGE('',*,*,#1229,.F.);
#1229 = EDGE_CURVE('',#1230,#1220,#1232,.T.);
#1230 = VERTEX_POINT('',#1231);
#1231 = CARTESIAN_POINT('',(0.32,-5.4,0.));
#1232 = LINE('',#1233,#1234);
#1233 = CARTESIAN_POINT('',(0.32,-3.97,0.));
#1234 = VECTOR('',#1235,1.);
#1235 = DIRECTION('',(0.,1.,0.));
#1236 = ORIENTED_EDGE('',*,*,#1237,.T.);
#1237 = EDGE_CURVE('',#1230,#1238,#1240,.T.);
#1238 = VERTEX_POINT('',#1239);
#1239 = CARTESIAN_POINT('',(-0.32,-5.4,0.));
#1240 = LINE('',#1241,#1242);
#1241 = CARTESIAN_POINT('',(-0.16,-5.4,0.));
#1242 = VECTOR('',#1243,1.);
#1243 = DIRECTION('',(-1.,0.,0.));
#1244 = ORIENTED_EDGE('',*,*,#1245,.T.);
#1245 = EDGE_CURVE('',#1238,#1222,#1246,.T.);
#1246 = LINE('',#1247,#1248);
#1247 = CARTESIAN_POINT('',(-0.32,-3.97,0.));
#1248 = VECTOR('',#1249,1.);
#1249 = DIRECTION('',(0.,1.,0.));
#1250 = PLANE('',#1251);
#1251 = AXIS2_PLACEMENT_3D('',#1252,#1253,#1254);
#1252 = CARTESIAN_POINT('',(5.398204781459E-17,-2.54,0.));
#1253 = DIRECTION('',(0.,0.,1.));
#1254 = DIRECTION('',(1.,0.,-0.));
#1255 = ADVANCED_FACE('',(#1256,#1395,#1429,#1463),#1497,.T.);
#1256 = FACE_BOUND('',#1257,.T.);
#1257 = EDGE_LOOP('',(#1258,#1259,#1260,#1268,#1276,#1284,#1292,#1300,
    #1308,#1316,#1324,#1332,#1340,#1348,#1356,#1364,#1372,#1380,#1388,
    #1394));
#1258 = ORIENTED_EDGE('',*,*,#920,.T.);
#1259 = ORIENTED_EDGE('',*,*,#982,.T.);
#1260 = ORIENTED_EDGE('',*,*,#1261,.T.);
#1261 = EDGE_CURVE('',#983,#1262,#1264,.T.);
#1262 = VERTEX_POINT('',#1263);
#1263 = CARTESIAN_POINT('',(-1.016,-1.27,2.54));
#1264 = LINE('',#1265,#1266);
#1265 = CARTESIAN_POINT('',(-1.27,-1.016,2.54));
#1266 = VECTOR('',#1267,1.);
#1267 = DIRECTION('',(0.707106781187,-0.707106781187,0.));
#1268 = ORIENTED_EDGE('',*,*,#1269,.T.);
#1269 = EDGE_CURVE('',#1262,#1270,#1272,.T.);
#1270 = VERTEX_POINT('',#1271);
#1271 = CARTESIAN_POINT('',(-1.27,-1.524,2.54));
#1272 = LINE('',#1273,#1274);
#1273 = CARTESIAN_POINT('',(-1.016,-1.27,2.54));
#1274 = VECTOR('',#1275,1.);
#1275 = DIRECTION('',(-0.707106781187,-0.707106781187,0.));
#1276 = ORIENTED_EDGE('',*,*,#1277,.T.);
#1277 = EDGE_CURVE('',#1270,#1278,#1280,.T.);
#1278 = VERTEX_POINT('',#1279);
#1279 = CARTESIAN_POINT('',(-1.27,-3.556,2.54));
#1280 = LINE('',#1281,#1282);
#1281 = CARTESIAN_POINT('',(-1.27,-1.524,2.54));
#1282 = VECTOR('',#1283,1.);
#1283 = DIRECTION('',(0.,-1.,0.));
#1284 = ORIENTED_EDGE('',*,*,#1285,.T.);
#1285 = EDGE_CURVE('',#1278,#1286,#1288,.T.);
#1286 = VERTEX_POINT('',#1287);
#1287 = CARTESIAN_POINT('',(-1.016,-3.81,2.54));
#1288 = LINE('',#1289,#1290);
#1289 = CARTESIAN_POINT('',(-1.27,-3.556,2.54));
#1290 = VECTOR('',#1291,1.);
#1291 = DIRECTION('',(0.707106781187,-0.707106781187,0.));
#1292 = ORIENTED_EDGE('',*,*,#1293,.T.);
#1293 = EDGE_CURVE('',#1286,#1294,#1296,.T.);
#1294 = VERTEX_POINT('',#1295);
#1295 = CARTESIAN_POINT('',(-1.27,-4.064,2.54));
#1296 = LINE('',#1297,#1298);
#1297 = CARTESIAN_POINT('',(-1.016,-3.81,2.54));
#1298 = VECTOR('',#1299,1.);
#1299 = DIRECTION('',(-0.707106781187,-0.707106781187,0.));
#1300 = ORIENTED_EDGE('',*,*,#1301,.T.);
#1301 = EDGE_CURVE('',#1294,#1302,#1304,.T.);
#1302 = VERTEX_POINT('',#1303);
#1303 = CARTESIAN_POINT('',(-1.27,-6.096,2.54));
#1304 = LINE('',#1305,#1306);
#1305 = CARTESIAN_POINT('',(-1.27,-4.064,2.54));
#1306 = VECTOR('',#1307,1.);
#1307 = DIRECTION('',(0.,-1.,0.));
#1308 = ORIENTED_EDGE('',*,*,#1309,.T.);
#1309 = EDGE_CURVE('',#1302,#1310,#1312,.T.);
#1310 = VERTEX_POINT('',#1311);
#1311 = CARTESIAN_POINT('',(-1.016,-6.35,2.54));
#1312 = LINE('',#1313,#1314);
#1313 = CARTESIAN_POINT('',(-1.27,-6.096,2.54));
#1314 = VECTOR('',#1315,1.);
#1315 = DIRECTION('',(0.707106781187,-0.707106781187,0.));
#1316 = ORIENTED_EDGE('',*,*,#1317,.T.);
#1317 = EDGE_CURVE('',#1310,#1318,#1320,.T.);
#1318 = VERTEX_POINT('',#1319);
#1319 = CARTESIAN_POINT('',(1.016,-6.35,2.54));
#1320 = LINE('',#1321,#1322);
#1321 = CARTESIAN_POINT('',(-1.016,-6.35,2.54));
#1322 = VECTOR('',#1323,1.);
#1323 = DIRECTION('',(1.,0.,0.));
#1324 = ORIENTED_EDGE('',*,*,#1325,.T.);
#1325 = EDGE_CURVE('',#1318,#1326,#1328,.T.);
#1326 = VERTEX_POINT('',#1327);
#1327 = CARTESIAN_POINT('',(1.27,-6.096,2.54));
#1328 = LINE('',#1329,#1330);
#1329 = CARTESIAN_POINT('',(1.016,-6.35,2.54));
#1330 = VECTOR('',#1331,1.);
#1331 = DIRECTION('',(0.707106781187,0.707106781187,0.));
#1332 = ORIENTED_EDGE('',*,*,#1333,.T.);
#1333 = EDGE_CURVE('',#1326,#1334,#1336,.T.);
#1334 = VERTEX_POINT('',#1335);
#1335 = CARTESIAN_POINT('',(1.27,-4.064,2.54));
#1336 = LINE('',#1337,#1338);
#1337 = CARTESIAN_POINT('',(1.27,-6.096,2.54));
#1338 = VECTOR('',#1339,1.);
#1339 = DIRECTION('',(0.,1.,0.));
#1340 = ORIENTED_EDGE('',*,*,#1341,.T.);
#1341 = EDGE_CURVE('',#1334,#1342,#1344,.T.);
#1342 = VERTEX_POINT('',#1343);
#1343 = CARTESIAN_POINT('',(1.016,-3.81,2.54));
#1344 = LINE('',#1345,#1346);
#1345 = CARTESIAN_POINT('',(1.27,-4.064,2.54));
#1346 = VECTOR('',#1347,1.);
#1347 = DIRECTION('',(-0.707106781187,0.707106781187,0.));
#1348 = ORIENTED_EDGE('',*,*,#1349,.T.);
#1349 = EDGE_CURVE('',#1342,#1350,#1352,.T.);
#1350 = VERTEX_POINT('',#1351);
#1351 = CARTESIAN_POINT('',(1.27,-3.556,2.54));
#1352 = LINE('',#1353,#1354);
#1353 = CARTESIAN_POINT('',(1.016,-3.81,2.54));
#1354 = VECTOR('',#1355,1.);
#1355 = DIRECTION('',(0.707106781187,0.707106781187,0.));
#1356 = ORIENTED_EDGE('',*,*,#1357,.T.);
#1357 = EDGE_CURVE('',#1350,#1358,#1360,.T.);
#1358 = VERTEX_POINT('',#1359);
#1359 = CARTESIAN_POINT('',(1.27,-1.524,2.54));
#1360 = LINE('',#1361,#1362);
#1361 = CARTESIAN_POINT('',(1.27,-3.556,2.54));
#1362 = VECTOR('',#1363,1.);
#1363 = DIRECTION('',(0.,1.,0.));
#1364 = ORIENTED_EDGE('',*,*,#1365,.T.);
#1365 = EDGE_CURVE('',#1358,#1366,#1368,.T.);
#1366 = VERTEX_POINT('',#1367);
#1367 = CARTESIAN_POINT('',(1.016,-1.27,2.54));
#1368 = LINE('',#1369,#1370);
#1369 = CARTESIAN_POINT('',(1.27,-1.524,2.54));
#1370 = VECTOR('',#1371,1.);
#1371 = DIRECTION('',(-0.707106781187,0.707106781187,0.));
#1372 = ORIENTED_EDGE('',*,*,#1373,.T.);
#1373 = EDGE_CURVE('',#1366,#1374,#1376,.T.);
#1374 = VERTEX_POINT('',#1375);
#1375 = CARTESIAN_POINT('',(1.27,-1.016,2.54));
#1376 = LINE('',#1377,#1378);
#1377 = CARTESIAN_POINT('',(1.016,-1.27,2.54));
#1378 = VECTOR('',#1379,1.);
#1379 = DIRECTION('',(0.707106781187,0.707106781187,0.));
#1380 = ORIENTED_EDGE('',*,*,#1381,.T.);
#1381 = EDGE_CURVE('',#1374,#1382,#1384,.T.);
#1382 = VERTEX_POINT('',#1383);
#1383 = CARTESIAN_POINT('',(1.27,1.016,2.54));
#1384 = LINE('',#1385,#1386);
#1385 = CARTESIAN_POINT('',(1.27,-1.016,2.54));
#1386 = VECTOR('',#1387,1.);
#1387 = DIRECTION('',(0.,1.,0.));
#1388 = ORIENTED_EDGE('',*,*,#1389,.T.);
#1389 = EDGE_CURVE('',#1382,#953,#1390,.T.);
#1390 = LINE('',#1391,#1392);
#1391 = CARTESIAN_POINT('',(1.27,1.016,2.54));
#1392 = VECTOR('',#1393,1.);
#1393 = DIRECTION('',(-0.707106781187,0.707106781187,0.));
#1394 = ORIENTED_EDGE('',*,*,#960,.T.);
#1395 = FACE_BOUND('',#1396,.T.);
#1396 = EDGE_LOOP('',(#1397,#1407,#1415,#1423));
#1397 = ORIENTED_EDGE('',*,*,#1398,.F.);
#1398 = EDGE_CURVE('',#1399,#1401,#1403,.T.);
#1399 = VERTEX_POINT('',#1400);
#1400 = CARTESIAN_POINT('',(0.32,-0.32,2.54));
#1401 = VERTEX_POINT('',#1402);
#1402 = CARTESIAN_POINT('',(0.32,0.32,2.54));
#1403 = LINE('',#1404,#1405);
#1404 = CARTESIAN_POINT('',(0.32,-1.43,2.54));
#1405 = VECTOR('',#1406,1.);
#1406 = DIRECTION('',(0.,1.,0.));
#1407 = ORIENTED_EDGE('',*,*,#1408,.T.);
#1408 = EDGE_CURVE('',#1399,#1409,#1411,.T.);
#1409 = VERTEX_POINT('',#1410);
#1410 = CARTESIAN_POINT('',(-0.32,-0.32,2.54));
#1411 = LINE('',#1412,#1413);
#1412 = CARTESIAN_POINT('',(-0.16,-0.32,2.54));
#1413 = VECTOR('',#1414,1.);
#1414 = DIRECTION('',(-1.,0.,0.));
#1415 = ORIENTED_EDGE('',*,*,#1416,.T.);
#1416 = EDGE_CURVE('',#1409,#1417,#1419,.T.);
#1417 = VERTEX_POINT('',#1418);
#1418 = CARTESIAN_POINT('',(-0.32,0.32,2.54));
#1419 = LINE('',#1420,#1421);
#1420 = CARTESIAN_POINT('',(-0.32,-1.43,2.54));
#1421 = VECTOR('',#1422,1.);
#1422 = DIRECTION('',(0.,1.,0.));
#1423 = ORIENTED_EDGE('',*,*,#1424,.F.);
#1424 = EDGE_CURVE('',#1401,#1417,#1425,.T.);
#1425 = LINE('',#1426,#1427);
#1426 = CARTESIAN_POINT('',(-0.16,0.32,2.54));
#1427 = VECTOR('',#1428,1.);
#1428 = DIRECTION('',(-1.,0.,0.));
#1429 = FACE_BOUND('',#1430,.T.);
#1430 = EDGE_LOOP('',(#1431,#1441,#1449,#1457));
#1431 = ORIENTED_EDGE('',*,*,#1432,.T.);
#1432 = EDGE_CURVE('',#1433,#1435,#1437,.T.);
#1433 = VERTEX_POINT('',#1434);
#1434 = CARTESIAN_POINT('',(0.32,-2.86,2.54));
#1435 = VERTEX_POINT('',#1436);
#1436 = CARTESIAN_POINT('',(-0.32,-2.86,2.54));
#1437 = LINE('',#1438,#1439);
#1438 = CARTESIAN_POINT('',(-0.16,-2.86,2.54));
#1439 = VECTOR('',#1440,1.);
#1440 = DIRECTION('',(-1.,0.,0.));
#1441 = ORIENTED_EDGE('',*,*,#1442,.T.);
#1442 = EDGE_CURVE('',#1435,#1443,#1445,.T.);
#1443 = VERTEX_POINT('',#1444);
#1444 = CARTESIAN_POINT('',(-0.32,-2.22,2.54));
#1445 = LINE('',#1446,#1447);
#1446 = CARTESIAN_POINT('',(-0.32,-2.7,2.54));
#1447 = VECTOR('',#1448,1.);
#1448 = DIRECTION('',(0.,1.,0.));
#1449 = ORIENTED_EDGE('',*,*,#1450,.F.);
#1450 = EDGE_CURVE('',#1451,#1443,#1453,.T.);
#1451 = VERTEX_POINT('',#1452);
#1452 = CARTESIAN_POINT('',(0.32,-2.22,2.54));
#1453 = LINE('',#1454,#1455);
#1454 = CARTESIAN_POINT('',(-0.16,-2.22,2.54));
#1455 = VECTOR('',#1456,1.);
#1456 = DIRECTION('',(-1.,0.,0.));
#1457 = ORIENTED_EDGE('',*,*,#1458,.F.);
#1458 = EDGE_CURVE('',#1433,#1451,#1459,.T.);
#1459 = LINE('',#1460,#1461);
#1460 = CARTESIAN_POINT('',(0.32,-2.7,2.54));
#1461 = VECTOR('',#1462,1.);
#1462 = DIRECTION('',(0.,1.,0.));
#1463 = FACE_BOUND('',#1464,.T.);
#1464 = EDGE_LOOP('',(#1465,#1475,#1483,#1491));
#1465 = ORIENTED_EDGE('',*,*,#1466,.F.);
#1466 = EDGE_CURVE('',#1467,#1469,#1471,.T.);
#1467 = VERTEX_POINT('',#1468);
#1468 = CARTESIAN_POINT('',(0.32,-4.76,2.54));
#1469 = VERTEX_POINT('',#1470);
#1470 = CARTESIAN_POINT('',(-0.32,-4.76,2.54));
#1471 = LINE('',#1472,#1473);
#1472 = CARTESIAN_POINT('',(-0.16,-4.76,2.54));
#1473 = VECTOR('',#1474,1.);
#1474 = DIRECTION('',(-1.,0.,0.));
#1475 = ORIENTED_EDGE('',*,*,#1476,.F.);
#1476 = EDGE_CURVE('',#1477,#1467,#1479,.T.);
#1477 = VERTEX_POINT('',#1478);
#1478 = CARTESIAN_POINT('',(0.32,-5.4,2.54));
#1479 = LINE('',#1480,#1481);
#1480 = CARTESIAN_POINT('',(0.32,-3.97,2.54));
#1481 = VECTOR('',#1482,1.);
#1482 = DIRECTION('',(0.,1.,0.));
#1483 = ORIENTED_EDGE('',*,*,#1484,.T.);
#1484 = EDGE_CURVE('',#1477,#1485,#1487,.T.);
#1485 = VERTEX_POINT('',#1486);
#1486 = CARTESIAN_POINT('',(-0.32,-5.4,2.54));
#1487 = LINE('',#1488,#1489);
#1488 = CARTESIAN_POINT('',(-0.16,-5.4,2.54));
#1489 = VECTOR('',#1490,1.);
#1490 = DIRECTION('',(-1.,0.,0.));
#1491 = ORIENTED_EDGE('',*,*,#1492,.T.);
#1492 = EDGE_CURVE('',#1485,#1469,#1493,.T.);
#1493 = LINE('',#1494,#1495);
#1494 = CARTESIAN_POINT('',(-0.32,-3.97,2.54));
#1495 = VECTOR('',#1496,1.);
#1496 = DIRECTION('',(0.,1.,0.));
#1497 = PLANE('',#1498);
#1498 = AXIS2_PLACEMENT_3D('',#1499,#1500,#1501);
#1499 = CARTESIAN_POINT('',(5.398204781459E-17,-2.54,2.54));
#1500 = DIRECTION('',(0.,0.,1.));
#1501 = DIRECTION('',(1.,0.,-0.));
#1502 = ADVANCED_FACE('',(#1503),#1514,.F.);
#1503 = FACE_BOUND('',#1504,.F.);
#1504 = EDGE_LOOP('',(#1505,#1511,#1512,#1513));
#1505 = ORIENTED_EDGE('',*,*,#1506,.T.);
#1506 = EDGE_CURVE('',#1135,#1382,#1507,.T.);
#1507 = LINE('',#1508,#1509);
#1508 = CARTESIAN_POINT('',(1.27,1.016,0.));
#1509 = VECTOR('',#1510,1.);
#1510 = DIRECTION('',(0.,0.,1.));
#1511 = ORIENTED_EDGE('',*,*,#1389,.T.);
#1512 = ORIENTED_EDGE('',*,*,#950,.F.);
#1513 = ORIENTED_EDGE('',*,*,#1142,.F.);
#1514 = PLANE('',#1515);
#1515 = AXIS2_PLACEMENT_3D('',#1516,#1517,#1518);
#1516 = CARTESIAN_POINT('',(1.27,1.016,0.));
#1517 = DIRECTION('',(-0.707106781187,-0.707106781187,0.));
#1518 = DIRECTION('',(-0.707106781187,0.707106781187,0.));
#1519 = ADVANCED_FACE('',(#1520),#1531,.F.);
#1520 = FACE_BOUND('',#1521,.F.);
#1521 = EDGE_LOOP('',(#1522,#1523,#1524,#1530));
#1522 = ORIENTED_EDGE('',*,*,#990,.T.);
#1523 = ORIENTED_EDGE('',*,*,#1261,.T.);
#1524 = ORIENTED_EDGE('',*,*,#1525,.F.);
#1525 = EDGE_CURVE('',#1015,#1262,#1526,.T.);
#1526 = LINE('',#1527,#1528);
#1527 = CARTESIAN_POINT('',(-1.016,-1.27,0.));
#1528 = VECTOR('',#1529,1.);
#1529 = DIRECTION('',(0.,0.,1.));
#1530 = ORIENTED_EDGE('',*,*,#1014,.F.);
#1531 = PLANE('',#1532);
#1532 = AXIS2_PLACEMENT_3D('',#1533,#1534,#1535);
#1533 = CARTESIAN_POINT('',(-1.27,-1.016,0.));
#1534 = DIRECTION('',(0.707106781187,0.707106781187,0.));
#1535 = DIRECTION('',(0.707106781187,-0.707106781187,0.));
#1536 = ADVANCED_FACE('',(#1537),#1548,.F.);
#1537 = FACE_BOUND('',#1538,.F.);
#1538 = EDGE_LOOP('',(#1539,#1545,#1546,#1547));
#1539 = ORIENTED_EDGE('',*,*,#1540,.T.);
#1540 = EDGE_CURVE('',#1127,#1374,#1541,.T.);
#1541 = LINE('',#1542,#1543);
#1542 = CARTESIAN_POINT('',(1.27,-1.016,0.));
#1543 = VECTOR('',#1544,1.);
#1544 = DIRECTION('',(0.,0.,1.));
#1545 = ORIENTED_EDGE('',*,*,#1381,.T.);
#1546 = ORIENTED_EDGE('',*,*,#1506,.F.);
#1547 = ORIENTED_EDGE('',*,*,#1134,.F.);
#1548 = PLANE('',#1549);
#1549 = AXIS2_PLACEMENT_3D('',#1550,#1551,#1552);
#1550 = CARTESIAN_POINT('',(1.27,-1.016,0.));
#1551 = DIRECTION('',(-1.,0.,0.));
#1552 = DIRECTION('',(0.,1.,0.));
#1553 = ADVANCED_FACE('',(#1554),#1565,.F.);
#1554 = FACE_BOUND('',#1555,.F.);
#1555 = EDGE_LOOP('',(#1556,#1557,#1558,#1564));
#1556 = ORIENTED_EDGE('',*,*,#1525,.T.);
#1557 = ORIENTED_EDGE('',*,*,#1269,.T.);
#1558 = ORIENTED_EDGE('',*,*,#1559,.F.);
#1559 = EDGE_CURVE('',#1023,#1270,#1560,.T.);
#1560 = LINE('',#1561,#1562);
#1561 = CARTESIAN_POINT('',(-1.27,-1.524,0.));
#1562 = VECTOR('',#1563,1.);
#1563 = DIRECTION('',(0.,0.,1.));
#1564 = ORIENTED_EDGE('',*,*,#1022,.F.);
#1565 = PLANE('',#1566);
#1566 = AXIS2_PLACEMENT_3D('',#1567,#1568,#1569);
#1567 = CARTESIAN_POINT('',(-1.016,-1.27,0.));
#1568 = DIRECTION('',(0.707106781187,-0.707106781187,0.));
#1569 = DIRECTION('',(-0.707106781187,-0.707106781187,0.));
#1570 = ADVANCED_FACE('',(#1571),#1582,.F.);
#1571 = FACE_BOUND('',#1572,.F.);
#1572 = EDGE_LOOP('',(#1573,#1579,#1580,#1581));
#1573 = ORIENTED_EDGE('',*,*,#1574,.T.);
#1574 = EDGE_CURVE('',#1119,#1366,#1575,.T.);
#1575 = LINE('',#1576,#1577);
#1576 = CARTESIAN_POINT('',(1.016,-1.27,0.));
#1577 = VECTOR('',#1578,1.);
#1578 = DIRECTION('',(0.,0.,1.));
#1579 = ORIENTED_EDGE('',*,*,#1373,.T.);
#1580 = ORIENTED_EDGE('',*,*,#1540,.F.);
#1581 = ORIENTED_EDGE('',*,*,#1126,.F.);
#1582 = PLANE('',#1583);
#1583 = AXIS2_PLACEMENT_3D('',#1584,#1585,#1586);
#1584 = CARTESIAN_POINT('',(1.016,-1.27,0.));
#1585 = DIRECTION('',(-0.707106781187,0.707106781187,0.));
#1586 = DIRECTION('',(0.707106781187,0.707106781187,0.));
#1587 = ADVANCED_FACE('',(#1588),#1599,.F.);
#1588 = FACE_BOUND('',#1589,.F.);
#1589 = EDGE_LOOP('',(#1590,#1591,#1592,#1598));
#1590 = ORIENTED_EDGE('',*,*,#1559,.T.);
#1591 = ORIENTED_EDGE('',*,*,#1277,.T.);
#1592 = ORIENTED_EDGE('',*,*,#1593,.F.);
#1593 = EDGE_CURVE('',#1031,#1278,#1594,.T.);
#1594 = LINE('',#1595,#1596);
#1595 = CARTESIAN_POINT('',(-1.27,-3.556,0.));
#1596 = VECTOR('',#1597,1.);
#1597 = DIRECTION('',(0.,0.,1.));
#1598 = ORIENTED_EDGE('',*,*,#1030,.F.);
#1599 = PLANE('',#1600);
#1600 = AXIS2_PLACEMENT_3D('',#1601,#1602,#1603);
#1601 = CARTESIAN_POINT('',(-1.27,-1.524,0.));
#1602 = DIRECTION('',(1.,0.,0.));
#1603 = DIRECTION('',(0.,-1.,0.));
#1604 = ADVANCED_FACE('',(#1605),#1616,.F.);
#1605 = FACE_BOUND('',#1606,.F.);
#1606 = EDGE_LOOP('',(#1607,#1613,#1614,#1615));
#1607 = ORIENTED_EDGE('',*,*,#1608,.T.);
#1608 = EDGE_CURVE('',#1111,#1358,#1609,.T.);
#1609 = LINE('',#1610,#1611);
#1610 = CARTESIAN_POINT('',(1.27,-1.524,0.));
#1611 = VECTOR('',#1612,1.);
#1612 = DIRECTION('',(0.,0.,1.));
#1613 = ORIENTED_EDGE('',*,*,#1365,.T.);
#1614 = ORIENTED_EDGE('',*,*,#1574,.F.);
#1615 = ORIENTED_EDGE('',*,*,#1118,.F.);
#1616 = PLANE('',#1617);
#1617 = AXIS2_PLACEMENT_3D('',#1618,#1619,#1620);
#1618 = CARTESIAN_POINT('',(1.27,-1.524,0.));
#1619 = DIRECTION('',(-0.707106781187,-0.707106781187,0.));
#1620 = DIRECTION('',(-0.707106781187,0.707106781187,0.));
#1621 = ADVANCED_FACE('',(#1622),#1633,.F.);
#1622 = FACE_BOUND('',#1623,.F.);
#1623 = EDGE_LOOP('',(#1624,#1625,#1626,#1632));
#1624 = ORIENTED_EDGE('',*,*,#1593,.T.);
#1625 = ORIENTED_EDGE('',*,*,#1285,.T.);
#1626 = ORIENTED_EDGE('',*,*,#1627,.F.);
#1627 = EDGE_CURVE('',#1039,#1286,#1628,.T.);
#1628 = LINE('',#1629,#1630);
#1629 = CARTESIAN_POINT('',(-1.016,-3.81,0.));
#1630 = VECTOR('',#1631,1.);
#1631 = DIRECTION('',(0.,0.,1.));
#1632 = ORIENTED_EDGE('',*,*,#1038,.F.);
#1633 = PLANE('',#1634);
#1634 = AXIS2_PLACEMENT_3D('',#1635,#1636,#1637);
#1635 = CARTESIAN_POINT('',(-1.27,-3.556,0.));
#1636 = DIRECTION('',(0.707106781187,0.707106781187,0.));
#1637 = DIRECTION('',(0.707106781187,-0.707106781187,0.));
#1638 = ADVANCED_FACE('',(#1639),#1650,.F.);
#1639 = FACE_BOUND('',#1640,.F.);
#1640 = EDGE_LOOP('',(#1641,#1647,#1648,#1649));
#1641 = ORIENTED_EDGE('',*,*,#1642,.T.);
#1642 = EDGE_CURVE('',#1103,#1350,#1643,.T.);
#1643 = LINE('',#1644,#1645);
#1644 = CARTESIAN_POINT('',(1.27,-3.556,0.));
#1645 = VECTOR('',#1646,1.);
#1646 = DIRECTION('',(0.,0.,1.));
#1647 = ORIENTED_EDGE('',*,*,#1357,.T.);
#1648 = ORIENTED_EDGE('',*,*,#1608,.F.);
#1649 = ORIENTED_EDGE('',*,*,#1110,.F.);
#1650 = PLANE('',#1651);
#1651 = AXIS2_PLACEMENT_3D('',#1652,#1653,#1654);
#1652 = CARTESIAN_POINT('',(1.27,-3.556,0.));
#1653 = DIRECTION('',(-1.,0.,0.));
#1654 = DIRECTION('',(0.,1.,0.));
#1655 = ADVANCED_FACE('',(#1656),#1667,.F.);
#1656 = FACE_BOUND('',#1657,.F.);
#1657 = EDGE_LOOP('',(#1658,#1659,#1660,#1666));
#1658 = ORIENTED_EDGE('',*,*,#1627,.T.);
#1659 = ORIENTED_EDGE('',*,*,#1293,.T.);
#1660 = ORIENTED_EDGE('',*,*,#1661,.F.);
#1661 = EDGE_CURVE('',#1047,#1294,#1662,.T.);
#1662 = LINE('',#1663,#1664);
#1663 = CARTESIAN_POINT('',(-1.27,-4.064,0.));
#1664 = VECTOR('',#1665,1.);
#1665 = DIRECTION('',(0.,0.,1.));
#1666 = ORIENTED_EDGE('',*,*,#1046,.F.);
#1667 = PLANE('',#1668);
#1668 = AXIS2_PLACEMENT_3D('',#1669,#1670,#1671);
#1669 = CARTESIAN_POINT('',(-1.016,-3.81,0.));
#1670 = DIRECTION('',(0.707106781187,-0.707106781187,0.));
#1671 = DIRECTION('',(-0.707106781187,-0.707106781187,0.));
#1672 = ADVANCED_FACE('',(#1673),#1684,.F.);
#1673 = FACE_BOUND('',#1674,.F.);
#1674 = EDGE_LOOP('',(#1675,#1681,#1682,#1683));
#1675 = ORIENTED_EDGE('',*,*,#1676,.T.);
#1676 = EDGE_CURVE('',#1095,#1342,#1677,.T.);
#1677 = LINE('',#1678,#1679);
#1678 = CARTESIAN_POINT('',(1.016,-3.81,0.));
#1679 = VECTOR('',#1680,1.);
#1680 = DIRECTION('',(0.,0.,1.));
#1681 = ORIENTED_EDGE('',*,*,#1349,.T.);
#1682 = ORIENTED_EDGE('',*,*,#1642,.F.);
#1683 = ORIENTED_EDGE('',*,*,#1102,.F.);
#1684 = PLANE('',#1685);
#1685 = AXIS2_PLACEMENT_3D('',#1686,#1687,#1688);
#1686 = CARTESIAN_POINT('',(1.016,-3.81,0.));
#1687 = DIRECTION('',(-0.707106781187,0.707106781187,0.));
#1688 = DIRECTION('',(0.707106781187,0.707106781187,0.));
#1689 = ADVANCED_FACE('',(#1690),#1701,.F.);
#1690 = FACE_BOUND('',#1691,.F.);
#1691 = EDGE_LOOP('',(#1692,#1693,#1694,#1700));
#1692 = ORIENTED_EDGE('',*,*,#1661,.T.);
#1693 = ORIENTED_EDGE('',*,*,#1301,.T.);
#1694 = ORIENTED_EDGE('',*,*,#1695,.F.);
#1695 = EDGE_CURVE('',#1055,#1302,#1696,.T.);
#1696 = LINE('',#1697,#1698);
#1697 = CARTESIAN_POINT('',(-1.27,-6.096,0.));
#1698 = VECTOR('',#1699,1.);
#1699 = DIRECTION('',(0.,0.,1.));
#1700 = ORIENTED_EDGE('',*,*,#1054,.F.);
#1701 = PLANE('',#1702);
#1702 = AXIS2_PLACEMENT_3D('',#1703,#1704,#1705);
#1703 = CARTESIAN_POINT('',(-1.27,-4.064,0.));
#1704 = DIRECTION('',(1.,0.,0.));
#1705 = DIRECTION('',(0.,-1.,0.));
#1706 = ADVANCED_FACE('',(#1707),#1718,.F.);
#1707 = FACE_BOUND('',#1708,.F.);
#1708 = EDGE_LOOP('',(#1709,#1715,#1716,#1717));
#1709 = ORIENTED_EDGE('',*,*,#1710,.T.);
#1710 = EDGE_CURVE('',#1087,#1334,#1711,.T.);
#1711 = LINE('',#1712,#1713);
#1712 = CARTESIAN_POINT('',(1.27,-4.064,0.));
#1713 = VECTOR('',#1714,1.);
#1714 = DIRECTION('',(0.,0.,1.));
#1715 = ORIENTED_EDGE('',*,*,#1341,.T.);
#1716 = ORIENTED_EDGE('',*,*,#1676,.F.);
#1717 = ORIENTED_EDGE('',*,*,#1094,.F.);
#1718 = PLANE('',#1719);
#1719 = AXIS2_PLACEMENT_3D('',#1720,#1721,#1722);
#1720 = CARTESIAN_POINT('',(1.27,-4.064,0.));
#1721 = DIRECTION('',(-0.707106781187,-0.707106781187,0.));
#1722 = DIRECTION('',(-0.707106781187,0.707106781187,0.));
#1723 = ADVANCED_FACE('',(#1724),#1735,.F.);
#1724 = FACE_BOUND('',#1725,.F.);
#1725 = EDGE_LOOP('',(#1726,#1727,#1728,#1734));
#1726 = ORIENTED_EDGE('',*,*,#1695,.T.);
#1727 = ORIENTED_EDGE('',*,*,#1309,.T.);
#1728 = ORIENTED_EDGE('',*,*,#1729,.F.);
#1729 = EDGE_CURVE('',#1063,#1310,#1730,.T.);
#1730 = LINE('',#1731,#1732);
#1731 = CARTESIAN_POINT('',(-1.016,-6.35,0.));
#1732 = VECTOR('',#1733,1.);
#1733 = DIRECTION('',(0.,0.,1.));
#1734 = ORIENTED_EDGE('',*,*,#1062,.F.);
#1735 = PLANE('',#1736);
#1736 = AXIS2_PLACEMENT_3D('',#1737,#1738,#1739);
#1737 = CARTESIAN_POINT('',(-1.27,-6.096,0.));
#1738 = DIRECTION('',(0.707106781187,0.707106781187,0.));
#1739 = DIRECTION('',(0.707106781187,-0.707106781187,0.));
#1740 = ADVANCED_FACE('',(#1741),#1752,.F.);
#1741 = FACE_BOUND('',#1742,.F.);
#1742 = EDGE_LOOP('',(#1743,#1749,#1750,#1751));
#1743 = ORIENTED_EDGE('',*,*,#1744,.T.);
#1744 = EDGE_CURVE('',#1079,#1326,#1745,.T.);
#1745 = LINE('',#1746,#1747);
#1746 = CARTESIAN_POINT('',(1.27,-6.096,0.));
#1747 = VECTOR('',#1748,1.);
#1748 = DIRECTION('',(0.,0.,1.));
#1749 = ORIENTED_EDGE('',*,*,#1333,.T.);
#1750 = ORIENTED_EDGE('',*,*,#1710,.F.);
#1751 = ORIENTED_EDGE('',*,*,#1086,.F.);
#1752 = PLANE('',#1753);
#1753 = AXIS2_PLACEMENT_3D('',#1754,#1755,#1756);
#1754 = CARTESIAN_POINT('',(1.27,-6.096,0.));
#1755 = DIRECTION('',(-1.,0.,0.));
#1756 = DIRECTION('',(0.,1.,0.));
#1757 = ADVANCED_FACE('',(#1758),#1769,.F.);
#1758 = FACE_BOUND('',#1759,.F.);
#1759 = EDGE_LOOP('',(#1760,#1761,#1762,#1768));
#1760 = ORIENTED_EDGE('',*,*,#1729,.T.);
#1761 = ORIENTED_EDGE('',*,*,#1317,.T.);
#1762 = ORIENTED_EDGE('',*,*,#1763,.F.);
#1763 = EDGE_CURVE('',#1071,#1318,#1764,.T.);
#1764 = LINE('',#1765,#1766);
#1765 = CARTESIAN_POINT('',(1.016,-6.35,0.));
#1766 = VECTOR('',#1767,1.);
#1767 = DIRECTION('',(0.,0.,1.));
#1768 = ORIENTED_EDGE('',*,*,#1070,.F.);
#1769 = PLANE('',#1770);
#1770 = AXIS2_PLACEMENT_3D('',#1771,#1772,#1773);
#1771 = CARTESIAN_POINT('',(-1.016,-6.35,0.));
#1772 = DIRECTION('',(0.,1.,0.));
#1773 = DIRECTION('',(1.,0.,0.));
#1774 = ADVANCED_FACE('',(#1775),#1781,.F.);
#1775 = FACE_BOUND('',#1776,.F.);
#1776 = EDGE_LOOP('',(#1777,#1778,#1779,#1780));
#1777 = ORIENTED_EDGE('',*,*,#1763,.T.);
#1778 = ORIENTED_EDGE('',*,*,#1325,.T.);
#1779 = ORIENTED_EDGE('',*,*,#1744,.F.);
#1780 = ORIENTED_EDGE('',*,*,#1078,.F.);
#1781 = PLANE('',#1782);
#1782 = AXIS2_PLACEMENT_3D('',#1783,#1784,#1785);
#1783 = CARTESIAN_POINT('',(1.016,-6.35,0.));
#1784 = DIRECTION('',(-0.707106781187,0.707106781187,0.));
#1785 = DIRECTION('',(0.707106781187,0.707106781187,0.));
#1786 = ADVANCED_FACE('',(#1787),#1812,.T.);
#1787 = FACE_BOUND('',#1788,.T.);
#1788 = EDGE_LOOP('',(#1789,#1797,#1805,#1811));
#1789 = ORIENTED_EDGE('',*,*,#1790,.F.);
#1790 = EDGE_CURVE('',#1791,#1152,#1793,.T.);
#1791 = VERTEX_POINT('',#1792);
#1792 = CARTESIAN_POINT('',(0.32,-0.32,-2.84));
#1793 = LINE('',#1794,#1795);
#1794 = CARTESIAN_POINT('',(0.32,-0.32,-3.));
#1795 = VECTOR('',#1796,1.);
#1796 = DIRECTION('',(0.,0.,1.));
#1797 = ORIENTED_EDGE('',*,*,#1798,.T.);
#1798 = EDGE_CURVE('',#1791,#1799,#1801,.T.);
#1799 = VERTEX_POINT('',#1800);
#1800 = CARTESIAN_POINT('',(0.32,0.32,-2.84));
#1801 = LINE('',#1802,#1803);
#1802 = CARTESIAN_POINT('',(0.32,-0.32,-2.84));
#1803 = VECTOR('',#1804,1.);
#1804 = DIRECTION('',(0.,1.,0.));
#1805 = ORIENTED_EDGE('',*,*,#1806,.T.);
#1806 = EDGE_CURVE('',#1799,#1154,#1807,.T.);
#1807 = LINE('',#1808,#1809);
#1808 = CARTESIAN_POINT('',(0.32,0.32,-3.));
#1809 = VECTOR('',#1810,1.);
#1810 = DIRECTION('',(0.,0.,1.));
#1811 = ORIENTED_EDGE('',*,*,#1151,.F.);
#1812 = PLANE('',#1813);
#1813 = AXIS2_PLACEMENT_3D('',#1814,#1815,#1816);
#1814 = CARTESIAN_POINT('',(0.32,-0.32,-3.));
#1815 = DIRECTION('',(1.,0.,0.));
#1816 = DIRECTION('',(0.,0.,1.));
#1817 = ADVANCED_FACE('',(#1818),#1836,.T.);
#1818 = FACE_BOUND('',#1819,.T.);
#1819 = EDGE_LOOP('',(#1820,#1821,#1829,#1835));
#1820 = ORIENTED_EDGE('',*,*,#1806,.F.);
#1821 = ORIENTED_EDGE('',*,*,#1822,.F.);
#1822 = EDGE_CURVE('',#1823,#1799,#1825,.T.);
#1823 = VERTEX_POINT('',#1824);
#1824 = CARTESIAN_POINT('',(-0.32,0.32,-2.84));
#1825 = LINE('',#1826,#1827);
#1826 = CARTESIAN_POINT('',(-0.32,0.32,-2.84));
#1827 = VECTOR('',#1828,1.);
#1828 = DIRECTION('',(1.,0.,0.));
#1829 = ORIENTED_EDGE('',*,*,#1830,.T.);
#1830 = EDGE_CURVE('',#1823,#1170,#1831,.T.);
#1831 = LINE('',#1832,#1833);
#1832 = CARTESIAN_POINT('',(-0.32,0.32,-3.));
#1833 = VECTOR('',#1834,1.);
#1834 = DIRECTION('',(0.,0.,1.));
#1835 = ORIENTED_EDGE('',*,*,#1177,.F.);
#1836 = PLANE('',#1837);
#1837 = AXIS2_PLACEMENT_3D('',#1838,#1839,#1840);
#1838 = CARTESIAN_POINT('',(-0.32,0.32,-3.));
#1839 = DIRECTION('',(0.,1.,0.));
#1840 = DIRECTION('',(0.,-0.,1.));
#1841 = ADVANCED_FACE('',(#1842),#1860,.F.);
#1842 = FACE_BOUND('',#1843,.F.);
#1843 = EDGE_LOOP('',(#1844,#1852,#1858,#1859));
#1844 = ORIENTED_EDGE('',*,*,#1845,.F.);
#1845 = EDGE_CURVE('',#1846,#1162,#1848,.T.);
#1846 = VERTEX_POINT('',#1847);
#1847 = CARTESIAN_POINT('',(-0.32,-0.32,-2.84));
#1848 = LINE('',#1849,#1850);
#1849 = CARTESIAN_POINT('',(-0.32,-0.32,-3.));
#1850 = VECTOR('',#1851,1.);
#1851 = DIRECTION('',(0.,0.,1.));
#1852 = ORIENTED_EDGE('',*,*,#1853,.T.);
#1853 = EDGE_CURVE('',#1846,#1823,#1854,.T.);
#1854 = LINE('',#1855,#1856);
#1855 = CARTESIAN_POINT('',(-0.32,-0.32,-2.84));
#1856 = VECTOR('',#1857,1.);
#1857 = DIRECTION('',(0.,1.,0.));
#1858 = ORIENTED_EDGE('',*,*,#1830,.T.);
#1859 = ORIENTED_EDGE('',*,*,#1169,.F.);
#1860 = PLANE('',#1861);
#1861 = AXIS2_PLACEMENT_3D('',#1862,#1863,#1864);
#1862 = CARTESIAN_POINT('',(-0.32,-0.32,-3.));
#1863 = DIRECTION('',(1.,0.,0.));
#1864 = DIRECTION('',(0.,0.,1.));
#1865 = ADVANCED_FACE('',(#1866),#1877,.F.);
#1866 = FACE_BOUND('',#1867,.F.);
#1867 = EDGE_LOOP('',(#1868,#1869,#1875,#1876));
#1868 = ORIENTED_EDGE('',*,*,#1790,.F.);
#1869 = ORIENTED_EDGE('',*,*,#1870,.F.);
#1870 = EDGE_CURVE('',#1846,#1791,#1871,.T.);
#1871 = LINE('',#1872,#1873);
#1872 = CARTESIAN_POINT('',(-0.32,-0.32,-2.84));
#1873 = VECTOR('',#1874,1.);
#1874 = DIRECTION('',(1.,0.,0.));
#1875 = ORIENTED_EDGE('',*,*,#1845,.T.);
#1876 = ORIENTED_EDGE('',*,*,#1161,.F.);
#1877 = PLANE('',#1878);
#1878 = AXIS2_PLACEMENT_3D('',#1879,#1880,#1881);
#1879 = CARTESIAN_POINT('',(-0.32,-0.32,-3.));
#1880 = DIRECTION('',(0.,1.,0.));
#1881 = DIRECTION('',(0.,-0.,1.));
#1882 = ADVANCED_FACE('',(#1883),#1908,.F.);
#1883 = FACE_BOUND('',#1884,.F.);
#1884 = EDGE_LOOP('',(#1885,#1893,#1901,#1907));
#1885 = ORIENTED_EDGE('',*,*,#1886,.F.);
#1886 = EDGE_CURVE('',#1887,#1186,#1889,.T.);
#1887 = VERTEX_POINT('',#1888);
#1888 = CARTESIAN_POINT('',(0.32,-2.86,-2.84));
#1889 = LINE('',#1890,#1891);
#1890 = CARTESIAN_POINT('',(0.32,-2.86,-3.));
#1891 = VECTOR('',#1892,1.);
#1892 = DIRECTION('',(0.,0.,1.));
#1893 = ORIENTED_EDGE('',*,*,#1894,.F.);
#1894 = EDGE_CURVE('',#1895,#1887,#1897,.T.);
#1895 = VERTEX_POINT('',#1896);
#1896 = CARTESIAN_POINT('',(-0.32,-2.86,-2.84));
#1897 = LINE('',#1898,#1899);
#1898 = CARTESIAN_POINT('',(-0.32,-2.86,-2.84));
#1899 = VECTOR('',#1900,1.);
#1900 = DIRECTION('',(1.,0.,0.));
#1901 = ORIENTED_EDGE('',*,*,#1902,.T.);
#1902 = EDGE_CURVE('',#1895,#1188,#1903,.T.);
#1903 = LINE('',#1904,#1905);
#1904 = CARTESIAN_POINT('',(-0.32,-2.86,-3.));
#1905 = VECTOR('',#1906,1.);
#1906 = DIRECTION('',(0.,0.,1.));
#1907 = ORIENTED_EDGE('',*,*,#1185,.F.);
#1908 = PLANE('',#1909);
#1909 = AXIS2_PLACEMENT_3D('',#1910,#1911,#1912);
#1910 = CARTESIAN_POINT('',(-0.32,-2.86,-3.));
#1911 = DIRECTION('',(0.,1.,0.));
#1912 = DIRECTION('',(0.,-0.,1.));
#1913 = ADVANCED_FACE('',(#1914),#1932,.T.);
#1914 = FACE_BOUND('',#1915,.T.);
#1915 = EDGE_LOOP('',(#1916,#1917,#1925,#1931));
#1916 = ORIENTED_EDGE('',*,*,#1886,.F.);
#1917 = ORIENTED_EDGE('',*,*,#1918,.T.);
#1918 = EDGE_CURVE('',#1887,#1919,#1921,.T.);
#1919 = VERTEX_POINT('',#1920);
#1920 = CARTESIAN_POINT('',(0.32,-2.22,-2.84));
#1921 = LINE('',#1922,#1923);
#1922 = CARTESIAN_POINT('',(0.32,-2.86,-2.84));
#1923 = VECTOR('',#1924,1.);
#1924 = DIRECTION('',(0.,1.,0.));
#1925 = ORIENTED_EDGE('',*,*,#1926,.T.);
#1926 = EDGE_CURVE('',#1919,#1204,#1927,.T.);
#1927 = LINE('',#1928,#1929);
#1928 = CARTESIAN_POINT('',(0.32,-2.22,-3.));
#1929 = VECTOR('',#1930,1.);
#1930 = DIRECTION('',(0.,0.,1.));
#1931 = ORIENTED_EDGE('',*,*,#1211,.F.);
#1932 = PLANE('',#1933);
#1933 = AXIS2_PLACEMENT_3D('',#1934,#1935,#1936);
#1934 = CARTESIAN_POINT('',(0.32,-2.86,-3.));
#1935 = DIRECTION('',(1.,0.,0.));
#1936 = DIRECTION('',(0.,0.,1.));
#1937 = ADVANCED_FACE('',(#1938),#1956,.T.);
#1938 = FACE_BOUND('',#1939,.T.);
#1939 = EDGE_LOOP('',(#1940,#1941,#1949,#1955));
#1940 = ORIENTED_EDGE('',*,*,#1926,.F.);
#1941 = ORIENTED_EDGE('',*,*,#1942,.F.);
#1942 = EDGE_CURVE('',#1943,#1919,#1945,.T.);
#1943 = VERTEX_POINT('',#1944);
#1944 = CARTESIAN_POINT('',(-0.32,-2.22,-2.84));
#1945 = LINE('',#1946,#1947);
#1946 = CARTESIAN_POINT('',(-0.32,-2.22,-2.84));
#1947 = VECTOR('',#1948,1.);
#1948 = DIRECTION('',(1.,0.,0.));
#1949 = ORIENTED_EDGE('',*,*,#1950,.T.);
#1950 = EDGE_CURVE('',#1943,#1196,#1951,.T.);
#1951 = LINE('',#1952,#1953);
#1952 = CARTESIAN_POINT('',(-0.32,-2.22,-3.));
#1953 = VECTOR('',#1954,1.);
#1954 = DIRECTION('',(0.,0.,1.));
#1955 = ORIENTED_EDGE('',*,*,#1203,.F.);
#1956 = PLANE('',#1957);
#1957 = AXIS2_PLACEMENT_3D('',#1958,#1959,#1960);
#1958 = CARTESIAN_POINT('',(-0.32,-2.22,-3.));
#1959 = DIRECTION('',(0.,1.,0.));
#1960 = DIRECTION('',(0.,-0.,1.));
#1961 = ADVANCED_FACE('',(#1962),#1973,.F.);
#1962 = FACE_BOUND('',#1963,.F.);
#1963 = EDGE_LOOP('',(#1964,#1965,#1971,#1972));
#1964 = ORIENTED_EDGE('',*,*,#1902,.F.);
#1965 = ORIENTED_EDGE('',*,*,#1966,.T.);
#1966 = EDGE_CURVE('',#1895,#1943,#1967,.T.);
#1967 = LINE('',#1968,#1969);
#1968 = CARTESIAN_POINT('',(-0.32,-2.86,-2.84));
#1969 = VECTOR('',#1970,1.);
#1970 = DIRECTION('',(0.,1.,0.));
#1971 = ORIENTED_EDGE('',*,*,#1950,.T.);
#1972 = ORIENTED_EDGE('',*,*,#1195,.F.);
#1973 = PLANE('',#1974);
#1974 = AXIS2_PLACEMENT_3D('',#1975,#1976,#1977);
#1975 = CARTESIAN_POINT('',(-0.32,-2.86,-3.));
#1976 = DIRECTION('',(1.,0.,0.));
#1977 = DIRECTION('',(0.,0.,1.));
#1978 = ADVANCED_FACE('',(#1979),#2004,.T.);
#1979 = FACE_BOUND('',#1980,.T.);
#1980 = EDGE_LOOP('',(#1981,#1989,#1997,#2003));
#1981 = ORIENTED_EDGE('',*,*,#1982,.F.);
#1982 = EDGE_CURVE('',#1983,#1220,#1985,.T.);
#1983 = VERTEX_POINT('',#1984);
#1984 = CARTESIAN_POINT('',(0.32,-4.76,-2.84));
#1985 = LINE('',#1986,#1987);
#1986 = CARTESIAN_POINT('',(0.32,-4.76,-3.));
#1987 = VECTOR('',#1988,1.);
#1988 = DIRECTION('',(0.,0.,1.));
#1989 = ORIENTED_EDGE('',*,*,#1990,.F.);
#1990 = EDGE_CURVE('',#1991,#1983,#1993,.T.);
#1991 = VERTEX_POINT('',#1992);
#1992 = CARTESIAN_POINT('',(-0.32,-4.76,-2.84));
#1993 = LINE('',#1994,#1995);
#1994 = CARTESIAN_POINT('',(-0.32,-4.76,-2.84));
#1995 = VECTOR('',#1996,1.);
#1996 = DIRECTION('',(1.,0.,0.));
#1997 = ORIENTED_EDGE('',*,*,#1998,.T.);
#1998 = EDGE_CURVE('',#1991,#1222,#1999,.T.);
#1999 = LINE('',#2000,#2001);
#2000 = CARTESIAN_POINT('',(-0.32,-4.76,-3.));
#2001 = VECTOR('',#2002,1.);
#2002 = DIRECTION('',(0.,0.,1.));
#2003 = ORIENTED_EDGE('',*,*,#1219,.F.);
#2004 = PLANE('',#2005);
#2005 = AXIS2_PLACEMENT_3D('',#2006,#2007,#2008);
#2006 = CARTESIAN_POINT('',(-0.32,-4.76,-3.));
#2007 = DIRECTION('',(0.,1.,0.));
#2008 = DIRECTION('',(0.,-0.,1.));
#2009 = ADVANCED_FACE('',(#2010),#2028,.F.);
#2010 = FACE_BOUND('',#2011,.F.);
#2011 = EDGE_LOOP('',(#2012,#2020,#2026,#2027));
#2012 = ORIENTED_EDGE('',*,*,#2013,.F.);
#2013 = EDGE_CURVE('',#2014,#1238,#2016,.T.);
#2014 = VERTEX_POINT('',#2015);
#2015 = CARTESIAN_POINT('',(-0.32,-5.4,-2.84));
#2016 = LINE('',#2017,#2018);
#2017 = CARTESIAN_POINT('',(-0.32,-5.4,-3.));
#2018 = VECTOR('',#2019,1.);
#2019 = DIRECTION('',(0.,0.,1.));
#2020 = ORIENTED_EDGE('',*,*,#2021,.T.);
#2021 = EDGE_CURVE('',#2014,#1991,#2022,.T.);
#2022 = LINE('',#2023,#2024);
#2023 = CARTESIAN_POINT('',(-0.32,-5.4,-2.84));
#2024 = VECTOR('',#2025,1.);
#2025 = DIRECTION('',(0.,1.,0.));
#2026 = ORIENTED_EDGE('',*,*,#1998,.T.);
#2027 = ORIENTED_EDGE('',*,*,#1245,.F.);
#2028 = PLANE('',#2029);
#2029 = AXIS2_PLACEMENT_3D('',#2030,#2031,#2032);
#2030 = CARTESIAN_POINT('',(-0.32,-5.4,-3.));
#2031 = DIRECTION('',(1.,0.,0.));
#2032 = DIRECTION('',(0.,0.,1.));
#2033 = ADVANCED_FACE('',(#2034),#2052,.F.);
#2034 = FACE_BOUND('',#2035,.F.);
#2035 = EDGE_LOOP('',(#2036,#2044,#2050,#2051));
#2036 = ORIENTED_EDGE('',*,*,#2037,.F.);
#2037 = EDGE_CURVE('',#2038,#1230,#2040,.T.);
#2038 = VERTEX_POINT('',#2039);
#2039 = CARTESIAN_POINT('',(0.32,-5.4,-2.84));
#2040 = LINE('',#2041,#2042);
#2041 = CARTESIAN_POINT('',(0.32,-5.4,-3.));
#2042 = VECTOR('',#2043,1.);
#2043 = DIRECTION('',(0.,0.,1.));
#2044 = ORIENTED_EDGE('',*,*,#2045,.F.);
#2045 = EDGE_CURVE('',#2014,#2038,#2046,.T.);
#2046 = LINE('',#2047,#2048);
#2047 = CARTESIAN_POINT('',(-0.32,-5.4,-2.84));
#2048 = VECTOR('',#2049,1.);
#2049 = DIRECTION('',(1.,0.,0.));
#2050 = ORIENTED_EDGE('',*,*,#2013,.T.);
#2051 = ORIENTED_EDGE('',*,*,#1237,.F.);
#2052 = PLANE('',#2053);
#2053 = AXIS2_PLACEMENT_3D('',#2054,#2055,#2056);
#2054 = CARTESIAN_POINT('',(-0.32,-5.4,-3.));
#2055 = DIRECTION('',(0.,1.,0.));
#2056 = DIRECTION('',(0.,-0.,1.));
#2057 = ADVANCED_FACE('',(#2058),#2069,.T.);
#2058 = FACE_BOUND('',#2059,.T.);
#2059 = EDGE_LOOP('',(#2060,#2061,#2067,#2068));
#2060 = ORIENTED_EDGE('',*,*,#2037,.F.);
#2061 = ORIENTED_EDGE('',*,*,#2062,.T.);
#2062 = EDGE_CURVE('',#2038,#1983,#2063,.T.);
#2063 = LINE('',#2064,#2065);
#2064 = CARTESIAN_POINT('',(0.32,-5.4,-2.84));
#2065 = VECTOR('',#2066,1.);
#2066 = DIRECTION('',(0.,1.,0.));
#2067 = ORIENTED_EDGE('',*,*,#1982,.T.);
#2068 = ORIENTED_EDGE('',*,*,#1229,.F.);
#2069 = PLANE('',#2070);
#2070 = AXIS2_PLACEMENT_3D('',#2071,#2072,#2073);
#2071 = CARTESIAN_POINT('',(0.32,-5.4,-3.));
#2072 = DIRECTION('',(1.,0.,0.));
#2073 = DIRECTION('',(0.,0.,1.));
#2074 = ADVANCED_FACE('',(#2075),#2100,.T.);
#2075 = FACE_BOUND('',#2076,.T.);
#2076 = EDGE_LOOP('',(#2077,#2085,#2086,#2094));
#2077 = ORIENTED_EDGE('',*,*,#2078,.F.);
#2078 = EDGE_CURVE('',#1399,#2079,#2081,.T.);
#2079 = VERTEX_POINT('',#2080);
#2080 = CARTESIAN_POINT('',(0.32,-0.32,8.38));
#2081 = LINE('',#2082,#2083);
#2082 = CARTESIAN_POINT('',(0.32,-0.32,-3.));
#2083 = VECTOR('',#2084,1.);
#2084 = DIRECTION('',(0.,0.,1.));
#2085 = ORIENTED_EDGE('',*,*,#1398,.T.);
#2086 = ORIENTED_EDGE('',*,*,#2087,.T.);
#2087 = EDGE_CURVE('',#1401,#2088,#2090,.T.);
#2088 = VERTEX_POINT('',#2089);
#2089 = CARTESIAN_POINT('',(0.32,0.32,8.38));
#2090 = LINE('',#2091,#2092);
#2091 = CARTESIAN_POINT('',(0.32,0.32,-3.));
#2092 = VECTOR('',#2093,1.);
#2093 = DIRECTION('',(0.,0.,1.));
#2094 = ORIENTED_EDGE('',*,*,#2095,.F.);
#2095 = EDGE_CURVE('',#2079,#2088,#2096,.T.);
#2096 = LINE('',#2097,#2098);
#2097 = CARTESIAN_POINT('',(0.32,-0.32,8.38));
#2098 = VECTOR('',#2099,1.);
#2099 = DIRECTION('',(0.,1.,0.));
#2100 = PLANE('',#2101);
#2101 = AXIS2_PLACEMENT_3D('',#2102,#2103,#2104);
#2102 = CARTESIAN_POINT('',(0.32,-0.32,-3.));
#2103 = DIRECTION('',(1.,0.,0.));
#2104 = DIRECTION('',(0.,0.,1.));
#2105 = ADVANCED_FACE('',(#2106),#2124,.T.);
#2106 = FACE_BOUND('',#2107,.T.);
#2107 = EDGE_LOOP('',(#2108,#2109,#2110,#2118));
#2108 = ORIENTED_EDGE('',*,*,#2087,.F.);
#2109 = ORIENTED_EDGE('',*,*,#1424,.T.);
#2110 = ORIENTED_EDGE('',*,*,#2111,.T.);
#2111 = EDGE_CURVE('',#1417,#2112,#2114,.T.);
#2112 = VERTEX_POINT('',#2113);
#2113 = CARTESIAN_POINT('',(-0.32,0.32,8.38));
#2114 = LINE('',#2115,#2116);
#2115 = CARTESIAN_POINT('',(-0.32,0.32,-3.));
#2116 = VECTOR('',#2117,1.);
#2117 = DIRECTION('',(0.,0.,1.));
#2118 = ORIENTED_EDGE('',*,*,#2119,.T.);
#2119 = EDGE_CURVE('',#2112,#2088,#2120,.T.);
#2120 = LINE('',#2121,#2122);
#2121 = CARTESIAN_POINT('',(-0.32,0.32,8.38));
#2122 = VECTOR('',#2123,1.);
#2123 = DIRECTION('',(1.,0.,0.));
#2124 = PLANE('',#2125);
#2125 = AXIS2_PLACEMENT_3D('',#2126,#2127,#2128);
#2126 = CARTESIAN_POINT('',(-0.32,0.32,-3.));
#2127 = DIRECTION('',(0.,1.,0.));
#2128 = DIRECTION('',(0.,-0.,1.));
#2129 = ADVANCED_FACE('',(#2130),#2148,.F.);
#2130 = FACE_BOUND('',#2131,.F.);
#2131 = EDGE_LOOP('',(#2132,#2140,#2141,#2142));
#2132 = ORIENTED_EDGE('',*,*,#2133,.F.);
#2133 = EDGE_CURVE('',#1409,#2134,#2136,.T.);
#2134 = VERTEX_POINT('',#2135);
#2135 = CARTESIAN_POINT('',(-0.32,-0.32,8.38));
#2136 = LINE('',#2137,#2138);
#2137 = CARTESIAN_POINT('',(-0.32,-0.32,-3.));
#2138 = VECTOR('',#2139,1.);
#2139 = DIRECTION('',(0.,0.,1.));
#2140 = ORIENTED_EDGE('',*,*,#1416,.T.);
#2141 = ORIENTED_EDGE('',*,*,#2111,.T.);
#2142 = ORIENTED_EDGE('',*,*,#2143,.F.);
#2143 = EDGE_CURVE('',#2134,#2112,#2144,.T.);
#2144 = LINE('',#2145,#2146);
#2145 = CARTESIAN_POINT('',(-0.32,-0.32,8.38));
#2146 = VECTOR('',#2147,1.);
#2147 = DIRECTION('',(0.,1.,0.));
#2148 = PLANE('',#2149);
#2149 = AXIS2_PLACEMENT_3D('',#2150,#2151,#2152);
#2150 = CARTESIAN_POINT('',(-0.32,-0.32,-3.));
#2151 = DIRECTION('',(1.,0.,0.));
#2152 = DIRECTION('',(0.,0.,1.));
#2153 = ADVANCED_FACE('',(#2154),#2165,.F.);
#2154 = FACE_BOUND('',#2155,.F.);
#2155 = EDGE_LOOP('',(#2156,#2157,#2158,#2159));
#2156 = ORIENTED_EDGE('',*,*,#2078,.F.);
#2157 = ORIENTED_EDGE('',*,*,#1408,.T.);
#2158 = ORIENTED_EDGE('',*,*,#2133,.T.);
#2159 = ORIENTED_EDGE('',*,*,#2160,.T.);
#2160 = EDGE_CURVE('',#2134,#2079,#2161,.T.);
#2161 = LINE('',#2162,#2163);
#2162 = CARTESIAN_POINT('',(-0.32,-0.32,8.38));
#2163 = VECTOR('',#2164,1.);
#2164 = DIRECTION('',(1.,0.,0.));
#2165 = PLANE('',#2166);
#2166 = AXIS2_PLACEMENT_3D('',#2167,#2168,#2169);
#2167 = CARTESIAN_POINT('',(-0.32,-0.32,-3.));
#2168 = DIRECTION('',(0.,1.,0.));
#2169 = DIRECTION('',(0.,-0.,1.));
#2170 = ADVANCED_FACE('',(#2171),#2196,.F.);
#2171 = FACE_BOUND('',#2172,.F.);
#2172 = EDGE_LOOP('',(#2173,#2181,#2182,#2190));
#2173 = ORIENTED_EDGE('',*,*,#2174,.F.);
#2174 = EDGE_CURVE('',#1433,#2175,#2177,.T.);
#2175 = VERTEX_POINT('',#2176);
#2176 = CARTESIAN_POINT('',(0.32,-2.86,8.38));
#2177 = LINE('',#2178,#2179);
#2178 = CARTESIAN_POINT('',(0.32,-2.86,-3.));
#2179 = VECTOR('',#2180,1.);
#2180 = DIRECTION('',(0.,0.,1.));
#2181 = ORIENTED_EDGE('',*,*,#1432,.T.);
#2182 = ORIENTED_EDGE('',*,*,#2183,.T.);
#2183 = EDGE_CURVE('',#1435,#2184,#2186,.T.);
#2184 = VERTEX_POINT('',#2185);
#2185 = CARTESIAN_POINT('',(-0.32,-2.86,8.38));
#2186 = LINE('',#2187,#2188);
#2187 = CARTESIAN_POINT('',(-0.32,-2.86,-3.));
#2188 = VECTOR('',#2189,1.);
#2189 = DIRECTION('',(0.,0.,1.));
#2190 = ORIENTED_EDGE('',*,*,#2191,.T.);
#2191 = EDGE_CURVE('',#2184,#2175,#2192,.T.);
#2192 = LINE('',#2193,#2194);
#2193 = CARTESIAN_POINT('',(-0.32,-2.86,8.38));
#2194 = VECTOR('',#2195,1.);
#2195 = DIRECTION('',(1.,0.,0.));
#2196 = PLANE('',#2197);
#2197 = AXIS2_PLACEMENT_3D('',#2198,#2199,#2200);
#2198 = CARTESIAN_POINT('',(-0.32,-2.86,-3.));
#2199 = DIRECTION('',(0.,1.,0.));
#2200 = DIRECTION('',(0.,-0.,1.));
#2201 = ADVANCED_FACE('',(#2202),#2220,.T.);
#2202 = FACE_BOUND('',#2203,.T.);
#2203 = EDGE_LOOP('',(#2204,#2205,#2206,#2214));
#2204 = ORIENTED_EDGE('',*,*,#2174,.F.);
#2205 = ORIENTED_EDGE('',*,*,#1458,.T.);
#2206 = ORIENTED_EDGE('',*,*,#2207,.T.);
#2207 = EDGE_CURVE('',#1451,#2208,#2210,.T.);
#2208 = VERTEX_POINT('',#2209);
#2209 = CARTESIAN_POINT('',(0.32,-2.22,8.38));
#2210 = LINE('',#2211,#2212);
#2211 = CARTESIAN_POINT('',(0.32,-2.22,-3.));
#2212 = VECTOR('',#2213,1.);
#2213 = DIRECTION('',(0.,0.,1.));
#2214 = ORIENTED_EDGE('',*,*,#2215,.F.);
#2215 = EDGE_CURVE('',#2175,#2208,#2216,.T.);
#2216 = LINE('',#2217,#2218);
#2217 = CARTESIAN_POINT('',(0.32,-2.86,8.38));
#2218 = VECTOR('',#2219,1.);
#2219 = DIRECTION('',(0.,1.,0.));
#2220 = PLANE('',#2221);
#2221 = AXIS2_PLACEMENT_3D('',#2222,#2223,#2224);
#2222 = CARTESIAN_POINT('',(0.32,-2.86,-3.));
#2223 = DIRECTION('',(1.,0.,0.));
#2224 = DIRECTION('',(0.,0.,1.));
#2225 = ADVANCED_FACE('',(#2226),#2244,.T.);
#2226 = FACE_BOUND('',#2227,.T.);
#2227 = EDGE_LOOP('',(#2228,#2229,#2230,#2238));
#2228 = ORIENTED_EDGE('',*,*,#2207,.F.);
#2229 = ORIENTED_EDGE('',*,*,#1450,.T.);
#2230 = ORIENTED_EDGE('',*,*,#2231,.T.);
#2231 = EDGE_CURVE('',#1443,#2232,#2234,.T.);
#2232 = VERTEX_POINT('',#2233);
#2233 = CARTESIAN_POINT('',(-0.32,-2.22,8.38));
#2234 = LINE('',#2235,#2236);
#2235 = CARTESIAN_POINT('',(-0.32,-2.22,-3.));
#2236 = VECTOR('',#2237,1.);
#2237 = DIRECTION('',(0.,0.,1.));
#2238 = ORIENTED_EDGE('',*,*,#2239,.T.);
#2239 = EDGE_CURVE('',#2232,#2208,#2240,.T.);
#2240 = LINE('',#2241,#2242);
#2241 = CARTESIAN_POINT('',(-0.32,-2.22,8.38));
#2242 = VECTOR('',#2243,1.);
#2243 = DIRECTION('',(1.,0.,0.));
#2244 = PLANE('',#2245);
#2245 = AXIS2_PLACEMENT_3D('',#2246,#2247,#2248);
#2246 = CARTESIAN_POINT('',(-0.32,-2.22,-3.));
#2247 = DIRECTION('',(0.,1.,0.));
#2248 = DIRECTION('',(0.,-0.,1.));
#2249 = ADVANCED_FACE('',(#2250),#2261,.F.);
#2250 = FACE_BOUND('',#2251,.F.);
#2251 = EDGE_LOOP('',(#2252,#2253,#2254,#2255));
#2252 = ORIENTED_EDGE('',*,*,#2183,.F.);
#2253 = ORIENTED_EDGE('',*,*,#1442,.T.);
#2254 = ORIENTED_EDGE('',*,*,#2231,.T.);
#2255 = ORIENTED_EDGE('',*,*,#2256,.F.);
#2256 = EDGE_CURVE('',#2184,#2232,#2257,.T.);
#2257 = LINE('',#2258,#2259);
#2258 = CARTESIAN_POINT('',(-0.32,-2.86,8.38));
#2259 = VECTOR('',#2260,1.);
#2260 = DIRECTION('',(0.,1.,0.));
#2261 = PLANE('',#2262);
#2262 = AXIS2_PLACEMENT_3D('',#2263,#2264,#2265);
#2263 = CARTESIAN_POINT('',(-0.32,-2.86,-3.));
#2264 = DIRECTION('',(1.,0.,0.));
#2265 = DIRECTION('',(0.,0.,1.));
#2266 = ADVANCED_FACE('',(#2267),#2292,.T.);
#2267 = FACE_BOUND('',#2268,.T.);
#2268 = EDGE_LOOP('',(#2269,#2277,#2278,#2286));
#2269 = ORIENTED_EDGE('',*,*,#2270,.F.);
#2270 = EDGE_CURVE('',#1467,#2271,#2273,.T.);
#2271 = VERTEX_POINT('',#2272);
#2272 = CARTESIAN_POINT('',(0.32,-4.76,8.38));
#2273 = LINE('',#2274,#2275);
#2274 = CARTESIAN_POINT('',(0.32,-4.76,-3.));
#2275 = VECTOR('',#2276,1.);
#2276 = DIRECTION('',(0.,0.,1.));
#2277 = ORIENTED_EDGE('',*,*,#1466,.T.);
#2278 = ORIENTED_EDGE('',*,*,#2279,.T.);
#2279 = EDGE_CURVE('',#1469,#2280,#2282,.T.);
#2280 = VERTEX_POINT('',#2281);
#2281 = CARTESIAN_POINT('',(-0.32,-4.76,8.38));
#2282 = LINE('',#2283,#2284);
#2283 = CARTESIAN_POINT('',(-0.32,-4.76,-3.));
#2284 = VECTOR('',#2285,1.);
#2285 = DIRECTION('',(0.,0.,1.));
#2286 = ORIENTED_EDGE('',*,*,#2287,.T.);
#2287 = EDGE_CURVE('',#2280,#2271,#2288,.T.);
#2288 = LINE('',#2289,#2290);
#2289 = CARTESIAN_POINT('',(-0.32,-4.76,8.38));
#2290 = VECTOR('',#2291,1.);
#2291 = DIRECTION('',(1.,0.,0.));
#2292 = PLANE('',#2293);
#2293 = AXIS2_PLACEMENT_3D('',#2294,#2295,#2296);
#2294 = CARTESIAN_POINT('',(-0.32,-4.76,-3.));
#2295 = DIRECTION('',(0.,1.,0.));
#2296 = DIRECTION('',(0.,-0.,1.));
#2297 = ADVANCED_FACE('',(#2298),#2316,.F.);
#2298 = FACE_BOUND('',#2299,.F.);
#2299 = EDGE_LOOP('',(#2300,#2308,#2309,#2310));
#2300 = ORIENTED_EDGE('',*,*,#2301,.F.);
#2301 = EDGE_CURVE('',#1485,#2302,#2304,.T.);
#2302 = VERTEX_POINT('',#2303);
#2303 = CARTESIAN_POINT('',(-0.32,-5.4,8.38));
#2304 = LINE('',#2305,#2306);
#2305 = CARTESIAN_POINT('',(-0.32,-5.4,-3.));
#2306 = VECTOR('',#2307,1.);
#2307 = DIRECTION('',(0.,0.,1.));
#2308 = ORIENTED_EDGE('',*,*,#1492,.T.);
#2309 = ORIENTED_EDGE('',*,*,#2279,.T.);
#2310 = ORIENTED_EDGE('',*,*,#2311,.F.);
#2311 = EDGE_CURVE('',#2302,#2280,#2312,.T.);
#2312 = LINE('',#2313,#2314);
#2313 = CARTESIAN_POINT('',(-0.32,-5.4,8.38));
#2314 = VECTOR('',#2315,1.);
#2315 = DIRECTION('',(0.,1.,0.));
#2316 = PLANE('',#2317);
#2317 = AXIS2_PLACEMENT_3D('',#2318,#2319,#2320);
#2318 = CARTESIAN_POINT('',(-0.32,-5.4,-3.));
#2319 = DIRECTION('',(1.,0.,0.));
#2320 = DIRECTION('',(0.,0.,1.));
#2321 = ADVANCED_FACE('',(#2322),#2340,.F.);
#2322 = FACE_BOUND('',#2323,.F.);
#2323 = EDGE_LOOP('',(#2324,#2332,#2333,#2334));
#2324 = ORIENTED_EDGE('',*,*,#2325,.F.);
#2325 = EDGE_CURVE('',#1477,#2326,#2328,.T.);
#2326 = VERTEX_POINT('',#2327);
#2327 = CARTESIAN_POINT('',(0.32,-5.4,8.38));
#2328 = LINE('',#2329,#2330);
#2329 = CARTESIAN_POINT('',(0.32,-5.4,-3.));
#2330 = VECTOR('',#2331,1.);
#2331 = DIRECTION('',(0.,0.,1.));
#2332 = ORIENTED_EDGE('',*,*,#1484,.T.);
#2333 = ORIENTED_EDGE('',*,*,#2301,.T.);
#2334 = ORIENTED_EDGE('',*,*,#2335,.T.);
#2335 = EDGE_CURVE('',#2302,#2326,#2336,.T.);
#2336 = LINE('',#2337,#2338);
#2337 = CARTESIAN_POINT('',(-0.32,-5.4,8.38));
#2338 = VECTOR('',#2339,1.);
#2339 = DIRECTION('',(1.,0.,0.));
#2340 = PLANE('',#2341);
#2341 = AXIS2_PLACEMENT_3D('',#2342,#2343,#2344);
#2342 = CARTESIAN_POINT('',(-0.32,-5.4,-3.));
#2343 = DIRECTION('',(0.,1.,0.));
#2344 = DIRECTION('',(0.,-0.,1.));
#2345 = ADVANCED_FACE('',(#2346),#2357,.T.);
#2346 = FACE_BOUND('',#2347,.T.);
#2347 = EDGE_LOOP('',(#2348,#2349,#2350,#2351));
#2348 = ORIENTED_EDGE('',*,*,#2325,.F.);
#2349 = ORIENTED_EDGE('',*,*,#1476,.T.);
#2350 = ORIENTED_EDGE('',*,*,#2270,.T.);
#2351 = ORIENTED_EDGE('',*,*,#2352,.F.);
#2352 = EDGE_CURVE('',#2326,#2271,#2353,.T.);
#2353 = LINE('',#2354,#2355);
#2354 = CARTESIAN_POINT('',(0.32,-5.4,8.38));
#2355 = VECTOR('',#2356,1.);
#2356 = DIRECTION('',(0.,1.,0.));
#2357 = PLANE('',#2358);
#2358 = AXIS2_PLACEMENT_3D('',#2359,#2360,#2361);
#2359 = CARTESIAN_POINT('',(0.32,-5.4,-3.));
#2360 = DIRECTION('',(1.,0.,0.));
#2361 = DIRECTION('',(0.,0.,1.));
#2362 = ADVANCED_FACE('',(#2363),#2388,.F.);
#2363 = FACE_BOUND('',#2364,.F.);
#2364 = EDGE_LOOP('',(#2365,#2373,#2374,#2382));
#2365 = ORIENTED_EDGE('',*,*,#2366,.F.);
#2366 = EDGE_CURVE('',#1791,#2367,#2369,.T.);
#2367 = VERTEX_POINT('',#2368);
#2368 = CARTESIAN_POINT('',(0.16,-0.16,-3.));
#2369 = LINE('',#2370,#2371);
#2370 = CARTESIAN_POINT('',(0.16,-0.16,-3.));
#2371 = VECTOR('',#2372,1.);
#2372 = DIRECTION('',(-0.57735026919,0.57735026919,-0.57735026919));
#2373 = ORIENTED_EDGE('',*,*,#1798,.T.);
#2374 = ORIENTED_EDGE('',*,*,#2375,.T.);
#2375 = EDGE_CURVE('',#1799,#2376,#2378,.T.);
#2376 = VERTEX_POINT('',#2377);
#2377 = CARTESIAN_POINT('',(0.16,0.16,-3.));
#2378 = LINE('',#2379,#2380);
#2379 = CARTESIAN_POINT('',(5.333333333333E-02,5.333333333333E-02,
    -3.106666666667));
#2380 = VECTOR('',#2381,1.);
#2381 = DIRECTION('',(-0.57735026919,-0.57735026919,-0.57735026919));
#2382 = ORIENTED_EDGE('',*,*,#2383,.F.);
#2383 = EDGE_CURVE('',#2367,#2376,#2384,.T.);
#2384 = LINE('',#2385,#2386);
#2385 = CARTESIAN_POINT('',(0.16,-0.32,-3.));
#2386 = VECTOR('',#2387,1.);
#2387 = DIRECTION('',(0.,1.,0.));
#2388 = PLANE('',#2389);
#2389 = AXIS2_PLACEMENT_3D('',#2390,#2391,#2392);
#2390 = CARTESIAN_POINT('',(0.24,-0.32,-2.92));
#2391 = DIRECTION('',(-0.707106781187,1.735167508357E-18,0.707106781187)
  );
#2392 = DIRECTION('',(1.226948711654E-18,1.,-1.226948711654E-18));
#2393 = ADVANCED_FACE('',(#2394),#2412,.F.);
#2394 = FACE_BOUND('',#2395,.T.);
#2395 = EDGE_LOOP('',(#2396,#2404,#2405,#2406));
#2396 = ORIENTED_EDGE('',*,*,#2397,.F.);
#2397 = EDGE_CURVE('',#1823,#2398,#2400,.T.);
#2398 = VERTEX_POINT('',#2399);
#2399 = CARTESIAN_POINT('',(-0.16,0.16,-3.));
#2400 = LINE('',#2401,#2402);
#2401 = CARTESIAN_POINT('',(-0.16,0.16,-3.));
#2402 = VECTOR('',#2403,1.);
#2403 = DIRECTION('',(0.57735026919,-0.57735026919,-0.57735026919));
#2404 = ORIENTED_EDGE('',*,*,#1822,.T.);
#2405 = ORIENTED_EDGE('',*,*,#2375,.T.);
#2406 = ORIENTED_EDGE('',*,*,#2407,.F.);
#2407 = EDGE_CURVE('',#2398,#2376,#2408,.T.);
#2408 = LINE('',#2409,#2410);
#2409 = CARTESIAN_POINT('',(-0.32,0.16,-3.));
#2410 = VECTOR('',#2411,1.);
#2411 = DIRECTION('',(1.,0.,0.));
#2412 = PLANE('',#2413);
#2413 = AXIS2_PLACEMENT_3D('',#2414,#2415,#2416);
#2414 = CARTESIAN_POINT('',(-0.32,0.24,-2.92));
#2415 = DIRECTION('',(-1.735167508357E-18,-0.707106781187,0.707106781187
    ));
#2416 = DIRECTION('',(-1.,1.226948711654E-18,-1.226948711654E-18));
#2417 = ADVANCED_FACE('',(#2418),#2436,.T.);
#2418 = FACE_BOUND('',#2419,.T.);
#2419 = EDGE_LOOP('',(#2420,#2428,#2429,#2430));
#2420 = ORIENTED_EDGE('',*,*,#2421,.F.);
#2421 = EDGE_CURVE('',#1846,#2422,#2424,.T.);
#2422 = VERTEX_POINT('',#2423);
#2423 = CARTESIAN_POINT('',(-0.16,-0.16,-3.));
#2424 = LINE('',#2425,#2426);
#2425 = CARTESIAN_POINT('',(-0.266666666667,-0.266666666667,
    -2.893333333333));
#2426 = VECTOR('',#2427,1.);
#2427 = DIRECTION('',(0.57735026919,0.57735026919,-0.57735026919));
#2428 = ORIENTED_EDGE('',*,*,#1853,.T.);
#2429 = ORIENTED_EDGE('',*,*,#2397,.T.);
#2430 = ORIENTED_EDGE('',*,*,#2431,.F.);
#2431 = EDGE_CURVE('',#2422,#2398,#2432,.T.);
#2432 = LINE('',#2433,#2434);
#2433 = CARTESIAN_POINT('',(-0.16,-0.32,-3.));
#2434 = VECTOR('',#2435,1.);
#2435 = DIRECTION('',(0.,1.,0.));
#2436 = PLANE('',#2437);
#2437 = AXIS2_PLACEMENT_3D('',#2438,#2439,#2440);
#2438 = CARTESIAN_POINT('',(-0.24,-0.32,-2.92));
#2439 = DIRECTION('',(-0.707106781187,-1.735167508357E-18,
    -0.707106781187));
#2440 = DIRECTION('',(-1.226948711654E-18,1.,-1.226948711654E-18));
#2441 = ADVANCED_FACE('',(#2442),#2453,.T.);
#2442 = FACE_BOUND('',#2443,.F.);
#2443 = EDGE_LOOP('',(#2444,#2445,#2446,#2447));
#2444 = ORIENTED_EDGE('',*,*,#2421,.F.);
#2445 = ORIENTED_EDGE('',*,*,#1870,.T.);
#2446 = ORIENTED_EDGE('',*,*,#2366,.T.);
#2447 = ORIENTED_EDGE('',*,*,#2448,.F.);
#2448 = EDGE_CURVE('',#2422,#2367,#2449,.T.);
#2449 = LINE('',#2450,#2451);
#2450 = CARTESIAN_POINT('',(-0.32,-0.16,-3.));
#2451 = VECTOR('',#2452,1.);
#2452 = DIRECTION('',(1.,0.,0.));
#2453 = PLANE('',#2454);
#2454 = AXIS2_PLACEMENT_3D('',#2455,#2456,#2457);
#2455 = CARTESIAN_POINT('',(-0.32,-0.24,-2.92));
#2456 = DIRECTION('',(1.735167508357E-18,-0.707106781187,-0.707106781187
    ));
#2457 = DIRECTION('',(-1.,-1.226948711654E-18,-1.226948711654E-18));
#2458 = ADVANCED_FACE('',(#2459),#2484,.T.);
#2459 = FACE_BOUND('',#2460,.F.);
#2460 = EDGE_LOOP('',(#2461,#2469,#2470,#2478));
#2461 = ORIENTED_EDGE('',*,*,#2462,.F.);
#2462 = EDGE_CURVE('',#1895,#2463,#2465,.T.);
#2463 = VERTEX_POINT('',#2464);
#2464 = CARTESIAN_POINT('',(-0.16,-2.7,-3.));
#2465 = LINE('',#2466,#2467);
#2466 = CARTESIAN_POINT('',(-0.266666666667,-2.806666666667,
    -2.893333333333));
#2467 = VECTOR('',#2468,1.);
#2468 = DIRECTION('',(0.57735026919,0.57735026919,-0.57735026919));
#2469 = ORIENTED_EDGE('',*,*,#1894,.T.);
#2470 = ORIENTED_EDGE('',*,*,#2471,.T.);
#2471 = EDGE_CURVE('',#1887,#2472,#2474,.T.);
#2472 = VERTEX_POINT('',#2473);
#2473 = CARTESIAN_POINT('',(0.16,-2.7,-3.));
#2474 = LINE('',#2475,#2476);
#2475 = CARTESIAN_POINT('',(0.16,-2.7,-3.));
#2476 = VECTOR('',#2477,1.);
#2477 = DIRECTION('',(-0.57735026919,0.57735026919,-0.57735026919));
#2478 = ORIENTED_EDGE('',*,*,#2479,.F.);
#2479 = EDGE_CURVE('',#2463,#2472,#2480,.T.);
#2480 = LINE('',#2481,#2482);
#2481 = CARTESIAN_POINT('',(-0.32,-2.7,-3.));
#2482 = VECTOR('',#2483,1.);
#2483 = DIRECTION('',(1.,0.,0.));
#2484 = PLANE('',#2485);
#2485 = AXIS2_PLACEMENT_3D('',#2486,#2487,#2488);
#2486 = CARTESIAN_POINT('',(-0.32,-2.78,-2.92));
#2487 = DIRECTION('',(1.735167508357E-18,-0.707106781187,-0.707106781187
    ));
#2488 = DIRECTION('',(-1.,-1.226948711654E-18,-1.226948711654E-18));
#2489 = ADVANCED_FACE('',(#2490),#2508,.F.);
#2490 = FACE_BOUND('',#2491,.F.);
#2491 = EDGE_LOOP('',(#2492,#2493,#2494,#2502));
#2492 = ORIENTED_EDGE('',*,*,#2471,.F.);
#2493 = ORIENTED_EDGE('',*,*,#1918,.T.);
#2494 = ORIENTED_EDGE('',*,*,#2495,.T.);
#2495 = EDGE_CURVE('',#1919,#2496,#2498,.T.);
#2496 = VERTEX_POINT('',#2497);
#2497 = CARTESIAN_POINT('',(0.16,-2.38,-3.));
#2498 = LINE('',#2499,#2500);
#2499 = CARTESIAN_POINT('',(5.333333333333E-02,-2.486666666667,
    -3.106666666667));
#2500 = VECTOR('',#2501,1.);
#2501 = DIRECTION('',(-0.57735026919,-0.57735026919,-0.57735026919));
#2502 = ORIENTED_EDGE('',*,*,#2503,.F.);
#2503 = EDGE_CURVE('',#2472,#2496,#2504,.T.);
#2504 = LINE('',#2505,#2506);
#2505 = CARTESIAN_POINT('',(0.16,-2.86,-3.));
#2506 = VECTOR('',#2507,1.);
#2507 = DIRECTION('',(0.,1.,0.));
#2508 = PLANE('',#2509);
#2509 = AXIS2_PLACEMENT_3D('',#2510,#2511,#2512);
#2510 = CARTESIAN_POINT('',(0.24,-2.86,-2.92));
#2511 = DIRECTION('',(-0.707106781187,1.735167508357E-18,0.707106781187)
  );
#2512 = DIRECTION('',(1.226948711654E-18,1.,-1.226948711654E-18));
#2513 = ADVANCED_FACE('',(#2514),#2532,.F.);
#2514 = FACE_BOUND('',#2515,.T.);
#2515 = EDGE_LOOP('',(#2516,#2524,#2525,#2526));
#2516 = ORIENTED_EDGE('',*,*,#2517,.F.);
#2517 = EDGE_CURVE('',#1943,#2518,#2520,.T.);
#2518 = VERTEX_POINT('',#2519);
#2519 = CARTESIAN_POINT('',(-0.16,-2.38,-3.));
#2520 = LINE('',#2521,#2522);
#2521 = CARTESIAN_POINT('',(-0.16,-2.38,-3.));
#2522 = VECTOR('',#2523,1.);
#2523 = DIRECTION('',(0.57735026919,-0.57735026919,-0.57735026919));
#2524 = ORIENTED_EDGE('',*,*,#1942,.T.);
#2525 = ORIENTED_EDGE('',*,*,#2495,.T.);
#2526 = ORIENTED_EDGE('',*,*,#2527,.F.);
#2527 = EDGE_CURVE('',#2518,#2496,#2528,.T.);
#2528 = LINE('',#2529,#2530);
#2529 = CARTESIAN_POINT('',(-0.32,-2.38,-3.));
#2530 = VECTOR('',#2531,1.);
#2531 = DIRECTION('',(1.,0.,0.));
#2532 = PLANE('',#2533);
#2533 = AXIS2_PLACEMENT_3D('',#2534,#2535,#2536);
#2534 = CARTESIAN_POINT('',(-0.32,-2.3,-2.92));
#2535 = DIRECTION('',(-1.735167508357E-18,-0.707106781187,0.707106781187
    ));
#2536 = DIRECTION('',(-1.,1.226948711654E-18,-1.226948711654E-18));
#2537 = ADVANCED_FACE('',(#2538),#2549,.T.);
#2538 = FACE_BOUND('',#2539,.T.);
#2539 = EDGE_LOOP('',(#2540,#2541,#2542,#2543));
#2540 = ORIENTED_EDGE('',*,*,#2462,.F.);
#2541 = ORIENTED_EDGE('',*,*,#1966,.T.);
#2542 = ORIENTED_EDGE('',*,*,#2517,.T.);
#2543 = ORIENTED_EDGE('',*,*,#2544,.F.);
#2544 = EDGE_CURVE('',#2463,#2518,#2545,.T.);
#2545 = LINE('',#2546,#2547);
#2546 = CARTESIAN_POINT('',(-0.16,-2.86,-3.));
#2547 = VECTOR('',#2548,1.);
#2548 = DIRECTION('',(0.,1.,0.));
#2549 = PLANE('',#2550);
#2550 = AXIS2_PLACEMENT_3D('',#2551,#2552,#2553);
#2551 = CARTESIAN_POINT('',(-0.24,-2.86,-2.92));
#2552 = DIRECTION('',(-0.707106781187,-1.735167508357E-18,
    -0.707106781187));
#2553 = DIRECTION('',(-1.226948711654E-18,1.,-1.226948711654E-18));
#2554 = ADVANCED_FACE('',(#2555),#2580,.F.);
#2555 = FACE_BOUND('',#2556,.T.);
#2556 = EDGE_LOOP('',(#2557,#2565,#2566,#2574));
#2557 = ORIENTED_EDGE('',*,*,#2558,.F.);
#2558 = EDGE_CURVE('',#1991,#2559,#2561,.T.);
#2559 = VERTEX_POINT('',#2560);
#2560 = CARTESIAN_POINT('',(-0.16,-4.92,-3.));
#2561 = LINE('',#2562,#2563);
#2562 = CARTESIAN_POINT('',(-0.16,-4.92,-3.));
#2563 = VECTOR('',#2564,1.);
#2564 = DIRECTION('',(0.57735026919,-0.57735026919,-0.57735026919));
#2565 = ORIENTED_EDGE('',*,*,#1990,.T.);
#2566 = ORIENTED_EDGE('',*,*,#2567,.T.);
#2567 = EDGE_CURVE('',#1983,#2568,#2570,.T.);
#2568 = VERTEX_POINT('',#2569);
#2569 = CARTESIAN_POINT('',(0.16,-4.92,-3.));
#2570 = LINE('',#2571,#2572);
#2571 = CARTESIAN_POINT('',(5.333333333333E-02,-5.026666666667,
    -3.106666666667));
#2572 = VECTOR('',#2573,1.);
#2573 = DIRECTION('',(-0.57735026919,-0.57735026919,-0.57735026919));
#2574 = ORIENTED_EDGE('',*,*,#2575,.F.);
#2575 = EDGE_CURVE('',#2559,#2568,#2576,.T.);
#2576 = LINE('',#2577,#2578);
#2577 = CARTESIAN_POINT('',(-0.32,-4.92,-3.));
#2578 = VECTOR('',#2579,1.);
#2579 = DIRECTION('',(1.,0.,0.));
#2580 = PLANE('',#2581);
#2581 = AXIS2_PLACEMENT_3D('',#2582,#2583,#2584);
#2582 = CARTESIAN_POINT('',(-0.32,-4.84,-2.92));
#2583 = DIRECTION('',(-1.735167508357E-18,-0.707106781187,0.707106781187
    ));
#2584 = DIRECTION('',(-1.,1.226948711654E-18,-1.226948711654E-18));
#2585 = ADVANCED_FACE('',(#2586),#2604,.T.);
#2586 = FACE_BOUND('',#2587,.T.);
#2587 = EDGE_LOOP('',(#2588,#2596,#2597,#2598));
#2588 = ORIENTED_EDGE('',*,*,#2589,.F.);
#2589 = EDGE_CURVE('',#2014,#2590,#2592,.T.);
#2590 = VERTEX_POINT('',#2591);
#2591 = CARTESIAN_POINT('',(-0.16,-5.24,-3.));
#2592 = LINE('',#2593,#2594);
#2593 = CARTESIAN_POINT('',(-0.266666666667,-5.346666666667,
    -2.893333333333));
#2594 = VECTOR('',#2595,1.);
#2595 = DIRECTION('',(0.57735026919,0.57735026919,-0.57735026919));
#2596 = ORIENTED_EDGE('',*,*,#2021,.T.);
#2597 = ORIENTED_EDGE('',*,*,#2558,.T.);
#2598 = ORIENTED_EDGE('',*,*,#2599,.F.);
#2599 = EDGE_CURVE('',#2590,#2559,#2600,.T.);
#2600 = LINE('',#2601,#2602);
#2601 = CARTESIAN_POINT('',(-0.16,-5.4,-3.));
#2602 = VECTOR('',#2603,1.);
#2603 = DIRECTION('',(0.,1.,0.));
#2604 = PLANE('',#2605);
#2605 = AXIS2_PLACEMENT_3D('',#2606,#2607,#2608);
#2606 = CARTESIAN_POINT('',(-0.24,-5.4,-2.92));
#2607 = DIRECTION('',(-0.707106781187,-1.735167508357E-18,
    -0.707106781187));
#2608 = DIRECTION('',(-1.226948711654E-18,1.,-1.226948711654E-18));
#2609 = ADVANCED_FACE('',(#2610),#2628,.T.);
#2610 = FACE_BOUND('',#2611,.F.);
#2611 = EDGE_LOOP('',(#2612,#2613,#2614,#2622));
#2612 = ORIENTED_EDGE('',*,*,#2589,.F.);
#2613 = ORIENTED_EDGE('',*,*,#2045,.T.);
#2614 = ORIENTED_EDGE('',*,*,#2615,.T.);
#2615 = EDGE_CURVE('',#2038,#2616,#2618,.T.);
#2616 = VERTEX_POINT('',#2617);
#2617 = CARTESIAN_POINT('',(0.16,-5.24,-3.));
#2618 = LINE('',#2619,#2620);
#2619 = CARTESIAN_POINT('',(0.16,-5.24,-3.));
#2620 = VECTOR('',#2621,1.);
#2621 = DIRECTION('',(-0.57735026919,0.57735026919,-0.57735026919));
#2622 = ORIENTED_EDGE('',*,*,#2623,.F.);
#2623 = EDGE_CURVE('',#2590,#2616,#2624,.T.);
#2624 = LINE('',#2625,#2626);
#2625 = CARTESIAN_POINT('',(-0.32,-5.24,-3.));
#2626 = VECTOR('',#2627,1.);
#2627 = DIRECTION('',(1.,0.,0.));
#2628 = PLANE('',#2629);
#2629 = AXIS2_PLACEMENT_3D('',#2630,#2631,#2632);
#2630 = CARTESIAN_POINT('',(-0.32,-5.32,-2.92));
#2631 = DIRECTION('',(1.735167508357E-18,-0.707106781187,-0.707106781187
    ));
#2632 = DIRECTION('',(-1.,-1.226948711654E-18,-1.226948711654E-18));
#2633 = ADVANCED_FACE('',(#2634),#2645,.F.);
#2634 = FACE_BOUND('',#2635,.F.);
#2635 = EDGE_LOOP('',(#2636,#2637,#2638,#2639));
#2636 = ORIENTED_EDGE('',*,*,#2615,.F.);
#2637 = ORIENTED_EDGE('',*,*,#2062,.T.);
#2638 = ORIENTED_EDGE('',*,*,#2567,.T.);
#2639 = ORIENTED_EDGE('',*,*,#2640,.F.);
#2640 = EDGE_CURVE('',#2616,#2568,#2641,.T.);
#2641 = LINE('',#2642,#2643);
#2642 = CARTESIAN_POINT('',(0.16,-5.4,-3.));
#2643 = VECTOR('',#2644,1.);
#2644 = DIRECTION('',(0.,1.,0.));
#2645 = PLANE('',#2646);
#2646 = AXIS2_PLACEMENT_3D('',#2647,#2648,#2649);
#2647 = CARTESIAN_POINT('',(0.24,-5.4,-2.92));
#2648 = DIRECTION('',(-0.707106781187,1.735167508357E-18,0.707106781187)
  );
#2649 = DIRECTION('',(1.226948711654E-18,1.,-1.226948711654E-18));
#2650 = ADVANCED_FACE('',(#2651),#2676,.T.);
#2651 = FACE_BOUND('',#2652,.T.);
#2652 = EDGE_LOOP('',(#2653,#2661,#2662,#2670));
#2653 = ORIENTED_EDGE('',*,*,#2654,.F.);
#2654 = EDGE_CURVE('',#2079,#2655,#2657,.T.);
#2655 = VERTEX_POINT('',#2656);
#2656 = CARTESIAN_POINT('',(0.16,-0.16,8.54));
#2657 = LINE('',#2658,#2659);
#2658 = CARTESIAN_POINT('',(0.16,-0.16,8.54));
#2659 = VECTOR('',#2660,1.);
#2660 = DIRECTION('',(-0.57735026919,0.57735026919,0.57735026919));
#2661 = ORIENTED_EDGE('',*,*,#2095,.T.);
#2662 = ORIENTED_EDGE('',*,*,#2663,.T.);
#2663 = EDGE_CURVE('',#2088,#2664,#2666,.T.);
#2664 = VERTEX_POINT('',#2665);
#2665 = CARTESIAN_POINT('',(0.16,0.16,8.54));
#2666 = LINE('',#2667,#2668);
#2667 = CARTESIAN_POINT('',(5.333333333333E-02,5.333333333333E-02,
    8.646666666667));
#2668 = VECTOR('',#2669,1.);
#2669 = DIRECTION('',(-0.57735026919,-0.57735026919,0.57735026919));
#2670 = ORIENTED_EDGE('',*,*,#2671,.F.);
#2671 = EDGE_CURVE('',#2655,#2664,#2672,.T.);
#2672 = LINE('',#2673,#2674);
#2673 = CARTESIAN_POINT('',(0.16,-0.32,8.54));
#2674 = VECTOR('',#2675,1.);
#2675 = DIRECTION('',(0.,1.,0.));
#2676 = PLANE('',#2677);
#2677 = AXIS2_PLACEMENT_3D('',#2678,#2679,#2680);
#2678 = CARTESIAN_POINT('',(0.24,-0.32,8.46));
#2679 = DIRECTION('',(0.707106781187,-1.735167508357E-18,0.707106781187)
  );
#2680 = DIRECTION('',(1.226948711654E-18,1.,1.226948711654E-18));
#2681 = ADVANCED_FACE('',(#2682),#2700,.T.);
#2682 = FACE_BOUND('',#2683,.F.);
#2683 = EDGE_LOOP('',(#2684,#2692,#2693,#2694));
#2684 = ORIENTED_EDGE('',*,*,#2685,.F.);
#2685 = EDGE_CURVE('',#2112,#2686,#2688,.T.);
#2686 = VERTEX_POINT('',#2687);
#2687 = CARTESIAN_POINT('',(-0.16,0.16,8.54));
#2688 = LINE('',#2689,#2690);
#2689 = CARTESIAN_POINT('',(-0.16,0.16,8.54));
#2690 = VECTOR('',#2691,1.);
#2691 = DIRECTION('',(0.57735026919,-0.57735026919,0.57735026919));
#2692 = ORIENTED_EDGE('',*,*,#2119,.T.);
#2693 = ORIENTED_EDGE('',*,*,#2663,.T.);
#2694 = ORIENTED_EDGE('',*,*,#2695,.F.);
#2695 = EDGE_CURVE('',#2686,#2664,#2696,.T.);
#2696 = LINE('',#2697,#2698);
#2697 = CARTESIAN_POINT('',(-0.32,0.16,8.54));
#2698 = VECTOR('',#2699,1.);
#2699 = DIRECTION('',(1.,0.,0.));
#2700 = PLANE('',#2701);
#2701 = AXIS2_PLACEMENT_3D('',#2702,#2703,#2704);
#2702 = CARTESIAN_POINT('',(-0.32,0.24,8.46));
#2703 = DIRECTION('',(1.735167508357E-18,0.707106781187,0.707106781187)
  );
#2704 = DIRECTION('',(-1.,1.226948711654E-18,1.226948711654E-18));
#2705 = ADVANCED_FACE('',(#2706),#2724,.F.);
#2706 = FACE_BOUND('',#2707,.F.);
#2707 = EDGE_LOOP('',(#2708,#2716,#2717,#2718));
#2708 = ORIENTED_EDGE('',*,*,#2709,.F.);
#2709 = EDGE_CURVE('',#2134,#2710,#2712,.T.);
#2710 = VERTEX_POINT('',#2711);
#2711 = CARTESIAN_POINT('',(-0.16,-0.16,8.54));
#2712 = LINE('',#2713,#2714);
#2713 = CARTESIAN_POINT('',(-0.266666666667,-0.266666666667,
    8.433333333333));
#2714 = VECTOR('',#2715,1.);
#2715 = DIRECTION('',(0.57735026919,0.57735026919,0.57735026919));
#2716 = ORIENTED_EDGE('',*,*,#2143,.T.);
#2717 = ORIENTED_EDGE('',*,*,#2685,.T.);
#2718 = ORIENTED_EDGE('',*,*,#2719,.F.);
#2719 = EDGE_CURVE('',#2710,#2686,#2720,.T.);
#2720 = LINE('',#2721,#2722);
#2721 = CARTESIAN_POINT('',(-0.16,-0.32,8.54));
#2722 = VECTOR('',#2723,1.);
#2723 = DIRECTION('',(0.,1.,0.));
#2724 = PLANE('',#2725);
#2725 = AXIS2_PLACEMENT_3D('',#2726,#2727,#2728);
#2726 = CARTESIAN_POINT('',(-0.24,-0.32,8.46));
#2727 = DIRECTION('',(0.707106781187,1.735167508357E-18,-0.707106781187)
  );
#2728 = DIRECTION('',(-1.226948711654E-18,1.,1.226948711654E-18));
#2729 = ADVANCED_FACE('',(#2730),#2741,.F.);
#2730 = FACE_BOUND('',#2731,.T.);
#2731 = EDGE_LOOP('',(#2732,#2733,#2734,#2735));
#2732 = ORIENTED_EDGE('',*,*,#2709,.F.);
#2733 = ORIENTED_EDGE('',*,*,#2160,.T.);
#2734 = ORIENTED_EDGE('',*,*,#2654,.T.);
#2735 = ORIENTED_EDGE('',*,*,#2736,.F.);
#2736 = EDGE_CURVE('',#2710,#2655,#2737,.T.);
#2737 = LINE('',#2738,#2739);
#2738 = CARTESIAN_POINT('',(-0.32,-0.16,8.54));
#2739 = VECTOR('',#2740,1.);
#2740 = DIRECTION('',(1.,0.,0.));
#2741 = PLANE('',#2742);
#2742 = AXIS2_PLACEMENT_3D('',#2743,#2744,#2745);
#2743 = CARTESIAN_POINT('',(-0.32,-0.24,8.46));
#2744 = DIRECTION('',(-1.735167508357E-18,0.707106781187,-0.707106781187
    ));
#2745 = DIRECTION('',(-1.,-1.226948711654E-18,1.226948711654E-18));
#2746 = ADVANCED_FACE('',(#2747),#2772,.F.);
#2747 = FACE_BOUND('',#2748,.T.);
#2748 = EDGE_LOOP('',(#2749,#2757,#2758,#2766));
#2749 = ORIENTED_EDGE('',*,*,#2750,.F.);
#2750 = EDGE_CURVE('',#2184,#2751,#2753,.T.);
#2751 = VERTEX_POINT('',#2752);
#2752 = CARTESIAN_POINT('',(-0.16,-2.7,8.54));
#2753 = LINE('',#2754,#2755);
#2754 = CARTESIAN_POINT('',(-0.266666666667,-2.806666666667,
    8.433333333333));
#2755 = VECTOR('',#2756,1.);
#2756 = DIRECTION('',(0.57735026919,0.57735026919,0.57735026919));
#2757 = ORIENTED_EDGE('',*,*,#2191,.T.);
#2758 = ORIENTED_EDGE('',*,*,#2759,.T.);
#2759 = EDGE_CURVE('',#2175,#2760,#2762,.T.);
#2760 = VERTEX_POINT('',#2761);
#2761 = CARTESIAN_POINT('',(0.16,-2.7,8.54));
#2762 = LINE('',#2763,#2764);
#2763 = CARTESIAN_POINT('',(0.16,-2.7,8.54));
#2764 = VECTOR('',#2765,1.);
#2765 = DIRECTION('',(-0.57735026919,0.57735026919,0.57735026919));
#2766 = ORIENTED_EDGE('',*,*,#2767,.F.);
#2767 = EDGE_CURVE('',#2751,#2760,#2768,.T.);
#2768 = LINE('',#2769,#2770);
#2769 = CARTESIAN_POINT('',(-0.32,-2.7,8.54));
#2770 = VECTOR('',#2771,1.);
#2771 = DIRECTION('',(1.,0.,0.));
#2772 = PLANE('',#2773);
#2773 = AXIS2_PLACEMENT_3D('',#2774,#2775,#2776);
#2774 = CARTESIAN_POINT('',(-0.32,-2.78,8.46));
#2775 = DIRECTION('',(-1.735167508357E-18,0.707106781187,-0.707106781187
    ));
#2776 = DIRECTION('',(-1.,-1.226948711654E-18,1.226948711654E-18));
#2777 = ADVANCED_FACE('',(#2778),#2796,.T.);
#2778 = FACE_BOUND('',#2779,.T.);
#2779 = EDGE_LOOP('',(#2780,#2781,#2782,#2790));
#2780 = ORIENTED_EDGE('',*,*,#2759,.F.);
#2781 = ORIENTED_EDGE('',*,*,#2215,.T.);
#2782 = ORIENTED_EDGE('',*,*,#2783,.T.);
#2783 = EDGE_CURVE('',#2208,#2784,#2786,.T.);
#2784 = VERTEX_POINT('',#2785);
#2785 = CARTESIAN_POINT('',(0.16,-2.38,8.54));
#2786 = LINE('',#2787,#2788);
#2787 = CARTESIAN_POINT('',(5.333333333333E-02,-2.486666666667,
    8.646666666667));
#2788 = VECTOR('',#2789,1.);
#2789 = DIRECTION('',(-0.57735026919,-0.57735026919,0.57735026919));
#2790 = ORIENTED_EDGE('',*,*,#2791,.F.);
#2791 = EDGE_CURVE('',#2760,#2784,#2792,.T.);
#2792 = LINE('',#2793,#2794);
#2793 = CARTESIAN_POINT('',(0.16,-2.86,8.54));
#2794 = VECTOR('',#2795,1.);
#2795 = DIRECTION('',(0.,1.,0.));
#2796 = PLANE('',#2797);
#2797 = AXIS2_PLACEMENT_3D('',#2798,#2799,#2800);
#2798 = CARTESIAN_POINT('',(0.24,-2.86,8.46));
#2799 = DIRECTION('',(0.707106781187,-1.735167508357E-18,0.707106781187)
  );
#2800 = DIRECTION('',(1.226948711654E-18,1.,1.226948711654E-18));
#2801 = ADVANCED_FACE('',(#2802),#2820,.T.);
#2802 = FACE_BOUND('',#2803,.F.);
#2803 = EDGE_LOOP('',(#2804,#2812,#2813,#2814));
#2804 = ORIENTED_EDGE('',*,*,#2805,.F.);
#2805 = EDGE_CURVE('',#2232,#2806,#2808,.T.);
#2806 = VERTEX_POINT('',#2807);
#2807 = CARTESIAN_POINT('',(-0.16,-2.38,8.54));
#2808 = LINE('',#2809,#2810);
#2809 = CARTESIAN_POINT('',(-0.16,-2.38,8.54));
#2810 = VECTOR('',#2811,1.);
#2811 = DIRECTION('',(0.57735026919,-0.57735026919,0.57735026919));
#2812 = ORIENTED_EDGE('',*,*,#2239,.T.);
#2813 = ORIENTED_EDGE('',*,*,#2783,.T.);
#2814 = ORIENTED_EDGE('',*,*,#2815,.F.);
#2815 = EDGE_CURVE('',#2806,#2784,#2816,.T.);
#2816 = LINE('',#2817,#2818);
#2817 = CARTESIAN_POINT('',(-0.32,-2.38,8.54));
#2818 = VECTOR('',#2819,1.);
#2819 = DIRECTION('',(1.,0.,0.));
#2820 = PLANE('',#2821);
#2821 = AXIS2_PLACEMENT_3D('',#2822,#2823,#2824);
#2822 = CARTESIAN_POINT('',(-0.32,-2.3,8.46));
#2823 = DIRECTION('',(1.735167508357E-18,0.707106781187,0.707106781187)
  );
#2824 = DIRECTION('',(-1.,1.226948711654E-18,1.226948711654E-18));
#2825 = ADVANCED_FACE('',(#2826),#2837,.F.);
#2826 = FACE_BOUND('',#2827,.F.);
#2827 = EDGE_LOOP('',(#2828,#2829,#2830,#2831));
#2828 = ORIENTED_EDGE('',*,*,#2750,.F.);
#2829 = ORIENTED_EDGE('',*,*,#2256,.T.);
#2830 = ORIENTED_EDGE('',*,*,#2805,.T.);
#2831 = ORIENTED_EDGE('',*,*,#2832,.F.);
#2832 = EDGE_CURVE('',#2751,#2806,#2833,.T.);
#2833 = LINE('',#2834,#2835);
#2834 = CARTESIAN_POINT('',(-0.16,-2.86,8.54));
#2835 = VECTOR('',#2836,1.);
#2836 = DIRECTION('',(0.,1.,0.));
#2837 = PLANE('',#2838);
#2838 = AXIS2_PLACEMENT_3D('',#2839,#2840,#2841);
#2839 = CARTESIAN_POINT('',(-0.24,-2.86,8.46));
#2840 = DIRECTION('',(0.707106781187,1.735167508357E-18,-0.707106781187)
  );
#2841 = DIRECTION('',(-1.226948711654E-18,1.,1.226948711654E-18));
#2842 = ADVANCED_FACE('',(#2843),#2868,.T.);
#2843 = FACE_BOUND('',#2844,.F.);
#2844 = EDGE_LOOP('',(#2845,#2853,#2854,#2862));
#2845 = ORIENTED_EDGE('',*,*,#2846,.F.);
#2846 = EDGE_CURVE('',#2280,#2847,#2849,.T.);
#2847 = VERTEX_POINT('',#2848);
#2848 = CARTESIAN_POINT('',(-0.16,-4.92,8.54));
#2849 = LINE('',#2850,#2851);
#2850 = CARTESIAN_POINT('',(-0.16,-4.92,8.54));
#2851 = VECTOR('',#2852,1.);
#2852 = DIRECTION('',(0.57735026919,-0.57735026919,0.57735026919));
#2853 = ORIENTED_EDGE('',*,*,#2287,.T.);
#2854 = ORIENTED_EDGE('',*,*,#2855,.T.);
#2855 = EDGE_CURVE('',#2271,#2856,#2858,.T.);
#2856 = VERTEX_POINT('',#2857);
#2857 = CARTESIAN_POINT('',(0.16,-4.92,8.54));
#2858 = LINE('',#2859,#2860);
#2859 = CARTESIAN_POINT('',(5.333333333333E-02,-5.026666666667,
    8.646666666667));
#2860 = VECTOR('',#2861,1.);
#2861 = DIRECTION('',(-0.57735026919,-0.57735026919,0.57735026919));
#2862 = ORIENTED_EDGE('',*,*,#2863,.F.);
#2863 = EDGE_CURVE('',#2847,#2856,#2864,.T.);
#2864 = LINE('',#2865,#2866);
#2865 = CARTESIAN_POINT('',(-0.32,-4.92,8.54));
#2866 = VECTOR('',#2867,1.);
#2867 = DIRECTION('',(1.,0.,0.));
#2868 = PLANE('',#2869);
#2869 = AXIS2_PLACEMENT_3D('',#2870,#2871,#2872);
#2870 = CARTESIAN_POINT('',(-0.32,-4.84,8.46));
#2871 = DIRECTION('',(1.735167508357E-18,0.707106781187,0.707106781187)
  );
#2872 = DIRECTION('',(-1.,1.226948711654E-18,1.226948711654E-18));
#2873 = ADVANCED_FACE('',(#2874),#2892,.F.);
#2874 = FACE_BOUND('',#2875,.F.);
#2875 = EDGE_LOOP('',(#2876,#2884,#2885,#2886));
#2876 = ORIENTED_EDGE('',*,*,#2877,.F.);
#2877 = EDGE_CURVE('',#2302,#2878,#2880,.T.);
#2878 = VERTEX_POINT('',#2879);
#2879 = CARTESIAN_POINT('',(-0.16,-5.24,8.54));
#2880 = LINE('',#2881,#2882);
#2881 = CARTESIAN_POINT('',(-0.266666666667,-5.346666666667,
    8.433333333333));
#2882 = VECTOR('',#2883,1.);
#2883 = DIRECTION('',(0.57735026919,0.57735026919,0.57735026919));
#2884 = ORIENTED_EDGE('',*,*,#2311,.T.);
#2885 = ORIENTED_EDGE('',*,*,#2846,.T.);
#2886 = ORIENTED_EDGE('',*,*,#2887,.F.);
#2887 = EDGE_CURVE('',#2878,#2847,#2888,.T.);
#2888 = LINE('',#2889,#2890);
#2889 = CARTESIAN_POINT('',(-0.16,-5.4,8.54));
#2890 = VECTOR('',#2891,1.);
#2891 = DIRECTION('',(0.,1.,0.));
#2892 = PLANE('',#2893);
#2893 = AXIS2_PLACEMENT_3D('',#2894,#2895,#2896);
#2894 = CARTESIAN_POINT('',(-0.24,-5.4,8.46));
#2895 = DIRECTION('',(0.707106781187,1.735167508357E-18,-0.707106781187)
  );
#2896 = DIRECTION('',(-1.226948711654E-18,1.,1.226948711654E-18));
#2897 = ADVANCED_FACE('',(#2898),#2916,.F.);
#2898 = FACE_BOUND('',#2899,.T.);
#2899 = EDGE_LOOP('',(#2900,#2901,#2902,#2910));
#2900 = ORIENTED_EDGE('',*,*,#2877,.F.);
#2901 = ORIENTED_EDGE('',*,*,#2335,.T.);
#2902 = ORIENTED_EDGE('',*,*,#2903,.T.);
#2903 = EDGE_CURVE('',#2326,#2904,#2906,.T.);
#2904 = VERTEX_POINT('',#2905);
#2905 = CARTESIAN_POINT('',(0.16,-5.24,8.54));
#2906 = LINE('',#2907,#2908);
#2907 = CARTESIAN_POINT('',(0.16,-5.24,8.54));
#2908 = VECTOR('',#2909,1.);
#2909 = DIRECTION('',(-0.57735026919,0.57735026919,0.57735026919));
#2910 = ORIENTED_EDGE('',*,*,#2911,.F.);
#2911 = EDGE_CURVE('',#2878,#2904,#2912,.T.);
#2912 = LINE('',#2913,#2914);
#2913 = CARTESIAN_POINT('',(-0.32,-5.24,8.54));
#2914 = VECTOR('',#2915,1.);
#2915 = DIRECTION('',(1.,0.,0.));
#2916 = PLANE('',#2917);
#2917 = AXIS2_PLACEMENT_3D('',#2918,#2919,#2920);
#2918 = CARTESIAN_POINT('',(-0.32,-5.32,8.46));
#2919 = DIRECTION('',(-1.735167508357E-18,0.707106781187,-0.707106781187
    ));
#2920 = DIRECTION('',(-1.,-1.226948711654E-18,1.226948711654E-18));
#2921 = ADVANCED_FACE('',(#2922),#2933,.T.);
#2922 = FACE_BOUND('',#2923,.T.);
#2923 = EDGE_LOOP('',(#2924,#2925,#2926,#2927));
#2924 = ORIENTED_EDGE('',*,*,#2903,.F.);
#2925 = ORIENTED_EDGE('',*,*,#2352,.T.);
#2926 = ORIENTED_EDGE('',*,*,#2855,.T.);
#2927 = ORIENTED_EDGE('',*,*,#2928,.F.);
#2928 = EDGE_CURVE('',#2904,#2856,#2929,.T.);
#2929 = LINE('',#2930,#2931);
#2930 = CARTESIAN_POINT('',(0.16,-5.4,8.54));
#2931 = VECTOR('',#2932,1.);
#2932 = DIRECTION('',(0.,1.,0.));
#2933 = PLANE('',#2934);
#2934 = AXIS2_PLACEMENT_3D('',#2935,#2936,#2937);
#2935 = CARTESIAN_POINT('',(0.24,-5.4,8.46));
#2936 = DIRECTION('',(0.707106781187,-1.735167508357E-18,0.707106781187)
  );
#2937 = DIRECTION('',(1.226948711654E-18,1.,1.226948711654E-18));
#2938 = ADVANCED_FACE('',(#2939),#2945,.F.);
#2939 = FACE_BOUND('',#2940,.F.);
#2940 = EDGE_LOOP('',(#2941,#2942,#2943,#2944));
#2941 = ORIENTED_EDGE('',*,*,#2407,.F.);
#2942 = ORIENTED_EDGE('',*,*,#2431,.F.);
#2943 = ORIENTED_EDGE('',*,*,#2448,.T.);
#2944 = ORIENTED_EDGE('',*,*,#2383,.T.);
#2945 = PLANE('',#2946);
#2946 = AXIS2_PLACEMENT_3D('',#2947,#2948,#2949);
#2947 = CARTESIAN_POINT('',(-0.32,-0.32,-3.));
#2948 = DIRECTION('',(0.,0.,1.));
#2949 = DIRECTION('',(1.,0.,-0.));
#2950 = ADVANCED_FACE('',(#2951),#2957,.F.);
#2951 = FACE_BOUND('',#2952,.F.);
#2952 = EDGE_LOOP('',(#2953,#2954,#2955,#2956));
#2953 = ORIENTED_EDGE('',*,*,#2527,.F.);
#2954 = ORIENTED_EDGE('',*,*,#2544,.F.);
#2955 = ORIENTED_EDGE('',*,*,#2479,.T.);
#2956 = ORIENTED_EDGE('',*,*,#2503,.T.);
#2957 = PLANE('',#2958);
#2958 = AXIS2_PLACEMENT_3D('',#2959,#2960,#2961);
#2959 = CARTESIAN_POINT('',(-0.32,-2.86,-3.));
#2960 = DIRECTION('',(0.,0.,1.));
#2961 = DIRECTION('',(1.,0.,-0.));
#2962 = ADVANCED_FACE('',(#2963),#2969,.F.);
#2963 = FACE_BOUND('',#2964,.F.);
#2964 = EDGE_LOOP('',(#2965,#2966,#2967,#2968));
#2965 = ORIENTED_EDGE('',*,*,#2575,.F.);
#2966 = ORIENTED_EDGE('',*,*,#2599,.F.);
#2967 = ORIENTED_EDGE('',*,*,#2623,.T.);
#2968 = ORIENTED_EDGE('',*,*,#2640,.T.);
#2969 = PLANE('',#2970);
#2970 = AXIS2_PLACEMENT_3D('',#2971,#2972,#2973);
#2971 = CARTESIAN_POINT('',(-0.32,-5.4,-3.));
#2972 = DIRECTION('',(0.,0.,1.));
#2973 = DIRECTION('',(1.,0.,-0.));
#2974 = ADVANCED_FACE('',(#2975),#2981,.T.);
#2975 = FACE_BOUND('',#2976,.T.);
#2976 = EDGE_LOOP('',(#2977,#2978,#2979,#2980));
#2977 = ORIENTED_EDGE('',*,*,#2736,.T.);
#2978 = ORIENTED_EDGE('',*,*,#2671,.T.);
#2979 = ORIENTED_EDGE('',*,*,#2695,.F.);
#2980 = ORIENTED_EDGE('',*,*,#2719,.F.);
#2981 = PLANE('',#2982);
#2982 = AXIS2_PLACEMENT_3D('',#2983,#2984,#2985);
#2983 = CARTESIAN_POINT('',(-0.32,-0.32,8.54));
#2984 = DIRECTION('',(0.,0.,1.));
#2985 = DIRECTION('',(1.,0.,-0.));
#2986 = ADVANCED_FACE('',(#2987),#2993,.T.);
#2987 = FACE_BOUND('',#2988,.T.);
#2988 = EDGE_LOOP('',(#2989,#2990,#2991,#2992));
#2989 = ORIENTED_EDGE('',*,*,#2767,.T.);
#2990 = ORIENTED_EDGE('',*,*,#2791,.T.);
#2991 = ORIENTED_EDGE('',*,*,#2815,.F.);
#2992 = ORIENTED_EDGE('',*,*,#2832,.F.);
#2993 = PLANE('',#2994);
#2994 = AXIS2_PLACEMENT_3D('',#2995,#2996,#2997);
#2995 = CARTESIAN_POINT('',(-0.32,-2.86,8.54));
#2996 = DIRECTION('',(0.,0.,1.));
#2997 = DIRECTION('',(1.,0.,-0.));
#2998 = ADVANCED_FACE('',(#2999),#3005,.T.);
#2999 = FACE_BOUND('',#3000,.T.);
#3000 = EDGE_LOOP('',(#3001,#3002,#3003,#3004));
#3001 = ORIENTED_EDGE('',*,*,#2911,.T.);
#3002 = ORIENTED_EDGE('',*,*,#2928,.T.);
#3003 = ORIENTED_EDGE('',*,*,#2863,.F.);
#3004 = ORIENTED_EDGE('',*,*,#2887,.F.);
#3005 = PLANE('',#3006);
#3006 = AXIS2_PLACEMENT_3D('',#3007,#3008,#3009);
#3007 = CARTESIAN_POINT('',(-0.32,-5.4,8.54));
#3008 = DIRECTION('',(0.,0.,1.));
#3009 = DIRECTION('',(1.,0.,-0.));
#3010 = ( GEOMETRIC_REPRESENTATION_CONTEXT(3) 
GLOBAL_UNCERTAINTY_ASSIGNED_CONTEXT((#3014)) 
GLOBAL_UNIT_ASSIGNED_CONTEXT((#3011,#3012,#3013)) REPRESENTATION_CONTEXT
('Context #1','3D Context with UNIT and UNCERTAINTY') );
#3011 = ( LENGTH_UNIT() NAMED_UNIT(*) SI_UNIT(.MILLI.,.METRE.) );
#3012 = ( NAMED_UNIT(*) PLANE_ANGLE_UNIT() SI_UNIT($,.RADIAN.) );
#3013 = ( NAMED_UNIT(*) SI_UNIT($,.STERADIAN.) SOLID_ANGLE_UNIT() );
#3014 = UNCERTAINTY_MEASURE_WITH_UNIT(LENGTH_MEASURE(1.E-07),#3011,
  'distance_accuracy_value','confusion accuracy');
#3015 = CONTEXT_DEPENDENT_SHAPE_REPRESENTATION(#3016,#3018);
#3016 = ( REPRESENTATION_RELATIONSHIP('','',#903,#880) 
REPRESENTATION_RELATIONSHIP_WITH_TRANSFORMATION(#3017) 
SHAPE_REPRESENTATION_RELATIONSHIP() );
#3017 = ITEM_DEFINED_TRANSFORMATION('','',#11,#881);
#3018 = PRODUCT_DEFINITION_SHAPE('Placement','Placement of an item',
  #3019);
#3019 = NEXT_ASSEMBLY_USAGE_OCCURRENCE('3','=>[0:1:1:5]','',#875,#898,$
  );
#3020 = PRODUCT_RELATED_PRODUCT_CATEGORY('part',$,(#900));
#3021 = SHAPE_DEFINITION_REPRESENTATION(#3022,#3028);
#3022 = PRODUCT_DEFINITION_SHAPE('','',#3023);
#3023 = PRODUCT_DEFINITION('design','',#3024,#3027);
#3024 = PRODUCT_DEFINITION_FORMATION('','',#3025);
#3025 = PRODUCT('OnSemi_CASE100CY','OnSemi_CASE100CY','',(#3026));
#3026 = PRODUCT_CONTEXT('',#2,'mechanical');
#3027 = PRODUCT_DEFINITION_CONTEXT('part definition',#2,'design');
#3028 = SHAPE_REPRESENTATION('',(#11,#3029),#3033);
#3029 = AXIS2_PLACEMENT_3D('',#3030,#3031,#3032);
#3030 = CARTESIAN_POINT('',(0.,0.,0.));
#3031 = DIRECTION('',(0.,0.,1.));
#3032 = DIRECTION('',(1.,0.,-0.));
#3033 = ( GEOMETRIC_REPRESENTATION_CONTEXT(3) 
GLOBAL_UNCERTAINTY_ASSIGNED_CONTEXT((#3037)) 
GLOBAL_UNIT_ASSIGNED_CONTEXT((#3034,#3035,#3036)) REPRESENTATION_CONTEXT
('Context #1','3D Context with UNIT and UNCERTAINTY') );
#3034 = ( LENGTH_UNIT() NAMED_UNIT(*) SI_UNIT(.MILLI.,.METRE.) );
#3035 = ( NAMED_UNIT(*) PLANE_ANGLE_UNIT() SI_UNIT($,.RADIAN.) );
#3036 = ( NAMED_UNIT(*) SI_UNIT($,.STERADIAN.) SOLID_ANGLE_UNIT() );
#3037 = UNCERTAINTY_MEASURE_WITH_UNIT(LENGTH_MEASURE(1.E-07),#3034,
  'distance_accuracy_value','confusion accuracy');
#3038 = CONTEXT_DEPENDENT_SHAPE_REPRESENTATION(#3039,#3041);
#3039 = ( REPRESENTATION_RELATIONSHIP('','',#3028,#10) 
REPRESENTATION_RELATIONSHIP_WITH_TRANSFORMATION(#3040) 
SHAPE_REPRESENTATION_RELATIONSHIP() );
#3040 = ITEM_DEFINED_TRANSFORMATION('','',#11,#23);
#3041 = PRODUCT_DEFINITION_SHAPE('Placement','Placement of an item',
  #3042);
#3042 = NEXT_ASSEMBLY_USAGE_OCCURRENCE('6','U1','',#5,#3023,$);
#3043 = PRODUCT_RELATED_PRODUCT_CATEGORY('part',$,(#3025));
#3044 = SHAPE_DEFINITION_REPRESENTATION(#3045,#3051);
#3045 = PRODUCT_DEFINITION_SHAPE('','',#3046);
#3046 = PRODUCT_DEFINITION('design','',#3047,#3050);
#3047 = PRODUCT_DEFINITION_FORMATION('','',#3048);
#3048 = PRODUCT('OnSemi_CASE100CY','OnSemi_CASE100CY','',(#3049));
#3049 = PRODUCT_CONTEXT('',#2,'mechanical');
#3050 = PRODUCT_DEFINITION_CONTEXT('part definition',#2,'design');
#3051 = ADVANCED_BREP_SHAPE_REPRESENTATION('',(#11,#3052),#4864);
#3052 = MANIFOLD_SOLID_BREP('',#3053);
#3053 = CLOSED_SHELL('',(#3054,#3094,#3125,#3156,#3205,#3254,#3271,#3288
    ,#3373,#3390,#3402,#3433,#3465,#3573,#3590,#3621,#3677,#3701,#3750,
    #3835,#3847,#3878,#3902,#3926,#3950,#3967,#3998,#4022,#4046,#4063,
    #4080,#4097,#4114,#4131,#4143,#4174,#4230,#4254,#4303,#4334,#4390,
    #4414,#4463,#4494,#4518,#4542,#4566,#4583,#4614,#4638,#4662,#4679,
    #4696,#4713,#4730,#4747,#4759,#4776,#4793,#4810,#4827,#4839,#4852));
#3054 = ADVANCED_FACE('',(#3055),#3089,.F.);
#3055 = FACE_BOUND('',#3056,.F.);
#3056 = EDGE_LOOP('',(#3057,#3067,#3075,#3083));
#3057 = ORIENTED_EDGE('',*,*,#3058,.T.);
#3058 = EDGE_CURVE('',#3059,#3061,#3063,.T.);
#3059 = VERTEX_POINT('',#3060);
#3060 = CARTESIAN_POINT('',(-1.15,-2.4,-4.163336342344E-17));
#3061 = VERTEX_POINT('',#3062);
#3062 = CARTESIAN_POINT('',(-0.65,-2.4,4.163336342344E-17));
#3063 = LINE('',#3064,#3065);
#3064 = CARTESIAN_POINT('',(-1.15,-2.4,-4.163336342344E-17));
#3065 = VECTOR('',#3066,1.);
#3066 = DIRECTION('',(1.,-1.110223024625E-16,1.665334536938E-16));
#3067 = ORIENTED_EDGE('',*,*,#3068,.T.);
#3068 = EDGE_CURVE('',#3061,#3069,#3071,.T.);
#3069 = VERTEX_POINT('',#3070);
#3070 = CARTESIAN_POINT('',(-0.65,-1.79,4.163336342344E-17));
#3071 = LINE('',#3072,#3073);
#3072 = CARTESIAN_POINT('',(-0.65,-2.4,4.163336342344E-17));
#3073 = VECTOR('',#3074,1.);
#3074 = DIRECTION('',(3.330669073875E-16,1.,-6.162975822039E-32));
#3075 = ORIENTED_EDGE('',*,*,#3076,.F.);
#3076 = EDGE_CURVE('',#3077,#3069,#3079,.T.);
#3077 = VERTEX_POINT('',#3078);
#3078 = CARTESIAN_POINT('',(-1.15,-1.79,-4.163336342344E-17));
#3079 = LINE('',#3080,#3081);
#3080 = CARTESIAN_POINT('',(-1.15,-1.79,-4.163336342344E-17));
#3081 = VECTOR('',#3082,1.);
#3082 = DIRECTION('',(1.,-1.110223024625E-16,1.665334536938E-16));
#3083 = ORIENTED_EDGE('',*,*,#3084,.F.);
#3084 = EDGE_CURVE('',#3059,#3077,#3085,.T.);
#3085 = LINE('',#3086,#3087);
#3086 = CARTESIAN_POINT('',(-1.15,-2.4,-4.163336342344E-17));
#3087 = VECTOR('',#3088,1.);
#3088 = DIRECTION('',(3.330669073875E-16,1.,-6.162975822039E-32));
#3089 = PLANE('',#3090);
#3090 = AXIS2_PLACEMENT_3D('',#3091,#3092,#3093);
#3091 = CARTESIAN_POINT('',(-1.15,-2.4,-4.163336342344E-17));
#3092 = DIRECTION('',(-1.665334536938E-16,1.232595164408E-31,1.));
#3093 = DIRECTION('',(3.330669073875E-16,1.,-6.779273404245E-32));
#3094 = ADVANCED_FACE('',(#3095),#3120,.T.);
#3095 = FACE_BOUND('',#3096,.T.);
#3096 = EDGE_LOOP('',(#3097,#3098,#3106,#3114));
#3097 = ORIENTED_EDGE('',*,*,#3058,.T.);
#3098 = ORIENTED_EDGE('',*,*,#3099,.T.);
#3099 = EDGE_CURVE('',#3061,#3100,#3102,.T.);
#3100 = VERTEX_POINT('',#3101);
#3101 = CARTESIAN_POINT('',(-0.65,-2.4,0.15));
#3102 = LINE('',#3103,#3104);
#3103 = CARTESIAN_POINT('',(-0.65,-2.4,4.163336342344E-17));
#3104 = VECTOR('',#3105,1.);
#3105 = DIRECTION('',(-4.930380657631E-32,1.110223024625E-16,1.));
#3106 = ORIENTED_EDGE('',*,*,#3107,.F.);
#3107 = EDGE_CURVE('',#3108,#3100,#3110,.T.);
#3108 = VERTEX_POINT('',#3109);
#3109 = CARTESIAN_POINT('',(-1.15,-2.4,0.15));
#3110 = LINE('',#3111,#3112);
#3111 = CARTESIAN_POINT('',(-1.15,-2.4,0.15));
#3112 = VECTOR('',#3113,1.);
#3113 = DIRECTION('',(1.,-1.110223024625E-16,1.665334536938E-16));
#3114 = ORIENTED_EDGE('',*,*,#3115,.F.);
#3115 = EDGE_CURVE('',#3059,#3108,#3116,.T.);
#3116 = LINE('',#3117,#3118);
#3117 = CARTESIAN_POINT('',(-1.15,-2.4,-4.163336342344E-17));
#3118 = VECTOR('',#3119,1.);
#3119 = DIRECTION('',(-4.930380657631E-32,1.110223024625E-16,1.));
#3120 = PLANE('',#3121);
#3121 = AXIS2_PLACEMENT_3D('',#3122,#3123,#3124);
#3122 = CARTESIAN_POINT('',(-1.15,-2.4,-4.163336342344E-17));
#3123 = DIRECTION('',(-1.110223024625E-16,-1.,1.110223024625E-16));
#3124 = DIRECTION('',(-8.628166150855E-32,1.110223024625E-16,1.));
#3125 = ADVANCED_FACE('',(#3126),#3151,.F.);
#3126 = FACE_BOUND('',#3127,.F.);
#3127 = EDGE_LOOP('',(#3128,#3129,#3137,#3145));
#3128 = ORIENTED_EDGE('',*,*,#3076,.T.);
#3129 = ORIENTED_EDGE('',*,*,#3130,.T.);
#3130 = EDGE_CURVE('',#3069,#3131,#3133,.T.);
#3131 = VERTEX_POINT('',#3132);
#3132 = CARTESIAN_POINT('',(-0.65,-1.5,0.45));
#3133 = LINE('',#3134,#3135);
#3134 = CARTESIAN_POINT('',(-0.65,-1.79,4.163336342344E-17));
#3135 = VECTOR('',#3136,1.);
#3136 = DIRECTION('',(1.804227879521E-16,0.541701333727,0.840571035094)
  );
#3137 = ORIENTED_EDGE('',*,*,#3138,.F.);
#3138 = EDGE_CURVE('',#3139,#3131,#3141,.T.);
#3139 = VERTEX_POINT('',#3140);
#3140 = CARTESIAN_POINT('',(-1.15,-1.5,0.45));
#3141 = LINE('',#3142,#3143);
#3142 = CARTESIAN_POINT('',(-1.15,-1.5,0.45));
#3143 = VECTOR('',#3144,1.);
#3144 = DIRECTION('',(1.,-1.110223024625E-16,1.665334536938E-16));
#3145 = ORIENTED_EDGE('',*,*,#3146,.F.);
#3146 = EDGE_CURVE('',#3077,#3139,#3147,.T.);
#3147 = LINE('',#3148,#3149);
#3148 = CARTESIAN_POINT('',(-1.15,-1.79,-4.163336342344E-17));
#3149 = VECTOR('',#3150,1.);
#3150 = DIRECTION('',(1.804227879521E-16,0.541701333727,0.840571035094)
  );
#3151 = PLANE('',#3152);
#3152 = AXIS2_PLACEMENT_3D('',#3153,#3154,#3155);
#3153 = CARTESIAN_POINT('',(-1.15,-1.79,-4.163336342344E-17));
#3154 = DIRECTION('',(-1.835335256754E-16,-0.840571035094,0.541701333727
    ));
#3155 = DIRECTION('',(1.804227879521E-16,0.541701333727,0.840571035094)
  );
#3156 = ADVANCED_FACE('',(#3157),#3200,.T.);
#3157 = FACE_BOUND('',#3158,.T.);
#3158 = EDGE_LOOP('',(#3159,#3160,#3161,#3169,#3177,#3185,#3193,#3199));
#3159 = ORIENTED_EDGE('',*,*,#3084,.F.);
#3160 = ORIENTED_EDGE('',*,*,#3115,.T.);
#3161 = ORIENTED_EDGE('',*,*,#3162,.T.);
#3162 = EDGE_CURVE('',#3108,#3163,#3165,.T.);
#3163 = VERTEX_POINT('',#3164);
#3164 = CARTESIAN_POINT('',(-1.15,-1.89,0.15));
#3165 = LINE('',#3166,#3167);
#3166 = CARTESIAN_POINT('',(-1.15,-2.4,0.15));
#3167 = VECTOR('',#3168,1.);
#3168 = DIRECTION('',(3.330669073875E-16,1.,-6.162975822039E-32));
#3169 = ORIENTED_EDGE('',*,*,#3170,.T.);
#3170 = EDGE_CURVE('',#3163,#3171,#3173,.T.);
#3171 = VERTEX_POINT('',#3172);
#3172 = CARTESIAN_POINT('',(-1.15,-1.6,0.6));
#3173 = LINE('',#3174,#3175);
#3174 = CARTESIAN_POINT('',(-1.15,-1.89,0.15));
#3175 = VECTOR('',#3176,1.);
#3176 = DIRECTION('',(1.804227879521E-16,0.541701333727,0.840571035094)
  );
#3177 = ORIENTED_EDGE('',*,*,#3178,.T.);
#3178 = EDGE_CURVE('',#3171,#3179,#3181,.T.);
#3179 = VERTEX_POINT('',#3180);
#3180 = CARTESIAN_POINT('',(-1.15,-1.35,0.6));
#3181 = LINE('',#3182,#3183);
#3182 = CARTESIAN_POINT('',(-1.15,-1.6,0.6));
#3183 = VECTOR('',#3184,1.);
#3184 = DIRECTION('',(3.330669073875E-16,1.,-6.162975822039E-32));
#3185 = ORIENTED_EDGE('',*,*,#3186,.F.);
#3186 = EDGE_CURVE('',#3187,#3179,#3189,.T.);
#3187 = VERTEX_POINT('',#3188);
#3188 = CARTESIAN_POINT('',(-1.15,-1.35,0.45));
#3189 = LINE('',#3190,#3191);
#3190 = CARTESIAN_POINT('',(-1.15,-1.35,2.5E-02));
#3191 = VECTOR('',#3192,1.);
#3192 = DIRECTION('',(1.294249063315E-16,0.,1.));
#3193 = ORIENTED_EDGE('',*,*,#3194,.F.);
#3194 = EDGE_CURVE('',#3139,#3187,#3195,.T.);
#3195 = LINE('',#3196,#3197);
#3196 = CARTESIAN_POINT('',(-1.15,-1.5,0.45));
#3197 = VECTOR('',#3198,1.);
#3198 = DIRECTION('',(3.330669073875E-16,1.,-6.162975822039E-32));
#3199 = ORIENTED_EDGE('',*,*,#3146,.F.);
#3200 = PLANE('',#3201);
#3201 = AXIS2_PLACEMENT_3D('',#3202,#3203,#3204);
#3202 = CARTESIAN_POINT('',(-1.15,-2.4,-4.163336342344E-17));
#3203 = DIRECTION('',(-1.,1.820037745287E-16,1.294249063315E-16));
#3204 = DIRECTION('',(-1.820037745287E-16,-1.,-1.110223024625E-16));
#3205 = ADVANCED_FACE('',(#3206),#3249,.F.);
#3206 = FACE_BOUND('',#3207,.F.);
#3207 = EDGE_LOOP('',(#3208,#3209,#3210,#3218,#3226,#3234,#3242,#3248));
#3208 = ORIENTED_EDGE('',*,*,#3068,.F.);
#3209 = ORIENTED_EDGE('',*,*,#3099,.T.);
#3210 = ORIENTED_EDGE('',*,*,#3211,.T.);
#3211 = EDGE_CURVE('',#3100,#3212,#3214,.T.);
#3212 = VERTEX_POINT('',#3213);
#3213 = CARTESIAN_POINT('',(-0.65,-1.89,0.15));
#3214 = LINE('',#3215,#3216);
#3215 = CARTESIAN_POINT('',(-0.65,-2.4,0.15));
#3216 = VECTOR('',#3217,1.);
#3217 = DIRECTION('',(3.330669073875E-16,1.,-6.162975822039E-32));
#3218 = ORIENTED_EDGE('',*,*,#3219,.T.);
#3219 = EDGE_CURVE('',#3212,#3220,#3222,.T.);
#3220 = VERTEX_POINT('',#3221);
#3221 = CARTESIAN_POINT('',(-0.65,-1.6,0.6));
#3222 = LINE('',#3223,#3224);
#3223 = CARTESIAN_POINT('',(-0.65,-1.89,0.15));
#3224 = VECTOR('',#3225,1.);
#3225 = DIRECTION('',(1.804227879521E-16,0.541701333727,0.840571035094)
  );
#3226 = ORIENTED_EDGE('',*,*,#3227,.T.);
#3227 = EDGE_CURVE('',#3220,#3228,#3230,.T.);
#3228 = VERTEX_POINT('',#3229);
#3229 = CARTESIAN_POINT('',(-0.65,-1.35,0.6));
#3230 = LINE('',#3231,#3232);
#3231 = CARTESIAN_POINT('',(-0.65,-1.6,0.6));
#3232 = VECTOR('',#3233,1.);
#3233 = DIRECTION('',(3.330669073875E-16,1.,-6.162975822039E-32));
#3234 = ORIENTED_EDGE('',*,*,#3235,.F.);
#3235 = EDGE_CURVE('',#3236,#3228,#3238,.T.);
#3236 = VERTEX_POINT('',#3237);
#3237 = CARTESIAN_POINT('',(-0.65,-1.35,0.45));
#3238 = LINE('',#3239,#3240);
#3239 = CARTESIAN_POINT('',(-0.65,-1.35,2.5E-02));
#3240 = VECTOR('',#3241,1.);
#3241 = DIRECTION('',(1.294249063315E-16,0.,1.));
#3242 = ORIENTED_EDGE('',*,*,#3243,.F.);
#3243 = EDGE_CURVE('',#3131,#3236,#3244,.T.);
#3244 = LINE('',#3245,#3246);
#3245 = CARTESIAN_POINT('',(-0.65,-1.5,0.45));
#3246 = VECTOR('',#3247,1.);
#3247 = DIRECTION('',(3.330669073875E-16,1.,-6.162975822039E-32));
#3248 = ORIENTED_EDGE('',*,*,#3130,.F.);
#3249 = PLANE('',#3250);
#3250 = AXIS2_PLACEMENT_3D('',#3251,#3252,#3253);
#3251 = CARTESIAN_POINT('',(-0.65,-2.4,4.163336342344E-17));
#3252 = DIRECTION('',(-1.,1.820037745287E-16,1.294249063315E-16));
#3253 = DIRECTION('',(-1.820037745287E-16,-1.,-1.110223024625E-16));
#3254 = ADVANCED_FACE('',(#3255),#3266,.T.);
#3255 = FACE_BOUND('',#3256,.T.);
#3256 = EDGE_LOOP('',(#3257,#3258,#3259,#3265));
#3257 = ORIENTED_EDGE('',*,*,#3107,.T.);
#3258 = ORIENTED_EDGE('',*,*,#3211,.T.);
#3259 = ORIENTED_EDGE('',*,*,#3260,.F.);
#3260 = EDGE_CURVE('',#3163,#3212,#3261,.T.);
#3261 = LINE('',#3262,#3263);
#3262 = CARTESIAN_POINT('',(-1.15,-1.89,0.15));
#3263 = VECTOR('',#3264,1.);
#3264 = DIRECTION('',(1.,-1.110223024625E-16,1.665334536938E-16));
#3265 = ORIENTED_EDGE('',*,*,#3162,.F.);
#3266 = PLANE('',#3267);
#3267 = AXIS2_PLACEMENT_3D('',#3268,#3269,#3270);
#3268 = CARTESIAN_POINT('',(-1.15,-2.4,0.15));
#3269 = DIRECTION('',(-1.665334536938E-16,1.232595164408E-31,1.));
#3270 = DIRECTION('',(3.330669073875E-16,1.,-6.779273404245E-32));
#3271 = ADVANCED_FACE('',(#3272),#3283,.F.);
#3272 = FACE_BOUND('',#3273,.F.);
#3273 = EDGE_LOOP('',(#3274,#3275,#3276,#3277));
#3274 = ORIENTED_EDGE('',*,*,#3194,.F.);
#3275 = ORIENTED_EDGE('',*,*,#3138,.T.);
#3276 = ORIENTED_EDGE('',*,*,#3243,.T.);
#3277 = ORIENTED_EDGE('',*,*,#3278,.F.);
#3278 = EDGE_CURVE('',#3187,#3236,#3279,.T.);
#3279 = LINE('',#3280,#3281);
#3280 = CARTESIAN_POINT('',(0.275,-1.35,0.45));
#3281 = VECTOR('',#3282,1.);
#3282 = DIRECTION('',(1.,0.,1.665334536938E-16));
#3283 = PLANE('',#3284);
#3284 = AXIS2_PLACEMENT_3D('',#3285,#3286,#3287);
#3285 = CARTESIAN_POINT('',(-1.15,-1.5,0.45));
#3286 = DIRECTION('',(-1.665334536938E-16,1.232595164408E-31,1.));
#3287 = DIRECTION('',(3.330669073875E-16,1.,-6.779273404245E-32));
#3288 = ADVANCED_FACE('',(#3289,#3323,#3357),#3368,.T.);
#3289 = FACE_BOUND('',#3290,.T.);
#3290 = EDGE_LOOP('',(#3291,#3301,#3309,#3317));
#3291 = ORIENTED_EDGE('',*,*,#3292,.T.);
#3292 = EDGE_CURVE('',#3293,#3295,#3297,.T.);
#3293 = VERTEX_POINT('',#3294);
#3294 = CARTESIAN_POINT('',(1.7,-1.35,5.E-02));
#3295 = VERTEX_POINT('',#3296);
#3296 = CARTESIAN_POINT('',(1.7,-1.35,1.45));
#3297 = LINE('',#3298,#3299);
#3298 = CARTESIAN_POINT('',(1.7,-1.35,5.E-02));
#3299 = VECTOR('',#3300,1.);
#3300 = DIRECTION('',(0.,0.,1.));
#3301 = ORIENTED_EDGE('',*,*,#3302,.T.);
#3302 = EDGE_CURVE('',#3295,#3303,#3305,.T.);
#3303 = VERTEX_POINT('',#3304);
#3304 = CARTESIAN_POINT('',(-1.7,-1.35,1.45));
#3305 = LINE('',#3306,#3307);
#3306 = CARTESIAN_POINT('',(1.7,-1.35,1.45));
#3307 = VECTOR('',#3308,1.);
#3308 = DIRECTION('',(-1.,0.,0.));
#3309 = ORIENTED_EDGE('',*,*,#3310,.F.);
#3310 = EDGE_CURVE('',#3311,#3303,#3313,.T.);
#3311 = VERTEX_POINT('',#3312);
#3312 = CARTESIAN_POINT('',(-1.7,-1.35,5.E-02));
#3313 = LINE('',#3314,#3315);
#3314 = CARTESIAN_POINT('',(-1.7,-1.35,5.E-02));
#3315 = VECTOR('',#3316,1.);
#3316 = DIRECTION('',(0.,0.,1.));
#3317 = ORIENTED_EDGE('',*,*,#3318,.F.);
#3318 = EDGE_CURVE('',#3293,#3311,#3319,.T.);
#3319 = LINE('',#3320,#3321);
#3320 = CARTESIAN_POINT('',(1.7,-1.35,5.E-02));
#3321 = VECTOR('',#3322,1.);
#3322 = DIRECTION('',(-1.,0.,0.));
#3323 = FACE_BOUND('',#3324,.T.);
#3324 = EDGE_LOOP('',(#3325,#3335,#3343,#3351));
#3325 = ORIENTED_EDGE('',*,*,#3326,.F.);
#3326 = EDGE_CURVE('',#3327,#3329,#3331,.T.);
#3327 = VERTEX_POINT('',#3328);
#3328 = CARTESIAN_POINT('',(0.65,-1.35,0.45));
#3329 = VERTEX_POINT('',#3330);
#3330 = CARTESIAN_POINT('',(1.15,-1.35,0.45));
#3331 = LINE('',#3332,#3333);
#3332 = CARTESIAN_POINT('',(1.175,-1.35,0.45));
#3333 = VECTOR('',#3334,1.);
#3334 = DIRECTION('',(1.,0.,1.665334536938E-16));
#3335 = ORIENTED_EDGE('',*,*,#3336,.T.);
#3336 = EDGE_CURVE('',#3327,#3337,#3339,.T.);
#3337 = VERTEX_POINT('',#3338);
#3338 = CARTESIAN_POINT('',(0.65,-1.35,0.6));
#3339 = LINE('',#3340,#3341);
#3340 = CARTESIAN_POINT('',(0.65,-1.35,2.5E-02));
#3341 = VECTOR('',#3342,1.);
#3342 = DIRECTION('',(1.294249063315E-16,0.,1.));
#3343 = ORIENTED_EDGE('',*,*,#3344,.T.);
#3344 = EDGE_CURVE('',#3337,#3345,#3347,.T.);
#3345 = VERTEX_POINT('',#3346);
#3346 = CARTESIAN_POINT('',(1.15,-1.35,0.6));
#3347 = LINE('',#3348,#3349);
#3348 = CARTESIAN_POINT('',(1.175,-1.35,0.6));
#3349 = VECTOR('',#3350,1.);
#3350 = DIRECTION('',(1.,0.,1.665334536938E-16));
#3351 = ORIENTED_EDGE('',*,*,#3352,.F.);
#3352 = EDGE_CURVE('',#3329,#3345,#3353,.T.);
#3353 = LINE('',#3354,#3355);
#3354 = CARTESIAN_POINT('',(1.15,-1.35,2.5E-02));
#3355 = VECTOR('',#3356,1.);
#3356 = DIRECTION('',(1.294249063315E-16,0.,1.));
#3357 = FACE_BOUND('',#3358,.T.);
#3358 = EDGE_LOOP('',(#3359,#3360,#3361,#3367));
#3359 = ORIENTED_EDGE('',*,*,#3278,.F.);
#3360 = ORIENTED_EDGE('',*,*,#3186,.T.);
#3361 = ORIENTED_EDGE('',*,*,#3362,.T.);
#3362 = EDGE_CURVE('',#3179,#3228,#3363,.T.);
#3363 = LINE('',#3364,#3365);
#3364 = CARTESIAN_POINT('',(0.275,-1.35,0.6));
#3365 = VECTOR('',#3366,1.);
#3366 = DIRECTION('',(1.,0.,1.665334536938E-16));
#3367 = ORIENTED_EDGE('',*,*,#3235,.F.);
#3368 = PLANE('',#3369);
#3369 = AXIS2_PLACEMENT_3D('',#3370,#3371,#3372);
#3370 = CARTESIAN_POINT('',(1.7,-1.35,5.E-02));
#3371 = DIRECTION('',(0.,-1.,0.));
#3372 = DIRECTION('',(-1.,0.,0.));
#3373 = ADVANCED_FACE('',(#3374),#3385,.T.);
#3374 = FACE_BOUND('',#3375,.T.);
#3375 = EDGE_LOOP('',(#3376,#3377,#3383,#3384));
#3376 = ORIENTED_EDGE('',*,*,#3178,.F.);
#3377 = ORIENTED_EDGE('',*,*,#3378,.T.);
#3378 = EDGE_CURVE('',#3171,#3220,#3379,.T.);
#3379 = LINE('',#3380,#3381);
#3380 = CARTESIAN_POINT('',(-1.15,-1.6,0.6));
#3381 = VECTOR('',#3382,1.);
#3382 = DIRECTION('',(1.,-1.110223024625E-16,1.665334536938E-16));
#3383 = ORIENTED_EDGE('',*,*,#3227,.T.);
#3384 = ORIENTED_EDGE('',*,*,#3362,.F.);
#3385 = PLANE('',#3386);
#3386 = AXIS2_PLACEMENT_3D('',#3387,#3388,#3389);
#3387 = CARTESIAN_POINT('',(-1.15,-1.6,0.6));
#3388 = DIRECTION('',(-1.665334536938E-16,1.232595164408E-31,1.));
#3389 = DIRECTION('',(3.330669073875E-16,1.,-6.779273404245E-32));
#3390 = ADVANCED_FACE('',(#3391),#3397,.T.);
#3391 = FACE_BOUND('',#3392,.T.);
#3392 = EDGE_LOOP('',(#3393,#3394,#3395,#3396));
#3393 = ORIENTED_EDGE('',*,*,#3260,.T.);
#3394 = ORIENTED_EDGE('',*,*,#3219,.T.);
#3395 = ORIENTED_EDGE('',*,*,#3378,.F.);
#3396 = ORIENTED_EDGE('',*,*,#3170,.F.);
#3397 = PLANE('',#3398);
#3398 = AXIS2_PLACEMENT_3D('',#3399,#3400,#3401);
#3399 = CARTESIAN_POINT('',(-1.15,-1.89,0.15));
#3400 = DIRECTION('',(-1.835335256754E-16,-0.840571035094,0.541701333727
    ));
#3401 = DIRECTION('',(1.804227879521E-16,0.541701333727,0.840571035094)
  );
#3402 = ADVANCED_FACE('',(#3403),#3428,.T.);
#3403 = FACE_BOUND('',#3404,.T.);
#3404 = EDGE_LOOP('',(#3405,#3415,#3421,#3422));
#3405 = ORIENTED_EDGE('',*,*,#3406,.T.);
#3406 = EDGE_CURVE('',#3407,#3409,#3411,.T.);
#3407 = VERTEX_POINT('',#3408);
#3408 = CARTESIAN_POINT('',(1.7,1.35,5.E-02));
#3409 = VERTEX_POINT('',#3410);
#3410 = CARTESIAN_POINT('',(1.7,1.35,1.45));
#3411 = LINE('',#3412,#3413);
#3412 = CARTESIAN_POINT('',(1.7,1.35,5.E-02));
#3413 = VECTOR('',#3414,1.);
#3414 = DIRECTION('',(0.,0.,1.));
#3415 = ORIENTED_EDGE('',*,*,#3416,.T.);
#3416 = EDGE_CURVE('',#3409,#3295,#3417,.T.);
#3417 = LINE('',#3418,#3419);
#3418 = CARTESIAN_POINT('',(1.7,1.35,1.45));
#3419 = VECTOR('',#3420,1.);
#3420 = DIRECTION('',(0.,-1.,0.));
#3421 = ORIENTED_EDGE('',*,*,#3292,.F.);
#3422 = ORIENTED_EDGE('',*,*,#3423,.F.);
#3423 = EDGE_CURVE('',#3407,#3293,#3424,.T.);
#3424 = LINE('',#3425,#3426);
#3425 = CARTESIAN_POINT('',(1.7,1.35,5.E-02));
#3426 = VECTOR('',#3427,1.);
#3427 = DIRECTION('',(0.,-1.,0.));
#3428 = PLANE('',#3429);
#3429 = AXIS2_PLACEMENT_3D('',#3430,#3431,#3432);
#3430 = CARTESIAN_POINT('',(1.7,1.35,5.E-02));
#3431 = DIRECTION('',(1.,0.,0.));
#3432 = DIRECTION('',(0.,-1.,0.));
#3433 = ADVANCED_FACE('',(#3434),#3460,.F.);
#3434 = FACE_BOUND('',#3435,.T.);
#3435 = EDGE_LOOP('',(#3436,#3444,#3445,#3446,#3454));
#3436 = ORIENTED_EDGE('',*,*,#3437,.T.);
#3437 = EDGE_CURVE('',#3438,#3407,#3440,.T.);
#3438 = VERTEX_POINT('',#3439);
#3439 = CARTESIAN_POINT('',(-1.3,1.35,5.E-02));
#3440 = LINE('',#3441,#3442);
#3441 = CARTESIAN_POINT('',(-1.3,1.35,5.E-02));
#3442 = VECTOR('',#3443,1.);
#3443 = DIRECTION('',(1.,0.,0.));
#3444 = ORIENTED_EDGE('',*,*,#3423,.T.);
#3445 = ORIENTED_EDGE('',*,*,#3318,.T.);
#3446 = ORIENTED_EDGE('',*,*,#3447,.T.);
#3447 = EDGE_CURVE('',#3311,#3448,#3450,.T.);
#3448 = VERTEX_POINT('',#3449);
#3449 = CARTESIAN_POINT('',(-1.7,0.95,5.E-02));
#3450 = LINE('',#3451,#3452);
#3451 = CARTESIAN_POINT('',(-1.7,-1.35,5.E-02));
#3452 = VECTOR('',#3453,1.);
#3453 = DIRECTION('',(0.,1.,0.));
#3454 = ORIENTED_EDGE('',*,*,#3455,.T.);
#3455 = EDGE_CURVE('',#3448,#3438,#3456,.T.);
#3456 = LINE('',#3457,#3458);
#3457 = CARTESIAN_POINT('',(-1.7,0.95,5.E-02));
#3458 = VECTOR('',#3459,1.);
#3459 = DIRECTION('',(0.707106781187,0.707106781186,0.));
#3460 = PLANE('',#3461);
#3461 = AXIS2_PLACEMENT_3D('',#3462,#3463,#3464);
#3462 = CARTESIAN_POINT('',(-1.3,1.35,5.E-02));
#3463 = DIRECTION('',(0.,0.,1.));
#3464 = DIRECTION('',(1.,0.,-0.));
#3465 = ADVANCED_FACE('',(#3466,#3492,#3534),#3568,.T.);
#3466 = FACE_BOUND('',#3467,.T.);
#3467 = EDGE_LOOP('',(#3468,#3476,#3484,#3490,#3491));
#3468 = ORIENTED_EDGE('',*,*,#3469,.F.);
#3469 = EDGE_CURVE('',#3470,#3409,#3472,.T.);
#3470 = VERTEX_POINT('',#3471);
#3471 = CARTESIAN_POINT('',(-1.3,1.35,1.45));
#3472 = LINE('',#3473,#3474);
#3473 = CARTESIAN_POINT('',(-1.3,1.35,1.45));
#3474 = VECTOR('',#3475,1.);
#3475 = DIRECTION('',(1.,0.,0.));
#3476 = ORIENTED_EDGE('',*,*,#3477,.F.);
#3477 = EDGE_CURVE('',#3478,#3470,#3480,.T.);
#3478 = VERTEX_POINT('',#3479);
#3479 = CARTESIAN_POINT('',(-1.7,0.95,1.45));
#3480 = LINE('',#3481,#3482);
#3481 = CARTESIAN_POINT('',(-1.7,0.95,1.45));
#3482 = VECTOR('',#3483,1.);
#3483 = DIRECTION('',(0.707106781187,0.707106781186,0.));
#3484 = ORIENTED_EDGE('',*,*,#3485,.F.);
#3485 = EDGE_CURVE('',#3303,#3478,#3486,.T.);
#3486 = LINE('',#3487,#3488);
#3487 = CARTESIAN_POINT('',(-1.7,-1.35,1.45));
#3488 = VECTOR('',#3489,1.);
#3489 = DIRECTION('',(0.,1.,0.));
#3490 = ORIENTED_EDGE('',*,*,#3302,.F.);
#3491 = ORIENTED_EDGE('',*,*,#3416,.F.);
#3492 = FACE_BOUND('',#3493,.T.);
#3493 = EDGE_LOOP('',(#3494,#3504,#3512,#3520,#3528));
#3494 = ORIENTED_EDGE('',*,*,#3495,.F.);
#3495 = EDGE_CURVE('',#3496,#3498,#3500,.T.);
#3496 = VERTEX_POINT('',#3497);
#3497 = CARTESIAN_POINT('',(-1.31,-1.,1.45));
#3498 = VERTEX_POINT('',#3499);
#3499 = CARTESIAN_POINT('',(-0.21,-1.,1.45));
#3500 = LINE('',#3501,#3502);
#3501 = CARTESIAN_POINT('',(-1.31,-1.,1.45));
#3502 = VECTOR('',#3503,1.);
#3503 = DIRECTION('',(1.,0.,0.));
#3504 = ORIENTED_EDGE('',*,*,#3505,.F.);
#3505 = EDGE_CURVE('',#3506,#3496,#3508,.T.);
#3506 = VERTEX_POINT('',#3507);
#3507 = CARTESIAN_POINT('',(-1.31,0.8,1.45));
#3508 = LINE('',#3509,#3510);
#3509 = CARTESIAN_POINT('',(-1.31,0.8,1.45));
#3510 = VECTOR('',#3511,1.);
#3511 = DIRECTION('',(0.,-1.,0.));
#3512 = ORIENTED_EDGE('',*,*,#3513,.T.);
#3513 = EDGE_CURVE('',#3506,#3514,#3516,.T.);
#3514 = VERTEX_POINT('',#3515);
#3515 = CARTESIAN_POINT('',(-1.11,1.,1.45));
#3516 = LINE('',#3517,#3518);
#3517 = CARTESIAN_POINT('',(-1.31,0.8,1.45));
#3518 = VECTOR('',#3519,1.);
#3519 = DIRECTION('',(0.707106781187,0.707106781186,0.));
#3520 = ORIENTED_EDGE('',*,*,#3521,.F.);
#3521 = EDGE_CURVE('',#3522,#3514,#3524,.T.);
#3522 = VERTEX_POINT('',#3523);
#3523 = CARTESIAN_POINT('',(-0.21,1.,1.45));
#3524 = LINE('',#3525,#3526);
#3525 = CARTESIAN_POINT('',(-0.21,1.,1.45));
#3526 = VECTOR('',#3527,1.);
#3527 = DIRECTION('',(-1.,0.,0.));
#3528 = ORIENTED_EDGE('',*,*,#3529,.F.);
#3529 = EDGE_CURVE('',#3498,#3522,#3530,.T.);
#3530 = LINE('',#3531,#3532);
#3531 = CARTESIAN_POINT('',(-0.21,-1.,1.45));
#3532 = VECTOR('',#3533,1.);
#3533 = DIRECTION('',(0.,1.,0.));
#3534 = FACE_BOUND('',#3535,.T.);
#3535 = EDGE_LOOP('',(#3536,#3546,#3554,#3562));
#3536 = ORIENTED_EDGE('',*,*,#3537,.T.);
#3537 = EDGE_CURVE('',#3538,#3540,#3542,.T.);
#3538 = VERTEX_POINT('',#3539);
#3539 = CARTESIAN_POINT('',(0.21,-1.,1.45));
#3540 = VERTEX_POINT('',#3541);
#3541 = CARTESIAN_POINT('',(0.21,1.,1.45));
#3542 = LINE('',#3543,#3544);
#3543 = CARTESIAN_POINT('',(0.21,-1.,1.45));
#3544 = VECTOR('',#3545,1.);
#3545 = DIRECTION('',(0.,1.,0.));
#3546 = ORIENTED_EDGE('',*,*,#3547,.T.);
#3547 = EDGE_CURVE('',#3540,#3548,#3550,.T.);
#3548 = VERTEX_POINT('',#3549);
#3549 = CARTESIAN_POINT('',(1.31,1.,1.45));
#3550 = LINE('',#3551,#3552);
#3551 = CARTESIAN_POINT('',(0.21,1.,1.45));
#3552 = VECTOR('',#3553,1.);
#3553 = DIRECTION('',(1.,0.,0.));
#3554 = ORIENTED_EDGE('',*,*,#3555,.T.);
#3555 = EDGE_CURVE('',#3548,#3556,#3558,.T.);
#3556 = VERTEX_POINT('',#3557);
#3557 = CARTESIAN_POINT('',(1.31,-1.,1.45));
#3558 = LINE('',#3559,#3560);
#3559 = CARTESIAN_POINT('',(1.31,1.,1.45));
#3560 = VECTOR('',#3561,1.);
#3561 = DIRECTION('',(0.,-1.,0.));
#3562 = ORIENTED_EDGE('',*,*,#3563,.T.);
#3563 = EDGE_CURVE('',#3556,#3538,#3564,.T.);
#3564 = LINE('',#3565,#3566);
#3565 = CARTESIAN_POINT('',(1.31,-1.,1.45));
#3566 = VECTOR('',#3567,1.);
#3567 = DIRECTION('',(-1.,0.,0.));
#3568 = PLANE('',#3569);
#3569 = AXIS2_PLACEMENT_3D('',#3570,#3571,#3572);
#3570 = CARTESIAN_POINT('',(-1.3,1.35,1.45));
#3571 = DIRECTION('',(0.,0.,1.));
#3572 = DIRECTION('',(1.,0.,-0.));
#3573 = ADVANCED_FACE('',(#3574),#3585,.T.);
#3574 = FACE_BOUND('',#3575,.T.);
#3575 = EDGE_LOOP('',(#3576,#3577,#3578,#3584));
#3576 = ORIENTED_EDGE('',*,*,#3310,.T.);
#3577 = ORIENTED_EDGE('',*,*,#3485,.T.);
#3578 = ORIENTED_EDGE('',*,*,#3579,.F.);
#3579 = EDGE_CURVE('',#3448,#3478,#3580,.T.);
#3580 = LINE('',#3581,#3582);
#3581 = CARTESIAN_POINT('',(-1.7,0.95,5.E-02));
#3582 = VECTOR('',#3583,1.);
#3583 = DIRECTION('',(0.,0.,1.));
#3584 = ORIENTED_EDGE('',*,*,#3447,.F.);
#3585 = PLANE('',#3586);
#3586 = AXIS2_PLACEMENT_3D('',#3587,#3588,#3589);
#3587 = CARTESIAN_POINT('',(-1.7,-1.35,5.E-02));
#3588 = DIRECTION('',(-1.,0.,0.));
#3589 = DIRECTION('',(0.,1.,0.));
#3590 = ADVANCED_FACE('',(#3591),#3616,.F.);
#3591 = FACE_BOUND('',#3592,.F.);
#3592 = EDGE_LOOP('',(#3593,#3601,#3609,#3615));
#3593 = ORIENTED_EDGE('',*,*,#3594,.F.);
#3594 = EDGE_CURVE('',#3595,#3327,#3597,.T.);
#3595 = VERTEX_POINT('',#3596);
#3596 = CARTESIAN_POINT('',(0.65,-1.5,0.45));
#3597 = LINE('',#3598,#3599);
#3598 = CARTESIAN_POINT('',(0.65,-1.5,0.45));
#3599 = VECTOR('',#3600,1.);
#3600 = DIRECTION('',(3.330669073875E-16,1.,-6.162975822039E-32));
#3601 = ORIENTED_EDGE('',*,*,#3602,.T.);
#3602 = EDGE_CURVE('',#3595,#3603,#3605,.T.);
#3603 = VERTEX_POINT('',#3604);
#3604 = CARTESIAN_POINT('',(1.15,-1.5,0.45));
#3605 = LINE('',#3606,#3607);
#3606 = CARTESIAN_POINT('',(0.65,-1.5,0.45));
#3607 = VECTOR('',#3608,1.);
#3608 = DIRECTION('',(1.,-1.110223024625E-16,1.665334536938E-16));
#3609 = ORIENTED_EDGE('',*,*,#3610,.T.);
#3610 = EDGE_CURVE('',#3603,#3329,#3611,.T.);
#3611 = LINE('',#3612,#3613);
#3612 = CARTESIAN_POINT('',(1.15,-1.5,0.45));
#3613 = VECTOR('',#3614,1.);
#3614 = DIRECTION('',(3.330669073875E-16,1.,-6.162975822039E-32));
#3615 = ORIENTED_EDGE('',*,*,#3326,.F.);
#3616 = PLANE('',#3617);
#3617 = AXIS2_PLACEMENT_3D('',#3618,#3619,#3620);
#3618 = CARTESIAN_POINT('',(0.65,-1.5,0.45));
#3619 = DIRECTION('',(-1.665334536938E-16,1.232595164408E-31,1.));
#3620 = DIRECTION('',(3.330669073875E-16,1.,-6.779273404245E-32));
#3621 = ADVANCED_FACE('',(#3622),#3672,.F.);
#3622 = FACE_BOUND('',#3623,.F.);
#3623 = EDGE_LOOP('',(#3624,#3634,#3642,#3650,#3658,#3664,#3665,#3666));
#3624 = ORIENTED_EDGE('',*,*,#3625,.F.);
#3625 = EDGE_CURVE('',#3626,#3628,#3630,.T.);
#3626 = VERTEX_POINT('',#3627);
#3627 = CARTESIAN_POINT('',(1.15,-2.4,4.163336342344E-17));
#3628 = VERTEX_POINT('',#3629);
#3629 = CARTESIAN_POINT('',(1.15,-1.79,4.163336342344E-17));
#3630 = LINE('',#3631,#3632);
#3631 = CARTESIAN_POINT('',(1.15,-2.4,4.163336342344E-17));
#3632 = VECTOR('',#3633,1.);
#3633 = DIRECTION('',(3.330669073875E-16,1.,-6.162975822039E-32));
#3634 = ORIENTED_EDGE('',*,*,#3635,.T.);
#3635 = EDGE_CURVE('',#3626,#3636,#3638,.T.);
#3636 = VERTEX_POINT('',#3637);
#3637 = CARTESIAN_POINT('',(1.15,-2.4,0.15));
#3638 = LINE('',#3639,#3640);
#3639 = CARTESIAN_POINT('',(1.15,-2.4,4.163336342344E-17));
#3640 = VECTOR('',#3641,1.);
#3641 = DIRECTION('',(-4.930380657631E-32,1.110223024625E-16,1.));
#3642 = ORIENTED_EDGE('',*,*,#3643,.T.);
#3643 = EDGE_CURVE('',#3636,#3644,#3646,.T.);
#3644 = VERTEX_POINT('',#3645);
#3645 = CARTESIAN_POINT('',(1.15,-1.89,0.15));
#3646 = LINE('',#3647,#3648);
#3647 = CARTESIAN_POINT('',(1.15,-2.4,0.15));
#3648 = VECTOR('',#3649,1.);
#3649 = DIRECTION('',(3.330669073875E-16,1.,-6.162975822039E-32));
#3650 = ORIENTED_EDGE('',*,*,#3651,.T.);
#3651 = EDGE_CURVE('',#3644,#3652,#3654,.T.);
#3652 = VERTEX_POINT('',#3653);
#3653 = CARTESIAN_POINT('',(1.15,-1.6,0.6));
#3654 = LINE('',#3655,#3656);
#3655 = CARTESIAN_POINT('',(1.15,-1.89,0.15));
#3656 = VECTOR('',#3657,1.);
#3657 = DIRECTION('',(1.804227879521E-16,0.541701333727,0.840571035094)
  );
#3658 = ORIENTED_EDGE('',*,*,#3659,.T.);
#3659 = EDGE_CURVE('',#3652,#3345,#3660,.T.);
#3660 = LINE('',#3661,#3662);
#3661 = CARTESIAN_POINT('',(1.15,-1.6,0.6));
#3662 = VECTOR('',#3663,1.);
#3663 = DIRECTION('',(3.330669073875E-16,1.,-6.162975822039E-32));
#3664 = ORIENTED_EDGE('',*,*,#3352,.F.);
#3665 = ORIENTED_EDGE('',*,*,#3610,.F.);
#3666 = ORIENTED_EDGE('',*,*,#3667,.F.);
#3667 = EDGE_CURVE('',#3628,#3603,#3668,.T.);
#3668 = LINE('',#3669,#3670);
#3669 = CARTESIAN_POINT('',(1.15,-1.79,4.163336342344E-17));
#3670 = VECTOR('',#3671,1.);
#3671 = DIRECTION('',(1.804227879521E-16,0.541701333727,0.840571035094)
  );
#3672 = PLANE('',#3673);
#3673 = AXIS2_PLACEMENT_3D('',#3674,#3675,#3676);
#3674 = CARTESIAN_POINT('',(1.15,-2.4,4.163336342344E-17));
#3675 = DIRECTION('',(-1.,1.820037745287E-16,1.294249063315E-16));
#3676 = DIRECTION('',(-1.820037745287E-16,-1.,-1.110223024625E-16));
#3677 = ADVANCED_FACE('',(#3678),#3696,.T.);
#3678 = FACE_BOUND('',#3679,.T.);
#3679 = EDGE_LOOP('',(#3680,#3688,#3694,#3695));
#3680 = ORIENTED_EDGE('',*,*,#3681,.F.);
#3681 = EDGE_CURVE('',#3682,#3337,#3684,.T.);
#3682 = VERTEX_POINT('',#3683);
#3683 = CARTESIAN_POINT('',(0.65,-1.6,0.6));
#3684 = LINE('',#3685,#3686);
#3685 = CARTESIAN_POINT('',(0.65,-1.6,0.6));
#3686 = VECTOR('',#3687,1.);
#3687 = DIRECTION('',(3.330669073875E-16,1.,-6.162975822039E-32));
#3688 = ORIENTED_EDGE('',*,*,#3689,.T.);
#3689 = EDGE_CURVE('',#3682,#3652,#3690,.T.);
#3690 = LINE('',#3691,#3692);
#3691 = CARTESIAN_POINT('',(0.65,-1.6,0.6));
#3692 = VECTOR('',#3693,1.);
#3693 = DIRECTION('',(1.,-1.110223024625E-16,1.665334536938E-16));
#3694 = ORIENTED_EDGE('',*,*,#3659,.T.);
#3695 = ORIENTED_EDGE('',*,*,#3344,.F.);
#3696 = PLANE('',#3697);
#3697 = AXIS2_PLACEMENT_3D('',#3698,#3699,#3700);
#3698 = CARTESIAN_POINT('',(0.65,-1.6,0.6));
#3699 = DIRECTION('',(-1.665334536938E-16,1.232595164408E-31,1.));
#3700 = DIRECTION('',(3.330669073875E-16,1.,-6.779273404245E-32));
#3701 = ADVANCED_FACE('',(#3702),#3745,.T.);
#3702 = FACE_BOUND('',#3703,.T.);
#3703 = EDGE_LOOP('',(#3704,#3714,#3722,#3730,#3736,#3737,#3738,#3739));
#3704 = ORIENTED_EDGE('',*,*,#3705,.F.);
#3705 = EDGE_CURVE('',#3706,#3708,#3710,.T.);
#3706 = VERTEX_POINT('',#3707);
#3707 = CARTESIAN_POINT('',(0.65,-2.4,-4.163336342344E-17));
#3708 = VERTEX_POINT('',#3709);
#3709 = CARTESIAN_POINT('',(0.65,-1.79,-4.163336342344E-17));
#3710 = LINE('',#3711,#3712);
#3711 = CARTESIAN_POINT('',(0.65,-2.4,-4.163336342344E-17));
#3712 = VECTOR('',#3713,1.);
#3713 = DIRECTION('',(3.330669073875E-16,1.,-6.162975822039E-32));
#3714 = ORIENTED_EDGE('',*,*,#3715,.T.);
#3715 = EDGE_CURVE('',#3706,#3716,#3718,.T.);
#3716 = VERTEX_POINT('',#3717);
#3717 = CARTESIAN_POINT('',(0.65,-2.4,0.15));
#3718 = LINE('',#3719,#3720);
#3719 = CARTESIAN_POINT('',(0.65,-2.4,-4.163336342344E-17));
#3720 = VECTOR('',#3721,1.);
#3721 = DIRECTION('',(-4.930380657631E-32,1.110223024625E-16,1.));
#3722 = ORIENTED_EDGE('',*,*,#3723,.T.);
#3723 = EDGE_CURVE('',#3716,#3724,#3726,.T.);
#3724 = VERTEX_POINT('',#3725);
#3725 = CARTESIAN_POINT('',(0.65,-1.89,0.15));
#3726 = LINE('',#3727,#3728);
#3727 = CARTESIAN_POINT('',(0.65,-2.4,0.15));
#3728 = VECTOR('',#3729,1.);
#3729 = DIRECTION('',(3.330669073875E-16,1.,-6.162975822039E-32));
#3730 = ORIENTED_EDGE('',*,*,#3731,.T.);
#3731 = EDGE_CURVE('',#3724,#3682,#3732,.T.);
#3732 = LINE('',#3733,#3734);
#3733 = CARTESIAN_POINT('',(0.65,-1.89,0.15));
#3734 = VECTOR('',#3735,1.);
#3735 = DIRECTION('',(1.804227879521E-16,0.541701333727,0.840571035094)
  );
#3736 = ORIENTED_EDGE('',*,*,#3681,.T.);
#3737 = ORIENTED_EDGE('',*,*,#3336,.F.);
#3738 = ORIENTED_EDGE('',*,*,#3594,.F.);
#3739 = ORIENTED_EDGE('',*,*,#3740,.F.);
#3740 = EDGE_CURVE('',#3708,#3595,#3741,.T.);
#3741 = LINE('',#3742,#3743);
#3742 = CARTESIAN_POINT('',(0.65,-1.79,-4.163336342344E-17));
#3743 = VECTOR('',#3744,1.);
#3744 = DIRECTION('',(1.804227879521E-16,0.541701333727,0.840571035094)
  );
#3745 = PLANE('',#3746);
#3746 = AXIS2_PLACEMENT_3D('',#3747,#3748,#3749);
#3747 = CARTESIAN_POINT('',(0.65,-2.4,-4.163336342344E-17));
#3748 = DIRECTION('',(-1.,1.820037745287E-16,1.294249063315E-16));
#3749 = DIRECTION('',(-1.820037745287E-16,-1.,-1.110223024625E-16));
#3750 = ADVANCED_FACE('',(#3751,#3762,#3796),#3830,.T.);
#3751 = FACE_BOUND('',#3752,.T.);
#3752 = EDGE_LOOP('',(#3753,#3759,#3760,#3761));
#3753 = ORIENTED_EDGE('',*,*,#3754,.T.);
#3754 = EDGE_CURVE('',#3438,#3470,#3755,.T.);
#3755 = LINE('',#3756,#3757);
#3756 = CARTESIAN_POINT('',(-1.3,1.35,5.E-02));
#3757 = VECTOR('',#3758,1.);
#3758 = DIRECTION('',(0.,0.,1.));
#3759 = ORIENTED_EDGE('',*,*,#3469,.T.);
#3760 = ORIENTED_EDGE('',*,*,#3406,.F.);
#3761 = ORIENTED_EDGE('',*,*,#3437,.F.);
#3762 = FACE_BOUND('',#3763,.T.);
#3763 = EDGE_LOOP('',(#3764,#3774,#3782,#3790));
#3764 = ORIENTED_EDGE('',*,*,#3765,.F.);
#3765 = EDGE_CURVE('',#3766,#3768,#3770,.T.);
#3766 = VERTEX_POINT('',#3767);
#3767 = CARTESIAN_POINT('',(1.15,1.35,0.45));
#3768 = VERTEX_POINT('',#3769);
#3769 = CARTESIAN_POINT('',(0.65,1.35,0.45));
#3770 = LINE('',#3771,#3772);
#3771 = CARTESIAN_POINT('',(-0.325,1.35,0.45));
#3772 = VECTOR('',#3773,1.);
#3773 = DIRECTION('',(-1.,0.,-1.665334536938E-16));
#3774 = ORIENTED_EDGE('',*,*,#3775,.F.);
#3775 = EDGE_CURVE('',#3776,#3766,#3778,.T.);
#3776 = VERTEX_POINT('',#3777);
#3777 = CARTESIAN_POINT('',(1.15,1.35,0.6));
#3778 = LINE('',#3779,#3780);
#3779 = CARTESIAN_POINT('',(1.15,1.35,2.5E-02));
#3780 = VECTOR('',#3781,1.);
#3781 = DIRECTION('',(-1.294249063315E-16,0.,-1.));
#3782 = ORIENTED_EDGE('',*,*,#3783,.T.);
#3783 = EDGE_CURVE('',#3776,#3784,#3786,.T.);
#3784 = VERTEX_POINT('',#3785);
#3785 = CARTESIAN_POINT('',(0.65,1.35,0.6));
#3786 = LINE('',#3787,#3788);
#3787 = CARTESIAN_POINT('',(-0.325,1.35,0.6));
#3788 = VECTOR('',#3789,1.);
#3789 = DIRECTION('',(-1.,0.,-1.665334536938E-16));
#3790 = ORIENTED_EDGE('',*,*,#3791,.T.);
#3791 = EDGE_CURVE('',#3784,#3768,#3792,.T.);
#3792 = LINE('',#3793,#3794);
#3793 = CARTESIAN_POINT('',(0.65,1.35,2.5E-02));
#3794 = VECTOR('',#3795,1.);
#3795 = DIRECTION('',(-1.294249063315E-16,0.,-1.));
#3796 = FACE_BOUND('',#3797,.T.);
#3797 = EDGE_LOOP('',(#3798,#3808,#3816,#3824));
#3798 = ORIENTED_EDGE('',*,*,#3799,.F.);
#3799 = EDGE_CURVE('',#3800,#3802,#3804,.T.);
#3800 = VERTEX_POINT('',#3801);
#3801 = CARTESIAN_POINT('',(-0.65,1.35,0.45));
#3802 = VERTEX_POINT('',#3803);
#3803 = CARTESIAN_POINT('',(-1.15,1.35,0.45));
#3804 = LINE('',#3805,#3806);
#3805 = CARTESIAN_POINT('',(-1.225,1.35,0.45));
#3806 = VECTOR('',#3807,1.);
#3807 = DIRECTION('',(-1.,0.,-1.665334536938E-16));
#3808 = ORIENTED_EDGE('',*,*,#3809,.F.);
#3809 = EDGE_CURVE('',#3810,#3800,#3812,.T.);
#3810 = VERTEX_POINT('',#3811);
#3811 = CARTESIAN_POINT('',(-0.65,1.35,0.6));
#3812 = LINE('',#3813,#3814);
#3813 = CARTESIAN_POINT('',(-0.65,1.35,2.5E-02));
#3814 = VECTOR('',#3815,1.);
#3815 = DIRECTION('',(-1.294249063315E-16,0.,-1.));
#3816 = ORIENTED_EDGE('',*,*,#3817,.T.);
#3817 = EDGE_CURVE('',#3810,#3818,#3820,.T.);
#3818 = VERTEX_POINT('',#3819);
#3819 = CARTESIAN_POINT('',(-1.15,1.35,0.6));
#3820 = LINE('',#3821,#3822);
#3821 = CARTESIAN_POINT('',(-1.225,1.35,0.6));
#3822 = VECTOR('',#3823,1.);
#3823 = DIRECTION('',(-1.,0.,-1.665334536938E-16));
#3824 = ORIENTED_EDGE('',*,*,#3825,.T.);
#3825 = EDGE_CURVE('',#3818,#3802,#3826,.T.);
#3826 = LINE('',#3827,#3828);
#3827 = CARTESIAN_POINT('',(-1.15,1.35,2.5E-02));
#3828 = VECTOR('',#3829,1.);
#3829 = DIRECTION('',(-1.294249063315E-16,0.,-1.));
#3830 = PLANE('',#3831);
#3831 = AXIS2_PLACEMENT_3D('',#3832,#3833,#3834);
#3832 = CARTESIAN_POINT('',(-1.3,1.35,5.E-02));
#3833 = DIRECTION('',(0.,1.,0.));
#3834 = DIRECTION('',(1.,0.,0.));
#3835 = ADVANCED_FACE('',(#3836),#3842,.T.);
#3836 = FACE_BOUND('',#3837,.T.);
#3837 = EDGE_LOOP('',(#3838,#3839,#3840,#3841));
#3838 = ORIENTED_EDGE('',*,*,#3579,.T.);
#3839 = ORIENTED_EDGE('',*,*,#3477,.T.);
#3840 = ORIENTED_EDGE('',*,*,#3754,.F.);
#3841 = ORIENTED_EDGE('',*,*,#3455,.F.);
#3842 = PLANE('',#3843);
#3843 = AXIS2_PLACEMENT_3D('',#3844,#3845,#3846);
#3844 = CARTESIAN_POINT('',(-1.7,0.95,5.E-02));
#3845 = DIRECTION('',(-0.707106781186,0.707106781187,0.));
#3846 = DIRECTION('',(0.707106781187,0.707106781186,0.));
#3847 = ADVANCED_FACE('',(#3848),#3873,.F.);
#3848 = FACE_BOUND('',#3849,.F.);
#3849 = EDGE_LOOP('',(#3850,#3858,#3866,#3872));
#3850 = ORIENTED_EDGE('',*,*,#3851,.T.);
#3851 = EDGE_CURVE('',#3496,#3852,#3854,.T.);
#3852 = VERTEX_POINT('',#3853);
#3853 = CARTESIAN_POINT('',(-1.31,-1.,1.4489));
#3854 = LINE('',#3855,#3856);
#3855 = CARTESIAN_POINT('',(-1.31,-1.,1.45));
#3856 = VECTOR('',#3857,1.);
#3857 = DIRECTION('',(-0.,-0.,-1.));
#3858 = ORIENTED_EDGE('',*,*,#3859,.T.);
#3859 = EDGE_CURVE('',#3852,#3860,#3862,.T.);
#3860 = VERTEX_POINT('',#3861);
#3861 = CARTESIAN_POINT('',(-0.21,-1.,1.4489));
#3862 = LINE('',#3863,#3864);
#3863 = CARTESIAN_POINT('',(-1.31,-1.,1.4489));
#3864 = VECTOR('',#3865,1.);
#3865 = DIRECTION('',(1.,0.,0.));
#3866 = ORIENTED_EDGE('',*,*,#3867,.F.);
#3867 = EDGE_CURVE('',#3498,#3860,#3868,.T.);
#3868 = LINE('',#3869,#3870);
#3869 = CARTESIAN_POINT('',(-0.21,-1.,1.45));
#3870 = VECTOR('',#3871,1.);
#3871 = DIRECTION('',(-0.,-0.,-1.));
#3872 = ORIENTED_EDGE('',*,*,#3495,.F.);
#3873 = PLANE('',#3874);
#3874 = AXIS2_PLACEMENT_3D('',#3875,#3876,#3877);
#3875 = CARTESIAN_POINT('',(-1.31,-1.,1.45));
#3876 = DIRECTION('',(0.,-1.,0.));
#3877 = DIRECTION('',(1.,0.,0.));
#3878 = ADVANCED_FACE('',(#3879),#3897,.F.);
#3879 = FACE_BOUND('',#3880,.F.);
#3880 = EDGE_LOOP('',(#3881,#3882,#3890,#3896));
#3881 = ORIENTED_EDGE('',*,*,#3867,.T.);
#3882 = ORIENTED_EDGE('',*,*,#3883,.T.);
#3883 = EDGE_CURVE('',#3860,#3884,#3886,.T.);
#3884 = VERTEX_POINT('',#3885);
#3885 = CARTESIAN_POINT('',(-0.21,1.,1.4489));
#3886 = LINE('',#3887,#3888);
#3887 = CARTESIAN_POINT('',(-0.21,-1.,1.4489));
#3888 = VECTOR('',#3889,1.);
#3889 = DIRECTION('',(0.,1.,0.));
#3890 = ORIENTED_EDGE('',*,*,#3891,.F.);
#3891 = EDGE_CURVE('',#3522,#3884,#3892,.T.);
#3892 = LINE('',#3893,#3894);
#3893 = CARTESIAN_POINT('',(-0.21,1.,1.45));
#3894 = VECTOR('',#3895,1.);
#3895 = DIRECTION('',(-0.,-0.,-1.));
#3896 = ORIENTED_EDGE('',*,*,#3529,.F.);
#3897 = PLANE('',#3898);
#3898 = AXIS2_PLACEMENT_3D('',#3899,#3900,#3901);
#3899 = CARTESIAN_POINT('',(-0.21,-1.,1.45));
#3900 = DIRECTION('',(1.,0.,0.));
#3901 = DIRECTION('',(-0.,1.,0.));
#3902 = ADVANCED_FACE('',(#3903),#3921,.F.);
#3903 = FACE_BOUND('',#3904,.F.);
#3904 = EDGE_LOOP('',(#3905,#3906,#3914,#3920));
#3905 = ORIENTED_EDGE('',*,*,#3891,.T.);
#3906 = ORIENTED_EDGE('',*,*,#3907,.T.);
#3907 = EDGE_CURVE('',#3884,#3908,#3910,.T.);
#3908 = VERTEX_POINT('',#3909);
#3909 = CARTESIAN_POINT('',(-1.11,1.,1.4489));
#3910 = LINE('',#3911,#3912);
#3911 = CARTESIAN_POINT('',(-0.21,1.,1.4489));
#3912 = VECTOR('',#3913,1.);
#3913 = DIRECTION('',(-1.,0.,0.));
#3914 = ORIENTED_EDGE('',*,*,#3915,.F.);
#3915 = EDGE_CURVE('',#3514,#3908,#3916,.T.);
#3916 = LINE('',#3917,#3918);
#3917 = CARTESIAN_POINT('',(-1.11,1.,1.45));
#3918 = VECTOR('',#3919,1.);
#3919 = DIRECTION('',(-0.,-0.,-1.));
#3920 = ORIENTED_EDGE('',*,*,#3521,.F.);
#3921 = PLANE('',#3922);
#3922 = AXIS2_PLACEMENT_3D('',#3923,#3924,#3925);
#3923 = CARTESIAN_POINT('',(-0.21,1.,1.45));
#3924 = DIRECTION('',(0.,1.,0.));
#3925 = DIRECTION('',(-1.,0.,0.));
#3926 = ADVANCED_FACE('',(#3927),#3945,.T.);
#3927 = FACE_BOUND('',#3928,.T.);
#3928 = EDGE_LOOP('',(#3929,#3937,#3943,#3944));
#3929 = ORIENTED_EDGE('',*,*,#3930,.T.);
#3930 = EDGE_CURVE('',#3506,#3931,#3933,.T.);
#3931 = VERTEX_POINT('',#3932);
#3932 = CARTESIAN_POINT('',(-1.31,0.8,1.4489));
#3933 = LINE('',#3934,#3935);
#3934 = CARTESIAN_POINT('',(-1.31,0.8,1.45));
#3935 = VECTOR('',#3936,1.);
#3936 = DIRECTION('',(-0.,-0.,-1.));
#3937 = ORIENTED_EDGE('',*,*,#3938,.T.);
#3938 = EDGE_CURVE('',#3931,#3908,#3939,.T.);
#3939 = LINE('',#3940,#3941);
#3940 = CARTESIAN_POINT('',(-1.31,0.8,1.4489));
#3941 = VECTOR('',#3942,1.);
#3942 = DIRECTION('',(0.707106781187,0.707106781186,0.));
#3943 = ORIENTED_EDGE('',*,*,#3915,.F.);
#3944 = ORIENTED_EDGE('',*,*,#3513,.F.);
#3945 = PLANE('',#3946);
#3946 = AXIS2_PLACEMENT_3D('',#3947,#3948,#3949);
#3947 = CARTESIAN_POINT('',(-1.31,0.8,1.45));
#3948 = DIRECTION('',(0.707106781186,-0.707106781187,0.));
#3949 = DIRECTION('',(0.707106781187,0.707106781186,0.));
#3950 = ADVANCED_FACE('',(#3951),#3962,.F.);
#3951 = FACE_BOUND('',#3952,.F.);
#3952 = EDGE_LOOP('',(#3953,#3954,#3960,#3961));
#3953 = ORIENTED_EDGE('',*,*,#3930,.T.);
#3954 = ORIENTED_EDGE('',*,*,#3955,.T.);
#3955 = EDGE_CURVE('',#3931,#3852,#3956,.T.);
#3956 = LINE('',#3957,#3958);
#3957 = CARTESIAN_POINT('',(-1.31,0.8,1.4489));
#3958 = VECTOR('',#3959,1.);
#3959 = DIRECTION('',(0.,-1.,0.));
#3960 = ORIENTED_EDGE('',*,*,#3851,.F.);
#3961 = ORIENTED_EDGE('',*,*,#3505,.F.);
#3962 = PLANE('',#3963);
#3963 = AXIS2_PLACEMENT_3D('',#3964,#3965,#3966);
#3964 = CARTESIAN_POINT('',(-1.31,0.8,1.45));
#3965 = DIRECTION('',(-1.,0.,0.));
#3966 = DIRECTION('',(0.,-1.,0.));
#3967 = ADVANCED_FACE('',(#3968),#3993,.T.);
#3968 = FACE_BOUND('',#3969,.T.);
#3969 = EDGE_LOOP('',(#3970,#3978,#3986,#3992));
#3970 = ORIENTED_EDGE('',*,*,#3971,.T.);
#3971 = EDGE_CURVE('',#3538,#3972,#3974,.T.);
#3972 = VERTEX_POINT('',#3973);
#3973 = CARTESIAN_POINT('',(0.21,-1.,1.4489));
#3974 = LINE('',#3975,#3976);
#3975 = CARTESIAN_POINT('',(0.21,-1.,1.45));
#3976 = VECTOR('',#3977,1.);
#3977 = DIRECTION('',(-0.,-0.,-1.));
#3978 = ORIENTED_EDGE('',*,*,#3979,.T.);
#3979 = EDGE_CURVE('',#3972,#3980,#3982,.T.);
#3980 = VERTEX_POINT('',#3981);
#3981 = CARTESIAN_POINT('',(0.21,1.,1.4489));
#3982 = LINE('',#3983,#3984);
#3983 = CARTESIAN_POINT('',(0.21,-1.,1.4489));
#3984 = VECTOR('',#3985,1.);
#3985 = DIRECTION('',(0.,1.,0.));
#3986 = ORIENTED_EDGE('',*,*,#3987,.F.);
#3987 = EDGE_CURVE('',#3540,#3980,#3988,.T.);
#3988 = LINE('',#3989,#3990);
#3989 = CARTESIAN_POINT('',(0.21,1.,1.45));
#3990 = VECTOR('',#3991,1.);
#3991 = DIRECTION('',(-0.,-0.,-1.));
#3992 = ORIENTED_EDGE('',*,*,#3537,.F.);
#3993 = PLANE('',#3994);
#3994 = AXIS2_PLACEMENT_3D('',#3995,#3996,#3997);
#3995 = CARTESIAN_POINT('',(0.21,-1.,1.45));
#3996 = DIRECTION('',(1.,0.,0.));
#3997 = DIRECTION('',(-0.,1.,0.));
#3998 = ADVANCED_FACE('',(#3999),#4017,.T.);
#3999 = FACE_BOUND('',#4000,.T.);
#4000 = EDGE_LOOP('',(#4001,#4009,#4015,#4016));
#4001 = ORIENTED_EDGE('',*,*,#4002,.T.);
#4002 = EDGE_CURVE('',#3556,#4003,#4005,.T.);
#4003 = VERTEX_POINT('',#4004);
#4004 = CARTESIAN_POINT('',(1.31,-1.,1.4489));
#4005 = LINE('',#4006,#4007);
#4006 = CARTESIAN_POINT('',(1.31,-1.,1.45));
#4007 = VECTOR('',#4008,1.);
#4008 = DIRECTION('',(-0.,-0.,-1.));
#4009 = ORIENTED_EDGE('',*,*,#4010,.T.);
#4010 = EDGE_CURVE('',#4003,#3972,#4011,.T.);
#4011 = LINE('',#4012,#4013);
#4012 = CARTESIAN_POINT('',(1.31,-1.,1.4489));
#4013 = VECTOR('',#4014,1.);
#4014 = DIRECTION('',(-1.,0.,0.));
#4015 = ORIENTED_EDGE('',*,*,#3971,.F.);
#4016 = ORIENTED_EDGE('',*,*,#3563,.F.);
#4017 = PLANE('',#4018);
#4018 = AXIS2_PLACEMENT_3D('',#4019,#4020,#4021);
#4019 = CARTESIAN_POINT('',(1.31,-1.,1.45));
#4020 = DIRECTION('',(0.,1.,0.));
#4021 = DIRECTION('',(-1.,0.,0.));
#4022 = ADVANCED_FACE('',(#4023),#4041,.T.);
#4023 = FACE_BOUND('',#4024,.T.);
#4024 = EDGE_LOOP('',(#4025,#4033,#4039,#4040));
#4025 = ORIENTED_EDGE('',*,*,#4026,.T.);
#4026 = EDGE_CURVE('',#3548,#4027,#4029,.T.);
#4027 = VERTEX_POINT('',#4028);
#4028 = CARTESIAN_POINT('',(1.31,1.,1.4489));
#4029 = LINE('',#4030,#4031);
#4030 = CARTESIAN_POINT('',(1.31,1.,1.45));
#4031 = VECTOR('',#4032,1.);
#4032 = DIRECTION('',(-0.,-0.,-1.));
#4033 = ORIENTED_EDGE('',*,*,#4034,.T.);
#4034 = EDGE_CURVE('',#4027,#4003,#4035,.T.);
#4035 = LINE('',#4036,#4037);
#4036 = CARTESIAN_POINT('',(1.31,1.,1.4489));
#4037 = VECTOR('',#4038,1.);
#4038 = DIRECTION('',(0.,-1.,0.));
#4039 = ORIENTED_EDGE('',*,*,#4002,.F.);
#4040 = ORIENTED_EDGE('',*,*,#3555,.F.);
#4041 = PLANE('',#4042);
#4042 = AXIS2_PLACEMENT_3D('',#4043,#4044,#4045);
#4043 = CARTESIAN_POINT('',(1.31,1.,1.45));
#4044 = DIRECTION('',(-1.,0.,0.));
#4045 = DIRECTION('',(0.,-1.,0.));
#4046 = ADVANCED_FACE('',(#4047),#4058,.T.);
#4047 = FACE_BOUND('',#4048,.T.);
#4048 = EDGE_LOOP('',(#4049,#4050,#4056,#4057));
#4049 = ORIENTED_EDGE('',*,*,#3987,.T.);
#4050 = ORIENTED_EDGE('',*,*,#4051,.T.);
#4051 = EDGE_CURVE('',#3980,#4027,#4052,.T.);
#4052 = LINE('',#4053,#4054);
#4053 = CARTESIAN_POINT('',(0.21,1.,1.4489));
#4054 = VECTOR('',#4055,1.);
#4055 = DIRECTION('',(1.,0.,0.));
#4056 = ORIENTED_EDGE('',*,*,#4026,.F.);
#4057 = ORIENTED_EDGE('',*,*,#3547,.F.);
#4058 = PLANE('',#4059);
#4059 = AXIS2_PLACEMENT_3D('',#4060,#4061,#4062);
#4060 = CARTESIAN_POINT('',(0.21,1.,1.45));
#4061 = DIRECTION('',(0.,-1.,0.));
#4062 = DIRECTION('',(1.,0.,0.));
#4063 = ADVANCED_FACE('',(#4064),#4075,.F.);
#4064 = FACE_BOUND('',#4065,.F.);
#4065 = EDGE_LOOP('',(#4066,#4072,#4073,#4074));
#4066 = ORIENTED_EDGE('',*,*,#4067,.T.);
#4067 = EDGE_CURVE('',#3708,#3628,#4068,.T.);
#4068 = LINE('',#4069,#4070);
#4069 = CARTESIAN_POINT('',(0.65,-1.79,-4.163336342344E-17));
#4070 = VECTOR('',#4071,1.);
#4071 = DIRECTION('',(1.,-1.110223024625E-16,1.665334536938E-16));
#4072 = ORIENTED_EDGE('',*,*,#3667,.T.);
#4073 = ORIENTED_EDGE('',*,*,#3602,.F.);
#4074 = ORIENTED_EDGE('',*,*,#3740,.F.);
#4075 = PLANE('',#4076);
#4076 = AXIS2_PLACEMENT_3D('',#4077,#4078,#4079);
#4077 = CARTESIAN_POINT('',(0.65,-1.79,-4.163336342344E-17));
#4078 = DIRECTION('',(-1.835335256754E-16,-0.840571035094,0.541701333727
    ));
#4079 = DIRECTION('',(1.804227879521E-16,0.541701333727,0.840571035094)
  );
#4080 = ADVANCED_FACE('',(#4081),#4092,.F.);
#4081 = FACE_BOUND('',#4082,.F.);
#4082 = EDGE_LOOP('',(#4083,#4089,#4090,#4091));
#4083 = ORIENTED_EDGE('',*,*,#4084,.T.);
#4084 = EDGE_CURVE('',#3706,#3626,#4085,.T.);
#4085 = LINE('',#4086,#4087);
#4086 = CARTESIAN_POINT('',(0.65,-2.4,-4.163336342344E-17));
#4087 = VECTOR('',#4088,1.);
#4088 = DIRECTION('',(1.,-1.110223024625E-16,1.665334536938E-16));
#4089 = ORIENTED_EDGE('',*,*,#3625,.T.);
#4090 = ORIENTED_EDGE('',*,*,#4067,.F.);
#4091 = ORIENTED_EDGE('',*,*,#3705,.F.);
#4092 = PLANE('',#4093);
#4093 = AXIS2_PLACEMENT_3D('',#4094,#4095,#4096);
#4094 = CARTESIAN_POINT('',(0.65,-2.4,-4.163336342344E-17));
#4095 = DIRECTION('',(-1.665334536938E-16,1.232595164408E-31,1.));
#4096 = DIRECTION('',(3.330669073875E-16,1.,-6.779273404245E-32));
#4097 = ADVANCED_FACE('',(#4098),#4109,.T.);
#4098 = FACE_BOUND('',#4099,.T.);
#4099 = EDGE_LOOP('',(#4100,#4106,#4107,#4108));
#4100 = ORIENTED_EDGE('',*,*,#4101,.T.);
#4101 = EDGE_CURVE('',#3724,#3644,#4102,.T.);
#4102 = LINE('',#4103,#4104);
#4103 = CARTESIAN_POINT('',(0.65,-1.89,0.15));
#4104 = VECTOR('',#4105,1.);
#4105 = DIRECTION('',(1.,-1.110223024625E-16,1.665334536938E-16));
#4106 = ORIENTED_EDGE('',*,*,#3651,.T.);
#4107 = ORIENTED_EDGE('',*,*,#3689,.F.);
#4108 = ORIENTED_EDGE('',*,*,#3731,.F.);
#4109 = PLANE('',#4110);
#4110 = AXIS2_PLACEMENT_3D('',#4111,#4112,#4113);
#4111 = CARTESIAN_POINT('',(0.65,-1.89,0.15));
#4112 = DIRECTION('',(-1.835335256754E-16,-0.840571035094,0.541701333727
    ));
#4113 = DIRECTION('',(1.804227879521E-16,0.541701333727,0.840571035094)
  );
#4114 = ADVANCED_FACE('',(#4115),#4126,.T.);
#4115 = FACE_BOUND('',#4116,.T.);
#4116 = EDGE_LOOP('',(#4117,#4123,#4124,#4125));
#4117 = ORIENTED_EDGE('',*,*,#4118,.T.);
#4118 = EDGE_CURVE('',#3716,#3636,#4119,.T.);
#4119 = LINE('',#4120,#4121);
#4120 = CARTESIAN_POINT('',(0.65,-2.4,0.15));
#4121 = VECTOR('',#4122,1.);
#4122 = DIRECTION('',(1.,-1.110223024625E-16,1.665334536938E-16));
#4123 = ORIENTED_EDGE('',*,*,#3643,.T.);
#4124 = ORIENTED_EDGE('',*,*,#4101,.F.);
#4125 = ORIENTED_EDGE('',*,*,#3723,.F.);
#4126 = PLANE('',#4127);
#4127 = AXIS2_PLACEMENT_3D('',#4128,#4129,#4130);
#4128 = CARTESIAN_POINT('',(0.65,-2.4,0.15));
#4129 = DIRECTION('',(-1.665334536938E-16,1.232595164408E-31,1.));
#4130 = DIRECTION('',(3.330669073875E-16,1.,-6.779273404245E-32));
#4131 = ADVANCED_FACE('',(#4132),#4138,.T.);
#4132 = FACE_BOUND('',#4133,.T.);
#4133 = EDGE_LOOP('',(#4134,#4135,#4136,#4137));
#4134 = ORIENTED_EDGE('',*,*,#4084,.T.);
#4135 = ORIENTED_EDGE('',*,*,#3635,.T.);
#4136 = ORIENTED_EDGE('',*,*,#4118,.F.);
#4137 = ORIENTED_EDGE('',*,*,#3715,.F.);
#4138 = PLANE('',#4139);
#4139 = AXIS2_PLACEMENT_3D('',#4140,#4141,#4142);
#4140 = CARTESIAN_POINT('',(0.65,-2.4,-4.163336342344E-17));
#4141 = DIRECTION('',(-1.110223024625E-16,-1.,1.110223024625E-16));
#4142 = DIRECTION('',(-8.628166150855E-32,1.110223024625E-16,1.));
#4143 = ADVANCED_FACE('',(#4144),#4169,.F.);
#4144 = FACE_BOUND('',#4145,.F.);
#4145 = EDGE_LOOP('',(#4146,#4154,#4155,#4163));
#4146 = ORIENTED_EDGE('',*,*,#4147,.F.);
#4147 = EDGE_CURVE('',#3768,#4148,#4150,.T.);
#4148 = VERTEX_POINT('',#4149);
#4149 = CARTESIAN_POINT('',(0.65,1.5,0.45));
#4150 = LINE('',#4151,#4152);
#4151 = CARTESIAN_POINT('',(0.65,-1.5,0.45));
#4152 = VECTOR('',#4153,1.);
#4153 = DIRECTION('',(3.330669073875E-16,1.,-6.162975822039E-32));
#4154 = ORIENTED_EDGE('',*,*,#3765,.F.);
#4155 = ORIENTED_EDGE('',*,*,#4156,.T.);
#4156 = EDGE_CURVE('',#3766,#4157,#4159,.T.);
#4157 = VERTEX_POINT('',#4158);
#4158 = CARTESIAN_POINT('',(1.15,1.5,0.45));
#4159 = LINE('',#4160,#4161);
#4160 = CARTESIAN_POINT('',(1.15,-1.5,0.45));
#4161 = VECTOR('',#4162,1.);
#4162 = DIRECTION('',(3.330669073875E-16,1.,-6.162975822039E-32));
#4163 = ORIENTED_EDGE('',*,*,#4164,.F.);
#4164 = EDGE_CURVE('',#4148,#4157,#4165,.T.);
#4165 = LINE('',#4166,#4167);
#4166 = CARTESIAN_POINT('',(0.65,1.5,0.45));
#4167 = VECTOR('',#4168,1.);
#4168 = DIRECTION('',(1.,-1.110223024625E-16,1.665334536938E-16));
#4169 = PLANE('',#4170);
#4170 = AXIS2_PLACEMENT_3D('',#4171,#4172,#4173);
#4171 = CARTESIAN_POINT('',(0.65,-1.5,0.45));
#4172 = DIRECTION('',(-1.665334536938E-16,1.232595164408E-31,1.));
#4173 = DIRECTION('',(3.330669073875E-16,1.,-6.779273404245E-32));
#4174 = ADVANCED_FACE('',(#4175),#4225,.T.);
#4175 = FACE_BOUND('',#4176,.T.);
#4176 = EDGE_LOOP('',(#4177,#4178,#4179,#4187,#4195,#4203,#4211,#4219));
#4177 = ORIENTED_EDGE('',*,*,#4147,.F.);
#4178 = ORIENTED_EDGE('',*,*,#3791,.F.);
#4179 = ORIENTED_EDGE('',*,*,#4180,.T.);
#4180 = EDGE_CURVE('',#3784,#4181,#4183,.T.);
#4181 = VERTEX_POINT('',#4182);
#4182 = CARTESIAN_POINT('',(0.65,1.6,0.6));
#4183 = LINE('',#4184,#4185);
#4184 = CARTESIAN_POINT('',(0.65,-1.6,0.6));
#4185 = VECTOR('',#4186,1.);
#4186 = DIRECTION('',(3.330669073875E-16,1.,-6.162975822039E-32));
#4187 = ORIENTED_EDGE('',*,*,#4188,.T.);
#4188 = EDGE_CURVE('',#4181,#4189,#4191,.T.);
#4189 = VERTEX_POINT('',#4190);
#4190 = CARTESIAN_POINT('',(0.65,1.89,0.15));
#4191 = LINE('',#4192,#4193);
#4192 = CARTESIAN_POINT('',(0.65,1.6,0.6));
#4193 = VECTOR('',#4194,1.);
#4194 = DIRECTION('',(1.804227879521E-16,0.541701333727,-0.840571035094)
  );
#4195 = ORIENTED_EDGE('',*,*,#4196,.T.);
#4196 = EDGE_CURVE('',#4189,#4197,#4199,.T.);
#4197 = VERTEX_POINT('',#4198);
#4198 = CARTESIAN_POINT('',(0.65,2.4,0.15));
#4199 = LINE('',#4200,#4201);
#4200 = CARTESIAN_POINT('',(0.65,1.89,0.15));
#4201 = VECTOR('',#4202,1.);
#4202 = DIRECTION('',(3.330669073875E-16,1.,-6.162975822039E-32));
#4203 = ORIENTED_EDGE('',*,*,#4204,.T.);
#4204 = EDGE_CURVE('',#4197,#4205,#4207,.T.);
#4205 = VERTEX_POINT('',#4206);
#4206 = CARTESIAN_POINT('',(0.65,2.4,-4.163336342344E-17));
#4207 = LINE('',#4208,#4209);
#4208 = CARTESIAN_POINT('',(0.65,2.4,0.15));
#4209 = VECTOR('',#4210,1.);
#4210 = DIRECTION('',(4.930380657631E-32,-1.110223024625E-16,-1.));
#4211 = ORIENTED_EDGE('',*,*,#4212,.F.);
#4212 = EDGE_CURVE('',#4213,#4205,#4215,.T.);
#4213 = VERTEX_POINT('',#4214);
#4214 = CARTESIAN_POINT('',(0.65,1.79,-6.938893903907E-17));
#4215 = LINE('',#4216,#4217);
#4216 = CARTESIAN_POINT('',(0.65,1.79,-4.163336342344E-17));
#4217 = VECTOR('',#4218,1.);
#4218 = DIRECTION('',(3.330669073875E-16,1.,-6.162975822039E-32));
#4219 = ORIENTED_EDGE('',*,*,#4220,.F.);
#4220 = EDGE_CURVE('',#4148,#4213,#4221,.T.);
#4221 = LINE('',#4222,#4223);
#4222 = CARTESIAN_POINT('',(0.65,1.5,0.45));
#4223 = VECTOR('',#4224,1.);
#4224 = DIRECTION('',(1.804227879521E-16,0.541701333727,-0.840571035094)
  );
#4225 = PLANE('',#4226);
#4226 = AXIS2_PLACEMENT_3D('',#4227,#4228,#4229);
#4227 = CARTESIAN_POINT('',(0.65,-2.4,-4.163336342344E-17));
#4228 = DIRECTION('',(-1.,1.820037745287E-16,1.294249063315E-16));
#4229 = DIRECTION('',(-1.820037745287E-16,-1.,-1.110223024625E-16));
#4230 = ADVANCED_FACE('',(#4231),#4249,.T.);
#4231 = FACE_BOUND('',#4232,.T.);
#4232 = EDGE_LOOP('',(#4233,#4234,#4235,#4243));
#4233 = ORIENTED_EDGE('',*,*,#4180,.F.);
#4234 = ORIENTED_EDGE('',*,*,#3783,.F.);
#4235 = ORIENTED_EDGE('',*,*,#4236,.T.);
#4236 = EDGE_CURVE('',#3776,#4237,#4239,.T.);
#4237 = VERTEX_POINT('',#4238);
#4238 = CARTESIAN_POINT('',(1.15,1.6,0.6));
#4239 = LINE('',#4240,#4241);
#4240 = CARTESIAN_POINT('',(1.15,-1.6,0.6));
#4241 = VECTOR('',#4242,1.);
#4242 = DIRECTION('',(3.330669073875E-16,1.,-6.162975822039E-32));
#4243 = ORIENTED_EDGE('',*,*,#4244,.F.);
#4244 = EDGE_CURVE('',#4181,#4237,#4245,.T.);
#4245 = LINE('',#4246,#4247);
#4246 = CARTESIAN_POINT('',(0.65,1.6,0.6));
#4247 = VECTOR('',#4248,1.);
#4248 = DIRECTION('',(1.,-1.110223024625E-16,1.665334536938E-16));
#4249 = PLANE('',#4250);
#4250 = AXIS2_PLACEMENT_3D('',#4251,#4252,#4253);
#4251 = CARTESIAN_POINT('',(0.65,-1.6,0.6));
#4252 = DIRECTION('',(-1.665334536938E-16,1.232595164408E-31,1.));
#4253 = DIRECTION('',(3.330669073875E-16,1.,-6.779273404245E-32));
#4254 = ADVANCED_FACE('',(#4255),#4298,.F.);
#4255 = FACE_BOUND('',#4256,.F.);
#4256 = EDGE_LOOP('',(#4257,#4258,#4259,#4260,#4268,#4276,#4284,#4292));
#4257 = ORIENTED_EDGE('',*,*,#4156,.F.);
#4258 = ORIENTED_EDGE('',*,*,#3775,.F.);
#4259 = ORIENTED_EDGE('',*,*,#4236,.T.);
#4260 = ORIENTED_EDGE('',*,*,#4261,.T.);
#4261 = EDGE_CURVE('',#4237,#4262,#4264,.T.);
#4262 = VERTEX_POINT('',#4263);
#4263 = CARTESIAN_POINT('',(1.15,1.89,0.15));
#4264 = LINE('',#4265,#4266);
#4265 = CARTESIAN_POINT('',(1.15,1.6,0.6));
#4266 = VECTOR('',#4267,1.);
#4267 = DIRECTION('',(1.804227879521E-16,0.541701333727,-0.840571035094)
  );
#4268 = ORIENTED_EDGE('',*,*,#4269,.T.);
#4269 = EDGE_CURVE('',#4262,#4270,#4272,.T.);
#4270 = VERTEX_POINT('',#4271);
#4271 = CARTESIAN_POINT('',(1.15,2.4,0.15));
#4272 = LINE('',#4273,#4274);
#4273 = CARTESIAN_POINT('',(1.15,1.89,0.15));
#4274 = VECTOR('',#4275,1.);
#4275 = DIRECTION('',(3.330669073875E-16,1.,-6.162975822039E-32));
#4276 = ORIENTED_EDGE('',*,*,#4277,.T.);
#4277 = EDGE_CURVE('',#4270,#4278,#4280,.T.);
#4278 = VERTEX_POINT('',#4279);
#4279 = CARTESIAN_POINT('',(1.15,2.4,4.163336342344E-17));
#4280 = LINE('',#4281,#4282);
#4281 = CARTESIAN_POINT('',(1.15,2.4,0.15));
#4282 = VECTOR('',#4283,1.);
#4283 = DIRECTION('',(4.930380657631E-32,-1.110223024625E-16,-1.));
#4284 = ORIENTED_EDGE('',*,*,#4285,.F.);
#4285 = EDGE_CURVE('',#4286,#4278,#4288,.T.);
#4286 = VERTEX_POINT('',#4287);
#4287 = CARTESIAN_POINT('',(1.15,1.79,1.387778780781E-17));
#4288 = LINE('',#4289,#4290);
#4289 = CARTESIAN_POINT('',(1.15,1.79,4.163336342344E-17));
#4290 = VECTOR('',#4291,1.);
#4291 = DIRECTION('',(3.330669073875E-16,1.,-6.162975822039E-32));
#4292 = ORIENTED_EDGE('',*,*,#4293,.F.);
#4293 = EDGE_CURVE('',#4157,#4286,#4294,.T.);
#4294 = LINE('',#4295,#4296);
#4295 = CARTESIAN_POINT('',(1.15,1.5,0.45));
#4296 = VECTOR('',#4297,1.);
#4297 = DIRECTION('',(1.804227879521E-16,0.541701333727,-0.840571035094)
  );
#4298 = PLANE('',#4299);
#4299 = AXIS2_PLACEMENT_3D('',#4300,#4301,#4302);
#4300 = CARTESIAN_POINT('',(1.15,-2.4,4.163336342344E-17));
#4301 = DIRECTION('',(-1.,1.820037745287E-16,1.294249063315E-16));
#4302 = DIRECTION('',(-1.820037745287E-16,-1.,-1.110223024625E-16));
#4303 = ADVANCED_FACE('',(#4304),#4329,.F.);
#4304 = FACE_BOUND('',#4305,.F.);
#4305 = EDGE_LOOP('',(#4306,#4314,#4315,#4323));
#4306 = ORIENTED_EDGE('',*,*,#4307,.F.);
#4307 = EDGE_CURVE('',#3802,#4308,#4310,.T.);
#4308 = VERTEX_POINT('',#4309);
#4309 = CARTESIAN_POINT('',(-1.15,1.5,0.45));
#4310 = LINE('',#4311,#4312);
#4311 = CARTESIAN_POINT('',(-1.15,-1.5,0.45));
#4312 = VECTOR('',#4313,1.);
#4313 = DIRECTION('',(3.330669073875E-16,1.,-6.162975822039E-32));
#4314 = ORIENTED_EDGE('',*,*,#3799,.F.);
#4315 = ORIENTED_EDGE('',*,*,#4316,.T.);
#4316 = EDGE_CURVE('',#3800,#4317,#4319,.T.);
#4317 = VERTEX_POINT('',#4318);
#4318 = CARTESIAN_POINT('',(-0.65,1.5,0.45));
#4319 = LINE('',#4320,#4321);
#4320 = CARTESIAN_POINT('',(-0.65,-1.5,0.45));
#4321 = VECTOR('',#4322,1.);
#4322 = DIRECTION('',(3.330669073875E-16,1.,-6.162975822039E-32));
#4323 = ORIENTED_EDGE('',*,*,#4324,.F.);
#4324 = EDGE_CURVE('',#4308,#4317,#4325,.T.);
#4325 = LINE('',#4326,#4327);
#4326 = CARTESIAN_POINT('',(-1.15,1.5,0.45));
#4327 = VECTOR('',#4328,1.);
#4328 = DIRECTION('',(1.,-1.110223024625E-16,1.665334536938E-16));
#4329 = PLANE('',#4330);
#4330 = AXIS2_PLACEMENT_3D('',#4331,#4332,#4333);
#4331 = CARTESIAN_POINT('',(-1.15,-1.5,0.45));
#4332 = DIRECTION('',(-1.665334536938E-16,1.232595164408E-31,1.));
#4333 = DIRECTION('',(3.330669073875E-16,1.,-6.779273404245E-32));
#4334 = ADVANCED_FACE('',(#4335),#4385,.T.);
#4335 = FACE_BOUND('',#4336,.T.);
#4336 = EDGE_LOOP('',(#4337,#4338,#4339,#4347,#4355,#4363,#4371,#4379));
#4337 = ORIENTED_EDGE('',*,*,#4307,.F.);
#4338 = ORIENTED_EDGE('',*,*,#3825,.F.);
#4339 = ORIENTED_EDGE('',*,*,#4340,.T.);
#4340 = EDGE_CURVE('',#3818,#4341,#4343,.T.);
#4341 = VERTEX_POINT('',#4342);
#4342 = CARTESIAN_POINT('',(-1.15,1.6,0.6));
#4343 = LINE('',#4344,#4345);
#4344 = CARTESIAN_POINT('',(-1.15,-1.6,0.6));
#4345 = VECTOR('',#4346,1.);
#4346 = DIRECTION('',(3.330669073875E-16,1.,-6.162975822039E-32));
#4347 = ORIENTED_EDGE('',*,*,#4348,.T.);
#4348 = EDGE_CURVE('',#4341,#4349,#4351,.T.);
#4349 = VERTEX_POINT('',#4350);
#4350 = CARTESIAN_POINT('',(-1.15,1.89,0.15));
#4351 = LINE('',#4352,#4353);
#4352 = CARTESIAN_POINT('',(-1.15,1.6,0.6));
#4353 = VECTOR('',#4354,1.);
#4354 = DIRECTION('',(1.804227879521E-16,0.541701333727,-0.840571035094)
  );
#4355 = ORIENTED_EDGE('',*,*,#4356,.T.);
#4356 = EDGE_CURVE('',#4349,#4357,#4359,.T.);
#4357 = VERTEX_POINT('',#4358);
#4358 = CARTESIAN_POINT('',(-1.15,2.4,0.15));
#4359 = LINE('',#4360,#4361);
#4360 = CARTESIAN_POINT('',(-1.15,1.89,0.15));
#4361 = VECTOR('',#4362,1.);
#4362 = DIRECTION('',(3.330669073875E-16,1.,-6.162975822039E-32));
#4363 = ORIENTED_EDGE('',*,*,#4364,.T.);
#4364 = EDGE_CURVE('',#4357,#4365,#4367,.T.);
#4365 = VERTEX_POINT('',#4366);
#4366 = CARTESIAN_POINT('',(-1.15,2.4,-4.163336342344E-17));
#4367 = LINE('',#4368,#4369);
#4368 = CARTESIAN_POINT('',(-1.15,2.4,0.15));
#4369 = VECTOR('',#4370,1.);
#4370 = DIRECTION('',(4.930380657631E-32,-1.110223024625E-16,-1.));
#4371 = ORIENTED_EDGE('',*,*,#4372,.F.);
#4372 = EDGE_CURVE('',#4373,#4365,#4375,.T.);
#4373 = VERTEX_POINT('',#4374);
#4374 = CARTESIAN_POINT('',(-1.15,1.79,-6.938893903907E-17));
#4375 = LINE('',#4376,#4377);
#4376 = CARTESIAN_POINT('',(-1.15,1.79,-4.163336342344E-17));
#4377 = VECTOR('',#4378,1.);
#4378 = DIRECTION('',(3.330669073875E-16,1.,-6.162975822039E-32));
#4379 = ORIENTED_EDGE('',*,*,#4380,.F.);
#4380 = EDGE_CURVE('',#4308,#4373,#4381,.T.);
#4381 = LINE('',#4382,#4383);
#4382 = CARTESIAN_POINT('',(-1.15,1.5,0.45));
#4383 = VECTOR('',#4384,1.);
#4384 = DIRECTION('',(1.804227879521E-16,0.541701333727,-0.840571035094)
  );
#4385 = PLANE('',#4386);
#4386 = AXIS2_PLACEMENT_3D('',#4387,#4388,#4389);
#4387 = CARTESIAN_POINT('',(-1.15,-2.4,-4.163336342344E-17));
#4388 = DIRECTION('',(-1.,1.820037745287E-16,1.294249063315E-16));
#4389 = DIRECTION('',(-1.820037745287E-16,-1.,-1.110223024625E-16));
#4390 = ADVANCED_FACE('',(#4391),#4409,.T.);
#4391 = FACE_BOUND('',#4392,.T.);
#4392 = EDGE_LOOP('',(#4393,#4394,#4395,#4403));
#4393 = ORIENTED_EDGE('',*,*,#4340,.F.);
#4394 = ORIENTED_EDGE('',*,*,#3817,.F.);
#4395 = ORIENTED_EDGE('',*,*,#4396,.T.);
#4396 = EDGE_CURVE('',#3810,#4397,#4399,.T.);
#4397 = VERTEX_POINT('',#4398);
#4398 = CARTESIAN_POINT('',(-0.65,1.6,0.6));
#4399 = LINE('',#4400,#4401);
#4400 = CARTESIAN_POINT('',(-0.65,-1.6,0.6));
#4401 = VECTOR('',#4402,1.);
#4402 = DIRECTION('',(3.330669073875E-16,1.,-6.162975822039E-32));
#4403 = ORIENTED_EDGE('',*,*,#4404,.F.);
#4404 = EDGE_CURVE('',#4341,#4397,#4405,.T.);
#4405 = LINE('',#4406,#4407);
#4406 = CARTESIAN_POINT('',(-1.15,1.6,0.6));
#4407 = VECTOR('',#4408,1.);
#4408 = DIRECTION('',(1.,-1.110223024625E-16,1.665334536938E-16));
#4409 = PLANE('',#4410);
#4410 = AXIS2_PLACEMENT_3D('',#4411,#4412,#4413);
#4411 = CARTESIAN_POINT('',(-1.15,-1.6,0.6));
#4412 = DIRECTION('',(-1.665334536938E-16,1.232595164408E-31,1.));
#4413 = DIRECTION('',(3.330669073875E-16,1.,-6.779273404245E-32));
#4414 = ADVANCED_FACE('',(#4415),#4458,.F.);
#4415 = FACE_BOUND('',#4416,.F.);
#4416 = EDGE_LOOP('',(#4417,#4418,#4419,#4420,#4428,#4436,#4444,#4452));
#4417 = ORIENTED_EDGE('',*,*,#4316,.F.);
#4418 = ORIENTED_EDGE('',*,*,#3809,.F.);
#4419 = ORIENTED_EDGE('',*,*,#4396,.T.);
#4420 = ORIENTED_EDGE('',*,*,#4421,.T.);
#4421 = EDGE_CURVE('',#4397,#4422,#4424,.T.);
#4422 = VERTEX_POINT('',#4423);
#4423 = CARTESIAN_POINT('',(-0.65,1.89,0.15));
#4424 = LINE('',#4425,#4426);
#4425 = CARTESIAN_POINT('',(-0.65,1.6,0.6));
#4426 = VECTOR('',#4427,1.);
#4427 = DIRECTION('',(1.804227879521E-16,0.541701333727,-0.840571035094)
  );
#4428 = ORIENTED_EDGE('',*,*,#4429,.T.);
#4429 = EDGE_CURVE('',#4422,#4430,#4432,.T.);
#4430 = VERTEX_POINT('',#4431);
#4431 = CARTESIAN_POINT('',(-0.65,2.4,0.15));
#4432 = LINE('',#4433,#4434);
#4433 = CARTESIAN_POINT('',(-0.65,1.89,0.15));
#4434 = VECTOR('',#4435,1.);
#4435 = DIRECTION('',(3.330669073875E-16,1.,-6.162975822039E-32));
#4436 = ORIENTED_EDGE('',*,*,#4437,.T.);
#4437 = EDGE_CURVE('',#4430,#4438,#4440,.T.);
#4438 = VERTEX_POINT('',#4439);
#4439 = CARTESIAN_POINT('',(-0.65,2.4,4.163336342344E-17));
#4440 = LINE('',#4441,#4442);
#4441 = CARTESIAN_POINT('',(-0.65,2.4,0.15));
#4442 = VECTOR('',#4443,1.);
#4443 = DIRECTION('',(4.930380657631E-32,-1.110223024625E-16,-1.));
#4444 = ORIENTED_EDGE('',*,*,#4445,.F.);
#4445 = EDGE_CURVE('',#4446,#4438,#4448,.T.);
#4446 = VERTEX_POINT('',#4447);
#4447 = CARTESIAN_POINT('',(-0.65,1.79,1.387778780781E-17));
#4448 = LINE('',#4449,#4450);
#4449 = CARTESIAN_POINT('',(-0.65,1.79,4.163336342344E-17));
#4450 = VECTOR('',#4451,1.);
#4451 = DIRECTION('',(3.330669073875E-16,1.,-6.162975822039E-32));
#4452 = ORIENTED_EDGE('',*,*,#4453,.F.);
#4453 = EDGE_CURVE('',#4317,#4446,#4454,.T.);
#4454 = LINE('',#4455,#4456);
#4455 = CARTESIAN_POINT('',(-0.65,1.5,0.45));
#4456 = VECTOR('',#4457,1.);
#4457 = DIRECTION('',(1.804227879521E-16,0.541701333727,-0.840571035094)
  );
#4458 = PLANE('',#4459);
#4459 = AXIS2_PLACEMENT_3D('',#4460,#4461,#4462);
#4460 = CARTESIAN_POINT('',(-0.65,-2.4,4.163336342344E-17));
#4461 = DIRECTION('',(-1.,1.820037745287E-16,1.294249063315E-16));
#4462 = DIRECTION('',(-1.820037745287E-16,-1.,-1.110223024625E-16));
#4463 = ADVANCED_FACE('',(#4464),#4489,.F.);
#4464 = FACE_BOUND('',#4465,.T.);
#4465 = EDGE_LOOP('',(#4466,#4474,#4475,#4483));
#4466 = ORIENTED_EDGE('',*,*,#4467,.F.);
#4467 = EDGE_CURVE('',#3852,#4468,#4470,.T.);
#4468 = VERTEX_POINT('',#4469);
#4469 = CARTESIAN_POINT('',(-1.1601,-0.8501,1.299));
#4470 = LINE('',#4471,#4472);
#4471 = CARTESIAN_POINT('',(-0.960033333333,-0.650033333333,
    1.098933333333));
#4472 = VECTOR('',#4473,1.);
#4473 = DIRECTION('',(0.57735026919,0.57735026919,-0.57735026919));
#4474 = ORIENTED_EDGE('',*,*,#3859,.T.);
#4475 = ORIENTED_EDGE('',*,*,#4476,.T.);
#4476 = EDGE_CURVE('',#3860,#4477,#4479,.T.);
#4477 = VERTEX_POINT('',#4478);
#4478 = CARTESIAN_POINT('',(-0.3599,-0.8501,1.299));
#4479 = LINE('',#4480,#4481);
#4480 = CARTESIAN_POINT('',(-0.4433,-0.7667,1.2156));
#4481 = VECTOR('',#4482,1.);
#4482 = DIRECTION('',(-0.57735026919,0.57735026919,-0.57735026919));
#4483 = ORIENTED_EDGE('',*,*,#4484,.F.);
#4484 = EDGE_CURVE('',#4468,#4477,#4485,.T.);
#4485 = LINE('',#4486,#4487);
#4486 = CARTESIAN_POINT('',(-1.31,-0.8501,1.299));
#4487 = VECTOR('',#4488,1.);
#4488 = DIRECTION('',(1.,0.,0.));
#4489 = PLANE('',#4490);
#4490 = AXIS2_PLACEMENT_3D('',#4491,#4492,#4493);
#4491 = CARTESIAN_POINT('',(-1.31,-0.92505,1.37395));
#4492 = DIRECTION('',(0.,-0.707106781187,-0.707106781187));
#4493 = DIRECTION('',(-1.,-0.,0.));
#4494 = ADVANCED_FACE('',(#4495),#4513,.F.);
#4495 = FACE_BOUND('',#4496,.T.);
#4496 = EDGE_LOOP('',(#4497,#4498,#4499,#4507));
#4497 = ORIENTED_EDGE('',*,*,#4476,.F.);
#4498 = ORIENTED_EDGE('',*,*,#3883,.T.);
#4499 = ORIENTED_EDGE('',*,*,#4500,.T.);
#4500 = EDGE_CURVE('',#3884,#4501,#4503,.T.);
#4501 = VERTEX_POINT('',#4502);
#4502 = CARTESIAN_POINT('',(-0.3599,0.8501,1.299));
#4503 = LINE('',#4504,#4505);
#4504 = CARTESIAN_POINT('',(-0.5933,0.6167,1.0656));
#4505 = VECTOR('',#4506,1.);
#4506 = DIRECTION('',(-0.57735026919,-0.57735026919,-0.57735026919));
#4507 = ORIENTED_EDGE('',*,*,#4508,.F.);
#4508 = EDGE_CURVE('',#4477,#4501,#4509,.T.);
#4509 = LINE('',#4510,#4511);
#4510 = CARTESIAN_POINT('',(-0.3599,-1.,1.299));
#4511 = VECTOR('',#4512,1.);
#4512 = DIRECTION('',(0.,1.,0.));
#4513 = PLANE('',#4514);
#4514 = AXIS2_PLACEMENT_3D('',#4515,#4516,#4517);
#4515 = CARTESIAN_POINT('',(-0.28495,-1.,1.37395));
#4516 = DIRECTION('',(0.707106781187,0.,-0.707106781187));
#4517 = DIRECTION('',(0.,-1.,0.));
#4518 = ADVANCED_FACE('',(#4519),#4537,.F.);
#4519 = FACE_BOUND('',#4520,.T.);
#4520 = EDGE_LOOP('',(#4521,#4522,#4523,#4531));
#4521 = ORIENTED_EDGE('',*,*,#4500,.F.);
#4522 = ORIENTED_EDGE('',*,*,#3907,.T.);
#4523 = ORIENTED_EDGE('',*,*,#4524,.T.);
#4524 = EDGE_CURVE('',#3908,#4525,#4527,.T.);
#4525 = VERTEX_POINT('',#4526);
#4526 = CARTESIAN_POINT('',(-1.047909387,0.8501,1.299));
#4527 = LINE('',#4528,#4529);
#4528 = CARTESIAN_POINT('',(-1.034680181153,0.818161871826,
    1.267061871826));
#4529 = VECTOR('',#4530,1.);
#4530 = DIRECTION('',(0.281084637715,-0.678598344546,-0.678598344546));
#4531 = ORIENTED_EDGE('',*,*,#4532,.F.);
#4532 = EDGE_CURVE('',#4501,#4525,#4533,.T.);
#4533 = LINE('',#4534,#4535);
#4534 = CARTESIAN_POINT('',(-0.21,0.8501,1.299));
#4535 = VECTOR('',#4536,1.);
#4536 = DIRECTION('',(-1.,0.,0.));
#4537 = PLANE('',#4538);
#4538 = AXIS2_PLACEMENT_3D('',#4539,#4540,#4541);
#4539 = CARTESIAN_POINT('',(-0.21,0.92505,1.37395));
#4540 = DIRECTION('',(0.,0.707106781187,-0.707106781187));
#4541 = DIRECTION('',(1.,0.,0.));
#4542 = ADVANCED_FACE('',(#4543),#4561,.T.);
#4543 = FACE_BOUND('',#4544,.F.);
#4544 = EDGE_LOOP('',(#4545,#4553,#4554,#4555));
#4545 = ORIENTED_EDGE('',*,*,#4546,.F.);
#4546 = EDGE_CURVE('',#3931,#4547,#4549,.T.);
#4547 = VERTEX_POINT('',#4548);
#4548 = CARTESIAN_POINT('',(-1.1601,0.737909387,1.299));
#4549 = LINE('',#4550,#4551);
#4550 = CARTESIAN_POINT('',(-1.240971692588,0.771407538882,
    1.379871692588));
#4551 = VECTOR('',#4552,1.);
#4552 = DIRECTION('',(0.678598344546,-0.281084637715,-0.678598344546));
#4553 = ORIENTED_EDGE('',*,*,#3938,.T.);
#4554 = ORIENTED_EDGE('',*,*,#4524,.T.);
#4555 = ORIENTED_EDGE('',*,*,#4556,.F.);
#4556 = EDGE_CURVE('',#4547,#4525,#4557,.T.);
#4557 = LINE('',#4558,#4559);
#4558 = CARTESIAN_POINT('',(-1.2040046935,0.6940046935,1.299));
#4559 = VECTOR('',#4560,1.);
#4560 = DIRECTION('',(0.707106781187,0.707106781186,0.));
#4561 = PLANE('',#4562);
#4562 = AXIS2_PLACEMENT_3D('',#4563,#4564,#4565);
#4563 = CARTESIAN_POINT('',(-1.25700234675,0.74700234675,1.37395));
#4564 = DIRECTION('',(0.5,-0.5,0.707106781187));
#4565 = DIRECTION('',(-0.707106781187,-0.707106781186,3.534950110406E-13
    ));
#4566 = ADVANCED_FACE('',(#4567),#4578,.F.);
#4567 = FACE_BOUND('',#4568,.T.);
#4568 = EDGE_LOOP('',(#4569,#4570,#4571,#4572));
#4569 = ORIENTED_EDGE('',*,*,#4546,.F.);
#4570 = ORIENTED_EDGE('',*,*,#3955,.T.);
#4571 = ORIENTED_EDGE('',*,*,#4467,.T.);
#4572 = ORIENTED_EDGE('',*,*,#4573,.F.);
#4573 = EDGE_CURVE('',#4547,#4468,#4574,.T.);
#4574 = LINE('',#4575,#4576);
#4575 = CARTESIAN_POINT('',(-1.1601,0.8,1.299));
#4576 = VECTOR('',#4577,1.);
#4577 = DIRECTION('',(0.,-1.,0.));
#4578 = PLANE('',#4579);
#4579 = AXIS2_PLACEMENT_3D('',#4580,#4581,#4582);
#4580 = CARTESIAN_POINT('',(-1.23505,0.8,1.37395));
#4581 = DIRECTION('',(-0.707106781187,-1.735113224731E-18,
    -0.707106781187));
#4582 = DIRECTION('',(-1.226910327334E-18,1.,-1.226910327334E-18));
#4583 = ADVANCED_FACE('',(#4584),#4609,.F.);
#4584 = FACE_BOUND('',#4585,.F.);
#4585 = EDGE_LOOP('',(#4586,#4594,#4595,#4603));
#4586 = ORIENTED_EDGE('',*,*,#4587,.F.);
#4587 = EDGE_CURVE('',#3972,#4588,#4590,.T.);
#4588 = VERTEX_POINT('',#4589);
#4589 = CARTESIAN_POINT('',(0.3599,-0.8501,1.299));
#4590 = LINE('',#4591,#4592);
#4591 = CARTESIAN_POINT('',(0.4433,-0.7667,1.2156));
#4592 = VECTOR('',#4593,1.);
#4593 = DIRECTION('',(0.57735026919,0.57735026919,-0.57735026919));
#4594 = ORIENTED_EDGE('',*,*,#3979,.T.);
#4595 = ORIENTED_EDGE('',*,*,#4596,.T.);
#4596 = EDGE_CURVE('',#3980,#4597,#4599,.T.);
#4597 = VERTEX_POINT('',#4598);
#4598 = CARTESIAN_POINT('',(0.3599,0.8501,1.299));
#4599 = LINE('',#4600,#4601);
#4600 = CARTESIAN_POINT('',(0.5933,0.6167,1.0656));
#4601 = VECTOR('',#4602,1.);
#4602 = DIRECTION('',(0.57735026919,-0.57735026919,-0.57735026919));
#4603 = ORIENTED_EDGE('',*,*,#4604,.F.);
#4604 = EDGE_CURVE('',#4588,#4597,#4605,.T.);
#4605 = LINE('',#4606,#4607);
#4606 = CARTESIAN_POINT('',(0.3599,-1.,1.299));
#4607 = VECTOR('',#4608,1.);
#4608 = DIRECTION('',(0.,1.,0.));
#4609 = PLANE('',#4610);
#4610 = AXIS2_PLACEMENT_3D('',#4611,#4612,#4613);
#4611 = CARTESIAN_POINT('',(0.28495,-1.,1.37395));
#4612 = DIRECTION('',(-0.707106781187,0.,-0.707106781187));
#4613 = DIRECTION('',(0.,1.,0.));
#4614 = ADVANCED_FACE('',(#4615),#4633,.F.);
#4615 = FACE_BOUND('',#4616,.F.);
#4616 = EDGE_LOOP('',(#4617,#4625,#4626,#4627));
#4617 = ORIENTED_EDGE('',*,*,#4618,.F.);
#4618 = EDGE_CURVE('',#4003,#4619,#4621,.T.);
#4619 = VERTEX_POINT('',#4620);
#4620 = CARTESIAN_POINT('',(1.1601,-0.8501,1.299));
#4621 = LINE('',#4622,#4623);
#4622 = CARTESIAN_POINT('',(0.9267,-0.6167,1.0656));
#4623 = VECTOR('',#4624,1.);
#4624 = DIRECTION('',(-0.57735026919,0.57735026919,-0.57735026919));
#4625 = ORIENTED_EDGE('',*,*,#4010,.T.);
#4626 = ORIENTED_EDGE('',*,*,#4587,.T.);
#4627 = ORIENTED_EDGE('',*,*,#4628,.F.);
#4628 = EDGE_CURVE('',#4619,#4588,#4629,.T.);
#4629 = LINE('',#4630,#4631);
#4630 = CARTESIAN_POINT('',(1.31,-0.8501,1.299));
#4631 = VECTOR('',#4632,1.);
#4632 = DIRECTION('',(-1.,0.,0.));
#4633 = PLANE('',#4634);
#4634 = AXIS2_PLACEMENT_3D('',#4635,#4636,#4637);
#4635 = CARTESIAN_POINT('',(1.31,-0.92505,1.37395));
#4636 = DIRECTION('',(0.,-0.707106781187,-0.707106781187));
#4637 = DIRECTION('',(-1.,-0.,0.));
#4638 = ADVANCED_FACE('',(#4639),#4657,.F.);
#4639 = FACE_BOUND('',#4640,.F.);
#4640 = EDGE_LOOP('',(#4641,#4649,#4650,#4651));
#4641 = ORIENTED_EDGE('',*,*,#4642,.F.);
#4642 = EDGE_CURVE('',#4027,#4643,#4645,.T.);
#4643 = VERTEX_POINT('',#4644);
#4644 = CARTESIAN_POINT('',(1.1601,0.8501,1.299));
#4645 = LINE('',#4646,#4647);
#4646 = CARTESIAN_POINT('',(1.0767,0.7667,1.2156));
#4647 = VECTOR('',#4648,1.);
#4648 = DIRECTION('',(-0.57735026919,-0.57735026919,-0.57735026919));
#4649 = ORIENTED_EDGE('',*,*,#4034,.T.);
#4650 = ORIENTED_EDGE('',*,*,#4618,.T.);
#4651 = ORIENTED_EDGE('',*,*,#4652,.F.);
#4652 = EDGE_CURVE('',#4643,#4619,#4653,.T.);
#4653 = LINE('',#4654,#4655);
#4654 = CARTESIAN_POINT('',(1.1601,1.,1.299));
#4655 = VECTOR('',#4656,1.);
#4656 = DIRECTION('',(0.,-1.,0.));
#4657 = PLANE('',#4658);
#4658 = AXIS2_PLACEMENT_3D('',#4659,#4660,#4661);
#4659 = CARTESIAN_POINT('',(1.23505,1.,1.37395));
#4660 = DIRECTION('',(0.707106781187,1.735113224731E-18,-0.707106781187)
  );
#4661 = DIRECTION('',(1.226910327334E-18,-1.,-1.226910327334E-18));
#4662 = ADVANCED_FACE('',(#4663),#4674,.F.);
#4663 = FACE_BOUND('',#4664,.F.);
#4664 = EDGE_LOOP('',(#4665,#4666,#4667,#4668));
#4665 = ORIENTED_EDGE('',*,*,#4596,.F.);
#4666 = ORIENTED_EDGE('',*,*,#4051,.T.);
#4667 = ORIENTED_EDGE('',*,*,#4642,.T.);
#4668 = ORIENTED_EDGE('',*,*,#4669,.F.);
#4669 = EDGE_CURVE('',#4597,#4643,#4670,.T.);
#4670 = LINE('',#4671,#4672);
#4671 = CARTESIAN_POINT('',(0.21,0.8501,1.299));
#4672 = VECTOR('',#4673,1.);
#4673 = DIRECTION('',(1.,0.,0.));
#4674 = PLANE('',#4675);
#4675 = AXIS2_PLACEMENT_3D('',#4676,#4677,#4678);
#4676 = CARTESIAN_POINT('',(0.21,0.92505,1.37395));
#4677 = DIRECTION('',(0.,0.707106781187,-0.707106781187));
#4678 = DIRECTION('',(1.,0.,0.));
#4679 = ADVANCED_FACE('',(#4680),#4691,.F.);
#4680 = FACE_BOUND('',#4681,.F.);
#4681 = EDGE_LOOP('',(#4682,#4683,#4684,#4690));
#4682 = ORIENTED_EDGE('',*,*,#4164,.T.);
#4683 = ORIENTED_EDGE('',*,*,#4293,.T.);
#4684 = ORIENTED_EDGE('',*,*,#4685,.F.);
#4685 = EDGE_CURVE('',#4213,#4286,#4686,.T.);
#4686 = LINE('',#4687,#4688);
#4687 = CARTESIAN_POINT('',(0.65,1.79,-6.938893903907E-17));
#4688 = VECTOR('',#4689,1.);
#4689 = DIRECTION('',(1.,-1.110223024625E-16,1.665334536938E-16));
#4690 = ORIENTED_EDGE('',*,*,#4220,.F.);
#4691 = PLANE('',#4692);
#4692 = AXIS2_PLACEMENT_3D('',#4693,#4694,#4695);
#4693 = CARTESIAN_POINT('',(0.65,1.5,0.45));
#4694 = DIRECTION('',(3.110737723312E-18,0.840571035094,0.541701333727)
  );
#4695 = DIRECTION('',(1.804227879521E-16,0.541701333727,-0.840571035094)
  );
#4696 = ADVANCED_FACE('',(#4697),#4708,.F.);
#4697 = FACE_BOUND('',#4698,.F.);
#4698 = EDGE_LOOP('',(#4699,#4700,#4701,#4707));
#4699 = ORIENTED_EDGE('',*,*,#4685,.T.);
#4700 = ORIENTED_EDGE('',*,*,#4285,.T.);
#4701 = ORIENTED_EDGE('',*,*,#4702,.F.);
#4702 = EDGE_CURVE('',#4205,#4278,#4703,.T.);
#4703 = LINE('',#4704,#4705);
#4704 = CARTESIAN_POINT('',(0.65,2.4,-4.163336342344E-17));
#4705 = VECTOR('',#4706,1.);
#4706 = DIRECTION('',(1.,-1.110223024625E-16,1.665334536938E-16));
#4707 = ORIENTED_EDGE('',*,*,#4212,.F.);
#4708 = PLANE('',#4709);
#4709 = AXIS2_PLACEMENT_3D('',#4710,#4711,#4712);
#4710 = CARTESIAN_POINT('',(0.65,1.79,-4.163336342344E-17));
#4711 = DIRECTION('',(-1.665334536938E-16,1.232595164408E-31,1.));
#4712 = DIRECTION('',(3.330669073875E-16,1.,-6.779273404245E-32));
#4713 = ADVANCED_FACE('',(#4714),#4725,.T.);
#4714 = FACE_BOUND('',#4715,.T.);
#4715 = EDGE_LOOP('',(#4716,#4722,#4723,#4724));
#4716 = ORIENTED_EDGE('',*,*,#4717,.T.);
#4717 = EDGE_CURVE('',#4197,#4270,#4718,.T.);
#4718 = LINE('',#4719,#4720);
#4719 = CARTESIAN_POINT('',(0.65,2.4,0.15));
#4720 = VECTOR('',#4721,1.);
#4721 = DIRECTION('',(1.,-1.110223024625E-16,1.665334536938E-16));
#4722 = ORIENTED_EDGE('',*,*,#4277,.T.);
#4723 = ORIENTED_EDGE('',*,*,#4702,.F.);
#4724 = ORIENTED_EDGE('',*,*,#4204,.F.);
#4725 = PLANE('',#4726);
#4726 = AXIS2_PLACEMENT_3D('',#4727,#4728,#4729);
#4727 = CARTESIAN_POINT('',(0.65,2.4,0.15));
#4728 = DIRECTION('',(1.110223024625E-16,1.,-1.110223024625E-16));
#4729 = DIRECTION('',(8.628166150855E-32,-1.110223024625E-16,-1.));
#4730 = ADVANCED_FACE('',(#4731),#4742,.T.);
#4731 = FACE_BOUND('',#4732,.T.);
#4732 = EDGE_LOOP('',(#4733,#4739,#4740,#4741));
#4733 = ORIENTED_EDGE('',*,*,#4734,.T.);
#4734 = EDGE_CURVE('',#4189,#4262,#4735,.T.);
#4735 = LINE('',#4736,#4737);
#4736 = CARTESIAN_POINT('',(0.65,1.89,0.15));
#4737 = VECTOR('',#4738,1.);
#4738 = DIRECTION('',(1.,-1.110223024625E-16,1.665334536938E-16));
#4739 = ORIENTED_EDGE('',*,*,#4269,.T.);
#4740 = ORIENTED_EDGE('',*,*,#4717,.F.);
#4741 = ORIENTED_EDGE('',*,*,#4196,.F.);
#4742 = PLANE('',#4743);
#4743 = AXIS2_PLACEMENT_3D('',#4744,#4745,#4746);
#4744 = CARTESIAN_POINT('',(0.65,1.89,0.15));
#4745 = DIRECTION('',(-1.665334536938E-16,1.232595164408E-31,1.));
#4746 = DIRECTION('',(3.330669073875E-16,1.,-6.779273404245E-32));
#4747 = ADVANCED_FACE('',(#4748),#4754,.T.);
#4748 = FACE_BOUND('',#4749,.T.);
#4749 = EDGE_LOOP('',(#4750,#4751,#4752,#4753));
#4750 = ORIENTED_EDGE('',*,*,#4244,.T.);
#4751 = ORIENTED_EDGE('',*,*,#4261,.T.);
#4752 = ORIENTED_EDGE('',*,*,#4734,.F.);
#4753 = ORIENTED_EDGE('',*,*,#4188,.F.);
#4754 = PLANE('',#4755);
#4755 = AXIS2_PLACEMENT_3D('',#4756,#4757,#4758);
#4756 = CARTESIAN_POINT('',(0.65,1.6,0.6));
#4757 = DIRECTION('',(3.110737723312E-18,0.840571035094,0.541701333727)
  );
#4758 = DIRECTION('',(1.804227879521E-16,0.541701333727,-0.840571035094)
  );
#4759 = ADVANCED_FACE('',(#4760),#4771,.F.);
#4760 = FACE_BOUND('',#4761,.F.);
#4761 = EDGE_LOOP('',(#4762,#4763,#4764,#4770));
#4762 = ORIENTED_EDGE('',*,*,#4324,.T.);
#4763 = ORIENTED_EDGE('',*,*,#4453,.T.);
#4764 = ORIENTED_EDGE('',*,*,#4765,.F.);
#4765 = EDGE_CURVE('',#4373,#4446,#4766,.T.);
#4766 = LINE('',#4767,#4768);
#4767 = CARTESIAN_POINT('',(-1.15,1.79,-6.938893903907E-17));
#4768 = VECTOR('',#4769,1.);
#4769 = DIRECTION('',(1.,-1.110223024625E-16,1.665334536938E-16));
#4770 = ORIENTED_EDGE('',*,*,#4380,.F.);
#4771 = PLANE('',#4772);
#4772 = AXIS2_PLACEMENT_3D('',#4773,#4774,#4775);
#4773 = CARTESIAN_POINT('',(-1.15,1.5,0.45));
#4774 = DIRECTION('',(3.110737723312E-18,0.840571035094,0.541701333727)
  );
#4775 = DIRECTION('',(1.804227879521E-16,0.541701333727,-0.840571035094)
  );
#4776 = ADVANCED_FACE('',(#4777),#4788,.F.);
#4777 = FACE_BOUND('',#4778,.F.);
#4778 = EDGE_LOOP('',(#4779,#4780,#4781,#4787));
#4779 = ORIENTED_EDGE('',*,*,#4765,.T.);
#4780 = ORIENTED_EDGE('',*,*,#4445,.T.);
#4781 = ORIENTED_EDGE('',*,*,#4782,.F.);
#4782 = EDGE_CURVE('',#4365,#4438,#4783,.T.);
#4783 = LINE('',#4784,#4785);
#4784 = CARTESIAN_POINT('',(-1.15,2.4,-4.163336342344E-17));
#4785 = VECTOR('',#4786,1.);
#4786 = DIRECTION('',(1.,-1.110223024625E-16,1.665334536938E-16));
#4787 = ORIENTED_EDGE('',*,*,#4372,.F.);
#4788 = PLANE('',#4789);
#4789 = AXIS2_PLACEMENT_3D('',#4790,#4791,#4792);
#4790 = CARTESIAN_POINT('',(-1.15,1.79,-4.163336342344E-17));
#4791 = DIRECTION('',(-1.665334536938E-16,1.232595164408E-31,1.));
#4792 = DIRECTION('',(3.330669073875E-16,1.,-6.779273404245E-32));
#4793 = ADVANCED_FACE('',(#4794),#4805,.T.);
#4794 = FACE_BOUND('',#4795,.T.);
#4795 = EDGE_LOOP('',(#4796,#4802,#4803,#4804));
#4796 = ORIENTED_EDGE('',*,*,#4797,.T.);
#4797 = EDGE_CURVE('',#4357,#4430,#4798,.T.);
#4798 = LINE('',#4799,#4800);
#4799 = CARTESIAN_POINT('',(-1.15,2.4,0.15));
#4800 = VECTOR('',#4801,1.);
#4801 = DIRECTION('',(1.,-1.110223024625E-16,1.665334536938E-16));
#4802 = ORIENTED_EDGE('',*,*,#4437,.T.);
#4803 = ORIENTED_EDGE('',*,*,#4782,.F.);
#4804 = ORIENTED_EDGE('',*,*,#4364,.F.);
#4805 = PLANE('',#4806);
#4806 = AXIS2_PLACEMENT_3D('',#4807,#4808,#4809);
#4807 = CARTESIAN_POINT('',(-1.15,2.4,0.15));
#4808 = DIRECTION('',(1.110223024625E-16,1.,-1.110223024625E-16));
#4809 = DIRECTION('',(8.628166150855E-32,-1.110223024625E-16,-1.));
#4810 = ADVANCED_FACE('',(#4811),#4822,.T.);
#4811 = FACE_BOUND('',#4812,.T.);
#4812 = EDGE_LOOP('',(#4813,#4819,#4820,#4821));
#4813 = ORIENTED_EDGE('',*,*,#4814,.T.);
#4814 = EDGE_CURVE('',#4349,#4422,#4815,.T.);
#4815 = LINE('',#4816,#4817);
#4816 = CARTESIAN_POINT('',(-1.15,1.89,0.15));
#4817 = VECTOR('',#4818,1.);
#4818 = DIRECTION('',(1.,-1.110223024625E-16,1.665334536938E-16));
#4819 = ORIENTED_EDGE('',*,*,#4429,.T.);
#4820 = ORIENTED_EDGE('',*,*,#4797,.F.);
#4821 = ORIENTED_EDGE('',*,*,#4356,.F.);
#4822 = PLANE('',#4823);
#4823 = AXIS2_PLACEMENT_3D('',#4824,#4825,#4826);
#4824 = CARTESIAN_POINT('',(-1.15,1.89,0.15));
#4825 = DIRECTION('',(-1.665334536938E-16,1.232595164408E-31,1.));
#4826 = DIRECTION('',(3.330669073875E-16,1.,-6.779273404245E-32));
#4827 = ADVANCED_FACE('',(#4828),#4834,.T.);
#4828 = FACE_BOUND('',#4829,.T.);
#4829 = EDGE_LOOP('',(#4830,#4831,#4832,#4833));
#4830 = ORIENTED_EDGE('',*,*,#4404,.T.);
#4831 = ORIENTED_EDGE('',*,*,#4421,.T.);
#4832 = ORIENTED_EDGE('',*,*,#4814,.F.);
#4833 = ORIENTED_EDGE('',*,*,#4348,.F.);
#4834 = PLANE('',#4835);
#4835 = AXIS2_PLACEMENT_3D('',#4836,#4837,#4838);
#4836 = CARTESIAN_POINT('',(-1.15,1.6,0.6));
#4837 = DIRECTION('',(3.110737723312E-18,0.840571035094,0.541701333727)
  );
#4838 = DIRECTION('',(1.804227879521E-16,0.541701333727,-0.840571035094)
  );
#4839 = ADVANCED_FACE('',(#4840),#4847,.F.);
#4840 = FACE_BOUND('',#4841,.F.);
#4841 = EDGE_LOOP('',(#4842,#4843,#4844,#4845,#4846));
#4842 = ORIENTED_EDGE('',*,*,#4556,.T.);
#4843 = ORIENTED_EDGE('',*,*,#4532,.F.);
#4844 = ORIENTED_EDGE('',*,*,#4508,.F.);
#4845 = ORIENTED_EDGE('',*,*,#4484,.F.);
#4846 = ORIENTED_EDGE('',*,*,#4573,.F.);
#4847 = PLANE('',#4848);
#4848 = AXIS2_PLACEMENT_3D('',#4849,#4850,#4851);
#4849 = CARTESIAN_POINT('',(-1.31,-1.,1.299));
#4850 = DIRECTION('',(0.,0.,-1.));
#4851 = DIRECTION('',(-1.,0.,0.));
#4852 = ADVANCED_FACE('',(#4853),#4859,.T.);
#4853 = FACE_BOUND('',#4854,.T.);
#4854 = EDGE_LOOP('',(#4855,#4856,#4857,#4858));
#4855 = ORIENTED_EDGE('',*,*,#4604,.F.);
#4856 = ORIENTED_EDGE('',*,*,#4628,.F.);
#4857 = ORIENTED_EDGE('',*,*,#4652,.F.);
#4858 = ORIENTED_EDGE('',*,*,#4669,.F.);
#4859 = PLANE('',#4860);
#4860 = AXIS2_PLACEMENT_3D('',#4861,#4862,#4863);
#4861 = CARTESIAN_POINT('',(0.21,1.,1.299));
#4862 = DIRECTION('',(0.,0.,1.));
#4863 = DIRECTION('',(1.,0.,-0.));
#4864 = ( GEOMETRIC_REPRESENTATION_CONTEXT(3) 
GLOBAL_UNCERTAINTY_ASSIGNED_CONTEXT((#4868)) 
GLOBAL_UNIT_ASSIGNED_CONTEXT((#4865,#4866,#4867)) REPRESENTATION_CONTEXT
('Context #1','3D Context with UNIT and UNCERTAINTY') );
#4865 = ( LENGTH_UNIT() NAMED_UNIT(*) SI_UNIT(.MILLI.,.METRE.) );
#4866 = ( NAMED_UNIT(*) PLANE_ANGLE_UNIT() SI_UNIT($,.RADIAN.) );
#4867 = ( NAMED_UNIT(*) SI_UNIT($,.STERADIAN.) SOLID_ANGLE_UNIT() );
#4868 = UNCERTAINTY_MEASURE_WITH_UNIT(LENGTH_MEASURE(1.E-07),#4865,
  'distance_accuracy_value','confusion accuracy');
#4869 = CONTEXT_DEPENDENT_SHAPE_REPRESENTATION(#4870,#4872);
#4870 = ( REPRESENTATION_RELATIONSHIP('','',#3051,#3028) 
REPRESENTATION_RELATIONSHIP_WITH_TRANSFORMATION(#4871) 
SHAPE_REPRESENTATION_RELATIONSHIP() );
#4871 = ITEM_DEFINED_TRANSFORMATION('','',#11,#3029);
#4872 = PRODUCT_DEFINITION_SHAPE('Placement','Placement of an item',
  #4873);
#4873 = NEXT_ASSEMBLY_USAGE_OCCURRENCE('5','=>[0:1:1:7]','',#3023,#3046,
  $);
#4874 = PRODUCT_RELATED_PRODUCT_CATEGORY('part',$,(#3048));
#4875 = CONTEXT_DEPENDENT_SHAPE_REPRESENTATION(#4876,#4878);
#4876 = ( REPRESENTATION_RELATIONSHIP('','',#48,#10) 
REPRESENTATION_RELATIONSHIP_WITH_TRANSFORMATION(#4877) 
SHAPE_REPRESENTATION_RELATIONSHIP() );
#4877 = ITEM_DEFINED_TRANSFORMATION('','',#11,#27);
#4878 = PRODUCT_DEFINITION_SHAPE('Placement','Placement of an item',
  #4879);
#4879 = NEXT_ASSEMBLY_USAGE_OCCURRENCE('7','R1','',#5,#43,$);
#4880 = SHAPE_DEFINITION_REPRESENTATION(#4881,#4887);
#4881 = PRODUCT_DEFINITION_SHAPE('','',#4882);
#4882 = PRODUCT_DEFINITION('design','',#4883,#4886);
#4883 = PRODUCT_DEFINITION_FORMATION('','',#4884);
#4884 = PRODUCT('line_PCB','line_PCB','',(#4885));
#4885 = PRODUCT_CONTEXT('',#2,'mechanical');
#4886 = PRODUCT_DEFINITION_CONTEXT('part definition',#2,'design');
#4887 = ADVANCED_BREP_SHAPE_REPRESENTATION('',(#11,#4888),#5194);
#4888 = MANIFOLD_SOLID_BREP('',#4889);
#4889 = CLOSED_SHELL('',(#4890,#4930,#4961,#4992,#5053,#5114,#5126,#5143
    ,#5160,#5177));
#4890 = ADVANCED_FACE('',(#4891),#4925,.T.);
#4891 = FACE_BOUND('',#4892,.T.);
#4892 = EDGE_LOOP('',(#4893,#4903,#4911,#4919));
#4893 = ORIENTED_EDGE('',*,*,#4894,.T.);
#4894 = EDGE_CURVE('',#4895,#4897,#4899,.T.);
#4895 = VERTEX_POINT('',#4896);
#4896 = CARTESIAN_POINT('',(150.,-117.,0.));
#4897 = VERTEX_POINT('',#4898);
#4898 = CARTESIAN_POINT('',(150.,-117.,1.51));
#4899 = LINE('',#4900,#4901);
#4900 = CARTESIAN_POINT('',(150.,-117.,0.));
#4901 = VECTOR('',#4902,1.);
#4902 = DIRECTION('',(0.,0.,1.));
#4903 = ORIENTED_EDGE('',*,*,#4904,.T.);
#4904 = EDGE_CURVE('',#4897,#4905,#4907,.T.);
#4905 = VERTEX_POINT('',#4906);
#4906 = CARTESIAN_POINT('',(142.5,-117.,1.51));
#4907 = LINE('',#4908,#4909);
#4908 = CARTESIAN_POINT('',(150.,-117.,1.51));
#4909 = VECTOR('',#4910,1.);
#4910 = DIRECTION('',(-1.,0.,0.));
#4911 = ORIENTED_EDGE('',*,*,#4912,.F.);
#4912 = EDGE_CURVE('',#4913,#4905,#4915,.T.);
#4913 = VERTEX_POINT('',#4914);
#4914 = CARTESIAN_POINT('',(142.5,-117.,0.));
#4915 = LINE('',#4916,#4917);
#4916 = CARTESIAN_POINT('',(142.5,-117.,0.));
#4917 = VECTOR('',#4918,1.);
#4918 = DIRECTION('',(0.,0.,1.));
#4919 = ORIENTED_EDGE('',*,*,#4920,.F.);
#4920 = EDGE_CURVE('',#4895,#4913,#4921,.T.);
#4921 = LINE('',#4922,#4923);
#4922 = CARTESIAN_POINT('',(150.,-117.,0.));
#4923 = VECTOR('',#4924,1.);
#4924 = DIRECTION('',(-1.,0.,0.));
#4925 = PLANE('',#4926);
#4926 = AXIS2_PLACEMENT_3D('',#4927,#4928,#4929);
#4927 = CARTESIAN_POINT('',(150.,-117.,0.));
#4928 = DIRECTION('',(0.,-1.,0.));
#4929 = DIRECTION('',(-1.,0.,0.));
#4930 = ADVANCED_FACE('',(#4931),#4956,.T.);
#4931 = FACE_BOUND('',#4932,.T.);
#4932 = EDGE_LOOP('',(#4933,#4943,#4949,#4950));
#4933 = ORIENTED_EDGE('',*,*,#4934,.T.);
#4934 = EDGE_CURVE('',#4935,#4937,#4939,.T.);
#4935 = VERTEX_POINT('',#4936);
#4936 = CARTESIAN_POINT('',(150.,-102.,0.));
#4937 = VERTEX_POINT('',#4938);
#4938 = CARTESIAN_POINT('',(150.,-102.,1.51));
#4939 = LINE('',#4940,#4941);
#4940 = CARTESIAN_POINT('',(150.,-102.,0.));
#4941 = VECTOR('',#4942,1.);
#4942 = DIRECTION('',(0.,0.,1.));
#4943 = ORIENTED_EDGE('',*,*,#4944,.T.);
#4944 = EDGE_CURVE('',#4937,#4897,#4945,.T.);
#4945 = LINE('',#4946,#4947);
#4946 = CARTESIAN_POINT('',(150.,-102.,1.51));
#4947 = VECTOR('',#4948,1.);
#4948 = DIRECTION('',(0.,-1.,0.));
#4949 = ORIENTED_EDGE('',*,*,#4894,.F.);
#4950 = ORIENTED_EDGE('',*,*,#4951,.F.);
#4951 = EDGE_CURVE('',#4935,#4895,#4952,.T.);
#4952 = LINE('',#4953,#4954);
#4953 = CARTESIAN_POINT('',(150.,-102.,0.));
#4954 = VECTOR('',#4955,1.);
#4955 = DIRECTION('',(0.,-1.,0.));
#4956 = PLANE('',#4957);
#4957 = AXIS2_PLACEMENT_3D('',#4958,#4959,#4960);
#4958 = CARTESIAN_POINT('',(150.,-102.,0.));
#4959 = DIRECTION('',(1.,0.,-0.));
#4960 = DIRECTION('',(0.,-1.,0.));
#4961 = ADVANCED_FACE('',(#4962),#4987,.T.);
#4962 = FACE_BOUND('',#4963,.T.);
#4963 = EDGE_LOOP('',(#4964,#4965,#4973,#4981));
#4964 = ORIENTED_EDGE('',*,*,#4912,.T.);
#4965 = ORIENTED_EDGE('',*,*,#4966,.T.);
#4966 = EDGE_CURVE('',#4905,#4967,#4969,.T.);
#4967 = VERTEX_POINT('',#4968);
#4968 = CARTESIAN_POINT('',(142.5,-102.,1.51));
#4969 = LINE('',#4970,#4971);
#4970 = CARTESIAN_POINT('',(142.5,-117.,1.51));
#4971 = VECTOR('',#4972,1.);
#4972 = DIRECTION('',(0.,1.,0.));
#4973 = ORIENTED_EDGE('',*,*,#4974,.F.);
#4974 = EDGE_CURVE('',#4975,#4967,#4977,.T.);
#4975 = VERTEX_POINT('',#4976);
#4976 = CARTESIAN_POINT('',(142.5,-102.,0.));
#4977 = LINE('',#4978,#4979);
#4978 = CARTESIAN_POINT('',(142.5,-102.,0.));
#4979 = VECTOR('',#4980,1.);
#4980 = DIRECTION('',(0.,0.,1.));
#4981 = ORIENTED_EDGE('',*,*,#4982,.F.);
#4982 = EDGE_CURVE('',#4913,#4975,#4983,.T.);
#4983 = LINE('',#4984,#4985);
#4984 = CARTESIAN_POINT('',(142.5,-117.,0.));
#4985 = VECTOR('',#4986,1.);
#4986 = DIRECTION('',(0.,1.,0.));
#4987 = PLANE('',#4988);
#4988 = AXIS2_PLACEMENT_3D('',#4989,#4990,#4991);
#4989 = CARTESIAN_POINT('',(142.5,-117.,0.));
#4990 = DIRECTION('',(-1.,0.,0.));
#4991 = DIRECTION('',(0.,1.,0.));
#4992 = ADVANCED_FACE('',(#4993,#5004,#5015,#5026,#5037),#5048,.F.);
#4993 = FACE_BOUND('',#4994,.F.);
#4994 = EDGE_LOOP('',(#4995,#4996,#4997,#5003));
#4995 = ORIENTED_EDGE('',*,*,#4920,.F.);
#4996 = ORIENTED_EDGE('',*,*,#4951,.F.);
#4997 = ORIENTED_EDGE('',*,*,#4998,.F.);
#4998 = EDGE_CURVE('',#4975,#4935,#4999,.T.);
#4999 = LINE('',#5000,#5001);
#5000 = CARTESIAN_POINT('',(142.5,-102.,0.));
#5001 = VECTOR('',#5002,1.);
#5002 = DIRECTION('',(1.,0.,0.));
#5003 = ORIENTED_EDGE('',*,*,#4982,.F.);
#5004 = FACE_BOUND('',#5005,.F.);
#5005 = EDGE_LOOP('',(#5006));
#5006 = ORIENTED_EDGE('',*,*,#5007,.T.);
#5007 = EDGE_CURVE('',#5008,#5008,#5010,.T.);
#5008 = VERTEX_POINT('',#5009);
#5009 = CARTESIAN_POINT('',(143.71,-116.25,0.));
#5010 = CIRCLE('',#5011,0.5);
#5011 = AXIS2_PLACEMENT_3D('',#5012,#5013,#5014);
#5012 = CARTESIAN_POINT('',(143.71,-115.75,0.));
#5013 = DIRECTION('',(-0.,0.,-1.));
#5014 = DIRECTION('',(-0.,-1.,0.));
#5015 = FACE_BOUND('',#5016,.F.);
#5016 = EDGE_LOOP('',(#5017));
#5017 = ORIENTED_EDGE('',*,*,#5018,.T.);
#5018 = EDGE_CURVE('',#5019,#5019,#5021,.T.);
#5019 = VERTEX_POINT('',#5020);
#5020 = CARTESIAN_POINT('',(146.25,-116.25,0.));
#5021 = CIRCLE('',#5022,0.5);
#5022 = AXIS2_PLACEMENT_3D('',#5023,#5024,#5025);
#5023 = CARTESIAN_POINT('',(146.25,-115.75,0.));
#5024 = DIRECTION('',(-0.,0.,-1.));
#5025 = DIRECTION('',(-0.,-1.,0.));
#5026 = FACE_BOUND('',#5027,.F.);
#5027 = EDGE_LOOP('',(#5028));
#5028 = ORIENTED_EDGE('',*,*,#5029,.T.);
#5029 = EDGE_CURVE('',#5030,#5030,#5032,.T.);
#5030 = VERTEX_POINT('',#5031);
#5031 = CARTESIAN_POINT('',(148.79,-116.25,0.));
#5032 = CIRCLE('',#5033,0.5);
#5033 = AXIS2_PLACEMENT_3D('',#5034,#5035,#5036);
#5034 = CARTESIAN_POINT('',(148.79,-115.75,0.));
#5035 = DIRECTION('',(-0.,0.,-1.));
#5036 = DIRECTION('',(-0.,-1.,0.));
#5037 = FACE_BOUND('',#5038,.F.);
#5038 = EDGE_LOOP('',(#5039));
#5039 = ORIENTED_EDGE('',*,*,#5040,.F.);
#5040 = EDGE_CURVE('',#5041,#5041,#5043,.T.);
#5041 = VERTEX_POINT('',#5042);
#5042 = CARTESIAN_POINT('',(148.,-104.5,0.));
#5043 = CIRCLE('',#5044,1.75);
#5044 = AXIS2_PLACEMENT_3D('',#5045,#5046,#5047);
#5045 = CARTESIAN_POINT('',(146.25,-104.5,0.));
#5046 = DIRECTION('',(0.,0.,1.));
#5047 = DIRECTION('',(1.,0.,-0.));
#5048 = PLANE('',#5049);
#5049 = AXIS2_PLACEMENT_3D('',#5050,#5051,#5052);
#5050 = CARTESIAN_POINT('',(0.,0.,0.));
#5051 = DIRECTION('',(0.,0.,1.));
#5052 = DIRECTION('',(1.,0.,-0.));
#5053 = ADVANCED_FACE('',(#5054,#5065,#5076,#5087,#5098),#5109,.T.);
#5054 = FACE_BOUND('',#5055,.T.);
#5055 = EDGE_LOOP('',(#5056,#5057,#5058,#5064));
#5056 = ORIENTED_EDGE('',*,*,#4904,.F.);
#5057 = ORIENTED_EDGE('',*,*,#4944,.F.);
#5058 = ORIENTED_EDGE('',*,*,#5059,.F.);
#5059 = EDGE_CURVE('',#4967,#4937,#5060,.T.);
#5060 = LINE('',#5061,#5062);
#5061 = CARTESIAN_POINT('',(142.5,-102.,1.51));
#5062 = VECTOR('',#5063,1.);
#5063 = DIRECTION('',(1.,0.,0.));
#5064 = ORIENTED_EDGE('',*,*,#4966,.F.);
#5065 = FACE_BOUND('',#5066,.T.);
#5066 = EDGE_LOOP('',(#5067));
#5067 = ORIENTED_EDGE('',*,*,#5068,.T.);
#5068 = EDGE_CURVE('',#5069,#5069,#5071,.T.);
#5069 = VERTEX_POINT('',#5070);
#5070 = CARTESIAN_POINT('',(143.71,-116.25,1.51));
#5071 = CIRCLE('',#5072,0.5);
#5072 = AXIS2_PLACEMENT_3D('',#5073,#5074,#5075);
#5073 = CARTESIAN_POINT('',(143.71,-115.75,1.51));
#5074 = DIRECTION('',(-0.,0.,-1.));
#5075 = DIRECTION('',(-0.,-1.,0.));
#5076 = FACE_BOUND('',#5077,.T.);
#5077 = EDGE_LOOP('',(#5078));
#5078 = ORIENTED_EDGE('',*,*,#5079,.T.);
#5079 = EDGE_CURVE('',#5080,#5080,#5082,.T.);
#5080 = VERTEX_POINT('',#5081);
#5081 = CARTESIAN_POINT('',(146.25,-116.25,1.51));
#5082 = CIRCLE('',#5083,0.5);
#5083 = AXIS2_PLACEMENT_3D('',#5084,#5085,#5086);
#5084 = CARTESIAN_POINT('',(146.25,-115.75,1.51));
#5085 = DIRECTION('',(-0.,0.,-1.));
#5086 = DIRECTION('',(-0.,-1.,0.));
#5087 = FACE_BOUND('',#5088,.T.);
#5088 = EDGE_LOOP('',(#5089));
#5089 = ORIENTED_EDGE('',*,*,#5090,.T.);
#5090 = EDGE_CURVE('',#5091,#5091,#5093,.T.);
#5091 = VERTEX_POINT('',#5092);
#5092 = CARTESIAN_POINT('',(148.79,-116.25,1.51));
#5093 = CIRCLE('',#5094,0.5);
#5094 = AXIS2_PLACEMENT_3D('',#5095,#5096,#5097);
#5095 = CARTESIAN_POINT('',(148.79,-115.75,1.51));
#5096 = DIRECTION('',(-0.,0.,-1.));
#5097 = DIRECTION('',(-0.,-1.,0.));
#5098 = FACE_BOUND('',#5099,.T.);
#5099 = EDGE_LOOP('',(#5100));
#5100 = ORIENTED_EDGE('',*,*,#5101,.F.);
#5101 = EDGE_CURVE('',#5102,#5102,#5104,.T.);
#5102 = VERTEX_POINT('',#5103);
#5103 = CARTESIAN_POINT('',(148.,-104.5,1.51));
#5104 = CIRCLE('',#5105,1.75);
#5105 = AXIS2_PLACEMENT_3D('',#5106,#5107,#5108);
#5106 = CARTESIAN_POINT('',(146.25,-104.5,1.51));
#5107 = DIRECTION('',(0.,0.,1.));
#5108 = DIRECTION('',(1.,0.,-0.));
#5109 = PLANE('',#5110);
#5110 = AXIS2_PLACEMENT_3D('',#5111,#5112,#5113);
#5111 = CARTESIAN_POINT('',(0.,0.,1.51));
#5112 = DIRECTION('',(0.,0.,1.));
#5113 = DIRECTION('',(1.,0.,-0.));
#5114 = ADVANCED_FACE('',(#5115),#5121,.T.);
#5115 = FACE_BOUND('',#5116,.T.);
#5116 = EDGE_LOOP('',(#5117,#5118,#5119,#5120));
#5117 = ORIENTED_EDGE('',*,*,#4974,.T.);
#5118 = ORIENTED_EDGE('',*,*,#5059,.T.);
#5119 = ORIENTED_EDGE('',*,*,#4934,.F.);
#5120 = ORIENTED_EDGE('',*,*,#4998,.F.);
#5121 = PLANE('',#5122);
#5122 = AXIS2_PLACEMENT_3D('',#5123,#5124,#5125);
#5123 = CARTESIAN_POINT('',(142.5,-102.,0.));
#5124 = DIRECTION('',(0.,1.,0.));
#5125 = DIRECTION('',(1.,0.,0.));
#5126 = ADVANCED_FACE('',(#5127),#5138,.F.);
#5127 = FACE_BOUND('',#5128,.T.);
#5128 = EDGE_LOOP('',(#5129,#5130,#5136,#5137));
#5129 = ORIENTED_EDGE('',*,*,#5007,.T.);
#5130 = ORIENTED_EDGE('',*,*,#5131,.T.);
#5131 = EDGE_CURVE('',#5008,#5069,#5132,.T.);
#5132 = LINE('',#5133,#5134);
#5133 = CARTESIAN_POINT('',(143.71,-116.25,-4.6E-02));
#5134 = VECTOR('',#5135,1.);
#5135 = DIRECTION('',(0.,0.,1.));
#5136 = ORIENTED_EDGE('',*,*,#5068,.F.);
#5137 = ORIENTED_EDGE('',*,*,#5131,.F.);
#5138 = CYLINDRICAL_SURFACE('',#5139,0.5);
#5139 = AXIS2_PLACEMENT_3D('',#5140,#5141,#5142);
#5140 = CARTESIAN_POINT('',(143.71,-115.75,-4.6E-02));
#5141 = DIRECTION('',(-0.,-0.,-1.));
#5142 = DIRECTION('',(-0.,-1.,0.));
#5143 = ADVANCED_FACE('',(#5144),#5155,.F.);
#5144 = FACE_BOUND('',#5145,.T.);
#5145 = EDGE_LOOP('',(#5146,#5147,#5153,#5154));
#5146 = ORIENTED_EDGE('',*,*,#5018,.T.);
#5147 = ORIENTED_EDGE('',*,*,#5148,.T.);
#5148 = EDGE_CURVE('',#5019,#5080,#5149,.T.);
#5149 = LINE('',#5150,#5151);
#5150 = CARTESIAN_POINT('',(146.25,-116.25,-4.6E-02));
#5151 = VECTOR('',#5152,1.);
#5152 = DIRECTION('',(0.,0.,1.));
#5153 = ORIENTED_EDGE('',*,*,#5079,.F.);
#5154 = ORIENTED_EDGE('',*,*,#5148,.F.);
#5155 = CYLINDRICAL_SURFACE('',#5156,0.5);
#5156 = AXIS2_PLACEMENT_3D('',#5157,#5158,#5159);
#5157 = CARTESIAN_POINT('',(146.25,-115.75,-4.6E-02));
#5158 = DIRECTION('',(-0.,-0.,-1.));
#5159 = DIRECTION('',(-0.,-1.,0.));
#5160 = ADVANCED_FACE('',(#5161),#5172,.F.);
#5161 = FACE_BOUND('',#5162,.T.);
#5162 = EDGE_LOOP('',(#5163,#5164,#5170,#5171));
#5163 = ORIENTED_EDGE('',*,*,#5029,.T.);
#5164 = ORIENTED_EDGE('',*,*,#5165,.T.);
#5165 = EDGE_CURVE('',#5030,#5091,#5166,.T.);
#5166 = LINE('',#5167,#5168);
#5167 = CARTESIAN_POINT('',(148.79,-116.25,-4.6E-02));
#5168 = VECTOR('',#5169,1.);
#5169 = DIRECTION('',(0.,0.,1.));
#5170 = ORIENTED_EDGE('',*,*,#5090,.F.);
#5171 = ORIENTED_EDGE('',*,*,#5165,.F.);
#5172 = CYLINDRICAL_SURFACE('',#5173,0.5);
#5173 = AXIS2_PLACEMENT_3D('',#5174,#5175,#5176);
#5174 = CARTESIAN_POINT('',(148.79,-115.75,-4.6E-02));
#5175 = DIRECTION('',(-0.,-0.,-1.));
#5176 = DIRECTION('',(-0.,-1.,0.));
#5177 = ADVANCED_FACE('',(#5178),#5189,.F.);
#5178 = FACE_BOUND('',#5179,.T.);
#5179 = EDGE_LOOP('',(#5180,#5186,#5187,#5188));
#5180 = ORIENTED_EDGE('',*,*,#5181,.T.);
#5181 = EDGE_CURVE('',#5041,#5102,#5182,.T.);
#5182 = LINE('',#5183,#5184);
#5183 = CARTESIAN_POINT('',(148.,-104.5,0.));
#5184 = VECTOR('',#5185,1.);
#5185 = DIRECTION('',(0.,0.,1.));
#5186 = ORIENTED_EDGE('',*,*,#5101,.T.);
#5187 = ORIENTED_EDGE('',*,*,#5181,.F.);
#5188 = ORIENTED_EDGE('',*,*,#5040,.F.);
#5189 = CYLINDRICAL_SURFACE('',#5190,1.75);
#5190 = AXIS2_PLACEMENT_3D('',#5191,#5192,#5193);
#5191 = CARTESIAN_POINT('',(146.25,-104.5,0.));
#5192 = DIRECTION('',(-0.,-0.,-1.));
#5193 = DIRECTION('',(1.,0.,-0.));
#5194 = ( GEOMETRIC_REPRESENTATION_CONTEXT(3) 
GLOBAL_UNCERTAINTY_ASSIGNED_CONTEXT((#5198)) 
GLOBAL_UNIT_ASSIGNED_CONTEXT((#5195,#5196,#5197)) REPRESENTATION_CONTEXT
('Context #1','3D Context with UNIT and UNCERTAINTY') );
#5195 = ( LENGTH_UNIT() NAMED_UNIT(*) SI_UNIT(.MILLI.,.METRE.) );
#5196 = ( NAMED_UNIT(*) PLANE_ANGLE_UNIT() SI_UNIT($,.RADIAN.) );
#5197 = ( NAMED_UNIT(*) SI_UNIT($,.STERADIAN.) SOLID_ANGLE_UNIT() );
#5198 = UNCERTAINTY_MEASURE_WITH_UNIT(LENGTH_MEASURE(1.E-07),#5195,
  'distance_accuracy_value','confusion accuracy');
#5199 = CONTEXT_DEPENDENT_SHAPE_REPRESENTATION(#5200,#5202);
#5200 = ( REPRESENTATION_RELATIONSHIP('','',#4887,#10) 
REPRESENTATION_RELATIONSHIP_WITH_TRANSFORMATION(#5201) 
SHAPE_REPRESENTATION_RELATIONSHIP() );
#5201 = ITEM_DEFINED_TRANSFORMATION('','',#11,#31);
#5202 = PRODUCT_DEFINITION_SHAPE('Placement','Placement of an item',
  #5203);
#5203 = NEXT_ASSEMBLY_USAGE_OCCURRENCE('8','=>[0:1:1:8]','',#5,#4882,$);
#5204 = PRODUCT_RELATED_PRODUCT_CATEGORY('part',$,(#4884));
#5205 = MECHANICAL_DESIGN_GEOMETRIC_PRESENTATION_REPRESENTATION('',(
    #5206,#5214,#5221,#5228,#5235,#5242,#5249,#5256,#5264,#5271,#5278,
    #5285,#5292,#5299,#5306,#5313,#5320,#5327,#5334,#5341,#5348,#5355,
    #5362,#5369,#5376,#5383,#5390,#5397,#5404,#5411,#5418,#5425,#5432,
    #5439,#5446,#5453,#5460,#5467,#5474,#5481,#5488,#5495,#5502,#5509,
    #5516,#5523,#5530,#5537,#5544,#5551,#5558,#5565,#5572,#5579,#5586,
    #5593,#5600,#5607,#5614,#5621,#5628,#5635,#5642),#4864);
#5206 = STYLED_ITEM('color',(#5207),#3054);
#5207 = PRESENTATION_STYLE_ASSIGNMENT((#5208));
#5208 = SURFACE_STYLE_USAGE(.BOTH.,#5209);
#5209 = SURFACE_SIDE_STYLE('',(#5210));
#5210 = SURFACE_STYLE_FILL_AREA(#5211);
#5211 = FILL_AREA_STYLE('',(#5212));
#5212 = FILL_AREA_STYLE_COLOUR('',#5213);
#5213 = COLOUR_RGB('',0.823999987314,0.819999987296,0.781000009244);
#5214 = STYLED_ITEM('color',(#5215),#3094);
#5215 = PRESENTATION_STYLE_ASSIGNMENT((#5216));
#5216 = SURFACE_STYLE_USAGE(.BOTH.,#5217);
#5217 = SURFACE_SIDE_STYLE('',(#5218));
#5218 = SURFACE_STYLE_FILL_AREA(#5219);
#5219 = FILL_AREA_STYLE('',(#5220));
#5220 = FILL_AREA_STYLE_COLOUR('',#5213);
#5221 = STYLED_ITEM('color',(#5222),#3125);
#5222 = PRESENTATION_STYLE_ASSIGNMENT((#5223));
#5223 = SURFACE_STYLE_USAGE(.BOTH.,#5224);
#5224 = SURFACE_SIDE_STYLE('',(#5225));
#5225 = SURFACE_STYLE_FILL_AREA(#5226);
#5226 = FILL_AREA_STYLE('',(#5227));
#5227 = FILL_AREA_STYLE_COLOUR('',#5213);
#5228 = STYLED_ITEM('color',(#5229),#3156);
#5229 = PRESENTATION_STYLE_ASSIGNMENT((#5230));
#5230 = SURFACE_STYLE_USAGE(.BOTH.,#5231);
#5231 = SURFACE_SIDE_STYLE('',(#5232));
#5232 = SURFACE_STYLE_FILL_AREA(#5233);
#5233 = FILL_AREA_STYLE('',(#5234));
#5234 = FILL_AREA_STYLE_COLOUR('',#5213);
#5235 = STYLED_ITEM('color',(#5236),#3205);
#5236 = PRESENTATION_STYLE_ASSIGNMENT((#5237));
#5237 = SURFACE_STYLE_USAGE(.BOTH.,#5238);
#5238 = SURFACE_SIDE_STYLE('',(#5239));
#5239 = SURFACE_STYLE_FILL_AREA(#5240);
#5240 = FILL_AREA_STYLE('',(#5241));
#5241 = FILL_AREA_STYLE_COLOUR('',#5213);
#5242 = STYLED_ITEM('color',(#5243),#3254);
#5243 = PRESENTATION_STYLE_ASSIGNMENT((#5244));
#5244 = SURFACE_STYLE_USAGE(.BOTH.,#5245);
#5245 = SURFACE_SIDE_STYLE('',(#5246));
#5246 = SURFACE_STYLE_FILL_AREA(#5247);
#5247 = FILL_AREA_STYLE('',(#5248));
#5248 = FILL_AREA_STYLE_COLOUR('',#5213);
#5249 = STYLED_ITEM('color',(#5250),#3271);
#5250 = PRESENTATION_STYLE_ASSIGNMENT((#5251));
#5251 = SURFACE_STYLE_USAGE(.BOTH.,#5252);
#5252 = SURFACE_SIDE_STYLE('',(#5253));
#5253 = SURFACE_STYLE_FILL_AREA(#5254);
#5254 = FILL_AREA_STYLE('',(#5255));
#5255 = FILL_AREA_STYLE_COLOUR('',#5213);
#5256 = STYLED_ITEM('color',(#5257),#3288);
#5257 = PRESENTATION_STYLE_ASSIGNMENT((#5258));
#5258 = SURFACE_STYLE_USAGE(.BOTH.,#5259);
#5259 = SURFACE_SIDE_STYLE('',(#5260));
#5260 = SURFACE_STYLE_FILL_AREA(#5261);
#5261 = FILL_AREA_STYLE('',(#5262));
#5262 = FILL_AREA_STYLE_COLOUR('',#5263);
#5263 = COLOUR_RGB('',0.147999998088,0.144999993226,0.144999993226);
#5264 = STYLED_ITEM('color',(#5265),#3373);
#5265 = PRESENTATION_STYLE_ASSIGNMENT((#5266));
#5266 = SURFACE_STYLE_USAGE(.BOTH.,#5267);
#5267 = SURFACE_SIDE_STYLE('',(#5268));
#5268 = SURFACE_STYLE_FILL_AREA(#5269);
#5269 = FILL_AREA_STYLE('',(#5270));
#5270 = FILL_AREA_STYLE_COLOUR('',#5213);
#5271 = STYLED_ITEM('color',(#5272),#3390);
#5272 = PRESENTATION_STYLE_ASSIGNMENT((#5273));
#5273 = SURFACE_STYLE_USAGE(.BOTH.,#5274);
#5274 = SURFACE_SIDE_STYLE('',(#5275));
#5275 = SURFACE_STYLE_FILL_AREA(#5276);
#5276 = FILL_AREA_STYLE('',(#5277));
#5277 = FILL_AREA_STYLE_COLOUR('',#5213);
#5278 = STYLED_ITEM('color',(#5279),#3402);
#5279 = PRESENTATION_STYLE_ASSIGNMENT((#5280));
#5280 = SURFACE_STYLE_USAGE(.BOTH.,#5281);
#5281 = SURFACE_SIDE_STYLE('',(#5282));
#5282 = SURFACE_STYLE_FILL_AREA(#5283);
#5283 = FILL_AREA_STYLE('',(#5284));
#5284 = FILL_AREA_STYLE_COLOUR('',#5263);
#5285 = STYLED_ITEM('color',(#5286),#3433);
#5286 = PRESENTATION_STYLE_ASSIGNMENT((#5287));
#5287 = SURFACE_STYLE_USAGE(.BOTH.,#5288);
#5288 = SURFACE_SIDE_STYLE('',(#5289));
#5289 = SURFACE_STYLE_FILL_AREA(#5290);
#5290 = FILL_AREA_STYLE('',(#5291));
#5291 = FILL_AREA_STYLE_COLOUR('',#5263);
#5292 = STYLED_ITEM('color',(#5293),#3465);
#5293 = PRESENTATION_STYLE_ASSIGNMENT((#5294));
#5294 = SURFACE_STYLE_USAGE(.BOTH.,#5295);
#5295 = SURFACE_SIDE_STYLE('',(#5296));
#5296 = SURFACE_STYLE_FILL_AREA(#5297);
#5297 = FILL_AREA_STYLE('',(#5298));
#5298 = FILL_AREA_STYLE_COLOUR('',#5263);
#5299 = STYLED_ITEM('color',(#5300),#3573);
#5300 = PRESENTATION_STYLE_ASSIGNMENT((#5301));
#5301 = SURFACE_STYLE_USAGE(.BOTH.,#5302);
#5302 = SURFACE_SIDE_STYLE('',(#5303));
#5303 = SURFACE_STYLE_FILL_AREA(#5304);
#5304 = FILL_AREA_STYLE('',(#5305));
#5305 = FILL_AREA_STYLE_COLOUR('',#5263);
#5306 = STYLED_ITEM('color',(#5307),#3590);
#5307 = PRESENTATION_STYLE_ASSIGNMENT((#5308));
#5308 = SURFACE_STYLE_USAGE(.BOTH.,#5309);
#5309 = SURFACE_SIDE_STYLE('',(#5310));
#5310 = SURFACE_STYLE_FILL_AREA(#5311);
#5311 = FILL_AREA_STYLE('',(#5312));
#5312 = FILL_AREA_STYLE_COLOUR('',#5213);
#5313 = STYLED_ITEM('color',(#5314),#3621);
#5314 = PRESENTATION_STYLE_ASSIGNMENT((#5315));
#5315 = SURFACE_STYLE_USAGE(.BOTH.,#5316);
#5316 = SURFACE_SIDE_STYLE('',(#5317));
#5317 = SURFACE_STYLE_FILL_AREA(#5318);
#5318 = FILL_AREA_STYLE('',(#5319));
#5319 = FILL_AREA_STYLE_COLOUR('',#5213);
#5320 = STYLED_ITEM('color',(#5321),#3677);
#5321 = PRESENTATION_STYLE_ASSIGNMENT((#5322));
#5322 = SURFACE_STYLE_USAGE(.BOTH.,#5323);
#5323 = SURFACE_SIDE_STYLE('',(#5324));
#5324 = SURFACE_STYLE_FILL_AREA(#5325);
#5325 = FILL_AREA_STYLE('',(#5326));
#5326 = FILL_AREA_STYLE_COLOUR('',#5213);
#5327 = STYLED_ITEM('color',(#5328),#3701);
#5328 = PRESENTATION_STYLE_ASSIGNMENT((#5329));
#5329 = SURFACE_STYLE_USAGE(.BOTH.,#5330);
#5330 = SURFACE_SIDE_STYLE('',(#5331));
#5331 = SURFACE_STYLE_FILL_AREA(#5332);
#5332 = FILL_AREA_STYLE('',(#5333));
#5333 = FILL_AREA_STYLE_COLOUR('',#5213);
#5334 = STYLED_ITEM('color',(#5335),#3750);
#5335 = PRESENTATION_STYLE_ASSIGNMENT((#5336));
#5336 = SURFACE_STYLE_USAGE(.BOTH.,#5337);
#5337 = SURFACE_SIDE_STYLE('',(#5338));
#5338 = SURFACE_STYLE_FILL_AREA(#5339);
#5339 = FILL_AREA_STYLE('',(#5340));
#5340 = FILL_AREA_STYLE_COLOUR('',#5263);
#5341 = STYLED_ITEM('color',(#5342),#3835);
#5342 = PRESENTATION_STYLE_ASSIGNMENT((#5343));
#5343 = SURFACE_STYLE_USAGE(.BOTH.,#5344);
#5344 = SURFACE_SIDE_STYLE('',(#5345));
#5345 = SURFACE_STYLE_FILL_AREA(#5346);
#5346 = FILL_AREA_STYLE('',(#5347));
#5347 = FILL_AREA_STYLE_COLOUR('',#5263);
#5348 = STYLED_ITEM('color',(#5349),#3847);
#5349 = PRESENTATION_STYLE_ASSIGNMENT((#5350));
#5350 = SURFACE_STYLE_USAGE(.BOTH.,#5351);
#5351 = SURFACE_SIDE_STYLE('',(#5352));
#5352 = SURFACE_STYLE_FILL_AREA(#5353);
#5353 = FILL_AREA_STYLE('',(#5354));
#5354 = FILL_AREA_STYLE_COLOUR('',#5263);
#5355 = STYLED_ITEM('color',(#5356),#3878);
#5356 = PRESENTATION_STYLE_ASSIGNMENT((#5357));
#5357 = SURFACE_STYLE_USAGE(.BOTH.,#5358);
#5358 = SURFACE_SIDE_STYLE('',(#5359));
#5359 = SURFACE_STYLE_FILL_AREA(#5360);
#5360 = FILL_AREA_STYLE('',(#5361));
#5361 = FILL_AREA_STYLE_COLOUR('',#5263);
#5362 = STYLED_ITEM('color',(#5363),#3902);
#5363 = PRESENTATION_STYLE_ASSIGNMENT((#5364));
#5364 = SURFACE_STYLE_USAGE(.BOTH.,#5365);
#5365 = SURFACE_SIDE_STYLE('',(#5366));
#5366 = SURFACE_STYLE_FILL_AREA(#5367);
#5367 = FILL_AREA_STYLE('',(#5368));
#5368 = FILL_AREA_STYLE_COLOUR('',#5263);
#5369 = STYLED_ITEM('color',(#5370),#3926);
#5370 = PRESENTATION_STYLE_ASSIGNMENT((#5371));
#5371 = SURFACE_STYLE_USAGE(.BOTH.,#5372);
#5372 = SURFACE_SIDE_STYLE('',(#5373));
#5373 = SURFACE_STYLE_FILL_AREA(#5374);
#5374 = FILL_AREA_STYLE('',(#5375));
#5375 = FILL_AREA_STYLE_COLOUR('',#5263);
#5376 = STYLED_ITEM('color',(#5377),#3950);
#5377 = PRESENTATION_STYLE_ASSIGNMENT((#5378));
#5378 = SURFACE_STYLE_USAGE(.BOTH.,#5379);
#5379 = SURFACE_SIDE_STYLE('',(#5380));
#5380 = SURFACE_STYLE_FILL_AREA(#5381);
#5381 = FILL_AREA_STYLE('',(#5382));
#5382 = FILL_AREA_STYLE_COLOUR('',#5263);
#5383 = STYLED_ITEM('color',(#5384),#3967);
#5384 = PRESENTATION_STYLE_ASSIGNMENT((#5385));
#5385 = SURFACE_STYLE_USAGE(.BOTH.,#5386);
#5386 = SURFACE_SIDE_STYLE('',(#5387));
#5387 = SURFACE_STYLE_FILL_AREA(#5388);
#5388 = FILL_AREA_STYLE('',(#5389));
#5389 = FILL_AREA_STYLE_COLOUR('',#5263);
#5390 = STYLED_ITEM('color',(#5391),#3998);
#5391 = PRESENTATION_STYLE_ASSIGNMENT((#5392));
#5392 = SURFACE_STYLE_USAGE(.BOTH.,#5393);
#5393 = SURFACE_SIDE_STYLE('',(#5394));
#5394 = SURFACE_STYLE_FILL_AREA(#5395);
#5395 = FILL_AREA_STYLE('',(#5396));
#5396 = FILL_AREA_STYLE_COLOUR('',#5263);
#5397 = STYLED_ITEM('color',(#5398),#4022);
#5398 = PRESENTATION_STYLE_ASSIGNMENT((#5399));
#5399 = SURFACE_STYLE_USAGE(.BOTH.,#5400);
#5400 = SURFACE_SIDE_STYLE('',(#5401));
#5401 = SURFACE_STYLE_FILL_AREA(#5402);
#5402 = FILL_AREA_STYLE('',(#5403));
#5403 = FILL_AREA_STYLE_COLOUR('',#5263);
#5404 = STYLED_ITEM('color',(#5405),#4046);
#5405 = PRESENTATION_STYLE_ASSIGNMENT((#5406));
#5406 = SURFACE_STYLE_USAGE(.BOTH.,#5407);
#5407 = SURFACE_SIDE_STYLE('',(#5408));
#5408 = SURFACE_STYLE_FILL_AREA(#5409);
#5409 = FILL_AREA_STYLE('',(#5410));
#5410 = FILL_AREA_STYLE_COLOUR('',#5263);
#5411 = STYLED_ITEM('color',(#5412),#4063);
#5412 = PRESENTATION_STYLE_ASSIGNMENT((#5413));
#5413 = SURFACE_STYLE_USAGE(.BOTH.,#5414);
#5414 = SURFACE_SIDE_STYLE('',(#5415));
#5415 = SURFACE_STYLE_FILL_AREA(#5416);
#5416 = FILL_AREA_STYLE('',(#5417));
#5417 = FILL_AREA_STYLE_COLOUR('',#5213);
#5418 = STYLED_ITEM('color',(#5419),#4080);
#5419 = PRESENTATION_STYLE_ASSIGNMENT((#5420));
#5420 = SURFACE_STYLE_USAGE(.BOTH.,#5421);
#5421 = SURFACE_SIDE_STYLE('',(#5422));
#5422 = SURFACE_STYLE_FILL_AREA(#5423);
#5423 = FILL_AREA_STYLE('',(#5424));
#5424 = FILL_AREA_STYLE_COLOUR('',#5213);
#5425 = STYLED_ITEM('color',(#5426),#4097);
#5426 = PRESENTATION_STYLE_ASSIGNMENT((#5427));
#5427 = SURFACE_STYLE_USAGE(.BOTH.,#5428);
#5428 = SURFACE_SIDE_STYLE('',(#5429));
#5429 = SURFACE_STYLE_FILL_AREA(#5430);
#5430 = FILL_AREA_STYLE('',(#5431));
#5431 = FILL_AREA_STYLE_COLOUR('',#5213);
#5432 = STYLED_ITEM('color',(#5433),#4114);
#5433 = PRESENTATION_STYLE_ASSIGNMENT((#5434));
#5434 = SURFACE_STYLE_USAGE(.BOTH.,#5435);
#5435 = SURFACE_SIDE_STYLE('',(#5436));
#5436 = SURFACE_STYLE_FILL_AREA(#5437);
#5437 = FILL_AREA_STYLE('',(#5438));
#5438 = FILL_AREA_STYLE_COLOUR('',#5213);
#5439 = STYLED_ITEM('color',(#5440),#4131);
#5440 = PRESENTATION_STYLE_ASSIGNMENT((#5441));
#5441 = SURFACE_STYLE_USAGE(.BOTH.,#5442);
#5442 = SURFACE_SIDE_STYLE('',(#5443));
#5443 = SURFACE_STYLE_FILL_AREA(#5444);
#5444 = FILL_AREA_STYLE('',(#5445));
#5445 = FILL_AREA_STYLE_COLOUR('',#5213);
#5446 = STYLED_ITEM('color',(#5447),#4143);
#5447 = PRESENTATION_STYLE_ASSIGNMENT((#5448));
#5448 = SURFACE_STYLE_USAGE(.BOTH.,#5449);
#5449 = SURFACE_SIDE_STYLE('',(#5450));
#5450 = SURFACE_STYLE_FILL_AREA(#5451);
#5451 = FILL_AREA_STYLE('',(#5452));
#5452 = FILL_AREA_STYLE_COLOUR('',#5213);
#5453 = STYLED_ITEM('color',(#5454),#4174);
#5454 = PRESENTATION_STYLE_ASSIGNMENT((#5455));
#5455 = SURFACE_STYLE_USAGE(.BOTH.,#5456);
#5456 = SURFACE_SIDE_STYLE('',(#5457));
#5457 = SURFACE_STYLE_FILL_AREA(#5458);
#5458 = FILL_AREA_STYLE('',(#5459));
#5459 = FILL_AREA_STYLE_COLOUR('',#5213);
#5460 = STYLED_ITEM('color',(#5461),#4230);
#5461 = PRESENTATION_STYLE_ASSIGNMENT((#5462));
#5462 = SURFACE_STYLE_USAGE(.BOTH.,#5463);
#5463 = SURFACE_SIDE_STYLE('',(#5464));
#5464 = SURFACE_STYLE_FILL_AREA(#5465);
#5465 = FILL_AREA_STYLE('',(#5466));
#5466 = FILL_AREA_STYLE_COLOUR('',#5213);
#5467 = STYLED_ITEM('color',(#5468),#4254);
#5468 = PRESENTATION_STYLE_ASSIGNMENT((#5469));
#5469 = SURFACE_STYLE_USAGE(.BOTH.,#5470);
#5470 = SURFACE_SIDE_STYLE('',(#5471));
#5471 = SURFACE_STYLE_FILL_AREA(#5472);
#5472 = FILL_AREA_STYLE('',(#5473));
#5473 = FILL_AREA_STYLE_COLOUR('',#5213);
#5474 = STYLED_ITEM('color',(#5475),#4303);
#5475 = PRESENTATION_STYLE_ASSIGNMENT((#5476));
#5476 = SURFACE_STYLE_USAGE(.BOTH.,#5477);
#5477 = SURFACE_SIDE_STYLE('',(#5478));
#5478 = SURFACE_STYLE_FILL_AREA(#5479);
#5479 = FILL_AREA_STYLE('',(#5480));
#5480 = FILL_AREA_STYLE_COLOUR('',#5213);
#5481 = STYLED_ITEM('color',(#5482),#4334);
#5482 = PRESENTATION_STYLE_ASSIGNMENT((#5483));
#5483 = SURFACE_STYLE_USAGE(.BOTH.,#5484);
#5484 = SURFACE_SIDE_STYLE('',(#5485));
#5485 = SURFACE_STYLE_FILL_AREA(#5486);
#5486 = FILL_AREA_STYLE('',(#5487));
#5487 = FILL_AREA_STYLE_COLOUR('',#5213);
#5488 = STYLED_ITEM('color',(#5489),#4390);
#5489 = PRESENTATION_STYLE_ASSIGNMENT((#5490));
#5490 = SURFACE_STYLE_USAGE(.BOTH.,#5491);
#5491 = SURFACE_SIDE_STYLE('',(#5492));
#5492 = SURFACE_STYLE_FILL_AREA(#5493);
#5493 = FILL_AREA_STYLE('',(#5494));
#5494 = FILL_AREA_STYLE_COLOUR('',#5213);
#5495 = STYLED_ITEM('color',(#5496),#4414);
#5496 = PRESENTATION_STYLE_ASSIGNMENT((#5497));
#5497 = SURFACE_STYLE_USAGE(.BOTH.,#5498);
#5498 = SURFACE_SIDE_STYLE('',(#5499));
#5499 = SURFACE_STYLE_FILL_AREA(#5500);
#5500 = FILL_AREA_STYLE('',(#5501));
#5501 = FILL_AREA_STYLE_COLOUR('',#5213);
#5502 = STYLED_ITEM('color',(#5503),#4463);
#5503 = PRESENTATION_STYLE_ASSIGNMENT((#5504));
#5504 = SURFACE_STYLE_USAGE(.BOTH.,#5505);
#5505 = SURFACE_SIDE_STYLE('',(#5506));
#5506 = SURFACE_STYLE_FILL_AREA(#5507);
#5507 = FILL_AREA_STYLE('',(#5508));
#5508 = FILL_AREA_STYLE_COLOUR('',#5263);
#5509 = STYLED_ITEM('color',(#5510),#4494);
#5510 = PRESENTATION_STYLE_ASSIGNMENT((#5511));
#5511 = SURFACE_STYLE_USAGE(.BOTH.,#5512);
#5512 = SURFACE_SIDE_STYLE('',(#5513));
#5513 = SURFACE_STYLE_FILL_AREA(#5514);
#5514 = FILL_AREA_STYLE('',(#5515));
#5515 = FILL_AREA_STYLE_COLOUR('',#5263);
#5516 = STYLED_ITEM('color',(#5517),#4518);
#5517 = PRESENTATION_STYLE_ASSIGNMENT((#5518));
#5518 = SURFACE_STYLE_USAGE(.BOTH.,#5519);
#5519 = SURFACE_SIDE_STYLE('',(#5520));
#5520 = SURFACE_STYLE_FILL_AREA(#5521);
#5521 = FILL_AREA_STYLE('',(#5522));
#5522 = FILL_AREA_STYLE_COLOUR('',#5263);
#5523 = STYLED_ITEM('color',(#5524),#4542);
#5524 = PRESENTATION_STYLE_ASSIGNMENT((#5525));
#5525 = SURFACE_STYLE_USAGE(.BOTH.,#5526);
#5526 = SURFACE_SIDE_STYLE('',(#5527));
#5527 = SURFACE_STYLE_FILL_AREA(#5528);
#5528 = FILL_AREA_STYLE('',(#5529));
#5529 = FILL_AREA_STYLE_COLOUR('',#5263);
#5530 = STYLED_ITEM('color',(#5531),#4566);
#5531 = PRESENTATION_STYLE_ASSIGNMENT((#5532));
#5532 = SURFACE_STYLE_USAGE(.BOTH.,#5533);
#5533 = SURFACE_SIDE_STYLE('',(#5534));
#5534 = SURFACE_STYLE_FILL_AREA(#5535);
#5535 = FILL_AREA_STYLE('',(#5536));
#5536 = FILL_AREA_STYLE_COLOUR('',#5263);
#5537 = STYLED_ITEM('color',(#5538),#4583);
#5538 = PRESENTATION_STYLE_ASSIGNMENT((#5539));
#5539 = SURFACE_STYLE_USAGE(.BOTH.,#5540);
#5540 = SURFACE_SIDE_STYLE('',(#5541));
#5541 = SURFACE_STYLE_FILL_AREA(#5542);
#5542 = FILL_AREA_STYLE('',(#5543));
#5543 = FILL_AREA_STYLE_COLOUR('',#5263);
#5544 = STYLED_ITEM('color',(#5545),#4614);
#5545 = PRESENTATION_STYLE_ASSIGNMENT((#5546));
#5546 = SURFACE_STYLE_USAGE(.BOTH.,#5547);
#5547 = SURFACE_SIDE_STYLE('',(#5548));
#5548 = SURFACE_STYLE_FILL_AREA(#5549);
#5549 = FILL_AREA_STYLE('',(#5550));
#5550 = FILL_AREA_STYLE_COLOUR('',#5263);
#5551 = STYLED_ITEM('color',(#5552),#4638);
#5552 = PRESENTATION_STYLE_ASSIGNMENT((#5553));
#5553 = SURFACE_STYLE_USAGE(.BOTH.,#5554);
#5554 = SURFACE_SIDE_STYLE('',(#5555));
#5555 = SURFACE_STYLE_FILL_AREA(#5556);
#5556 = FILL_AREA_STYLE('',(#5557));
#5557 = FILL_AREA_STYLE_COLOUR('',#5263);
#5558 = STYLED_ITEM('color',(#5559),#4662);
#5559 = PRESENTATION_STYLE_ASSIGNMENT((#5560));
#5560 = SURFACE_STYLE_USAGE(.BOTH.,#5561);
#5561 = SURFACE_SIDE_STYLE('',(#5562));
#5562 = SURFACE_STYLE_FILL_AREA(#5563);
#5563 = FILL_AREA_STYLE('',(#5564));
#5564 = FILL_AREA_STYLE_COLOUR('',#5263);
#5565 = STYLED_ITEM('color',(#5566),#4679);
#5566 = PRESENTATION_STYLE_ASSIGNMENT((#5567));
#5567 = SURFACE_STYLE_USAGE(.BOTH.,#5568);
#5568 = SURFACE_SIDE_STYLE('',(#5569));
#5569 = SURFACE_STYLE_FILL_AREA(#5570);
#5570 = FILL_AREA_STYLE('',(#5571));
#5571 = FILL_AREA_STYLE_COLOUR('',#5213);
#5572 = STYLED_ITEM('color',(#5573),#4696);
#5573 = PRESENTATION_STYLE_ASSIGNMENT((#5574));
#5574 = SURFACE_STYLE_USAGE(.BOTH.,#5575);
#5575 = SURFACE_SIDE_STYLE('',(#5576));
#5576 = SURFACE_STYLE_FILL_AREA(#5577);
#5577 = FILL_AREA_STYLE('',(#5578));
#5578 = FILL_AREA_STYLE_COLOUR('',#5213);
#5579 = STYLED_ITEM('color',(#5580),#4713);
#5580 = PRESENTATION_STYLE_ASSIGNMENT((#5581));
#5581 = SURFACE_STYLE_USAGE(.BOTH.,#5582);
#5582 = SURFACE_SIDE_STYLE('',(#5583));
#5583 = SURFACE_STYLE_FILL_AREA(#5584);
#5584 = FILL_AREA_STYLE('',(#5585));
#5585 = FILL_AREA_STYLE_COLOUR('',#5213);
#5586 = STYLED_ITEM('color',(#5587),#4730);
#5587 = PRESENTATION_STYLE_ASSIGNMENT((#5588));
#5588 = SURFACE_STYLE_USAGE(.BOTH.,#5589);
#5589 = SURFACE_SIDE_STYLE('',(#5590));
#5590 = SURFACE_STYLE_FILL_AREA(#5591);
#5591 = FILL_AREA_STYLE('',(#5592));
#5592 = FILL_AREA_STYLE_COLOUR('',#5213);
#5593 = STYLED_ITEM('color',(#5594),#4747);
#5594 = PRESENTATION_STYLE_ASSIGNMENT((#5595));
#5595 = SURFACE_STYLE_USAGE(.BOTH.,#5596);
#5596 = SURFACE_SIDE_STYLE('',(#5597));
#5597 = SURFACE_STYLE_FILL_AREA(#5598);
#5598 = FILL_AREA_STYLE('',(#5599));
#5599 = FILL_AREA_STYLE_COLOUR('',#5213);
#5600 = STYLED_ITEM('color',(#5601),#4759);
#5601 = PRESENTATION_STYLE_ASSIGNMENT((#5602));
#5602 = SURFACE_STYLE_USAGE(.BOTH.,#5603);
#5603 = SURFACE_SIDE_STYLE('',(#5604));
#5604 = SURFACE_STYLE_FILL_AREA(#5605);
#5605 = FILL_AREA_STYLE('',(#5606));
#5606 = FILL_AREA_STYLE_COLOUR('',#5213);
#5607 = STYLED_ITEM('color',(#5608),#4776);
#5608 = PRESENTATION_STYLE_ASSIGNMENT((#5609));
#5609 = SURFACE_STYLE_USAGE(.BOTH.,#5610);
#5610 = SURFACE_SIDE_STYLE('',(#5611));
#5611 = SURFACE_STYLE_FILL_AREA(#5612);
#5612 = FILL_AREA_STYLE('',(#5613));
#5613 = FILL_AREA_STYLE_COLOUR('',#5213);
#5614 = STYLED_ITEM('color',(#5615),#4793);
#5615 = PRESENTATION_STYLE_ASSIGNMENT((#5616));
#5616 = SURFACE_STYLE_USAGE(.BOTH.,#5617);
#5617 = SURFACE_SIDE_STYLE('',(#5618));
#5618 = SURFACE_STYLE_FILL_AREA(#5619);
#5619 = FILL_AREA_STYLE('',(#5620));
#5620 = FILL_AREA_STYLE_COLOUR('',#5213);
#5621 = STYLED_ITEM('color',(#5622),#4810);
#5622 = PRESENTATION_STYLE_ASSIGNMENT((#5623));
#5623 = SURFACE_STYLE_USAGE(.BOTH.,#5624);
#5624 = SURFACE_SIDE_STYLE('',(#5625));
#5625 = SURFACE_STYLE_FILL_AREA(#5626);
#5626 = FILL_AREA_STYLE('',(#5627));
#5627 = FILL_AREA_STYLE_COLOUR('',#5213);
#5628 = STYLED_ITEM('color',(#5629),#4827);
#5629 = PRESENTATION_STYLE_ASSIGNMENT((#5630));
#5630 = SURFACE_STYLE_USAGE(.BOTH.,#5631);
#5631 = SURFACE_SIDE_STYLE('',(#5632));
#5632 = SURFACE_STYLE_FILL_AREA(#5633);
#5633 = FILL_AREA_STYLE('',(#5634));
#5634 = FILL_AREA_STYLE_COLOUR('',#5213);
#5635 = STYLED_ITEM('color',(#5636),#4839);
#5636 = PRESENTATION_STYLE_ASSIGNMENT((#5637));
#5637 = SURFACE_STYLE_USAGE(.BOTH.,#5638);
#5638 = SURFACE_SIDE_STYLE('',(#5639));
#5639 = SURFACE_STYLE_FILL_AREA(#5640);
#5640 = FILL_AREA_STYLE('',(#5641));
#5641 = FILL_AREA_STYLE_COLOUR('',#5263);
#5642 = STYLED_ITEM('color',(#5643),#4852);
#5643 = PRESENTATION_STYLE_ASSIGNMENT((#5644));
#5644 = SURFACE_STYLE_USAGE(.BOTH.,#5645);
#5645 = SURFACE_SIDE_STYLE('',(#5646));
#5646 = SURFACE_STYLE_FILL_AREA(#5647);
#5647 = FILL_AREA_STYLE('',(#5648));
#5648 = FILL_AREA_STYLE_COLOUR('',#5263);
#5649 = MECHANICAL_DESIGN_GEOMETRIC_PRESENTATION_REPRESENTATION('',(
    #5650,#5657,#5664,#5671,#5678,#5685,#5692,#5699,#5707,#5714,#5721,
    #5728,#5735,#5742,#5750,#5757,#5764,#5771,#5778,#5785,#5792,#5799,
    #5806,#5813,#5820,#5827),#862);
#5650 = STYLED_ITEM('color',(#5651),#74);
#5651 = PRESENTATION_STYLE_ASSIGNMENT((#5652));
#5652 = SURFACE_STYLE_USAGE(.BOTH.,#5653);
#5653 = SURFACE_SIDE_STYLE('',(#5654));
#5654 = SURFACE_STYLE_FILL_AREA(#5655);
#5655 = FILL_AREA_STYLE('',(#5656));
#5656 = FILL_AREA_STYLE_COLOUR('',#5213);
#5657 = STYLED_ITEM('color',(#5658),#114);
#5658 = PRESENTATION_STYLE_ASSIGNMENT((#5659));
#5659 = SURFACE_STYLE_USAGE(.BOTH.,#5660);
#5660 = SURFACE_SIDE_STYLE('',(#5661));
#5661 = SURFACE_STYLE_FILL_AREA(#5662);
#5662 = FILL_AREA_STYLE('',(#5663));
#5663 = FILL_AREA_STYLE_COLOUR('',#5213);
#5664 = STYLED_ITEM('color',(#5665),#197);
#5665 = PRESENTATION_STYLE_ASSIGNMENT((#5666));
#5666 = SURFACE_STYLE_USAGE(.BOTH.,#5667);
#5667 = SURFACE_SIDE_STYLE('',(#5668));
#5668 = SURFACE_STYLE_FILL_AREA(#5669);
#5669 = FILL_AREA_STYLE('',(#5670));
#5670 = FILL_AREA_STYLE_COLOUR('',#5213);
#5671 = STYLED_ITEM('color',(#5672),#222);
#5672 = PRESENTATION_STYLE_ASSIGNMENT((#5673));
#5673 = SURFACE_STYLE_USAGE(.BOTH.,#5674);
#5674 = SURFACE_SIDE_STYLE('',(#5675));
#5675 = SURFACE_STYLE_FILL_AREA(#5676);
#5676 = FILL_AREA_STYLE('',(#5677));
#5677 = FILL_AREA_STYLE_COLOUR('',#5213);
#5678 = STYLED_ITEM('color',(#5679),#247);
#5679 = PRESENTATION_STYLE_ASSIGNMENT((#5680));
#5680 = SURFACE_STYLE_USAGE(.BOTH.,#5681);
#5681 = SURFACE_SIDE_STYLE('',(#5682));
#5682 = SURFACE_STYLE_FILL_AREA(#5683);
#5683 = FILL_AREA_STYLE('',(#5684));
#5684 = FILL_AREA_STYLE_COLOUR('',#5213);
#5685 = STYLED_ITEM('color',(#5686),#314);
#5686 = PRESENTATION_STYLE_ASSIGNMENT((#5687));
#5687 = SURFACE_STYLE_USAGE(.BOTH.,#5688);
#5688 = SURFACE_SIDE_STYLE('',(#5689));
#5689 = SURFACE_STYLE_FILL_AREA(#5690);
#5690 = FILL_AREA_STYLE('',(#5691));
#5691 = FILL_AREA_STYLE_COLOUR('',#5213);
#5692 = STYLED_ITEM('color',(#5693),#331);
#5693 = PRESENTATION_STYLE_ASSIGNMENT((#5694));
#5694 = SURFACE_STYLE_USAGE(.BOTH.,#5695);
#5695 = SURFACE_SIDE_STYLE('',(#5696));
#5696 = SURFACE_STYLE_FILL_AREA(#5697);
#5697 = FILL_AREA_STYLE('',(#5698));
#5698 = FILL_AREA_STYLE_COLOUR('',#5213);
#5699 = STYLED_ITEM('color',(#5700),#348);
#5700 = PRESENTATION_STYLE_ASSIGNMENT((#5701));
#5701 = SURFACE_STYLE_USAGE(.BOTH.,#5702);
#5702 = SURFACE_SIDE_STYLE('',(#5703));
#5703 = SURFACE_STYLE_FILL_AREA(#5704);
#5704 = FILL_AREA_STYLE('',(#5705));
#5705 = FILL_AREA_STYLE_COLOUR('',#5706);
#5706 = COLOUR_RGB('',0.894999966383,0.890999961016,0.813000030345);
#5707 = STYLED_ITEM('color',(#5708),#397);
#5708 = PRESENTATION_STYLE_ASSIGNMENT((#5709));
#5709 = SURFACE_STYLE_USAGE(.BOTH.,#5710);
#5710 = SURFACE_SIDE_STYLE('',(#5711));
#5711 = SURFACE_STYLE_FILL_AREA(#5712);
#5712 = FILL_AREA_STYLE('',(#5713));
#5713 = FILL_AREA_STYLE_COLOUR('',#5213);
#5714 = STYLED_ITEM('color',(#5715),#414);
#5715 = PRESENTATION_STYLE_ASSIGNMENT((#5716));
#5716 = SURFACE_STYLE_USAGE(.BOTH.,#5717);
#5717 = SURFACE_SIDE_STYLE('',(#5718));
#5718 = SURFACE_STYLE_FILL_AREA(#5719);
#5719 = FILL_AREA_STYLE('',(#5720));
#5720 = FILL_AREA_STYLE_COLOUR('',#5213);
#5721 = STYLED_ITEM('color',(#5722),#431);
#5722 = PRESENTATION_STYLE_ASSIGNMENT((#5723));
#5723 = SURFACE_STYLE_USAGE(.BOTH.,#5724);
#5724 = SURFACE_SIDE_STYLE('',(#5725));
#5725 = SURFACE_STYLE_FILL_AREA(#5726);
#5726 = FILL_AREA_STYLE('',(#5727));
#5727 = FILL_AREA_STYLE_COLOUR('',#5706);
#5728 = STYLED_ITEM('color',(#5729),#480);
#5729 = PRESENTATION_STYLE_ASSIGNMENT((#5730));
#5730 = SURFACE_STYLE_USAGE(.BOTH.,#5731);
#5731 = SURFACE_SIDE_STYLE('',(#5732));
#5732 = SURFACE_STYLE_FILL_AREA(#5733);
#5733 = FILL_AREA_STYLE('',(#5734));
#5734 = FILL_AREA_STYLE_COLOUR('',#5706);
#5735 = STYLED_ITEM('color',(#5736),#497);
#5736 = PRESENTATION_STYLE_ASSIGNMENT((#5737));
#5737 = SURFACE_STYLE_USAGE(.BOTH.,#5738);
#5738 = SURFACE_SIDE_STYLE('',(#5739));
#5739 = SURFACE_STYLE_FILL_AREA(#5740);
#5740 = FILL_AREA_STYLE('',(#5741));
#5741 = FILL_AREA_STYLE_COLOUR('',#5213);
#5742 = STYLED_ITEM('color',(#5743),#566);
#5743 = PRESENTATION_STYLE_ASSIGNMENT((#5744));
#5744 = SURFACE_STYLE_USAGE(.BOTH.,#5745);
#5745 = SURFACE_SIDE_STYLE('',(#5746));
#5746 = SURFACE_STYLE_FILL_AREA(#5747);
#5747 = FILL_AREA_STYLE('',(#5748));
#5748 = FILL_AREA_STYLE_COLOUR('',#5749);
#5749 = COLOUR_RGB('',8.200000279077E-02,8.600000121357E-02,
  9.399999706163E-02);
#5750 = STYLED_ITEM('color',(#5751),#597);
#5751 = PRESENTATION_STYLE_ASSIGNMENT((#5752));
#5752 = SURFACE_STYLE_USAGE(.BOTH.,#5753);
#5753 = SURFACE_SIDE_STYLE('',(#5754));
#5754 = SURFACE_STYLE_FILL_AREA(#5755);
#5755 = FILL_AREA_STYLE('',(#5756));
#5756 = FILL_AREA_STYLE_COLOUR('',#5749);
#5757 = STYLED_ITEM('color',(#5758),#621);
#5758 = PRESENTATION_STYLE_ASSIGNMENT((#5759));
#5759 = SURFACE_STYLE_USAGE(.BOTH.,#5760);
#5760 = SURFACE_SIDE_STYLE('',(#5761));
#5761 = SURFACE_STYLE_FILL_AREA(#5762);
#5762 = FILL_AREA_STYLE('',(#5763));
#5763 = FILL_AREA_STYLE_COLOUR('',#5213);
#5764 = STYLED_ITEM('color',(#5765),#690);
#5765 = PRESENTATION_STYLE_ASSIGNMENT((#5766));
#5766 = SURFACE_STYLE_USAGE(.BOTH.,#5767);
#5767 = SURFACE_SIDE_STYLE('',(#5768));
#5768 = SURFACE_STYLE_FILL_AREA(#5769);
#5769 = FILL_AREA_STYLE('',(#5770));
#5770 = FILL_AREA_STYLE_COLOUR('',#5749);
#5771 = STYLED_ITEM('color',(#5772),#714);
#5772 = PRESENTATION_STYLE_ASSIGNMENT((#5773));
#5773 = SURFACE_STYLE_USAGE(.BOTH.,#5774);
#5774 = SURFACE_SIDE_STYLE('',(#5775));
#5775 = SURFACE_STYLE_FILL_AREA(#5776);
#5776 = FILL_AREA_STYLE('',(#5777));
#5777 = FILL_AREA_STYLE_COLOUR('',#5213);
#5778 = STYLED_ITEM('color',(#5779),#731);
#5779 = PRESENTATION_STYLE_ASSIGNMENT((#5780));
#5780 = SURFACE_STYLE_USAGE(.BOTH.,#5781);
#5781 = SURFACE_SIDE_STYLE('',(#5782));
#5782 = SURFACE_STYLE_FILL_AREA(#5783);
#5783 = FILL_AREA_STYLE('',(#5784));
#5784 = FILL_AREA_STYLE_COLOUR('',#5213);
#5785 = STYLED_ITEM('color',(#5786),#748);
#5786 = PRESENTATION_STYLE_ASSIGNMENT((#5787));
#5787 = SURFACE_STYLE_USAGE(.BOTH.,#5788);
#5788 = SURFACE_SIDE_STYLE('',(#5789));
#5789 = SURFACE_STYLE_FILL_AREA(#5790);
#5790 = FILL_AREA_STYLE('',(#5791));
#5791 = FILL_AREA_STYLE_COLOUR('',#5213);
#5792 = STYLED_ITEM('color',(#5793),#765);
#5793 = PRESENTATION_STYLE_ASSIGNMENT((#5794));
#5794 = SURFACE_STYLE_USAGE(.BOTH.,#5795);
#5795 = SURFACE_SIDE_STYLE('',(#5796));
#5796 = SURFACE_STYLE_FILL_AREA(#5797);
#5797 = FILL_AREA_STYLE('',(#5798));
#5798 = FILL_AREA_STYLE_COLOUR('',#5213);
#5799 = STYLED_ITEM('color',(#5800),#782);
#5800 = PRESENTATION_STYLE_ASSIGNMENT((#5801));
#5801 = SURFACE_STYLE_USAGE(.BOTH.,#5802);
#5802 = SURFACE_SIDE_STYLE('',(#5803));
#5803 = SURFACE_STYLE_FILL_AREA(#5804);
#5804 = FILL_AREA_STYLE('',(#5805));
#5805 = FILL_AREA_STYLE_COLOUR('',#5213);
#5806 = STYLED_ITEM('color',(#5807),#799);
#5807 = PRESENTATION_STYLE_ASSIGNMENT((#5808));
#5808 = SURFACE_STYLE_USAGE(.BOTH.,#5809);
#5809 = SURFACE_SIDE_STYLE('',(#5810));
#5810 = SURFACE_STYLE_FILL_AREA(#5811);
#5811 = FILL_AREA_STYLE('',(#5812));
#5812 = FILL_AREA_STYLE_COLOUR('',#5213);
#5813 = STYLED_ITEM('color',(#5814),#816);
#5814 = PRESENTATION_STYLE_ASSIGNMENT((#5815));
#5815 = SURFACE_STYLE_USAGE(.BOTH.,#5816);
#5816 = SURFACE_SIDE_STYLE('',(#5817));
#5817 = SURFACE_STYLE_FILL_AREA(#5818);
#5818 = FILL_AREA_STYLE('',(#5819));
#5819 = FILL_AREA_STYLE_COLOUR('',#5213);
#5820 = STYLED_ITEM('color',(#5821),#833);
#5821 = PRESENTATION_STYLE_ASSIGNMENT((#5822));
#5822 = SURFACE_STYLE_USAGE(.BOTH.,#5823);
#5823 = SURFACE_SIDE_STYLE('',(#5824));
#5824 = SURFACE_STYLE_FILL_AREA(#5825);
#5825 = FILL_AREA_STYLE('',(#5826));
#5826 = FILL_AREA_STYLE_COLOUR('',#5749);
#5827 = STYLED_ITEM('color',(#5828),#850);
#5828 = PRESENTATION_STYLE_ASSIGNMENT((#5829));
#5829 = SURFACE_STYLE_USAGE(.BOTH.,#5830);
#5830 = SURFACE_SIDE_STYLE('',(#5831));
#5831 = SURFACE_STYLE_FILL_AREA(#5832);
#5832 = FILL_AREA_STYLE('',(#5833));
#5833 = FILL_AREA_STYLE_COLOUR('',#5749);
#5834 = MECHANICAL_DESIGN_GEOMETRIC_PRESENTATION_REPRESENTATION('',(
    #5835),#5194);
#5835 = STYLED_ITEM('color',(#5836),#4888);
#5836 = PRESENTATION_STYLE_ASSIGNMENT((#5837));
#5837 = SURFACE_STYLE_USAGE(.BOTH.,#5838);
#5838 = SURFACE_SIDE_STYLE('',(#5839));
#5839 = SURFACE_STYLE_FILL_AREA(#5840);
#5840 = FILL_AREA_STYLE('',(#5841));
#5841 = FILL_AREA_STYLE_COLOUR('',#5842);
#5842 = COLOUR_RGB('',0.313304153717,0.484529207832,0.410020903123);
#5843 = MECHANICAL_DESIGN_GEOMETRIC_PRESENTATION_REPRESENTATION('',(
    #5844,#5851,#5858,#5865,#5872,#5879,#5886,#5893,#5900,#5907,#5914,
    #5921,#5928,#5935,#5942,#5949,#5956,#5963,#5970,#5977,#5984,#5991,
    #5998,#6006,#6013,#6020,#6027,#6034,#6041,#6048,#6055,#6062,#6069,
    #6076,#6083,#6090,#6097,#6104,#6111,#6118,#6125,#6132,#6139,#6146,
    #6153,#6160,#6167,#6174,#6181,#6188,#6195,#6202,#6209,#6216,#6223,
    #6230,#6237,#6244,#6251,#6258,#6265,#6272,#6279,#6286,#6293,#6300,
    #6307,#6314,#6321,#6328,#6335,#6342,#6349,#6356,#6363,#6370),#3010);
#5844 = STYLED_ITEM('color',(#5845),#906);
#5845 = PRESENTATION_STYLE_ASSIGNMENT((#5846));
#5846 = SURFACE_STYLE_USAGE(.BOTH.,#5847);
#5847 = SURFACE_SIDE_STYLE('',(#5848));
#5848 = SURFACE_STYLE_FILL_AREA(#5849);
#5849 = FILL_AREA_STYLE('',(#5850));
#5850 = FILL_AREA_STYLE_COLOUR('',#5263);
#5851 = STYLED_ITEM('color',(#5852),#946);
#5852 = PRESENTATION_STYLE_ASSIGNMENT((#5853));
#5853 = SURFACE_STYLE_USAGE(.BOTH.,#5854);
#5854 = SURFACE_SIDE_STYLE('',(#5855));
#5855 = SURFACE_STYLE_FILL_AREA(#5856);
#5856 = FILL_AREA_STYLE('',(#5857));
#5857 = FILL_AREA_STYLE_COLOUR('',#5263);
#5858 = STYLED_ITEM('color',(#5859),#977);
#5859 = PRESENTATION_STYLE_ASSIGNMENT((#5860));
#5860 = SURFACE_STYLE_USAGE(.BOTH.,#5861);
#5861 = SURFACE_SIDE_STYLE('',(#5862));
#5862 = SURFACE_STYLE_FILL_AREA(#5863);
#5863 = FILL_AREA_STYLE('',(#5864));
#5864 = FILL_AREA_STYLE_COLOUR('',#5263);
#5865 = STYLED_ITEM('color',(#5866),#1008);
#5866 = PRESENTATION_STYLE_ASSIGNMENT((#5867));
#5867 = SURFACE_STYLE_USAGE(.BOTH.,#5868);
#5868 = SURFACE_SIDE_STYLE('',(#5869));
#5869 = SURFACE_STYLE_FILL_AREA(#5870);
#5870 = FILL_AREA_STYLE('',(#5871));
#5871 = FILL_AREA_STYLE_COLOUR('',#5263);
#5872 = STYLED_ITEM('color',(#5873),#1255);
#5873 = PRESENTATION_STYLE_ASSIGNMENT((#5874));
#5874 = SURFACE_STYLE_USAGE(.BOTH.,#5875);
#5875 = SURFACE_SIDE_STYLE('',(#5876));
#5876 = SURFACE_STYLE_FILL_AREA(#5877);
#5877 = FILL_AREA_STYLE('',(#5878));
#5878 = FILL_AREA_STYLE_COLOUR('',#5263);
#5879 = STYLED_ITEM('color',(#5880),#1502);
#5880 = PRESENTATION_STYLE_ASSIGNMENT((#5881));
#5881 = SURFACE_STYLE_USAGE(.BOTH.,#5882);
#5882 = SURFACE_SIDE_STYLE('',(#5883));
#5883 = SURFACE_STYLE_FILL_AREA(#5884);
#5884 = FILL_AREA_STYLE('',(#5885));
#5885 = FILL_AREA_STYLE_COLOUR('',#5263);
#5886 = STYLED_ITEM('color',(#5887),#1519);
#5887 = PRESENTATION_STYLE_ASSIGNMENT((#5888));
#5888 = SURFACE_STYLE_USAGE(.BOTH.,#5889);
#5889 = SURFACE_SIDE_STYLE('',(#5890));
#5890 = SURFACE_STYLE_FILL_AREA(#5891);
#5891 = FILL_AREA_STYLE('',(#5892));
#5892 = FILL_AREA_STYLE_COLOUR('',#5263);
#5893 = STYLED_ITEM('color',(#5894),#1536);
#5894 = PRESENTATION_STYLE_ASSIGNMENT((#5895));
#5895 = SURFACE_STYLE_USAGE(.BOTH.,#5896);
#5896 = SURFACE_SIDE_STYLE('',(#5897));
#5897 = SURFACE_STYLE_FILL_AREA(#5898);
#5898 = FILL_AREA_STYLE('',(#5899));
#5899 = FILL_AREA_STYLE_COLOUR('',#5263);
#5900 = STYLED_ITEM('color',(#5901),#1553);
#5901 = PRESENTATION_STYLE_ASSIGNMENT((#5902));
#5902 = SURFACE_STYLE_USAGE(.BOTH.,#5903);
#5903 = SURFACE_SIDE_STYLE('',(#5904));
#5904 = SURFACE_STYLE_FILL_AREA(#5905);
#5905 = FILL_AREA_STYLE('',(#5906));
#5906 = FILL_AREA_STYLE_COLOUR('',#5263);
#5907 = STYLED_ITEM('color',(#5908),#1570);
#5908 = PRESENTATION_STYLE_ASSIGNMENT((#5909));
#5909 = SURFACE_STYLE_USAGE(.BOTH.,#5910);
#5910 = SURFACE_SIDE_STYLE('',(#5911));
#5911 = SURFACE_STYLE_FILL_AREA(#5912);
#5912 = FILL_AREA_STYLE('',(#5913));
#5913 = FILL_AREA_STYLE_COLOUR('',#5263);
#5914 = STYLED_ITEM('color',(#5915),#1587);
#5915 = PRESENTATION_STYLE_ASSIGNMENT((#5916));
#5916 = SURFACE_STYLE_USAGE(.BOTH.,#5917);
#5917 = SURFACE_SIDE_STYLE('',(#5918));
#5918 = SURFACE_STYLE_FILL_AREA(#5919);
#5919 = FILL_AREA_STYLE('',(#5920));
#5920 = FILL_AREA_STYLE_COLOUR('',#5263);
#5921 = STYLED_ITEM('color',(#5922),#1604);
#5922 = PRESENTATION_STYLE_ASSIGNMENT((#5923));
#5923 = SURFACE_STYLE_USAGE(.BOTH.,#5924);
#5924 = SURFACE_SIDE_STYLE('',(#5925));
#5925 = SURFACE_STYLE_FILL_AREA(#5926);
#5926 = FILL_AREA_STYLE('',(#5927));
#5927 = FILL_AREA_STYLE_COLOUR('',#5263);
#5928 = STYLED_ITEM('color',(#5929),#1621);
#5929 = PRESENTATION_STYLE_ASSIGNMENT((#5930));
#5930 = SURFACE_STYLE_USAGE(.BOTH.,#5931);
#5931 = SURFACE_SIDE_STYLE('',(#5932));
#5932 = SURFACE_STYLE_FILL_AREA(#5933);
#5933 = FILL_AREA_STYLE('',(#5934));
#5934 = FILL_AREA_STYLE_COLOUR('',#5263);
#5935 = STYLED_ITEM('color',(#5936),#1638);
#5936 = PRESENTATION_STYLE_ASSIGNMENT((#5937));
#5937 = SURFACE_STYLE_USAGE(.BOTH.,#5938);
#5938 = SURFACE_SIDE_STYLE('',(#5939));
#5939 = SURFACE_STYLE_FILL_AREA(#5940);
#5940 = FILL_AREA_STYLE('',(#5941));
#5941 = FILL_AREA_STYLE_COLOUR('',#5263);
#5942 = STYLED_ITEM('color',(#5943),#1655);
#5943 = PRESENTATION_STYLE_ASSIGNMENT((#5944));
#5944 = SURFACE_STYLE_USAGE(.BOTH.,#5945);
#5945 = SURFACE_SIDE_STYLE('',(#5946));
#5946 = SURFACE_STYLE_FILL_AREA(#5947);
#5947 = FILL_AREA_STYLE('',(#5948));
#5948 = FILL_AREA_STYLE_COLOUR('',#5263);
#5949 = STYLED_ITEM('color',(#5950),#1672);
#5950 = PRESENTATION_STYLE_ASSIGNMENT((#5951));
#5951 = SURFACE_STYLE_USAGE(.BOTH.,#5952);
#5952 = SURFACE_SIDE_STYLE('',(#5953));
#5953 = SURFACE_STYLE_FILL_AREA(#5954);
#5954 = FILL_AREA_STYLE('',(#5955));
#5955 = FILL_AREA_STYLE_COLOUR('',#5263);
#5956 = STYLED_ITEM('color',(#5957),#1689);
#5957 = PRESENTATION_STYLE_ASSIGNMENT((#5958));
#5958 = SURFACE_STYLE_USAGE(.BOTH.,#5959);
#5959 = SURFACE_SIDE_STYLE('',(#5960));
#5960 = SURFACE_STYLE_FILL_AREA(#5961);
#5961 = FILL_AREA_STYLE('',(#5962));
#5962 = FILL_AREA_STYLE_COLOUR('',#5263);
#5963 = STYLED_ITEM('color',(#5964),#1706);
#5964 = PRESENTATION_STYLE_ASSIGNMENT((#5965));
#5965 = SURFACE_STYLE_USAGE(.BOTH.,#5966);
#5966 = SURFACE_SIDE_STYLE('',(#5967));
#5967 = SURFACE_STYLE_FILL_AREA(#5968);
#5968 = FILL_AREA_STYLE('',(#5969));
#5969 = FILL_AREA_STYLE_COLOUR('',#5263);
#5970 = STYLED_ITEM('color',(#5971),#1723);
#5971 = PRESENTATION_STYLE_ASSIGNMENT((#5972));
#5972 = SURFACE_STYLE_USAGE(.BOTH.,#5973);
#5973 = SURFACE_SIDE_STYLE('',(#5974));
#5974 = SURFACE_STYLE_FILL_AREA(#5975);
#5975 = FILL_AREA_STYLE('',(#5976));
#5976 = FILL_AREA_STYLE_COLOUR('',#5263);
#5977 = STYLED_ITEM('color',(#5978),#1740);
#5978 = PRESENTATION_STYLE_ASSIGNMENT((#5979));
#5979 = SURFACE_STYLE_USAGE(.BOTH.,#5980);
#5980 = SURFACE_SIDE_STYLE('',(#5981));
#5981 = SURFACE_STYLE_FILL_AREA(#5982);
#5982 = FILL_AREA_STYLE('',(#5983));
#5983 = FILL_AREA_STYLE_COLOUR('',#5263);
#5984 = STYLED_ITEM('color',(#5985),#1757);
#5985 = PRESENTATION_STYLE_ASSIGNMENT((#5986));
#5986 = SURFACE_STYLE_USAGE(.BOTH.,#5987);
#5987 = SURFACE_SIDE_STYLE('',(#5988));
#5988 = SURFACE_STYLE_FILL_AREA(#5989);
#5989 = FILL_AREA_STYLE('',(#5990));
#5990 = FILL_AREA_STYLE_COLOUR('',#5263);
#5991 = STYLED_ITEM('color',(#5992),#1774);
#5992 = PRESENTATION_STYLE_ASSIGNMENT((#5993));
#5993 = SURFACE_STYLE_USAGE(.BOTH.,#5994);
#5994 = SURFACE_SIDE_STYLE('',(#5995));
#5995 = SURFACE_STYLE_FILL_AREA(#5996);
#5996 = FILL_AREA_STYLE('',(#5997));
#5997 = FILL_AREA_STYLE_COLOUR('',#5263);
#5998 = STYLED_ITEM('color',(#5999),#1786);
#5999 = PRESENTATION_STYLE_ASSIGNMENT((#6000));
#6000 = SURFACE_STYLE_USAGE(.BOTH.,#6001);
#6001 = SURFACE_SIDE_STYLE('',(#6002));
#6002 = SURFACE_STYLE_FILL_AREA(#6003);
#6003 = FILL_AREA_STYLE('',(#6004));
#6004 = FILL_AREA_STYLE_COLOUR('',#6005);
#6005 = COLOUR_RGB('',0.859000020776,0.737999965183,0.495999988746);
#6006 = STYLED_ITEM('color',(#6007),#1817);
#6007 = PRESENTATION_STYLE_ASSIGNMENT((#6008));
#6008 = SURFACE_STYLE_USAGE(.BOTH.,#6009);
#6009 = SURFACE_SIDE_STYLE('',(#6010));
#6010 = SURFACE_STYLE_FILL_AREA(#6011);
#6011 = FILL_AREA_STYLE('',(#6012));
#6012 = FILL_AREA_STYLE_COLOUR('',#6005);
#6013 = STYLED_ITEM('color',(#6014),#1841);
#6014 = PRESENTATION_STYLE_ASSIGNMENT((#6015));
#6015 = SURFACE_STYLE_USAGE(.BOTH.,#6016);
#6016 = SURFACE_SIDE_STYLE('',(#6017));
#6017 = SURFACE_STYLE_FILL_AREA(#6018);
#6018 = FILL_AREA_STYLE('',(#6019));
#6019 = FILL_AREA_STYLE_COLOUR('',#6005);
#6020 = STYLED_ITEM('color',(#6021),#1865);
#6021 = PRESENTATION_STYLE_ASSIGNMENT((#6022));
#6022 = SURFACE_STYLE_USAGE(.BOTH.,#6023);
#6023 = SURFACE_SIDE_STYLE('',(#6024));
#6024 = SURFACE_STYLE_FILL_AREA(#6025);
#6025 = FILL_AREA_STYLE('',(#6026));
#6026 = FILL_AREA_STYLE_COLOUR('',#6005);
#6027 = STYLED_ITEM('color',(#6028),#1882);
#6028 = PRESENTATION_STYLE_ASSIGNMENT((#6029));
#6029 = SURFACE_STYLE_USAGE(.BOTH.,#6030);
#6030 = SURFACE_SIDE_STYLE('',(#6031));
#6031 = SURFACE_STYLE_FILL_AREA(#6032);
#6032 = FILL_AREA_STYLE('',(#6033));
#6033 = FILL_AREA_STYLE_COLOUR('',#6005);
#6034 = STYLED_ITEM('color',(#6035),#1913);
#6035 = PRESENTATION_STYLE_ASSIGNMENT((#6036));
#6036 = SURFACE_STYLE_USAGE(.BOTH.,#6037);
#6037 = SURFACE_SIDE_STYLE('',(#6038));
#6038 = SURFACE_STYLE_FILL_AREA(#6039);
#6039 = FILL_AREA_STYLE('',(#6040));
#6040 = FILL_AREA_STYLE_COLOUR('',#6005);
#6041 = STYLED_ITEM('color',(#6042),#1937);
#6042 = PRESENTATION_STYLE_ASSIGNMENT((#6043));
#6043 = SURFACE_STYLE_USAGE(.BOTH.,#6044);
#6044 = SURFACE_SIDE_STYLE('',(#6045));
#6045 = SURFACE_STYLE_FILL_AREA(#6046);
#6046 = FILL_AREA_STYLE('',(#6047));
#6047 = FILL_AREA_STYLE_COLOUR('',#6005);
#6048 = STYLED_ITEM('color',(#6049),#1961);
#6049 = PRESENTATION_STYLE_ASSIGNMENT((#6050));
#6050 = SURFACE_STYLE_USAGE(.BOTH.,#6051);
#6051 = SURFACE_SIDE_STYLE('',(#6052));
#6052 = SURFACE_STYLE_FILL_AREA(#6053);
#6053 = FILL_AREA_STYLE('',(#6054));
#6054 = FILL_AREA_STYLE_COLOUR('',#6005);
#6055 = STYLED_ITEM('color',(#6056),#1978);
#6056 = PRESENTATION_STYLE_ASSIGNMENT((#6057));
#6057 = SURFACE_STYLE_USAGE(.BOTH.,#6058);
#6058 = SURFACE_SIDE_STYLE('',(#6059));
#6059 = SURFACE_STYLE_FILL_AREA(#6060);
#6060 = FILL_AREA_STYLE('',(#6061));
#6061 = FILL_AREA_STYLE_COLOUR('',#6005);
#6062 = STYLED_ITEM('color',(#6063),#2009);
#6063 = PRESENTATION_STYLE_ASSIGNMENT((#6064));
#6064 = SURFACE_STYLE_USAGE(.BOTH.,#6065);
#6065 = SURFACE_SIDE_STYLE('',(#6066));
#6066 = SURFACE_STYLE_FILL_AREA(#6067);
#6067 = FILL_AREA_STYLE('',(#6068));
#6068 = FILL_AREA_STYLE_COLOUR('',#6005);
#6069 = STYLED_ITEM('color',(#6070),#2033);
#6070 = PRESENTATION_STYLE_ASSIGNMENT((#6071));
#6071 = SURFACE_STYLE_USAGE(.BOTH.,#6072);
#6072 = SURFACE_SIDE_STYLE('',(#6073));
#6073 = SURFACE_STYLE_FILL_AREA(#6074);
#6074 = FILL_AREA_STYLE('',(#6075));
#6075 = FILL_AREA_STYLE_COLOUR('',#6005);
#6076 = STYLED_ITEM('color',(#6077),#2057);
#6077 = PRESENTATION_STYLE_ASSIGNMENT((#6078));
#6078 = SURFACE_STYLE_USAGE(.BOTH.,#6079);
#6079 = SURFACE_SIDE_STYLE('',(#6080));
#6080 = SURFACE_STYLE_FILL_AREA(#6081);
#6081 = FILL_AREA_STYLE('',(#6082));
#6082 = FILL_AREA_STYLE_COLOUR('',#6005);
#6083 = STYLED_ITEM('color',(#6084),#2074);
#6084 = PRESENTATION_STYLE_ASSIGNMENT((#6085));
#6085 = SURFACE_STYLE_USAGE(.BOTH.,#6086);
#6086 = SURFACE_SIDE_STYLE('',(#6087));
#6087 = SURFACE_STYLE_FILL_AREA(#6088);
#6088 = FILL_AREA_STYLE('',(#6089));
#6089 = FILL_AREA_STYLE_COLOUR('',#6005);
#6090 = STYLED_ITEM('color',(#6091),#2105);
#6091 = PRESENTATION_STYLE_ASSIGNMENT((#6092));
#6092 = SURFACE_STYLE_USAGE(.BOTH.,#6093);
#6093 = SURFACE_SIDE_STYLE('',(#6094));
#6094 = SURFACE_STYLE_FILL_AREA(#6095);
#6095 = FILL_AREA_STYLE('',(#6096));
#6096 = FILL_AREA_STYLE_COLOUR('',#6005);
#6097 = STYLED_ITEM('color',(#6098),#2129);
#6098 = PRESENTATION_STYLE_ASSIGNMENT((#6099));
#6099 = SURFACE_STYLE_USAGE(.BOTH.,#6100);
#6100 = SURFACE_SIDE_STYLE('',(#6101));
#6101 = SURFACE_STYLE_FILL_AREA(#6102);
#6102 = FILL_AREA_STYLE('',(#6103));
#6103 = FILL_AREA_STYLE_COLOUR('',#6005);
#6104 = STYLED_ITEM('color',(#6105),#2153);
#6105 = PRESENTATION_STYLE_ASSIGNMENT((#6106));
#6106 = SURFACE_STYLE_USAGE(.BOTH.,#6107);
#6107 = SURFACE_SIDE_STYLE('',(#6108));
#6108 = SURFACE_STYLE_FILL_AREA(#6109);
#6109 = FILL_AREA_STYLE('',(#6110));
#6110 = FILL_AREA_STYLE_COLOUR('',#6005);
#6111 = STYLED_ITEM('color',(#6112),#2170);
#6112 = PRESENTATION_STYLE_ASSIGNMENT((#6113));
#6113 = SURFACE_STYLE_USAGE(.BOTH.,#6114);
#6114 = SURFACE_SIDE_STYLE('',(#6115));
#6115 = SURFACE_STYLE_FILL_AREA(#6116);
#6116 = FILL_AREA_STYLE('',(#6117));
#6117 = FILL_AREA_STYLE_COLOUR('',#6005);
#6118 = STYLED_ITEM('color',(#6119),#2201);
#6119 = PRESENTATION_STYLE_ASSIGNMENT((#6120));
#6120 = SURFACE_STYLE_USAGE(.BOTH.,#6121);
#6121 = SURFACE_SIDE_STYLE('',(#6122));
#6122 = SURFACE_STYLE_FILL_AREA(#6123);
#6123 = FILL_AREA_STYLE('',(#6124));
#6124 = FILL_AREA_STYLE_COLOUR('',#6005);
#6125 = STYLED_ITEM('color',(#6126),#2225);
#6126 = PRESENTATION_STYLE_ASSIGNMENT((#6127));
#6127 = SURFACE_STYLE_USAGE(.BOTH.,#6128);
#6128 = SURFACE_SIDE_STYLE('',(#6129));
#6129 = SURFACE_STYLE_FILL_AREA(#6130);
#6130 = FILL_AREA_STYLE('',(#6131));
#6131 = FILL_AREA_STYLE_COLOUR('',#6005);
#6132 = STYLED_ITEM('color',(#6133),#2249);
#6133 = PRESENTATION_STYLE_ASSIGNMENT((#6134));
#6134 = SURFACE_STYLE_USAGE(.BOTH.,#6135);
#6135 = SURFACE_SIDE_STYLE('',(#6136));
#6136 = SURFACE_STYLE_FILL_AREA(#6137);
#6137 = FILL_AREA_STYLE('',(#6138));
#6138 = FILL_AREA_STYLE_COLOUR('',#6005);
#6139 = STYLED_ITEM('color',(#6140),#2266);
#6140 = PRESENTATION_STYLE_ASSIGNMENT((#6141));
#6141 = SURFACE_STYLE_USAGE(.BOTH.,#6142);
#6142 = SURFACE_SIDE_STYLE('',(#6143));
#6143 = SURFACE_STYLE_FILL_AREA(#6144);
#6144 = FILL_AREA_STYLE('',(#6145));
#6145 = FILL_AREA_STYLE_COLOUR('',#6005);
#6146 = STYLED_ITEM('color',(#6147),#2297);
#6147 = PRESENTATION_STYLE_ASSIGNMENT((#6148));
#6148 = SURFACE_STYLE_USAGE(.BOTH.,#6149);
#6149 = SURFACE_SIDE_STYLE('',(#6150));
#6150 = SURFACE_STYLE_FILL_AREA(#6151);
#6151 = FILL_AREA_STYLE('',(#6152));
#6152 = FILL_AREA_STYLE_COLOUR('',#6005);
#6153 = STYLED_ITEM('color',(#6154),#2321);
#6154 = PRESENTATION_STYLE_ASSIGNMENT((#6155));
#6155 = SURFACE_STYLE_USAGE(.BOTH.,#6156);
#6156 = SURFACE_SIDE_STYLE('',(#6157));
#6157 = SURFACE_STYLE_FILL_AREA(#6158);
#6158 = FILL_AREA_STYLE('',(#6159));
#6159 = FILL_AREA_STYLE_COLOUR('',#6005);
#6160 = STYLED_ITEM('color',(#6161),#2345);
#6161 = PRESENTATION_STYLE_ASSIGNMENT((#6162));
#6162 = SURFACE_STYLE_USAGE(.BOTH.,#6163);
#6163 = SURFACE_SIDE_STYLE('',(#6164));
#6164 = SURFACE_STYLE_FILL_AREA(#6165);
#6165 = FILL_AREA_STYLE('',(#6166));
#6166 = FILL_AREA_STYLE_COLOUR('',#6005);
#6167 = STYLED_ITEM('color',(#6168),#2362);
#6168 = PRESENTATION_STYLE_ASSIGNMENT((#6169));
#6169 = SURFACE_STYLE_USAGE(.BOTH.,#6170);
#6170 = SURFACE_SIDE_STYLE('',(#6171));
#6171 = SURFACE_STYLE_FILL_AREA(#6172);
#6172 = FILL_AREA_STYLE('',(#6173));
#6173 = FILL_AREA_STYLE_COLOUR('',#6005);
#6174 = STYLED_ITEM('color',(#6175),#2393);
#6175 = PRESENTATION_STYLE_ASSIGNMENT((#6176));
#6176 = SURFACE_STYLE_USAGE(.BOTH.,#6177);
#6177 = SURFACE_SIDE_STYLE('',(#6178));
#6178 = SURFACE_STYLE_FILL_AREA(#6179);
#6179 = FILL_AREA_STYLE('',(#6180));
#6180 = FILL_AREA_STYLE_COLOUR('',#6005);
#6181 = STYLED_ITEM('color',(#6182),#2417);
#6182 = PRESENTATION_STYLE_ASSIGNMENT((#6183));
#6183 = SURFACE_STYLE_USAGE(.BOTH.,#6184);
#6184 = SURFACE_SIDE_STYLE('',(#6185));
#6185 = SURFACE_STYLE_FILL_AREA(#6186);
#6186 = FILL_AREA_STYLE('',(#6187));
#6187 = FILL_AREA_STYLE_COLOUR('',#6005);
#6188 = STYLED_ITEM('color',(#6189),#2441);
#6189 = PRESENTATION_STYLE_ASSIGNMENT((#6190));
#6190 = SURFACE_STYLE_USAGE(.BOTH.,#6191);
#6191 = SURFACE_SIDE_STYLE('',(#6192));
#6192 = SURFACE_STYLE_FILL_AREA(#6193);
#6193 = FILL_AREA_STYLE('',(#6194));
#6194 = FILL_AREA_STYLE_COLOUR('',#6005);
#6195 = STYLED_ITEM('color',(#6196),#2458);
#6196 = PRESENTATION_STYLE_ASSIGNMENT((#6197));
#6197 = SURFACE_STYLE_USAGE(.BOTH.,#6198);
#6198 = SURFACE_SIDE_STYLE('',(#6199));
#6199 = SURFACE_STYLE_FILL_AREA(#6200);
#6200 = FILL_AREA_STYLE('',(#6201));
#6201 = FILL_AREA_STYLE_COLOUR('',#6005);
#6202 = STYLED_ITEM('color',(#6203),#2489);
#6203 = PRESENTATION_STYLE_ASSIGNMENT((#6204));
#6204 = SURFACE_STYLE_USAGE(.BOTH.,#6205);
#6205 = SURFACE_SIDE_STYLE('',(#6206));
#6206 = SURFACE_STYLE_FILL_AREA(#6207);
#6207 = FILL_AREA_STYLE('',(#6208));
#6208 = FILL_AREA_STYLE_COLOUR('',#6005);
#6209 = STYLED_ITEM('color',(#6210),#2513);
#6210 = PRESENTATION_STYLE_ASSIGNMENT((#6211));
#6211 = SURFACE_STYLE_USAGE(.BOTH.,#6212);
#6212 = SURFACE_SIDE_STYLE('',(#6213));
#6213 = SURFACE_STYLE_FILL_AREA(#6214);
#6214 = FILL_AREA_STYLE('',(#6215));
#6215 = FILL_AREA_STYLE_COLOUR('',#6005);
#6216 = STYLED_ITEM('color',(#6217),#2537);
#6217 = PRESENTATION_STYLE_ASSIGNMENT((#6218));
#6218 = SURFACE_STYLE_USAGE(.BOTH.,#6219);
#6219 = SURFACE_SIDE_STYLE('',(#6220));
#6220 = SURFACE_STYLE_FILL_AREA(#6221);
#6221 = FILL_AREA_STYLE('',(#6222));
#6222 = FILL_AREA_STYLE_COLOUR('',#6005);
#6223 = STYLED_ITEM('color',(#6224),#2554);
#6224 = PRESENTATION_STYLE_ASSIGNMENT((#6225));
#6225 = SURFACE_STYLE_USAGE(.BOTH.,#6226);
#6226 = SURFACE_SIDE_STYLE('',(#6227));
#6227 = SURFACE_STYLE_FILL_AREA(#6228);
#6228 = FILL_AREA_STYLE('',(#6229));
#6229 = FILL_AREA_STYLE_COLOUR('',#6005);
#6230 = STYLED_ITEM('color',(#6231),#2585);
#6231 = PRESENTATION_STYLE_ASSIGNMENT((#6232));
#6232 = SURFACE_STYLE_USAGE(.BOTH.,#6233);
#6233 = SURFACE_SIDE_STYLE('',(#6234));
#6234 = SURFACE_STYLE_FILL_AREA(#6235);
#6235 = FILL_AREA_STYLE('',(#6236));
#6236 = FILL_AREA_STYLE_COLOUR('',#6005);
#6237 = STYLED_ITEM('color',(#6238),#2609);
#6238 = PRESENTATION_STYLE_ASSIGNMENT((#6239));
#6239 = SURFACE_STYLE_USAGE(.BOTH.,#6240);
#6240 = SURFACE_SIDE_STYLE('',(#6241));
#6241 = SURFACE_STYLE_FILL_AREA(#6242);
#6242 = FILL_AREA_STYLE('',(#6243));
#6243 = FILL_AREA_STYLE_COLOUR('',#6005);
#6244 = STYLED_ITEM('color',(#6245),#2633);
#6245 = PRESENTATION_STYLE_ASSIGNMENT((#6246));
#6246 = SURFACE_STYLE_USAGE(.BOTH.,#6247);
#6247 = SURFACE_SIDE_STYLE('',(#6248));
#6248 = SURFACE_STYLE_FILL_AREA(#6249);
#6249 = FILL_AREA_STYLE('',(#6250));
#6250 = FILL_AREA_STYLE_COLOUR('',#6005);
#6251 = STYLED_ITEM('color',(#6252),#2650);
#6252 = PRESENTATION_STYLE_ASSIGNMENT((#6253));
#6253 = SURFACE_STYLE_USAGE(.BOTH.,#6254);
#6254 = SURFACE_SIDE_STYLE('',(#6255));
#6255 = SURFACE_STYLE_FILL_AREA(#6256);
#6256 = FILL_AREA_STYLE('',(#6257));
#6257 = FILL_AREA_STYLE_COLOUR('',#6005);
#6258 = STYLED_ITEM('color',(#6259),#2681);
#6259 = PRESENTATION_STYLE_ASSIGNMENT((#6260));
#6260 = SURFACE_STYLE_USAGE(.BOTH.,#6261);
#6261 = SURFACE_SIDE_STYLE('',(#6262));
#6262 = SURFACE_STYLE_FILL_AREA(#6263);
#6263 = FILL_AREA_STYLE('',(#6264));
#6264 = FILL_AREA_STYLE_COLOUR('',#6005);
#6265 = STYLED_ITEM('color',(#6266),#2705);
#6266 = PRESENTATION_STYLE_ASSIGNMENT((#6267));
#6267 = SURFACE_STYLE_USAGE(.BOTH.,#6268);
#6268 = SURFACE_SIDE_STYLE('',(#6269));
#6269 = SURFACE_STYLE_FILL_AREA(#6270);
#6270 = FILL_AREA_STYLE('',(#6271));
#6271 = FILL_AREA_STYLE_COLOUR('',#6005);
#6272 = STYLED_ITEM('color',(#6273),#2729);
#6273 = PRESENTATION_STYLE_ASSIGNMENT((#6274));
#6274 = SURFACE_STYLE_USAGE(.BOTH.,#6275);
#6275 = SURFACE_SIDE_STYLE('',(#6276));
#6276 = SURFACE_STYLE_FILL_AREA(#6277);
#6277 = FILL_AREA_STYLE('',(#6278));
#6278 = FILL_AREA_STYLE_COLOUR('',#6005);
#6279 = STYLED_ITEM('color',(#6280),#2746);
#6280 = PRESENTATION_STYLE_ASSIGNMENT((#6281));
#6281 = SURFACE_STYLE_USAGE(.BOTH.,#6282);
#6282 = SURFACE_SIDE_STYLE('',(#6283));
#6283 = SURFACE_STYLE_FILL_AREA(#6284);
#6284 = FILL_AREA_STYLE('',(#6285));
#6285 = FILL_AREA_STYLE_COLOUR('',#6005);
#6286 = STYLED_ITEM('color',(#6287),#2777);
#6287 = PRESENTATION_STYLE_ASSIGNMENT((#6288));
#6288 = SURFACE_STYLE_USAGE(.BOTH.,#6289);
#6289 = SURFACE_SIDE_STYLE('',(#6290));
#6290 = SURFACE_STYLE_FILL_AREA(#6291);
#6291 = FILL_AREA_STYLE('',(#6292));
#6292 = FILL_AREA_STYLE_COLOUR('',#6005);
#6293 = STYLED_ITEM('color',(#6294),#2801);
#6294 = PRESENTATION_STYLE_ASSIGNMENT((#6295));
#6295 = SURFACE_STYLE_USAGE(.BOTH.,#6296);
#6296 = SURFACE_SIDE_STYLE('',(#6297));
#6297 = SURFACE_STYLE_FILL_AREA(#6298);
#6298 = FILL_AREA_STYLE('',(#6299));
#6299 = FILL_AREA_STYLE_COLOUR('',#6005);
#6300 = STYLED_ITEM('color',(#6301),#2825);
#6301 = PRESENTATION_STYLE_ASSIGNMENT((#6302));
#6302 = SURFACE_STYLE_USAGE(.BOTH.,#6303);
#6303 = SURFACE_SIDE_STYLE('',(#6304));
#6304 = SURFACE_STYLE_FILL_AREA(#6305);
#6305 = FILL_AREA_STYLE('',(#6306));
#6306 = FILL_AREA_STYLE_COLOUR('',#6005);
#6307 = STYLED_ITEM('color',(#6308),#2842);
#6308 = PRESENTATION_STYLE_ASSIGNMENT((#6309));
#6309 = SURFACE_STYLE_USAGE(.BOTH.,#6310);
#6310 = SURFACE_SIDE_STYLE('',(#6311));
#6311 = SURFACE_STYLE_FILL_AREA(#6312);
#6312 = FILL_AREA_STYLE('',(#6313));
#6313 = FILL_AREA_STYLE_COLOUR('',#6005);
#6314 = STYLED_ITEM('color',(#6315),#2873);
#6315 = PRESENTATION_STYLE_ASSIGNMENT((#6316));
#6316 = SURFACE_STYLE_USAGE(.BOTH.,#6317);
#6317 = SURFACE_SIDE_STYLE('',(#6318));
#6318 = SURFACE_STYLE_FILL_AREA(#6319);
#6319 = FILL_AREA_STYLE('',(#6320));
#6320 = FILL_AREA_STYLE_COLOUR('',#6005);
#6321 = STYLED_ITEM('color',(#6322),#2897);
#6322 = PRESENTATION_STYLE_ASSIGNMENT((#6323));
#6323 = SURFACE_STYLE_USAGE(.BOTH.,#6324);
#6324 = SURFACE_SIDE_STYLE('',(#6325));
#6325 = SURFACE_STYLE_FILL_AREA(#6326);
#6326 = FILL_AREA_STYLE('',(#6327));
#6327 = FILL_AREA_STYLE_COLOUR('',#6005);
#6328 = STYLED_ITEM('color',(#6329),#2921);
#6329 = PRESENTATION_STYLE_ASSIGNMENT((#6330));
#6330 = SURFACE_STYLE_USAGE(.BOTH.,#6331);
#6331 = SURFACE_SIDE_STYLE('',(#6332));
#6332 = SURFACE_STYLE_FILL_AREA(#6333);
#6333 = FILL_AREA_STYLE('',(#6334));
#6334 = FILL_AREA_STYLE_COLOUR('',#6005);
#6335 = STYLED_ITEM('color',(#6336),#2938);
#6336 = PRESENTATION_STYLE_ASSIGNMENT((#6337));
#6337 = SURFACE_STYLE_USAGE(.BOTH.,#6338);
#6338 = SURFACE_SIDE_STYLE('',(#6339));
#6339 = SURFACE_STYLE_FILL_AREA(#6340);
#6340 = FILL_AREA_STYLE('',(#6341));
#6341 = FILL_AREA_STYLE_COLOUR('',#6005);
#6342 = STYLED_ITEM('color',(#6343),#2950);
#6343 = PRESENTATION_STYLE_ASSIGNMENT((#6344));
#6344 = SURFACE_STYLE_USAGE(.BOTH.,#6345);
#6345 = SURFACE_SIDE_STYLE('',(#6346));
#6346 = SURFACE_STYLE_FILL_AREA(#6347);
#6347 = FILL_AREA_STYLE('',(#6348));
#6348 = FILL_AREA_STYLE_COLOUR('',#6005);
#6349 = STYLED_ITEM('color',(#6350),#2962);
#6350 = PRESENTATION_STYLE_ASSIGNMENT((#6351));
#6351 = SURFACE_STYLE_USAGE(.BOTH.,#6352);
#6352 = SURFACE_SIDE_STYLE('',(#6353));
#6353 = SURFACE_STYLE_FILL_AREA(#6354);
#6354 = FILL_AREA_STYLE('',(#6355));
#6355 = FILL_AREA_STYLE_COLOUR('',#6005);
#6356 = STYLED_ITEM('color',(#6357),#2974);
#6357 = PRESENTATION_STYLE_ASSIGNMENT((#6358));
#6358 = SURFACE_STYLE_USAGE(.BOTH.,#6359);
#6359 = SURFACE_SIDE_STYLE('',(#6360));
#6360 = SURFACE_STYLE_FILL_AREA(#6361);
#6361 = FILL_AREA_STYLE('',(#6362));
#6362 = FILL_AREA_STYLE_COLOUR('',#6005);
#6363 = STYLED_ITEM('color',(#6364),#2986);
#6364 = PRESENTATION_STYLE_ASSIGNMENT((#6365));
#6365 = SURFACE_STYLE_USAGE(.BOTH.,#6366);
#6366 = SURFACE_SIDE_STYLE('',(#6367));
#6367 = SURFACE_STYLE_FILL_AREA(#6368);
#6368 = FILL_AREA_STYLE('',(#6369));
#6369 = FILL_AREA_STYLE_COLOUR('',#6005);
#6370 = STYLED_ITEM('color',(#6371),#2998);
#6371 = PRESENTATION_STYLE_ASSIGNMENT((#6372));
#6372 = SURFACE_STYLE_USAGE(.BOTH.,#6373);
#6373 = SURFACE_SIDE_STYLE('',(#6374));
#6374 = SURFACE_STYLE_FILL_AREA(#6375);
#6375 = FILL_AREA_STYLE('',(#6376));
#6376 = FILL_AREA_STYLE_COLOUR('',#6005);
ENDSEC;
END-ISO-10303-21;
