ISO-10303-21;
HEADER;
FILE_DESCRIPTION(('STEP AP242'),'1');
FILE_NAME('x1502wv-03k-n0sn.stp','2022-05-13T07:52:35',('TraceParts'),('TraceParts S.A.'),'Spatial InterOp 3D',' ',' ');
FILE_SCHEMA(('AP242_MANAGED_MODEL_BASED_3D_ENGINEERING_MIM_LF  {1 0 10303 442 1 1 4}'));
ENDSEC;
DATA;
#1=PRODUCT_DEFINITION_CONTEXT('',#9,'design');
#2=APPLICATION_PROTOCOL_DEFINITION('INTERNATIONAL STANDARD','ap242_managed_model_based_3d_engineering',2014,#9);
#3=PRODUCT_CATEGORY_RELATIONSHIP('NONE','NONE',#10,#11);
#4=SHAPE_DEFINITION_REPRESENTATION(#12,#13);
#5= (GEOMETRIC_REPRESENTATION_CONTEXT(3)GLOBAL_UNCERTAINTY_ASSIGNED_CONTEXT((#16))GLOBAL_UNIT_ASSIGNED_CONTEXT((#18,#19,#20))REPRESENTATION_CONTEXT('NONE','WORKSPACE'));
#9=APPLICATION_CONTEXT('managed model based 3d engineering');
#10=PRODUCT_CATEGORY('part','NONE');
#11=PRODUCT_RELATED_PRODUCT_CATEGORY('detail',' ',(#22));
#12=PRODUCT_DEFINITION_SHAPE('NONE','NONE',#23);
#13=ADVANCED_BREP_SHAPE_REPRESENTATION('x1502wv-03k-n0sn',(#24,#25),#5);
#16=UNCERTAINTY_MEASURE_WITH_UNIT(LENGTH_MEASURE(1.0E-06),#18,'','');
#18= (CONVERSION_BASED_UNIT('MILLIMETRE',#28)LENGTH_UNIT()NAMED_UNIT(#31));
#19= (NAMED_UNIT(#33)PLANE_ANGLE_UNIT()SI_UNIT($,.RADIAN.));
#20= (NAMED_UNIT(#33)SOLID_ANGLE_UNIT()SI_UNIT($,.STERADIAN.));
#22=PRODUCT('x1502wv-03k-n0sn','x1502wv-03k-n0sn','PART-x1502wv-03k-n0sn-DESC',(#39));
#23=PRODUCT_DEFINITION('','NONE',#40,#1);
#24=MANIFOLD_SOLID_BREP('x1502wv-03k-n0sn',#41);
#25=AXIS2_PLACEMENT_3D('',#42,#43,#44);
#28=LENGTH_MEASURE_WITH_UNIT(LENGTH_MEASURE(1.0),#45);
#31=DIMENSIONAL_EXPONENTS(1.0,0.0,0.0,0.0,0.0,0.0,0.0);
#33=DIMENSIONAL_EXPONENTS(0.0,0.0,0.0,0.0,0.0,0.0,0.0);
#39=PRODUCT_CONTEXT('',#9,'mechanical');
#40=PRODUCT_DEFINITION_FORMATION_WITH_SPECIFIED_SOURCE(' ','NONE',#22,.NOT_KNOWN.);
#41=CLOSED_SHELL('',(#46,#47,#48,#49,#50,#51,#52,#53,#54,#55,#56,#57,#58,#59,#60,#61,#62,#63,#64,#65,#66,#67,#68,#69,#70,#71,#72,#73,#74,#75,#76,#77,#78,#79,#80,#81,#82,#83,#84,#85,#86,#87,#88,#89,#90,#91,#92,#93,#94,#95,#96,#97,#98,#99,#100,#101,#102,#103,#104,#105,#106,#107,#108,#109,#110,#111,#112,#113,#114,#115,#116,#117,#118,#119,#120,#121,#122,#123,#124,#125,#126,#127,#128,#129,#130,#131,#132,#133,#134,#135));
#42=CARTESIAN_POINT('',(0.0,0.0,0.0));
#43=DIRECTION('',(0.0,0.0,1.0));
#44=DIRECTION('',(1.0,0.0,0.0));
#45= (NAMED_UNIT(#31)LENGTH_UNIT()SI_UNIT(.MILLI.,.METRE.));
#46=ADVANCED_FACE('',(#137),#138,.T.);
#47=ADVANCED_FACE('',(#139),#140,.T.);
#48=ADVANCED_FACE('',(#141),#142,.T.);
#49=ADVANCED_FACE('',(#143),#144,.T.);
#50=ADVANCED_FACE('',(#145),#146,.T.);
#51=ADVANCED_FACE('',(#147),#148,.T.);
#52=ADVANCED_FACE('',(#149),#150,.T.);
#53=ADVANCED_FACE('',(#151),#152,.T.);
#54=ADVANCED_FACE('',(#153),#154,.T.);
#55=ADVANCED_FACE('',(#155),#156,.T.);
#56=ADVANCED_FACE('',(#157),#158,.T.);
#57=ADVANCED_FACE('',(#159),#160,.T.);
#58=ADVANCED_FACE('',(#161),#162,.F.);
#59=ADVANCED_FACE('',(#163),#164,.F.);
#60=ADVANCED_FACE('',(#165),#166,.F.);
#61=ADVANCED_FACE('',(#167),#168,.F.);
#62=ADVANCED_FACE('',(#169),#170,.T.);
#63=ADVANCED_FACE('',(#171,#172,#173),#174,.T.);
#64=ADVANCED_FACE('',(#175),#176,.F.);
#65=ADVANCED_FACE('',(#177),#178,.F.);
#66=ADVANCED_FACE('',(#179,#180,#181,#182),#183,.T.);
#67=ADVANCED_FACE('',(#184),#185,.F.);
#68=ADVANCED_FACE('',(#186),#187,.F.);
#69=ADVANCED_FACE('',(#188),#189,.F.);
#70=ADVANCED_FACE('',(#190),#191,.F.);
#71=ADVANCED_FACE('',(#192),#193,.F.);
#72=ADVANCED_FACE('',(#194),#195,.F.);
#73=ADVANCED_FACE('',(#196),#197,.T.);
#74=ADVANCED_FACE('',(#198),#199,.F.);
#75=ADVANCED_FACE('',(#200),#201,.T.);
#76=ADVANCED_FACE('',(#202),#203,.T.);
#77=ADVANCED_FACE('',(#204),#205,.T.);
#78=ADVANCED_FACE('',(#206),#207,.T.);
#79=ADVANCED_FACE('',(#208),#209,.T.);
#80=ADVANCED_FACE('',(#210),#211,.T.);
#81=ADVANCED_FACE('',(#212),#213,.T.);
#82=ADVANCED_FACE('',(#214),#215,.T.);
#83=ADVANCED_FACE('',(#216),#217,.T.);
#84=ADVANCED_FACE('',(#218),#219,.T.);
#85=ADVANCED_FACE('',(#220),#221,.T.);
#86=ADVANCED_FACE('',(#222),#223,.T.);
#87=ADVANCED_FACE('',(#224),#225,.T.);
#88=ADVANCED_FACE('',(#226),#227,.F.);
#89=ADVANCED_FACE('',(#228),#229,.T.);
#90=ADVANCED_FACE('',(#230),#231,.T.);
#91=ADVANCED_FACE('',(#232),#233,.T.);
#92=ADVANCED_FACE('',(#234),#235,.T.);
#93=ADVANCED_FACE('',(#236),#237,.F.);
#94=ADVANCED_FACE('',(#238,#239),#240,.F.);
#95=ADVANCED_FACE('',(#241),#242,.F.);
#96=ADVANCED_FACE('',(#243),#244,.T.);
#97=ADVANCED_FACE('',(#245),#246,.T.);
#98=ADVANCED_FACE('',(#247),#248,.T.);
#99=ADVANCED_FACE('',(#249),#250,.T.);
#100=ADVANCED_FACE('',(#251),#252,.F.);
#101=ADVANCED_FACE('',(#253,#254),#255,.F.);
#102=ADVANCED_FACE('',(#256),#257,.F.);
#103=ADVANCED_FACE('',(#258),#259,.T.);
#104=ADVANCED_FACE('',(#260),#261,.T.);
#105=ADVANCED_FACE('',(#262),#263,.T.);
#106=ADVANCED_FACE('',(#264),#265,.F.);
#107=ADVANCED_FACE('',(#266),#267,.T.);
#108=ADVANCED_FACE('',(#268),#269,.T.);
#109=ADVANCED_FACE('',(#270),#271,.T.);
#110=ADVANCED_FACE('',(#272),#273,.T.);
#111=ADVANCED_FACE('',(#274),#275,.T.);
#112=ADVANCED_FACE('',(#276),#277,.T.);
#113=ADVANCED_FACE('',(#278),#279,.F.);
#114=ADVANCED_FACE('',(#280,#281),#282,.F.);
#115=ADVANCED_FACE('',(#283),#284,.F.);
#116=ADVANCED_FACE('',(#285),#286,.T.);
#117=ADVANCED_FACE('',(#287),#288,.T.);
#118=ADVANCED_FACE('',(#289),#290,.T.);
#119=ADVANCED_FACE('',(#291),#292,.F.);
#120=ADVANCED_FACE('',(#293),#294,.T.);
#121=ADVANCED_FACE('',(#295),#296,.T.);
#122=ADVANCED_FACE('',(#297),#298,.T.);
#123=ADVANCED_FACE('',(#299),#300,.T.);
#124=ADVANCED_FACE('',(#301),#302,.T.);
#125=ADVANCED_FACE('',(#303),#304,.T.);
#126=ADVANCED_FACE('',(#305),#306,.T.);
#127=ADVANCED_FACE('',(#307),#308,.T.);
#128=ADVANCED_FACE('',(#309),#310,.T.);
#129=ADVANCED_FACE('',(#311),#312,.F.);
#130=ADVANCED_FACE('',(#313),#314,.T.);
#131=ADVANCED_FACE('',(#315),#316,.T.);
#132=ADVANCED_FACE('',(#317),#318,.T.);
#133=ADVANCED_FACE('',(#319),#320,.T.);
#134=ADVANCED_FACE('',(#321),#322,.T.);
#135=ADVANCED_FACE('',(#323),#324,.T.);
#137=FACE_OUTER_BOUND('',#325,.T.);
#138=CONICAL_SURFACE('',#326,0.199999999932,0.321750554396546);
#139=FACE_OUTER_BOUND('',#327,.T.);
#140=CONICAL_SURFACE('',#328,0.199999999932,0.321750554396546);
#141=FACE_OUTER_BOUND('',#329,.T.);
#142=CONICAL_SURFACE('',#330,0.199999999932,0.321750554396546);
#143=FACE_OUTER_BOUND('',#331,.T.);
#144=CONICAL_SURFACE('',#332,0.199999999932,0.321750554396546);
#145=FACE_OUTER_BOUND('',#333,.T.);
#146=CONICAL_SURFACE('',#334,0.199999999932,0.321750554396546);
#147=FACE_OUTER_BOUND('',#335,.T.);
#148=CONICAL_SURFACE('',#336,0.199999999932,0.321750554396546);
#149=FACE_OUTER_BOUND('',#337,.T.);
#150=CONICAL_SURFACE('',#338,0.199999999932,0.321750554396546);
#151=FACE_OUTER_BOUND('',#339,.T.);
#152=CONICAL_SURFACE('',#340,0.199999999932,0.321750554396546);
#153=FACE_OUTER_BOUND('',#341,.T.);
#154=CONICAL_SURFACE('',#342,0.199999999932,0.321750554396546);
#155=FACE_OUTER_BOUND('',#343,.T.);
#156=CONICAL_SURFACE('',#344,0.199999999932,0.321750554396546);
#157=FACE_OUTER_BOUND('',#345,.T.);
#158=CONICAL_SURFACE('',#346,0.199999999932,0.321750554396546);
#159=FACE_OUTER_BOUND('',#347,.T.);
#160=CONICAL_SURFACE('',#348,0.199999999932,0.321750554396546);
#161=FACE_OUTER_BOUND('',#349,.T.);
#162=PLANE('',#350);
#163=FACE_OUTER_BOUND('',#351,.T.);
#164=PLANE('',#352);
#165=FACE_OUTER_BOUND('',#353,.T.);
#166=PLANE('',#354);
#167=FACE_OUTER_BOUND('',#355,.T.);
#168=PLANE('',#356);
#169=FACE_OUTER_BOUND('',#357,.T.);
#170=PLANE('',#358);
#171=FACE_OUTER_BOUND('',#359,.T.);
#172=FACE_BOUND('',#360,.T.);
#173=FACE_BOUND('',#361,.T.);
#174=PLANE('',#362);
#175=FACE_OUTER_BOUND('',#363,.T.);
#176=PLANE('',#364);
#177=FACE_OUTER_BOUND('',#365,.T.);
#178=PLANE('',#366);
#179=FACE_OUTER_BOUND('',#367,.T.);
#180=FACE_BOUND('',#368,.T.);
#181=FACE_BOUND('',#369,.T.);
#182=FACE_BOUND('',#370,.T.);
#183=PLANE('',#371);
#184=FACE_OUTER_BOUND('',#372,.T.);
#185=PLANE('',#373);
#186=FACE_OUTER_BOUND('',#374,.T.);
#187=PLANE('',#375);
#188=FACE_OUTER_BOUND('',#376,.T.);
#189=PLANE('',#377);
#190=FACE_OUTER_BOUND('',#378,.T.);
#191=PLANE('',#379);
#192=FACE_OUTER_BOUND('',#380,.T.);
#193=PLANE('',#381);
#194=FACE_OUTER_BOUND('',#382,.T.);
#195=PLANE('',#383);
#196=FACE_OUTER_BOUND('',#384,.T.);
#197=PLANE('',#385);
#198=FACE_OUTER_BOUND('',#386,.T.);
#199=PLANE('',#387);
#200=FACE_OUTER_BOUND('',#388,.T.);
#201=PLANE('',#389);
#202=FACE_OUTER_BOUND('',#390,.T.);
#203=PLANE('',#391);
#204=FACE_OUTER_BOUND('',#392,.T.);
#205=PLANE('',#393);
#206=FACE_OUTER_BOUND('',#394,.T.);
#207=PLANE('',#395);
#208=FACE_OUTER_BOUND('',#396,.T.);
#209=PLANE('',#397);
#210=FACE_OUTER_BOUND('',#398,.T.);
#211=PLANE('',#399);
#212=FACE_OUTER_BOUND('',#400,.T.);
#213=PLANE('',#401);
#214=FACE_OUTER_BOUND('',#402,.T.);
#215=PLANE('',#403);
#216=FACE_OUTER_BOUND('',#404,.T.);
#217=PLANE('',#405);
#218=FACE_OUTER_BOUND('',#406,.T.);
#219=PLANE('',#407);
#220=FACE_OUTER_BOUND('',#408,.T.);
#221=PLANE('',#409);
#222=FACE_OUTER_BOUND('',#410,.T.);
#223=PLANE('',#411);
#224=FACE_OUTER_BOUND('',#412,.T.);
#225=PLANE('',#413);
#226=FACE_OUTER_BOUND('',#414,.T.);
#227=PLANE('',#415);
#228=FACE_OUTER_BOUND('',#416,.T.);
#229=PLANE('',#417);
#230=FACE_OUTER_BOUND('',#418,.T.);
#231=PLANE('',#419);
#232=FACE_OUTER_BOUND('',#420,.T.);
#233=PLANE('',#421);
#234=FACE_OUTER_BOUND('',#422,.T.);
#235=PLANE('',#423);
#236=FACE_OUTER_BOUND('',#424,.T.);
#237=PLANE('',#425);
#238=FACE_OUTER_BOUND('',#426,.T.);
#239=FACE_BOUND('',#427,.T.);
#240=PLANE('',#428);
#241=FACE_OUTER_BOUND('',#429,.T.);
#242=PLANE('',#430);
#243=FACE_OUTER_BOUND('',#431,.T.);
#244=PLANE('',#432);
#245=FACE_OUTER_BOUND('',#433,.T.);
#246=PLANE('',#434);
#247=FACE_OUTER_BOUND('',#435,.T.);
#248=PLANE('',#436);
#249=FACE_OUTER_BOUND('',#437,.T.);
#250=PLANE('',#438);
#251=FACE_OUTER_BOUND('',#439,.T.);
#252=PLANE('',#440);
#253=FACE_OUTER_BOUND('',#441,.T.);
#254=FACE_BOUND('',#442,.T.);
#255=PLANE('',#443);
#256=FACE_OUTER_BOUND('',#444,.T.);
#257=PLANE('',#445);
#258=FACE_OUTER_BOUND('',#446,.T.);
#259=CYLINDRICAL_SURFACE('',#447,0.25);
#260=FACE_OUTER_BOUND('',#448,.T.);
#261=CYLINDRICAL_SURFACE('',#449,0.25);
#262=FACE_OUTER_BOUND('',#450,.T.);
#263=CONICAL_SURFACE('',#451,0.199999999932,0.321750554396546);
#264=FACE_OUTER_BOUND('',#452,.T.);
#265=PLANE('',#453);
#266=FACE_OUTER_BOUND('',#454,.T.);
#267=CONICAL_SURFACE('',#455,0.199999999932,0.321750554396546);
#268=FACE_OUTER_BOUND('',#456,.T.);
#269=CYLINDRICAL_SURFACE('',#457,0.25);
#270=FACE_OUTER_BOUND('',#458,.T.);
#271=CYLINDRICAL_SURFACE('',#459,0.25);
#272=FACE_OUTER_BOUND('',#460,.T.);
#273=CONICAL_SURFACE('',#461,0.199999999932,0.321750554396546);
#274=FACE_OUTER_BOUND('',#462,.T.);
#275=PLANE('',#463);
#276=FACE_OUTER_BOUND('',#464,.T.);
#277=CONICAL_SURFACE('',#465,0.199999999932,0.321750554396546);
#278=FACE_OUTER_BOUND('',#466,.T.);
#279=PLANE('',#467);
#280=FACE_OUTER_BOUND('',#468,.T.);
#281=FACE_BOUND('',#469,.T.);
#282=PLANE('',#470);
#283=FACE_OUTER_BOUND('',#471,.T.);
#284=PLANE('',#472);
#285=FACE_OUTER_BOUND('',#473,.T.);
#286=CYLINDRICAL_SURFACE('',#474,0.25);
#287=FACE_OUTER_BOUND('',#475,.T.);
#288=CYLINDRICAL_SURFACE('',#476,0.25);
#289=FACE_OUTER_BOUND('',#477,.T.);
#290=CONICAL_SURFACE('',#478,0.199999999932,0.321750554396546);
#291=FACE_OUTER_BOUND('',#479,.T.);
#292=PLANE('',#480);
#293=FACE_OUTER_BOUND('',#481,.T.);
#294=CONICAL_SURFACE('',#482,0.199999999932,0.321750554396546);
#295=FACE_OUTER_BOUND('',#483,.T.);
#296=CYLINDRICAL_SURFACE('',#484,0.25);
#297=FACE_OUTER_BOUND('',#485,.T.);
#298=CYLINDRICAL_SURFACE('',#486,0.25);
#299=FACE_OUTER_BOUND('',#487,.T.);
#300=CONICAL_SURFACE('',#488,0.199999999932,0.321750554396546);
#301=FACE_OUTER_BOUND('',#489,.T.);
#302=PLANE('',#490);
#303=FACE_OUTER_BOUND('',#491,.T.);
#304=CONICAL_SURFACE('',#492,0.199999999932,0.321750554396546);
#305=FACE_OUTER_BOUND('',#493,.T.);
#306=CYLINDRICAL_SURFACE('',#494,0.25);
#307=FACE_OUTER_BOUND('',#495,.T.);
#308=CYLINDRICAL_SURFACE('',#496,0.25);
#309=FACE_OUTER_BOUND('',#497,.T.);
#310=CONICAL_SURFACE('',#498,0.199999999932,0.321750554396546);
#311=FACE_OUTER_BOUND('',#499,.T.);
#312=PLANE('',#500);
#313=FACE_OUTER_BOUND('',#501,.T.);
#314=CONICAL_SURFACE('',#502,0.199999999932,0.321750554396546);
#315=FACE_OUTER_BOUND('',#503,.T.);
#316=CYLINDRICAL_SURFACE('',#504,0.25);
#317=FACE_OUTER_BOUND('',#505,.T.);
#318=CYLINDRICAL_SURFACE('',#506,0.25);
#319=FACE_OUTER_BOUND('',#507,.T.);
#320=CONICAL_SURFACE('',#508,0.199999999932,0.321750554396546);
#321=FACE_OUTER_BOUND('',#509,.T.);
#322=PLANE('',#510);
#323=FACE_OUTER_BOUND('',#511,.T.);
#324=CONICAL_SURFACE('',#512,0.199999999932,0.321750554396546);
#325=EDGE_LOOP('',(#513,#514,#515,#516));
#326=AXIS2_PLACEMENT_3D('',#517,#518,#519);
#327=EDGE_LOOP('',(#520,#521,#522,#523));
#328=AXIS2_PLACEMENT_3D('',#524,#525,#526);
#329=EDGE_LOOP('',(#527,#528,#529,#530));
#330=AXIS2_PLACEMENT_3D('',#531,#532,#533);
#331=EDGE_LOOP('',(#534,#535,#536,#537));
#332=AXIS2_PLACEMENT_3D('',#538,#539,#540);
#333=EDGE_LOOP('',(#541,#542,#543,#544));
#334=AXIS2_PLACEMENT_3D('',#545,#546,#547);
#335=EDGE_LOOP('',(#548,#549,#550,#551));
#336=AXIS2_PLACEMENT_3D('',#552,#553,#554);
#337=EDGE_LOOP('',(#555,#556,#557,#558));
#338=AXIS2_PLACEMENT_3D('',#559,#560,#561);
#339=EDGE_LOOP('',(#562,#563,#564,#565));
#340=AXIS2_PLACEMENT_3D('',#566,#567,#568);
#341=EDGE_LOOP('',(#569,#570,#571,#572));
#342=AXIS2_PLACEMENT_3D('',#573,#574,#575);
#343=EDGE_LOOP('',(#576,#577,#578,#579));
#344=AXIS2_PLACEMENT_3D('',#580,#581,#582);
#345=EDGE_LOOP('',(#583,#584,#585,#586));
#346=AXIS2_PLACEMENT_3D('',#587,#588,#589);
#347=EDGE_LOOP('',(#590,#591,#592,#593));
#348=AXIS2_PLACEMENT_3D('',#594,#595,#596);
#349=EDGE_LOOP('',(#597,#598,#599,#600,#601,#602,#603,#604,#605,#606,#607,#608));
#350=AXIS2_PLACEMENT_3D('',#609,#610,#611);
#351=EDGE_LOOP('',(#612,#613,#614,#615));
#352=AXIS2_PLACEMENT_3D('',#616,#617,#618);
#353=EDGE_LOOP('',(#619,#620,#621,#622));
#354=AXIS2_PLACEMENT_3D('',#623,#624,#625);
#355=EDGE_LOOP('',(#626,#627,#628,#629));
#356=AXIS2_PLACEMENT_3D('',#630,#631,#632);
#357=EDGE_LOOP('',(#633,#634,#635,#636,#637,#638,#639,#640,#641,#642,#643,#644,#645,#646,#647,#648));
#358=AXIS2_PLACEMENT_3D('',#649,#650,#651);
#359=EDGE_LOOP('',(#652,#653,#654,#655));
#360=EDGE_LOOP('',(#656,#657,#658,#659));
#361=EDGE_LOOP('',(#660,#661,#662,#663));
#362=AXIS2_PLACEMENT_3D('',#664,#665,#666);
#363=EDGE_LOOP('',(#667,#668,#669,#670));
#364=AXIS2_PLACEMENT_3D('',#671,#672,#673);
#365=EDGE_LOOP('',(#674,#675,#676,#677,#678,#679,#680,#681,#682,#683,#684,#685));
#366=AXIS2_PLACEMENT_3D('',#686,#687,#688);
#367=EDGE_LOOP('',(#689,#690,#691,#692,#693,#694,#695,#696,#697,#698,#699,#700));
#368=EDGE_LOOP('',(#701,#702));
#369=EDGE_LOOP('',(#703,#704));
#370=EDGE_LOOP('',(#705,#706));
#371=AXIS2_PLACEMENT_3D('',#707,#708,#709);
#372=EDGE_LOOP('',(#710,#711,#712,#713));
#373=AXIS2_PLACEMENT_3D('',#714,#715,#716);
#374=EDGE_LOOP('',(#717,#718,#719,#720));
#375=AXIS2_PLACEMENT_3D('',#721,#722,#723);
#376=EDGE_LOOP('',(#724,#725,#726,#727));
#377=AXIS2_PLACEMENT_3D('',#728,#729,#730);
#378=EDGE_LOOP('',(#731,#732,#733,#734));
#379=AXIS2_PLACEMENT_3D('',#735,#736,#737);
#380=EDGE_LOOP('',(#738,#739,#740,#741));
#381=AXIS2_PLACEMENT_3D('',#742,#743,#744);
#382=EDGE_LOOP('',(#745,#746,#747,#748,#749,#750,#751,#752,#753,#754));
#383=AXIS2_PLACEMENT_3D('',#755,#756,#757);
#384=EDGE_LOOP('',(#758,#759,#760,#761));
#385=AXIS2_PLACEMENT_3D('',#762,#763,#764);
#386=EDGE_LOOP('',(#765,#766,#767,#768));
#387=AXIS2_PLACEMENT_3D('',#769,#770,#771);
#388=EDGE_LOOP('',(#772,#773,#774,#775));
#389=AXIS2_PLACEMENT_3D('',#776,#777,#778);
#390=EDGE_LOOP('',(#779,#780,#781,#782,#783,#784,#785,#786));
#391=AXIS2_PLACEMENT_3D('',#787,#788,#789);
#392=EDGE_LOOP('',(#790,#791,#792,#793));
#393=AXIS2_PLACEMENT_3D('',#794,#795,#796);
#394=EDGE_LOOP('',(#797,#798,#799,#800,#801));
#395=AXIS2_PLACEMENT_3D('',#802,#803,#804);
#396=EDGE_LOOP('',(#805,#806,#807,#808,#809));
#397=AXIS2_PLACEMENT_3D('',#810,#811,#812);
#398=EDGE_LOOP('',(#813,#814,#815,#816));
#399=AXIS2_PLACEMENT_3D('',#817,#818,#819);
#400=EDGE_LOOP('',(#820,#821,#822,#823));
#401=AXIS2_PLACEMENT_3D('',#824,#825,#826);
#402=EDGE_LOOP('',(#827,#828,#829,#830,#831));
#403=AXIS2_PLACEMENT_3D('',#832,#833,#834);
#404=EDGE_LOOP('',(#835,#836,#837,#838,#839));
#405=AXIS2_PLACEMENT_3D('',#840,#841,#842);
#406=EDGE_LOOP('',(#843,#844,#845,#846));
#407=AXIS2_PLACEMENT_3D('',#847,#848,#849);
#408=EDGE_LOOP('',(#850,#851,#852,#853,#854,#855,#856,#857));
#409=AXIS2_PLACEMENT_3D('',#858,#859,#860);
#410=EDGE_LOOP('',(#861,#862,#863,#864));
#411=AXIS2_PLACEMENT_3D('',#865,#866,#867);
#412=EDGE_LOOP('',(#868,#869,#870,#871));
#413=AXIS2_PLACEMENT_3D('',#872,#873,#874);
#414=EDGE_LOOP('',(#875,#876,#877,#878,#879,#880,#881,#882,#883,#884));
#415=AXIS2_PLACEMENT_3D('',#885,#886,#887);
#416=EDGE_LOOP('',(#888,#889,#890,#891));
#417=AXIS2_PLACEMENT_3D('',#892,#893,#894);
#418=EDGE_LOOP('',(#895,#896,#897,#898));
#419=AXIS2_PLACEMENT_3D('',#899,#900,#901);
#420=EDGE_LOOP('',(#902,#903,#904,#905,#906,#907,#908,#909,#910,#911,#912,#913));
#421=AXIS2_PLACEMENT_3D('',#914,#915,#916);
#422=EDGE_LOOP('',(#917,#918,#919,#920,#921,#922,#923,#924,#925,#926,#927,#928,#929,#930,#931,#932));
#423=AXIS2_PLACEMENT_3D('',#933,#934,#935);
#424=EDGE_LOOP('',(#936,#937,#938,#939));
#425=AXIS2_PLACEMENT_3D('',#940,#941,#942);
#426=EDGE_LOOP('',(#943,#944,#945,#946));
#427=EDGE_LOOP('',(#947,#948));
#428=AXIS2_PLACEMENT_3D('',#949,#950,#951);
#429=EDGE_LOOP('',(#952,#953,#954,#955));
#430=AXIS2_PLACEMENT_3D('',#956,#957,#958);
#431=EDGE_LOOP('',(#959,#960,#961,#962));
#432=AXIS2_PLACEMENT_3D('',#963,#964,#965);
#433=EDGE_LOOP('',(#966,#967,#968,#969));
#434=AXIS2_PLACEMENT_3D('',#970,#971,#972);
#435=EDGE_LOOP('',(#973,#974,#975,#976));
#436=AXIS2_PLACEMENT_3D('',#977,#978,#979);
#437=EDGE_LOOP('',(#980,#981,#982,#983));
#438=AXIS2_PLACEMENT_3D('',#984,#985,#986);
#439=EDGE_LOOP('',(#987,#988,#989,#990));
#440=AXIS2_PLACEMENT_3D('',#991,#992,#993);
#441=EDGE_LOOP('',(#994,#995,#996,#997));
#442=EDGE_LOOP('',(#998,#999));
#443=AXIS2_PLACEMENT_3D('',#1000,#1001,#1002);
#444=EDGE_LOOP('',(#1003,#1004,#1005,#1006));
#445=AXIS2_PLACEMENT_3D('',#1007,#1008,#1009);
#446=EDGE_LOOP('',(#1010,#1011,#1012,#1013,#1014));
#447=AXIS2_PLACEMENT_3D('',#1015,#1016,#1017);
#448=EDGE_LOOP('',(#1018,#1019,#1020,#1021,#1022));
#449=AXIS2_PLACEMENT_3D('',#1023,#1024,#1025);
#450=EDGE_LOOP('',(#1026,#1027,#1028,#1029));
#451=AXIS2_PLACEMENT_3D('',#1030,#1031,#1032);
#452=EDGE_LOOP('',(#1033,#1034,#1035,#1036));
#453=AXIS2_PLACEMENT_3D('',#1037,#1038,#1039);
#454=EDGE_LOOP('',(#1040,#1041,#1042,#1043));
#455=AXIS2_PLACEMENT_3D('',#1044,#1045,#1046);
#456=EDGE_LOOP('',(#1047,#1048,#1049,#1050,#1051));
#457=AXIS2_PLACEMENT_3D('',#1052,#1053,#1054);
#458=EDGE_LOOP('',(#1055,#1056,#1057,#1058,#1059));
#459=AXIS2_PLACEMENT_3D('',#1060,#1061,#1062);
#460=EDGE_LOOP('',(#1063,#1064,#1065,#1066));
#461=AXIS2_PLACEMENT_3D('',#1067,#1068,#1069);
#462=EDGE_LOOP('',(#1070,#1071,#1072,#1073));
#463=AXIS2_PLACEMENT_3D('',#1074,#1075,#1076);
#464=EDGE_LOOP('',(#1077,#1078,#1079,#1080));
#465=AXIS2_PLACEMENT_3D('',#1081,#1082,#1083);
#466=EDGE_LOOP('',(#1084,#1085,#1086,#1087));
#467=AXIS2_PLACEMENT_3D('',#1088,#1089,#1090);
#468=EDGE_LOOP('',(#1091,#1092,#1093,#1094));
#469=EDGE_LOOP('',(#1095,#1096));
#470=AXIS2_PLACEMENT_3D('',#1097,#1098,#1099);
#471=EDGE_LOOP('',(#1100,#1101,#1102,#1103));
#472=AXIS2_PLACEMENT_3D('',#1104,#1105,#1106);
#473=EDGE_LOOP('',(#1107,#1108,#1109,#1110,#1111));
#474=AXIS2_PLACEMENT_3D('',#1112,#1113,#1114);
#475=EDGE_LOOP('',(#1115,#1116,#1117,#1118,#1119));
#476=AXIS2_PLACEMENT_3D('',#1120,#1121,#1122);
#477=EDGE_LOOP('',(#1123,#1124,#1125,#1126));
#478=AXIS2_PLACEMENT_3D('',#1127,#1128,#1129);
#479=EDGE_LOOP('',(#1130,#1131,#1132,#1133));
#480=AXIS2_PLACEMENT_3D('',#1134,#1135,#1136);
#481=EDGE_LOOP('',(#1137,#1138,#1139,#1140));
#482=AXIS2_PLACEMENT_3D('',#1141,#1142,#1143);
#483=EDGE_LOOP('',(#1144,#1145,#1146,#1147,#1148));
#484=AXIS2_PLACEMENT_3D('',#1149,#1150,#1151);
#485=EDGE_LOOP('',(#1152,#1153,#1154,#1155,#1156));
#486=AXIS2_PLACEMENT_3D('',#1157,#1158,#1159);
#487=EDGE_LOOP('',(#1160,#1161,#1162,#1163));
#488=AXIS2_PLACEMENT_3D('',#1164,#1165,#1166);
#489=EDGE_LOOP('',(#1167,#1168,#1169,#1170));
#490=AXIS2_PLACEMENT_3D('',#1171,#1172,#1173);
#491=EDGE_LOOP('',(#1174,#1175,#1176,#1177));
#492=AXIS2_PLACEMENT_3D('',#1178,#1179,#1180);
#493=EDGE_LOOP('',(#1181,#1182,#1183,#1184,#1185));
#494=AXIS2_PLACEMENT_3D('',#1186,#1187,#1188);
#495=EDGE_LOOP('',(#1189,#1190,#1191,#1192,#1193));
#496=AXIS2_PLACEMENT_3D('',#1194,#1195,#1196);
#497=EDGE_LOOP('',(#1197,#1198,#1199,#1200));
#498=AXIS2_PLACEMENT_3D('',#1201,#1202,#1203);
#499=EDGE_LOOP('',(#1204,#1205,#1206,#1207));
#500=AXIS2_PLACEMENT_3D('',#1208,#1209,#1210);
#501=EDGE_LOOP('',(#1211,#1212,#1213,#1214));
#502=AXIS2_PLACEMENT_3D('',#1215,#1216,#1217);
#503=EDGE_LOOP('',(#1218,#1219,#1220,#1221,#1222));
#504=AXIS2_PLACEMENT_3D('',#1223,#1224,#1225);
#505=EDGE_LOOP('',(#1226,#1227,#1228,#1229,#1230));
#506=AXIS2_PLACEMENT_3D('',#1231,#1232,#1233);
#507=EDGE_LOOP('',(#1234,#1235,#1236,#1237));
#508=AXIS2_PLACEMENT_3D('',#1238,#1239,#1240);
#509=EDGE_LOOP('',(#1241,#1242,#1243,#1244));
#510=AXIS2_PLACEMENT_3D('',#1245,#1246,#1247);
#511=EDGE_LOOP('',(#1248,#1249,#1250,#1251));
#512=AXIS2_PLACEMENT_3D('',#1252,#1253,#1254);
#513=ORIENTED_EDGE('',*,*,#1255,.F.);
#514=ORIENTED_EDGE('',*,*,#1256,.F.);
#515=ORIENTED_EDGE('',*,*,#1257,.T.);
#516=ORIENTED_EDGE('',*,*,#1258,.T.);
#517=CARTESIAN_POINT('',(1.5,1.5,-7.050000000204));
#518=DIRECTION('',(-0.0,0.0,1.0));
#519=DIRECTION('',(0.0,-1.0,0.0));
#520=ORIENTED_EDGE('',*,*,#1259,.F.);
#521=ORIENTED_EDGE('',*,*,#1260,.T.);
#522=ORIENTED_EDGE('',*,*,#1257,.F.);
#523=ORIENTED_EDGE('',*,*,#1261,.F.);
#524=CARTESIAN_POINT('',(1.5,1.5,-7.050000000204));
#525=DIRECTION('',(-0.0,0.0,1.0));
#526=DIRECTION('',(0.0,-1.0,0.0));
#527=ORIENTED_EDGE('',*,*,#1262,.F.);
#528=ORIENTED_EDGE('',*,*,#1263,.T.);
#529=ORIENTED_EDGE('',*,*,#1264,.F.);
#530=ORIENTED_EDGE('',*,*,#1265,.F.);
#531=CARTESIAN_POINT('',(1.5,1.5,-0.3999999997959));
#532=DIRECTION('',(0.0,-0.0,-1.0));
#533=DIRECTION('',(0.0,-1.0,0.0));
#534=ORIENTED_EDGE('',*,*,#1266,.F.);
#535=ORIENTED_EDGE('',*,*,#1267,.F.);
#536=ORIENTED_EDGE('',*,*,#1264,.T.);
#537=ORIENTED_EDGE('',*,*,#1268,.T.);
#538=CARTESIAN_POINT('',(1.5,1.5,-0.3999999997959));
#539=DIRECTION('',(0.0,-0.0,-1.0));
#540=DIRECTION('',(0.0,-1.0,0.0));
#541=ORIENTED_EDGE('',*,*,#1269,.F.);
#542=ORIENTED_EDGE('',*,*,#1270,.F.);
#543=ORIENTED_EDGE('',*,*,#1271,.T.);
#544=ORIENTED_EDGE('',*,*,#1272,.T.);
#545=CARTESIAN_POINT('',(0.0,1.5,-7.050000000204));
#546=DIRECTION('',(-0.0,0.0,1.0));
#547=DIRECTION('',(0.0,-1.0,0.0));
#548=ORIENTED_EDGE('',*,*,#1273,.F.);
#549=ORIENTED_EDGE('',*,*,#1274,.T.);
#550=ORIENTED_EDGE('',*,*,#1271,.F.);
#551=ORIENTED_EDGE('',*,*,#1275,.F.);
#552=CARTESIAN_POINT('',(0.0,1.5,-7.050000000204));
#553=DIRECTION('',(-0.0,0.0,1.0));
#554=DIRECTION('',(0.0,-1.0,0.0));
#555=ORIENTED_EDGE('',*,*,#1276,.F.);
#556=ORIENTED_EDGE('',*,*,#1277,.T.);
#557=ORIENTED_EDGE('',*,*,#1278,.F.);
#558=ORIENTED_EDGE('',*,*,#1279,.F.);
#559=CARTESIAN_POINT('',(0.0,1.5,-0.3999999997959));
#560=DIRECTION('',(0.0,-0.0,-1.0));
#561=DIRECTION('',(0.0,-1.0,0.0));
#562=ORIENTED_EDGE('',*,*,#1280,.F.);
#563=ORIENTED_EDGE('',*,*,#1281,.F.);
#564=ORIENTED_EDGE('',*,*,#1278,.T.);
#565=ORIENTED_EDGE('',*,*,#1282,.T.);
#566=CARTESIAN_POINT('',(0.0,1.5,-0.3999999997959));
#567=DIRECTION('',(0.0,-0.0,-1.0));
#568=DIRECTION('',(0.0,-1.0,0.0));
#569=ORIENTED_EDGE('',*,*,#1283,.F.);
#570=ORIENTED_EDGE('',*,*,#1284,.F.);
#571=ORIENTED_EDGE('',*,*,#1285,.T.);
#572=ORIENTED_EDGE('',*,*,#1286,.T.);
#573=CARTESIAN_POINT('',(-1.5,1.5,-7.050000000204));
#574=DIRECTION('',(-0.0,0.0,1.0));
#575=DIRECTION('',(0.0,-1.0,0.0));
#576=ORIENTED_EDGE('',*,*,#1287,.F.);
#577=ORIENTED_EDGE('',*,*,#1288,.T.);
#578=ORIENTED_EDGE('',*,*,#1285,.F.);
#579=ORIENTED_EDGE('',*,*,#1289,.F.);
#580=CARTESIAN_POINT('',(-1.5,1.5,-7.050000000204));
#581=DIRECTION('',(-0.0,0.0,1.0));
#582=DIRECTION('',(0.0,-1.0,0.0));
#583=ORIENTED_EDGE('',*,*,#1290,.F.);
#584=ORIENTED_EDGE('',*,*,#1291,.T.);
#585=ORIENTED_EDGE('',*,*,#1292,.F.);
#586=ORIENTED_EDGE('',*,*,#1293,.F.);
#587=CARTESIAN_POINT('',(-1.5,1.5,-0.3999999997959));
#588=DIRECTION('',(0.0,-0.0,-1.0));
#589=DIRECTION('',(0.0,-1.0,0.0));
#590=ORIENTED_EDGE('',*,*,#1294,.F.);
#591=ORIENTED_EDGE('',*,*,#1295,.F.);
#592=ORIENTED_EDGE('',*,*,#1292,.T.);
#593=ORIENTED_EDGE('',*,*,#1296,.T.);
#594=CARTESIAN_POINT('',(-1.5,1.5,-0.3999999997959));
#595=DIRECTION('',(0.0,-0.0,-1.0));
#596=DIRECTION('',(0.0,-1.0,0.0));
#597=ORIENTED_EDGE('',*,*,#1297,.T.);
#598=ORIENTED_EDGE('',*,*,#1298,.F.);
#599=ORIENTED_EDGE('',*,*,#1299,.F.);
#600=ORIENTED_EDGE('',*,*,#1300,.F.);
#601=ORIENTED_EDGE('',*,*,#1301,.F.);
#602=ORIENTED_EDGE('',*,*,#1302,.F.);
#603=ORIENTED_EDGE('',*,*,#1303,.F.);
#604=ORIENTED_EDGE('',*,*,#1304,.F.);
#605=ORIENTED_EDGE('',*,*,#1305,.F.);
#606=ORIENTED_EDGE('',*,*,#1306,.F.);
#607=ORIENTED_EDGE('',*,*,#1307,.F.);
#608=ORIENTED_EDGE('',*,*,#1308,.T.);
#609=CARTESIAN_POINT('',(-3.0,0.0,0.0));
#610=DIRECTION('',(1.0,0.0,0.0));
#611=DIRECTION('',(0.0,1.0,0.0));
#612=ORIENTED_EDGE('',*,*,#1309,.T.);
#613=ORIENTED_EDGE('',*,*,#1310,.T.);
#614=ORIENTED_EDGE('',*,*,#1311,.T.);
#615=ORIENTED_EDGE('',*,*,#1308,.F.);
#616=CARTESIAN_POINT('',(3.0,0.0,-4.0));
#617=DIRECTION('',(0.0,0.0,-1.0));
#618=DIRECTION('',(0.0,-1.0,0.0));
#619=ORIENTED_EDGE('',*,*,#1311,.F.);
#620=ORIENTED_EDGE('',*,*,#1312,.T.);
#621=ORIENTED_EDGE('',*,*,#1313,.T.);
#622=ORIENTED_EDGE('',*,*,#1297,.F.);
#623=CARTESIAN_POINT('',(3.0,0.3,-4.0));
#624=DIRECTION('',(-0.0,1.0,0.0));
#625=DIRECTION('',(1.0,0.0,0.0));
#626=ORIENTED_EDGE('',*,*,#1313,.F.);
#627=ORIENTED_EDGE('',*,*,#1314,.F.);
#628=ORIENTED_EDGE('',*,*,#1315,.F.);
#629=ORIENTED_EDGE('',*,*,#1298,.T.);
#630=CARTESIAN_POINT('',(3.0,0.3,-3.7));
#631=DIRECTION('',(0.0,0.0,1.0));
#632=DIRECTION('',(1.0,0.0,0.0));
#633=ORIENTED_EDGE('',*,*,#1307,.T.);
#634=ORIENTED_EDGE('',*,*,#1316,.T.);
#635=ORIENTED_EDGE('',*,*,#1317,.T.);
#636=ORIENTED_EDGE('',*,*,#1318,.F.);
#637=ORIENTED_EDGE('',*,*,#1319,.F.);
#638=ORIENTED_EDGE('',*,*,#1320,.T.);
#639=ORIENTED_EDGE('',*,*,#1321,.T.);
#640=ORIENTED_EDGE('',*,*,#1322,.F.);
#641=ORIENTED_EDGE('',*,*,#1323,.F.);
#642=ORIENTED_EDGE('',*,*,#1324,.T.);
#643=ORIENTED_EDGE('',*,*,#1325,.T.);
#644=ORIENTED_EDGE('',*,*,#1326,.F.);
#645=ORIENTED_EDGE('',*,*,#1327,.F.);
#646=ORIENTED_EDGE('',*,*,#1328,.T.);
#647=ORIENTED_EDGE('',*,*,#1329,.F.);
#648=ORIENTED_EDGE('',*,*,#1309,.F.);
#649=CARTESIAN_POINT('',(-3.0,0.0,0.0));
#650=DIRECTION('',(0.0,-1.0,0.0));
#651=DIRECTION('',(0.0,0.0,-1.0));
#652=ORIENTED_EDGE('',*,*,#1330,.F.);
#653=ORIENTED_EDGE('',*,*,#1331,.F.);
#654=ORIENTED_EDGE('',*,*,#1299,.T.);
#655=ORIENTED_EDGE('',*,*,#1315,.T.);
#656=ORIENTED_EDGE('',*,*,#1332,.F.);
#657=ORIENTED_EDGE('',*,*,#1333,.T.);
#658=ORIENTED_EDGE('',*,*,#1334,.F.);
#659=ORIENTED_EDGE('',*,*,#1335,.F.);
#660=ORIENTED_EDGE('',*,*,#1336,.F.);
#661=ORIENTED_EDGE('',*,*,#1337,.T.);
#662=ORIENTED_EDGE('',*,*,#1338,.F.);
#663=ORIENTED_EDGE('',*,*,#1339,.F.);
#664=CARTESIAN_POINT('',(-3.0,0.0,0.0));
#665=DIRECTION('',(0.0,-1.0,0.0));
#666=DIRECTION('',(0.0,0.0,-1.0));
#667=ORIENTED_EDGE('',*,*,#1340,.F.);
#668=ORIENTED_EDGE('',*,*,#1335,.T.);
#669=ORIENTED_EDGE('',*,*,#1341,.T.);
#670=ORIENTED_EDGE('',*,*,#1342,.F.);
#671=CARTESIAN_POINT('',(-1.8,0.0,-2.9));
#672=DIRECTION('',(1.0,0.0,0.0));
#673=DIRECTION('',(0.0,1.0,0.0));
#674=ORIENTED_EDGE('',*,*,#1343,.T.);
#675=ORIENTED_EDGE('',*,*,#1344,.F.);
#676=ORIENTED_EDGE('',*,*,#1345,.F.);
#677=ORIENTED_EDGE('',*,*,#1346,.F.);
#678=ORIENTED_EDGE('',*,*,#1347,.F.);
#679=ORIENTED_EDGE('',*,*,#1348,.T.);
#680=ORIENTED_EDGE('',*,*,#1349,.F.);
#681=ORIENTED_EDGE('',*,*,#1350,.T.);
#682=ORIENTED_EDGE('',*,*,#1351,.T.);
#683=ORIENTED_EDGE('',*,*,#1352,.F.);
#684=ORIENTED_EDGE('',*,*,#1353,.F.);
#685=ORIENTED_EDGE('',*,*,#1342,.T.);
#686=CARTESIAN_POINT('',(-2.6,0.55,0.0));
#687=DIRECTION('',(0.0,-1.0,0.0));
#688=DIRECTION('',(0.0,0.0,-1.0));
#689=ORIENTED_EDGE('',*,*,#1354,.T.);
#690=ORIENTED_EDGE('',*,*,#1355,.T.);
#691=ORIENTED_EDGE('',*,*,#1356,.F.);
#692=ORIENTED_EDGE('',*,*,#1345,.T.);
#693=ORIENTED_EDGE('',*,*,#1357,.F.);
#694=ORIENTED_EDGE('',*,*,#1332,.T.);
#695=ORIENTED_EDGE('',*,*,#1340,.T.);
#696=ORIENTED_EDGE('',*,*,#1353,.T.);
#697=ORIENTED_EDGE('',*,*,#1358,.F.);
#698=ORIENTED_EDGE('',*,*,#1336,.T.);
#699=ORIENTED_EDGE('',*,*,#1359,.T.);
#700=ORIENTED_EDGE('',*,*,#1349,.T.);
#701=ORIENTED_EDGE('',*,*,#1360,.T.);
#702=ORIENTED_EDGE('',*,*,#1361,.T.);
#703=ORIENTED_EDGE('',*,*,#1362,.T.);
#704=ORIENTED_EDGE('',*,*,#1363,.T.);
#705=ORIENTED_EDGE('',*,*,#1364,.T.);
#706=ORIENTED_EDGE('',*,*,#1365,.T.);
#707=CARTESIAN_POINT('',(0.0,0.0,-2.9));
#708=DIRECTION('',(0.0,0.0,1.0));
#709=DIRECTION('',(1.0,0.0,0.0));
#710=ORIENTED_EDGE('',*,*,#1359,.F.);
#711=ORIENTED_EDGE('',*,*,#1339,.T.);
#712=ORIENTED_EDGE('',*,*,#1366,.T.);
#713=ORIENTED_EDGE('',*,*,#1350,.F.);
#714=CARTESIAN_POINT('',(2.5,0.0,-2.9));
#715=DIRECTION('',(1.0,0.0,0.0));
#716=DIRECTION('',(0.0,1.0,0.0));
#717=ORIENTED_EDGE('',*,*,#1366,.F.);
#718=ORIENTED_EDGE('',*,*,#1338,.T.);
#719=ORIENTED_EDGE('',*,*,#1367,.T.);
#720=ORIENTED_EDGE('',*,*,#1351,.F.);
#721=CARTESIAN_POINT('',(2.5,0.0,-1.698818597561));
#722=DIRECTION('',(0.0,0.0,1.0));
#723=DIRECTION('',(1.0,0.0,0.0));
#724=ORIENTED_EDGE('',*,*,#1367,.F.);
#725=ORIENTED_EDGE('',*,*,#1337,.F.);
#726=ORIENTED_EDGE('',*,*,#1358,.T.);
#727=ORIENTED_EDGE('',*,*,#1352,.T.);
#728=CARTESIAN_POINT('',(1.8,0.0,-1.698818597561));
#729=DIRECTION('',(-1.0,0.0,0.0));
#730=DIRECTION('',(0.0,0.0,1.0));
#731=ORIENTED_EDGE('',*,*,#1368,.F.);
#732=ORIENTED_EDGE('',*,*,#1333,.F.);
#733=ORIENTED_EDGE('',*,*,#1357,.T.);
#734=ORIENTED_EDGE('',*,*,#1344,.T.);
#735=CARTESIAN_POINT('',(-2.5,0.0,-1.698818597561));
#736=DIRECTION('',(-1.0,0.0,0.0));
#737=DIRECTION('',(0.0,0.0,1.0));
#738=ORIENTED_EDGE('',*,*,#1341,.F.);
#739=ORIENTED_EDGE('',*,*,#1334,.T.);
#740=ORIENTED_EDGE('',*,*,#1368,.T.);
#741=ORIENTED_EDGE('',*,*,#1343,.F.);
#742=CARTESIAN_POINT('',(-1.8,0.0,-1.698818597561));
#743=DIRECTION('',(0.0,0.0,1.0));
#744=DIRECTION('',(1.0,0.0,0.0));
#745=ORIENTED_EDGE('',*,*,#1369,.F.);
#746=ORIENTED_EDGE('',*,*,#1370,.T.);
#747=ORIENTED_EDGE('',*,*,#1371,.T.);
#748=ORIENTED_EDGE('',*,*,#1372,.T.);
#749=ORIENTED_EDGE('',*,*,#1373,.T.);
#750=ORIENTED_EDGE('',*,*,#1374,.T.);
#751=ORIENTED_EDGE('',*,*,#1346,.T.);
#752=ORIENTED_EDGE('',*,*,#1356,.T.);
#753=ORIENTED_EDGE('',*,*,#1375,.T.);
#754=ORIENTED_EDGE('',*,*,#1376,.F.);
#755=CARTESIAN_POINT('',(-2.6,3.3,0.0));
#756=DIRECTION('',(-1.0,0.0,0.0));
#757=DIRECTION('',(0.0,0.0,1.0));
#758=ORIENTED_EDGE('',*,*,#1377,.F.);
#759=ORIENTED_EDGE('',*,*,#1378,.T.);
#760=ORIENTED_EDGE('',*,*,#1379,.T.);
#761=ORIENTED_EDGE('',*,*,#1376,.T.);
#762=CARTESIAN_POINT('',(0.0,0.0,-3.5));
#763=DIRECTION('',(0.0,0.0,1.0));
#764=DIRECTION('',(1.0,0.0,0.0));
#765=ORIENTED_EDGE('',*,*,#1369,.T.);
#766=ORIENTED_EDGE('',*,*,#1379,.F.);
#767=ORIENTED_EDGE('',*,*,#1380,.F.);
#768=ORIENTED_EDGE('',*,*,#1381,.F.);
#769=CARTESIAN_POINT('',(2.6,3.3,0.0));
#770=DIRECTION('',(-0.0,1.0,0.0));
#771=DIRECTION('',(1.0,0.0,0.0));
#772=ORIENTED_EDGE('',*,*,#1382,.T.);
#773=ORIENTED_EDGE('',*,*,#1381,.T.);
#774=ORIENTED_EDGE('',*,*,#1383,.T.);
#775=ORIENTED_EDGE('',*,*,#1384,.F.);
#776=CARTESIAN_POINT('',(0.0,3.375,-0.125));
#777=DIRECTION('',(0.0,-0.857492925712544,0.514495755427527));
#778=DIRECTION('',(-1.0,0.0,0.0));
#779=ORIENTED_EDGE('',*,*,#1384,.T.);
#780=ORIENTED_EDGE('',*,*,#1385,.F.);
#781=ORIENTED_EDGE('',*,*,#1386,.T.);
#782=ORIENTED_EDGE('',*,*,#1387,.F.);
#783=ORIENTED_EDGE('',*,*,#1388,.F.);
#784=ORIENTED_EDGE('',*,*,#1304,.T.);
#785=ORIENTED_EDGE('',*,*,#1389,.T.);
#786=ORIENTED_EDGE('',*,*,#1390,.F.);
#787=CARTESIAN_POINT('',(-3.0,3.7,0.0));
#788=DIRECTION('',(0.0,0.0,1.0));
#789=DIRECTION('',(1.0,0.0,0.0));
#790=ORIENTED_EDGE('',*,*,#1370,.F.);
#791=ORIENTED_EDGE('',*,*,#1382,.F.);
#792=ORIENTED_EDGE('',*,*,#1390,.T.);
#793=ORIENTED_EDGE('',*,*,#1391,.F.);
#794=CARTESIAN_POINT('',(-2.725,2.6,-0.125));
#795=DIRECTION('',(0.707106781186548,0.0,0.707106781186548));
#796=DIRECTION('',(0.0,-1.0,0.0));
#797=ORIENTED_EDGE('',*,*,#1389,.F.);
#798=ORIENTED_EDGE('',*,*,#1303,.T.);
#799=ORIENTED_EDGE('',*,*,#1392,.T.);
#800=ORIENTED_EDGE('',*,*,#1371,.F.);
#801=ORIENTED_EDGE('',*,*,#1391,.T.);
#802=CARTESIAN_POINT('',(-3.0,1.9,0.0));
#803=DIRECTION('',(0.0,-1.0,0.0));
#804=DIRECTION('',(0.0,0.0,-1.0));
#805=ORIENTED_EDGE('',*,*,#1393,.T.);
#806=ORIENTED_EDGE('',*,*,#1394,.T.);
#807=ORIENTED_EDGE('',*,*,#1395,.F.);
#808=ORIENTED_EDGE('',*,*,#1386,.F.);
#809=ORIENTED_EDGE('',*,*,#1396,.T.);
#810=CARTESIAN_POINT('',(-3.0,1.9,0.0));
#811=DIRECTION('',(0.0,-1.0,0.0));
#812=DIRECTION('',(0.0,0.0,-1.0));
#813=ORIENTED_EDGE('',*,*,#1392,.F.);
#814=ORIENTED_EDGE('',*,*,#1302,.T.);
#815=ORIENTED_EDGE('',*,*,#1397,.T.);
#816=ORIENTED_EDGE('',*,*,#1372,.F.);
#817=CARTESIAN_POINT('',(-3.0,1.9,-2.3));
#818=DIRECTION('',(0.0,0.0,1.0));
#819=DIRECTION('',(1.0,0.0,0.0));
#820=ORIENTED_EDGE('',*,*,#1398,.T.);
#821=ORIENTED_EDGE('',*,*,#1399,.F.);
#822=ORIENTED_EDGE('',*,*,#1394,.F.);
#823=ORIENTED_EDGE('',*,*,#1400,.T.);
#824=CARTESIAN_POINT('',(-3.0,1.9,-2.3));
#825=DIRECTION('',(0.0,0.0,1.0));
#826=DIRECTION('',(1.0,0.0,0.0));
#827=ORIENTED_EDGE('',*,*,#1373,.F.);
#828=ORIENTED_EDGE('',*,*,#1397,.F.);
#829=ORIENTED_EDGE('',*,*,#1301,.T.);
#830=ORIENTED_EDGE('',*,*,#1401,.T.);
#831=ORIENTED_EDGE('',*,*,#1402,.T.);
#832=CARTESIAN_POINT('',(-3.0,0.9,-2.3));
#833=DIRECTION('',(-0.0,1.0,0.0));
#834=DIRECTION('',(1.0,0.0,0.0));
#835=ORIENTED_EDGE('',*,*,#1403,.T.);
#836=ORIENTED_EDGE('',*,*,#1404,.F.);
#837=ORIENTED_EDGE('',*,*,#1398,.F.);
#838=ORIENTED_EDGE('',*,*,#1405,.T.);
#839=ORIENTED_EDGE('',*,*,#1406,.T.);
#840=CARTESIAN_POINT('',(-3.0,0.9,-2.3));
#841=DIRECTION('',(-0.0,1.0,0.0));
#842=DIRECTION('',(1.0,0.0,0.0));
#843=ORIENTED_EDGE('',*,*,#1407,.F.);
#844=ORIENTED_EDGE('',*,*,#1374,.F.);
#845=ORIENTED_EDGE('',*,*,#1402,.F.);
#846=ORIENTED_EDGE('',*,*,#1408,.T.);
#847=CARTESIAN_POINT('',(-2.725,0.725,-0.125));
#848=DIRECTION('',(0.707106781186548,0.0,0.707106781186548));
#849=DIRECTION('',(0.0,-1.0,0.0));
#850=ORIENTED_EDGE('',*,*,#1401,.F.);
#851=ORIENTED_EDGE('',*,*,#1300,.T.);
#852=ORIENTED_EDGE('',*,*,#1331,.T.);
#853=ORIENTED_EDGE('',*,*,#1409,.F.);
#854=ORIENTED_EDGE('',*,*,#1403,.F.);
#855=ORIENTED_EDGE('',*,*,#1410,.F.);
#856=ORIENTED_EDGE('',*,*,#1411,.T.);
#857=ORIENTED_EDGE('',*,*,#1408,.F.);
#858=CARTESIAN_POINT('',(-3.0,0.9,0.0));
#859=DIRECTION('',(0.0,0.0,1.0));
#860=DIRECTION('',(1.0,0.0,0.0));
#861=ORIENTED_EDGE('',*,*,#1407,.T.);
#862=ORIENTED_EDGE('',*,*,#1411,.F.);
#863=ORIENTED_EDGE('',*,*,#1412,.T.);
#864=ORIENTED_EDGE('',*,*,#1347,.T.);
#865=CARTESIAN_POINT('',(0.0,0.475,-0.125));
#866=DIRECTION('',(0.0,0.857492925712544,0.514495755427527));
#867=DIRECTION('',(1.0,0.0,-0.0));
#868=ORIENTED_EDGE('',*,*,#1413,.F.);
#869=ORIENTED_EDGE('',*,*,#1412,.F.);
#870=ORIENTED_EDGE('',*,*,#1410,.T.);
#871=ORIENTED_EDGE('',*,*,#1406,.F.);
#872=CARTESIAN_POINT('',(2.725,0.725,-0.125));
#873=DIRECTION('',(-0.707106781186548,0.0,0.707106781186548));
#874=DIRECTION('',(0.0,1.0,0.0));
#875=ORIENTED_EDGE('',*,*,#1348,.F.);
#876=ORIENTED_EDGE('',*,*,#1413,.T.);
#877=ORIENTED_EDGE('',*,*,#1405,.F.);
#878=ORIENTED_EDGE('',*,*,#1400,.F.);
#879=ORIENTED_EDGE('',*,*,#1393,.F.);
#880=ORIENTED_EDGE('',*,*,#1414,.T.);
#881=ORIENTED_EDGE('',*,*,#1380,.T.);
#882=ORIENTED_EDGE('',*,*,#1378,.F.);
#883=ORIENTED_EDGE('',*,*,#1415,.T.);
#884=ORIENTED_EDGE('',*,*,#1354,.F.);
#885=CARTESIAN_POINT('',(2.6,0.55,0.0));
#886=DIRECTION('',(1.0,0.0,0.0));
#887=DIRECTION('',(0.0,1.0,0.0));
#888=ORIENTED_EDGE('',*,*,#1377,.T.);
#889=ORIENTED_EDGE('',*,*,#1375,.F.);
#890=ORIENTED_EDGE('',*,*,#1355,.F.);
#891=ORIENTED_EDGE('',*,*,#1415,.F.);
#892=CARTESIAN_POINT('',(0.0,2.125,-3.2));
#893=DIRECTION('',(0.0,0.863778900898419,0.503871025524111));
#894=DIRECTION('',(1.0,0.0,-0.0));
#895=ORIENTED_EDGE('',*,*,#1383,.F.);
#896=ORIENTED_EDGE('',*,*,#1414,.F.);
#897=ORIENTED_EDGE('',*,*,#1396,.F.);
#898=ORIENTED_EDGE('',*,*,#1385,.T.);
#899=CARTESIAN_POINT('',(2.725,2.6,-0.125));
#900=DIRECTION('',(-0.707106781186548,0.0,0.707106781186548));
#901=DIRECTION('',(0.0,1.0,0.0));
#902=ORIENTED_EDGE('',*,*,#1329,.T.);
#903=ORIENTED_EDGE('',*,*,#1416,.T.);
#904=ORIENTED_EDGE('',*,*,#1417,.T.);
#905=ORIENTED_EDGE('',*,*,#1387,.T.);
#906=ORIENTED_EDGE('',*,*,#1395,.T.);
#907=ORIENTED_EDGE('',*,*,#1399,.T.);
#908=ORIENTED_EDGE('',*,*,#1404,.T.);
#909=ORIENTED_EDGE('',*,*,#1409,.T.);
#910=ORIENTED_EDGE('',*,*,#1330,.T.);
#911=ORIENTED_EDGE('',*,*,#1314,.T.);
#912=ORIENTED_EDGE('',*,*,#1312,.F.);
#913=ORIENTED_EDGE('',*,*,#1310,.F.);
#914=CARTESIAN_POINT('',(3.0,0.0,0.0));
#915=DIRECTION('',(1.0,0.0,0.0));
#916=DIRECTION('',(0.0,1.0,0.0));
#917=ORIENTED_EDGE('',*,*,#1418,.T.);
#918=ORIENTED_EDGE('',*,*,#1419,.F.);
#919=ORIENTED_EDGE('',*,*,#1420,.F.);
#920=ORIENTED_EDGE('',*,*,#1421,.T.);
#921=ORIENTED_EDGE('',*,*,#1422,.T.);
#922=ORIENTED_EDGE('',*,*,#1423,.F.);
#923=ORIENTED_EDGE('',*,*,#1424,.F.);
#924=ORIENTED_EDGE('',*,*,#1425,.T.);
#925=ORIENTED_EDGE('',*,*,#1426,.T.);
#926=ORIENTED_EDGE('',*,*,#1427,.F.);
#927=ORIENTED_EDGE('',*,*,#1428,.F.);
#928=ORIENTED_EDGE('',*,*,#1305,.T.);
#929=ORIENTED_EDGE('',*,*,#1388,.T.);
#930=ORIENTED_EDGE('',*,*,#1417,.F.);
#931=ORIENTED_EDGE('',*,*,#1429,.F.);
#932=ORIENTED_EDGE('',*,*,#1430,.T.);
#933=CARTESIAN_POINT('',(-3.0,3.7,-4.5));
#934=DIRECTION('',(-0.0,1.0,0.0));
#935=DIRECTION('',(1.0,0.0,0.0));
#936=ORIENTED_EDGE('',*,*,#1430,.F.);
#937=ORIENTED_EDGE('',*,*,#1431,.F.);
#938=ORIENTED_EDGE('',*,*,#1327,.T.);
#939=ORIENTED_EDGE('',*,*,#1432,.T.);
#940=CARTESIAN_POINT('',(1.975,0.0,-4.5));
#941=DIRECTION('',(1.0,0.0,0.0));
#942=DIRECTION('',(0.0,1.0,0.0));
#943=ORIENTED_EDGE('',*,*,#1326,.T.);
#944=ORIENTED_EDGE('',*,*,#1433,.T.);
#945=ORIENTED_EDGE('',*,*,#1418,.F.);
#946=ORIENTED_EDGE('',*,*,#1432,.F.);
#947=ORIENTED_EDGE('',*,*,#1434,.F.);
#948=ORIENTED_EDGE('',*,*,#1435,.F.);
#949=CARTESIAN_POINT('',(1.975,0.0,-4.35));
#950=DIRECTION('',(0.0,0.0,1.0));
#951=DIRECTION('',(1.0,0.0,0.0));
#952=ORIENTED_EDGE('',*,*,#1325,.F.);
#953=ORIENTED_EDGE('',*,*,#1436,.T.);
#954=ORIENTED_EDGE('',*,*,#1419,.T.);
#955=ORIENTED_EDGE('',*,*,#1433,.F.);
#956=CARTESIAN_POINT('',(1.025,0.0,-4.35));
#957=DIRECTION('',(-1.0,0.0,0.0));
#958=DIRECTION('',(0.0,0.0,1.0));
#959=ORIENTED_EDGE('',*,*,#1316,.F.);
#960=ORIENTED_EDGE('',*,*,#1306,.T.);
#961=ORIENTED_EDGE('',*,*,#1428,.T.);
#962=ORIENTED_EDGE('',*,*,#1437,.F.);
#963=CARTESIAN_POINT('',(-3.0,0.0,-4.5));
#964=DIRECTION('',(0.0,0.0,-1.0));
#965=DIRECTION('',(0.0,-1.0,0.0));
#966=ORIENTED_EDGE('',*,*,#1320,.F.);
#967=ORIENTED_EDGE('',*,*,#1438,.T.);
#968=ORIENTED_EDGE('',*,*,#1424,.T.);
#969=ORIENTED_EDGE('',*,*,#1439,.F.);
#970=CARTESIAN_POINT('',(-3.0,0.0,-4.5));
#971=DIRECTION('',(0.0,0.0,-1.0));
#972=DIRECTION('',(0.0,-1.0,0.0));
#973=ORIENTED_EDGE('',*,*,#1429,.T.);
#974=ORIENTED_EDGE('',*,*,#1416,.F.);
#975=ORIENTED_EDGE('',*,*,#1328,.F.);
#976=ORIENTED_EDGE('',*,*,#1431,.T.);
#977=CARTESIAN_POINT('',(-3.0,0.0,-4.5));
#978=DIRECTION('',(0.0,0.0,-1.0));
#979=DIRECTION('',(0.0,-1.0,0.0));
#980=ORIENTED_EDGE('',*,*,#1324,.F.);
#981=ORIENTED_EDGE('',*,*,#1440,.T.);
#982=ORIENTED_EDGE('',*,*,#1420,.T.);
#983=ORIENTED_EDGE('',*,*,#1436,.F.);
#984=CARTESIAN_POINT('',(-3.0,0.0,-4.5));
#985=DIRECTION('',(0.0,0.0,-1.0));
#986=DIRECTION('',(0.0,-1.0,0.0));
#987=ORIENTED_EDGE('',*,*,#1441,.F.);
#988=ORIENTED_EDGE('',*,*,#1317,.F.);
#989=ORIENTED_EDGE('',*,*,#1437,.T.);
#990=ORIENTED_EDGE('',*,*,#1427,.T.);
#991=CARTESIAN_POINT('',(-1.975,0.0,-4.35));
#992=DIRECTION('',(-1.0,0.0,0.0));
#993=DIRECTION('',(0.0,0.0,1.0));
#994=ORIENTED_EDGE('',*,*,#1442,.F.);
#995=ORIENTED_EDGE('',*,*,#1318,.T.);
#996=ORIENTED_EDGE('',*,*,#1441,.T.);
#997=ORIENTED_EDGE('',*,*,#1426,.F.);
#998=ORIENTED_EDGE('',*,*,#1443,.F.);
#999=ORIENTED_EDGE('',*,*,#1444,.F.);
#1000=CARTESIAN_POINT('',(-1.025,0.0,-4.35));
#1001=DIRECTION('',(0.0,0.0,1.0));
#1002=DIRECTION('',(1.0,0.0,0.0));
#1003=ORIENTED_EDGE('',*,*,#1438,.F.);
#1004=ORIENTED_EDGE('',*,*,#1319,.T.);
#1005=ORIENTED_EDGE('',*,*,#1442,.T.);
#1006=ORIENTED_EDGE('',*,*,#1425,.F.);
#1007=CARTESIAN_POINT('',(-1.025,0.0,-4.5));
#1008=DIRECTION('',(1.0,0.0,0.0));
#1009=DIRECTION('',(0.0,1.0,0.0));
#1010=ORIENTED_EDGE('',*,*,#1445,.F.);
#1011=ORIENTED_EDGE('',*,*,#1361,.F.);
#1012=ORIENTED_EDGE('',*,*,#1446,.T.);
#1013=ORIENTED_EDGE('',*,*,#1447,.F.);
#1014=ORIENTED_EDGE('',*,*,#1296,.F.);
#1015=CARTESIAN_POINT('',(-1.5,1.5,-7.2));
#1016=DIRECTION('',(-0.0,0.0,1.0));
#1017=DIRECTION('',(1.0,0.0,0.0));
#1018=ORIENTED_EDGE('',*,*,#1448,.T.);
#1019=ORIENTED_EDGE('',*,*,#1444,.T.);
#1020=ORIENTED_EDGE('',*,*,#1449,.F.);
#1021=ORIENTED_EDGE('',*,*,#1450,.F.);
#1022=ORIENTED_EDGE('',*,*,#1286,.F.);
#1023=CARTESIAN_POINT('',(-1.5,1.5,-7.2));
#1024=DIRECTION('',(-0.0,0.0,1.0));
#1025=DIRECTION('',(1.0,0.0,0.0));
#1026=ORIENTED_EDGE('',*,*,#1294,.T.);
#1027=ORIENTED_EDGE('',*,*,#1447,.T.);
#1028=ORIENTED_EDGE('',*,*,#1451,.F.);
#1029=ORIENTED_EDGE('',*,*,#1452,.F.);
#1030=CARTESIAN_POINT('',(-1.5,1.5,-0.3999999997959));
#1031=DIRECTION('',(0.0,-0.0,-1.0));
#1032=DIRECTION('',(0.0,-1.0,0.0));
#1033=ORIENTED_EDGE('',*,*,#1295,.T.);
#1034=ORIENTED_EDGE('',*,*,#1452,.T.);
#1035=ORIENTED_EDGE('',*,*,#1453,.T.);
#1036=ORIENTED_EDGE('',*,*,#1293,.T.);
#1037=CARTESIAN_POINT('',(-3.0,0.0,-0.25));
#1038=DIRECTION('',(0.0,0.0,-1.0));
#1039=DIRECTION('',(0.0,-1.0,0.0));
#1040=ORIENTED_EDGE('',*,*,#1290,.T.);
#1041=ORIENTED_EDGE('',*,*,#1453,.F.);
#1042=ORIENTED_EDGE('',*,*,#1451,.T.);
#1043=ORIENTED_EDGE('',*,*,#1454,.T.);
#1044=CARTESIAN_POINT('',(-1.5,1.5,-0.3999999997959));
#1045=DIRECTION('',(0.0,-0.0,-1.0));
#1046=DIRECTION('',(0.0,-1.0,0.0));
#1047=ORIENTED_EDGE('',*,*,#1446,.F.);
#1048=ORIENTED_EDGE('',*,*,#1360,.F.);
#1049=ORIENTED_EDGE('',*,*,#1445,.T.);
#1050=ORIENTED_EDGE('',*,*,#1291,.F.);
#1051=ORIENTED_EDGE('',*,*,#1454,.F.);
#1052=CARTESIAN_POINT('',(-1.5,1.5,-7.2));
#1053=DIRECTION('',(-0.0,0.0,1.0));
#1054=DIRECTION('',(1.0,0.0,0.0));
#1055=ORIENTED_EDGE('',*,*,#1449,.T.);
#1056=ORIENTED_EDGE('',*,*,#1443,.T.);
#1057=ORIENTED_EDGE('',*,*,#1448,.F.);
#1058=ORIENTED_EDGE('',*,*,#1288,.F.);
#1059=ORIENTED_EDGE('',*,*,#1455,.F.);
#1060=CARTESIAN_POINT('',(-1.5,1.5,-7.2));
#1061=DIRECTION('',(-0.0,0.0,1.0));
#1062=DIRECTION('',(1.0,0.0,0.0));
#1063=ORIENTED_EDGE('',*,*,#1287,.T.);
#1064=ORIENTED_EDGE('',*,*,#1456,.F.);
#1065=ORIENTED_EDGE('',*,*,#1457,.T.);
#1066=ORIENTED_EDGE('',*,*,#1455,.T.);
#1067=CARTESIAN_POINT('',(-1.5,1.5,-7.050000000204));
#1068=DIRECTION('',(-0.0,0.0,1.0));
#1069=DIRECTION('',(0.0,-1.0,0.0));
#1070=ORIENTED_EDGE('',*,*,#1284,.T.);
#1071=ORIENTED_EDGE('',*,*,#1458,.T.);
#1072=ORIENTED_EDGE('',*,*,#1456,.T.);
#1073=ORIENTED_EDGE('',*,*,#1289,.T.);
#1074=CARTESIAN_POINT('',(-3.0,0.0,-7.2));
#1075=DIRECTION('',(0.0,0.0,-1.0));
#1076=DIRECTION('',(0.0,-1.0,0.0));
#1077=ORIENTED_EDGE('',*,*,#1283,.T.);
#1078=ORIENTED_EDGE('',*,*,#1450,.T.);
#1079=ORIENTED_EDGE('',*,*,#1457,.F.);
#1080=ORIENTED_EDGE('',*,*,#1458,.F.);
#1081=CARTESIAN_POINT('',(-1.5,1.5,-7.050000000204));
#1082=DIRECTION('',(-0.0,0.0,1.0));
#1083=DIRECTION('',(0.0,-1.0,0.0));
#1084=ORIENTED_EDGE('',*,*,#1321,.F.);
#1085=ORIENTED_EDGE('',*,*,#1439,.T.);
#1086=ORIENTED_EDGE('',*,*,#1423,.T.);
#1087=ORIENTED_EDGE('',*,*,#1459,.F.);
#1088=CARTESIAN_POINT('',(-0.475,0.0,-4.35));
#1089=DIRECTION('',(-1.0,0.0,0.0));
#1090=DIRECTION('',(0.0,0.0,1.0));
#1091=ORIENTED_EDGE('',*,*,#1322,.T.);
#1092=ORIENTED_EDGE('',*,*,#1459,.T.);
#1093=ORIENTED_EDGE('',*,*,#1422,.F.);
#1094=ORIENTED_EDGE('',*,*,#1460,.F.);
#1095=ORIENTED_EDGE('',*,*,#1461,.F.);
#1096=ORIENTED_EDGE('',*,*,#1462,.F.);
#1097=CARTESIAN_POINT('',(0.475,0.0,-4.35));
#1098=DIRECTION('',(0.0,0.0,1.0));
#1099=DIRECTION('',(1.0,0.0,0.0));
#1100=ORIENTED_EDGE('',*,*,#1421,.F.);
#1101=ORIENTED_EDGE('',*,*,#1440,.F.);
#1102=ORIENTED_EDGE('',*,*,#1323,.T.);
#1103=ORIENTED_EDGE('',*,*,#1460,.T.);
#1104=CARTESIAN_POINT('',(0.475,0.0,-4.5));
#1105=DIRECTION('',(1.0,0.0,0.0));
#1106=DIRECTION('',(0.0,1.0,0.0));
#1107=ORIENTED_EDGE('',*,*,#1463,.F.);
#1108=ORIENTED_EDGE('',*,*,#1363,.F.);
#1109=ORIENTED_EDGE('',*,*,#1464,.T.);
#1110=ORIENTED_EDGE('',*,*,#1465,.F.);
#1111=ORIENTED_EDGE('',*,*,#1282,.F.);
#1112=CARTESIAN_POINT('',(0.0,1.5,-7.2));
#1113=DIRECTION('',(-0.0,0.0,1.0));
#1114=DIRECTION('',(1.0,0.0,0.0));
#1115=ORIENTED_EDGE('',*,*,#1466,.T.);
#1116=ORIENTED_EDGE('',*,*,#1462,.T.);
#1117=ORIENTED_EDGE('',*,*,#1467,.F.);
#1118=ORIENTED_EDGE('',*,*,#1468,.F.);
#1119=ORIENTED_EDGE('',*,*,#1272,.F.);
#1120=CARTESIAN_POINT('',(0.0,1.5,-7.2));
#1121=DIRECTION('',(-0.0,0.0,1.0));
#1122=DIRECTION('',(1.0,0.0,0.0));
#1123=ORIENTED_EDGE('',*,*,#1280,.T.);
#1124=ORIENTED_EDGE('',*,*,#1465,.T.);
#1125=ORIENTED_EDGE('',*,*,#1469,.F.);
#1126=ORIENTED_EDGE('',*,*,#1470,.F.);
#1127=CARTESIAN_POINT('',(0.0,1.5,-0.3999999997959));
#1128=DIRECTION('',(0.0,-0.0,-1.0));
#1129=DIRECTION('',(0.0,-1.0,0.0));
#1130=ORIENTED_EDGE('',*,*,#1281,.T.);
#1131=ORIENTED_EDGE('',*,*,#1470,.T.);
#1132=ORIENTED_EDGE('',*,*,#1471,.T.);
#1133=ORIENTED_EDGE('',*,*,#1279,.T.);
#1134=CARTESIAN_POINT('',(-1.5,0.0,-0.25));
#1135=DIRECTION('',(0.0,0.0,-1.0));
#1136=DIRECTION('',(0.0,-1.0,0.0));
#1137=ORIENTED_EDGE('',*,*,#1276,.T.);
#1138=ORIENTED_EDGE('',*,*,#1471,.F.);
#1139=ORIENTED_EDGE('',*,*,#1469,.T.);
#1140=ORIENTED_EDGE('',*,*,#1472,.T.);
#1141=CARTESIAN_POINT('',(0.0,1.5,-0.3999999997959));
#1142=DIRECTION('',(0.0,-0.0,-1.0));
#1143=DIRECTION('',(0.0,-1.0,0.0));
#1144=ORIENTED_EDGE('',*,*,#1464,.F.);
#1145=ORIENTED_EDGE('',*,*,#1362,.F.);
#1146=ORIENTED_EDGE('',*,*,#1463,.T.);
#1147=ORIENTED_EDGE('',*,*,#1277,.F.);
#1148=ORIENTED_EDGE('',*,*,#1472,.F.);
#1149=CARTESIAN_POINT('',(0.0,1.5,-7.2));
#1150=DIRECTION('',(-0.0,0.0,1.0));
#1151=DIRECTION('',(1.0,0.0,0.0));
#1152=ORIENTED_EDGE('',*,*,#1467,.T.);
#1153=ORIENTED_EDGE('',*,*,#1461,.T.);
#1154=ORIENTED_EDGE('',*,*,#1466,.F.);
#1155=ORIENTED_EDGE('',*,*,#1274,.F.);
#1156=ORIENTED_EDGE('',*,*,#1473,.F.);
#1157=CARTESIAN_POINT('',(0.0,1.5,-7.2));
#1158=DIRECTION('',(-0.0,0.0,1.0));
#1159=DIRECTION('',(1.0,0.0,0.0));
#1160=ORIENTED_EDGE('',*,*,#1273,.T.);
#1161=ORIENTED_EDGE('',*,*,#1474,.F.);
#1162=ORIENTED_EDGE('',*,*,#1475,.T.);
#1163=ORIENTED_EDGE('',*,*,#1473,.T.);
#1164=CARTESIAN_POINT('',(0.0,1.5,-7.050000000204));
#1165=DIRECTION('',(-0.0,0.0,1.0));
#1166=DIRECTION('',(0.0,-1.0,0.0));
#1167=ORIENTED_EDGE('',*,*,#1270,.T.);
#1168=ORIENTED_EDGE('',*,*,#1476,.T.);
#1169=ORIENTED_EDGE('',*,*,#1474,.T.);
#1170=ORIENTED_EDGE('',*,*,#1275,.T.);
#1171=CARTESIAN_POINT('',(-1.5,0.0,-7.2));
#1172=DIRECTION('',(0.0,0.0,-1.0));
#1173=DIRECTION('',(0.0,-1.0,0.0));
#1174=ORIENTED_EDGE('',*,*,#1269,.T.);
#1175=ORIENTED_EDGE('',*,*,#1468,.T.);
#1176=ORIENTED_EDGE('',*,*,#1475,.F.);
#1177=ORIENTED_EDGE('',*,*,#1476,.F.);
#1178=CARTESIAN_POINT('',(0.0,1.5,-7.050000000204));
#1179=DIRECTION('',(-0.0,0.0,1.0));
#1180=DIRECTION('',(0.0,-1.0,0.0));
#1181=ORIENTED_EDGE('',*,*,#1477,.F.);
#1182=ORIENTED_EDGE('',*,*,#1365,.F.);
#1183=ORIENTED_EDGE('',*,*,#1478,.T.);
#1184=ORIENTED_EDGE('',*,*,#1479,.F.);
#1185=ORIENTED_EDGE('',*,*,#1268,.F.);
#1186=CARTESIAN_POINT('',(1.5,1.5,-7.2));
#1187=DIRECTION('',(-0.0,0.0,1.0));
#1188=DIRECTION('',(1.0,0.0,0.0));
#1189=ORIENTED_EDGE('',*,*,#1480,.T.);
#1190=ORIENTED_EDGE('',*,*,#1435,.T.);
#1191=ORIENTED_EDGE('',*,*,#1481,.F.);
#1192=ORIENTED_EDGE('',*,*,#1482,.F.);
#1193=ORIENTED_EDGE('',*,*,#1258,.F.);
#1194=CARTESIAN_POINT('',(1.5,1.5,-7.2));
#1195=DIRECTION('',(-0.0,0.0,1.0));
#1196=DIRECTION('',(1.0,0.0,0.0));
#1197=ORIENTED_EDGE('',*,*,#1266,.T.);
#1198=ORIENTED_EDGE('',*,*,#1479,.T.);
#1199=ORIENTED_EDGE('',*,*,#1483,.F.);
#1200=ORIENTED_EDGE('',*,*,#1484,.F.);
#1201=CARTESIAN_POINT('',(1.5,1.5,-0.3999999997959));
#1202=DIRECTION('',(0.0,-0.0,-1.0));
#1203=DIRECTION('',(0.0,-1.0,0.0));
#1204=ORIENTED_EDGE('',*,*,#1267,.T.);
#1205=ORIENTED_EDGE('',*,*,#1484,.T.);
#1206=ORIENTED_EDGE('',*,*,#1485,.T.);
#1207=ORIENTED_EDGE('',*,*,#1265,.T.);
#1208=CARTESIAN_POINT('',(0.0,0.0,-0.25));
#1209=DIRECTION('',(0.0,0.0,-1.0));
#1210=DIRECTION('',(0.0,-1.0,0.0));
#1211=ORIENTED_EDGE('',*,*,#1262,.T.);
#1212=ORIENTED_EDGE('',*,*,#1485,.F.);
#1213=ORIENTED_EDGE('',*,*,#1483,.T.);
#1214=ORIENTED_EDGE('',*,*,#1486,.T.);
#1215=CARTESIAN_POINT('',(1.5,1.5,-0.3999999997959));
#1216=DIRECTION('',(0.0,-0.0,-1.0));
#1217=DIRECTION('',(0.0,-1.0,0.0));
#1218=ORIENTED_EDGE('',*,*,#1478,.F.);
#1219=ORIENTED_EDGE('',*,*,#1364,.F.);
#1220=ORIENTED_EDGE('',*,*,#1477,.T.);
#1221=ORIENTED_EDGE('',*,*,#1263,.F.);
#1222=ORIENTED_EDGE('',*,*,#1486,.F.);
#1223=CARTESIAN_POINT('',(1.5,1.5,-7.2));
#1224=DIRECTION('',(-0.0,0.0,1.0));
#1225=DIRECTION('',(1.0,0.0,0.0));
#1226=ORIENTED_EDGE('',*,*,#1481,.T.);
#1227=ORIENTED_EDGE('',*,*,#1434,.T.);
#1228=ORIENTED_EDGE('',*,*,#1480,.F.);
#1229=ORIENTED_EDGE('',*,*,#1260,.F.);
#1230=ORIENTED_EDGE('',*,*,#1487,.F.);
#1231=CARTESIAN_POINT('',(1.5,1.5,-7.2));
#1232=DIRECTION('',(-0.0,0.0,1.0));
#1233=DIRECTION('',(1.0,0.0,0.0));
#1234=ORIENTED_EDGE('',*,*,#1259,.T.);
#1235=ORIENTED_EDGE('',*,*,#1488,.F.);
#1236=ORIENTED_EDGE('',*,*,#1489,.T.);
#1237=ORIENTED_EDGE('',*,*,#1487,.T.);
#1238=CARTESIAN_POINT('',(1.5,1.5,-7.050000000204));
#1239=DIRECTION('',(-0.0,0.0,1.0));
#1240=DIRECTION('',(0.0,-1.0,0.0));
#1241=ORIENTED_EDGE('',*,*,#1256,.T.);
#1242=ORIENTED_EDGE('',*,*,#1490,.T.);
#1243=ORIENTED_EDGE('',*,*,#1488,.T.);
#1244=ORIENTED_EDGE('',*,*,#1261,.T.);
#1245=CARTESIAN_POINT('',(0.0,0.0,-7.2));
#1246=DIRECTION('',(0.0,0.0,-1.0));
#1247=DIRECTION('',(0.0,-1.0,0.0));
#1248=ORIENTED_EDGE('',*,*,#1255,.T.);
#1249=ORIENTED_EDGE('',*,*,#1482,.T.);
#1250=ORIENTED_EDGE('',*,*,#1489,.F.);
#1251=ORIENTED_EDGE('',*,*,#1490,.F.);
#1252=CARTESIAN_POINT('',(1.5,1.5,-7.050000000204));
#1253=DIRECTION('',(-0.0,0.0,1.0));
#1254=DIRECTION('',(0.0,-1.0,0.0));
#1255=EDGE_CURVE('',#1491,#1492,#1493,.T.);
#1256=EDGE_CURVE('',#1494,#1491,#1495,.T.);
#1257=EDGE_CURVE('',#1494,#1496,#1497,.T.);
#1258=EDGE_CURVE('',#1496,#1492,#1498,.T.);
#1259=EDGE_CURVE('',#1499,#1500,#1501,.T.);
#1260=EDGE_CURVE('',#1499,#1496,#1502,.T.);
#1261=EDGE_CURVE('',#1500,#1494,#1503,.T.);
#1262=EDGE_CURVE('',#1504,#1505,#1506,.T.);
#1263=EDGE_CURVE('',#1504,#1507,#1508,.T.);
#1264=EDGE_CURVE('',#1509,#1507,#1510,.T.);
#1265=EDGE_CURVE('',#1505,#1509,#1511,.T.);
#1266=EDGE_CURVE('',#1512,#1513,#1514,.T.);
#1267=EDGE_CURVE('',#1509,#1512,#1515,.T.);
#1268=EDGE_CURVE('',#1507,#1513,#1516,.T.);
#1269=EDGE_CURVE('',#1517,#1518,#1519,.T.);
#1270=EDGE_CURVE('',#1520,#1517,#1521,.T.);
#1271=EDGE_CURVE('',#1520,#1522,#1523,.T.);
#1272=EDGE_CURVE('',#1522,#1518,#1524,.T.);
#1273=EDGE_CURVE('',#1525,#1526,#1527,.T.);
#1274=EDGE_CURVE('',#1525,#1522,#1528,.T.);
#1275=EDGE_CURVE('',#1526,#1520,#1529,.T.);
#1276=EDGE_CURVE('',#1530,#1531,#1532,.T.);
#1277=EDGE_CURVE('',#1530,#1533,#1534,.T.);
#1278=EDGE_CURVE('',#1535,#1533,#1536,.T.);
#1279=EDGE_CURVE('',#1531,#1535,#1537,.T.);
#1280=EDGE_CURVE('',#1538,#1539,#1540,.T.);
#1281=EDGE_CURVE('',#1535,#1538,#1541,.T.);
#1282=EDGE_CURVE('',#1533,#1539,#1542,.T.);
#1283=EDGE_CURVE('',#1543,#1544,#1545,.T.);
#1284=EDGE_CURVE('',#1546,#1543,#1547,.T.);
#1285=EDGE_CURVE('',#1546,#1548,#1549,.T.);
#1286=EDGE_CURVE('',#1548,#1544,#1550,.T.);
#1287=EDGE_CURVE('',#1551,#1552,#1553,.T.);
#1288=EDGE_CURVE('',#1551,#1548,#1554,.T.);
#1289=EDGE_CURVE('',#1552,#1546,#1555,.T.);
#1290=EDGE_CURVE('',#1556,#1557,#1558,.T.);
#1291=EDGE_CURVE('',#1556,#1559,#1560,.T.);
#1292=EDGE_CURVE('',#1561,#1559,#1562,.T.);
#1293=EDGE_CURVE('',#1557,#1561,#1563,.T.);
#1294=EDGE_CURVE('',#1564,#1565,#1566,.T.);
#1295=EDGE_CURVE('',#1561,#1564,#1567,.T.);
#1296=EDGE_CURVE('',#1559,#1565,#1568,.T.);
#1297=EDGE_CURVE('',#1569,#1570,#1571,.T.);
#1298=EDGE_CURVE('',#1572,#1570,#1573,.T.);
#1299=EDGE_CURVE('',#1574,#1572,#1575,.T.);
#1300=EDGE_CURVE('',#1576,#1574,#1577,.T.);
#1301=EDGE_CURVE('',#1578,#1576,#1579,.T.);
#1302=EDGE_CURVE('',#1580,#1578,#1581,.T.);
#1303=EDGE_CURVE('',#1582,#1580,#1583,.T.);
#1304=EDGE_CURVE('',#1584,#1582,#1585,.T.);
#1305=EDGE_CURVE('',#1586,#1584,#1587,.T.);
#1306=EDGE_CURVE('',#1588,#1586,#1589,.T.);
#1307=EDGE_CURVE('',#1590,#1588,#1591,.T.);
#1308=EDGE_CURVE('',#1590,#1569,#1592,.T.);
#1309=EDGE_CURVE('',#1590,#1593,#1594,.T.);
#1310=EDGE_CURVE('',#1593,#1595,#1596,.T.);
#1311=EDGE_CURVE('',#1595,#1569,#1597,.T.);
#1312=EDGE_CURVE('',#1595,#1598,#1599,.T.);
#1313=EDGE_CURVE('',#1598,#1570,#1600,.T.);
#1314=EDGE_CURVE('',#1601,#1598,#1602,.T.);
#1315=EDGE_CURVE('',#1572,#1601,#1603,.T.);
#1316=EDGE_CURVE('',#1588,#1604,#1605,.T.);
#1317=EDGE_CURVE('',#1604,#1606,#1607,.T.);
#1318=EDGE_CURVE('',#1608,#1606,#1609,.T.);
#1319=EDGE_CURVE('',#1610,#1608,#1611,.T.);
#1320=EDGE_CURVE('',#1610,#1612,#1613,.T.);
#1321=EDGE_CURVE('',#1612,#1614,#1615,.T.);
#1322=EDGE_CURVE('',#1616,#1614,#1617,.T.);
#1323=EDGE_CURVE('',#1618,#1616,#1619,.T.);
#1324=EDGE_CURVE('',#1618,#1620,#1621,.T.);
#1325=EDGE_CURVE('',#1620,#1622,#1623,.T.);
#1326=EDGE_CURVE('',#1624,#1622,#1625,.T.);
#1327=EDGE_CURVE('',#1626,#1624,#1627,.T.);
#1328=EDGE_CURVE('',#1626,#1628,#1629,.T.);
#1329=EDGE_CURVE('',#1593,#1628,#1630,.T.);
#1330=EDGE_CURVE('',#1631,#1601,#1632,.T.);
#1331=EDGE_CURVE('',#1574,#1631,#1633,.T.);
#1332=EDGE_CURVE('',#1634,#1635,#1636,.T.);
#1333=EDGE_CURVE('',#1634,#1637,#1638,.T.);
#1334=EDGE_CURVE('',#1639,#1637,#1640,.T.);
#1335=EDGE_CURVE('',#1635,#1639,#1641,.T.);
#1336=EDGE_CURVE('',#1642,#1643,#1644,.T.);
#1337=EDGE_CURVE('',#1642,#1645,#1646,.T.);
#1338=EDGE_CURVE('',#1647,#1645,#1648,.T.);
#1339=EDGE_CURVE('',#1643,#1647,#1649,.T.);
#1340=EDGE_CURVE('',#1635,#1650,#1651,.T.);
#1341=EDGE_CURVE('',#1639,#1652,#1653,.T.);
#1342=EDGE_CURVE('',#1650,#1652,#1654,.T.);
#1343=EDGE_CURVE('',#1652,#1655,#1656,.T.);
#1344=EDGE_CURVE('',#1657,#1655,#1658,.T.);
#1345=EDGE_CURVE('',#1659,#1657,#1660,.T.);
#1346=EDGE_CURVE('',#1661,#1659,#1662,.T.);
#1347=EDGE_CURVE('',#1663,#1661,#1664,.T.);
#1348=EDGE_CURVE('',#1663,#1665,#1666,.T.);
#1349=EDGE_CURVE('',#1667,#1665,#1668,.T.);
#1350=EDGE_CURVE('',#1667,#1669,#1670,.T.);
#1351=EDGE_CURVE('',#1669,#1671,#1672,.T.);
#1352=EDGE_CURVE('',#1673,#1671,#1674,.T.);
#1353=EDGE_CURVE('',#1650,#1673,#1675,.T.);
#1354=EDGE_CURVE('',#1665,#1676,#1677,.T.);
#1355=EDGE_CURVE('',#1676,#1678,#1679,.T.);
#1356=EDGE_CURVE('',#1659,#1678,#1680,.T.);
#1357=EDGE_CURVE('',#1634,#1657,#1681,.T.);
#1358=EDGE_CURVE('',#1642,#1673,#1682,.T.);
#1359=EDGE_CURVE('',#1643,#1667,#1683,.T.);
#1360=EDGE_CURVE('',#1684,#1685,#1686,.T.);
#1361=EDGE_CURVE('',#1685,#1684,#1687,.T.);
#1362=EDGE_CURVE('',#1688,#1689,#1690,.T.);
#1363=EDGE_CURVE('',#1689,#1688,#1691,.T.);
#1364=EDGE_CURVE('',#1692,#1693,#1694,.T.);
#1365=EDGE_CURVE('',#1693,#1692,#1695,.T.);
#1366=EDGE_CURVE('',#1647,#1669,#1696,.T.);
#1367=EDGE_CURVE('',#1645,#1671,#1697,.T.);
#1368=EDGE_CURVE('',#1637,#1655,#1698,.T.);
#1369=EDGE_CURVE('',#1699,#1700,#1701,.T.);
#1370=EDGE_CURVE('',#1699,#1702,#1703,.T.);
#1371=EDGE_CURVE('',#1702,#1704,#1705,.T.);
#1372=EDGE_CURVE('',#1704,#1706,#1707,.T.);
#1373=EDGE_CURVE('',#1706,#1708,#1709,.T.);
#1374=EDGE_CURVE('',#1708,#1661,#1710,.T.);
#1375=EDGE_CURVE('',#1678,#1711,#1712,.T.);
#1376=EDGE_CURVE('',#1700,#1711,#1713,.T.);
#1377=EDGE_CURVE('',#1714,#1711,#1715,.T.);
#1378=EDGE_CURVE('',#1714,#1716,#1717,.T.);
#1379=EDGE_CURVE('',#1716,#1700,#1718,.T.);
#1380=EDGE_CURVE('',#1719,#1716,#1720,.T.);
#1381=EDGE_CURVE('',#1699,#1719,#1721,.T.);
#1382=EDGE_CURVE('',#1722,#1699,#1723,.T.);
#1383=EDGE_CURVE('',#1719,#1724,#1725,.T.);
#1384=EDGE_CURVE('',#1722,#1724,#1726,.T.);
#1385=EDGE_CURVE('',#1727,#1724,#1728,.T.);
#1386=EDGE_CURVE('',#1727,#1729,#1730,.T.);
#1387=EDGE_CURVE('',#1731,#1729,#1732,.T.);
#1388=EDGE_CURVE('',#1584,#1731,#1733,.T.);
#1389=EDGE_CURVE('',#1582,#1734,#1735,.T.);
#1390=EDGE_CURVE('',#1722,#1734,#1736,.T.);
#1391=EDGE_CURVE('',#1702,#1734,#1737,.T.);
#1392=EDGE_CURVE('',#1580,#1704,#1738,.T.);
#1393=EDGE_CURVE('',#1739,#1740,#1741,.T.);
#1394=EDGE_CURVE('',#1740,#1742,#1743,.T.);
#1395=EDGE_CURVE('',#1729,#1742,#1744,.T.);
#1396=EDGE_CURVE('',#1727,#1739,#1745,.T.);
#1397=EDGE_CURVE('',#1578,#1706,#1746,.T.);
#1398=EDGE_CURVE('',#1747,#1748,#1749,.T.);
#1399=EDGE_CURVE('',#1742,#1748,#1750,.T.);
#1400=EDGE_CURVE('',#1740,#1747,#1751,.T.);
#1401=EDGE_CURVE('',#1576,#1752,#1753,.T.);
#1402=EDGE_CURVE('',#1752,#1708,#1754,.T.);
#1403=EDGE_CURVE('',#1755,#1756,#1757,.T.);
#1404=EDGE_CURVE('',#1748,#1756,#1758,.T.);
#1405=EDGE_CURVE('',#1747,#1759,#1760,.T.);
#1406=EDGE_CURVE('',#1759,#1755,#1761,.T.);
#1407=EDGE_CURVE('',#1661,#1762,#1763,.T.);
#1408=EDGE_CURVE('',#1752,#1762,#1764,.T.);
#1409=EDGE_CURVE('',#1756,#1631,#1765,.T.);
#1410=EDGE_CURVE('',#1766,#1755,#1767,.T.);
#1411=EDGE_CURVE('',#1766,#1762,#1768,.T.);
#1412=EDGE_CURVE('',#1766,#1663,#1769,.T.);
#1413=EDGE_CURVE('',#1663,#1759,#1770,.T.);
#1414=EDGE_CURVE('',#1739,#1719,#1771,.T.);
#1415=EDGE_CURVE('',#1714,#1676,#1772,.T.);
#1416=EDGE_CURVE('',#1628,#1773,#1774,.T.);
#1417=EDGE_CURVE('',#1773,#1731,#1775,.T.);
#1418=EDGE_CURVE('',#1776,#1777,#1778,.T.);
#1419=EDGE_CURVE('',#1779,#1777,#1780,.T.);
#1420=EDGE_CURVE('',#1781,#1779,#1782,.T.);
#1421=EDGE_CURVE('',#1781,#1783,#1784,.T.);
#1422=EDGE_CURVE('',#1783,#1785,#1786,.T.);
#1423=EDGE_CURVE('',#1787,#1785,#1788,.T.);
#1424=EDGE_CURVE('',#1789,#1787,#1790,.T.);
#1425=EDGE_CURVE('',#1789,#1791,#1792,.T.);
#1426=EDGE_CURVE('',#1791,#1793,#1794,.T.);
#1427=EDGE_CURVE('',#1795,#1793,#1796,.T.);
#1428=EDGE_CURVE('',#1586,#1795,#1797,.T.);
#1429=EDGE_CURVE('',#1798,#1773,#1799,.T.);
#1430=EDGE_CURVE('',#1798,#1776,#1800,.T.);
#1431=EDGE_CURVE('',#1626,#1798,#1801,.T.);
#1432=EDGE_CURVE('',#1624,#1776,#1802,.T.);
#1433=EDGE_CURVE('',#1622,#1777,#1803,.T.);
#1434=EDGE_CURVE('',#1804,#1805,#1806,.T.);
#1435=EDGE_CURVE('',#1805,#1804,#1807,.T.);
#1436=EDGE_CURVE('',#1620,#1779,#1808,.T.);
#1437=EDGE_CURVE('',#1604,#1795,#1809,.T.);
#1438=EDGE_CURVE('',#1610,#1789,#1810,.T.);
#1439=EDGE_CURVE('',#1612,#1787,#1811,.T.);
#1440=EDGE_CURVE('',#1618,#1781,#1812,.T.);
#1441=EDGE_CURVE('',#1606,#1793,#1813,.T.);
#1442=EDGE_CURVE('',#1608,#1791,#1814,.T.);
#1443=EDGE_CURVE('',#1815,#1816,#1817,.T.);
#1444=EDGE_CURVE('',#1816,#1815,#1818,.T.);
#1445=EDGE_CURVE('',#1684,#1559,#1819,.T.);
#1446=EDGE_CURVE('',#1685,#1820,#1821,.T.);
#1447=EDGE_CURVE('',#1565,#1820,#1822,.T.);
#1448=EDGE_CURVE('',#1548,#1816,#1823,.T.);
#1449=EDGE_CURVE('',#1824,#1815,#1825,.T.);
#1450=EDGE_CURVE('',#1544,#1824,#1826,.T.);
#1451=EDGE_CURVE('',#1827,#1820,#1828,.T.);
#1452=EDGE_CURVE('',#1564,#1827,#1829,.T.);
#1453=EDGE_CURVE('',#1827,#1557,#1830,.T.);
#1454=EDGE_CURVE('',#1820,#1556,#1831,.T.);
#1455=EDGE_CURVE('',#1824,#1551,#1832,.T.);
#1456=EDGE_CURVE('',#1833,#1552,#1834,.T.);
#1457=EDGE_CURVE('',#1833,#1824,#1835,.T.);
#1458=EDGE_CURVE('',#1543,#1833,#1836,.T.);
#1459=EDGE_CURVE('',#1614,#1785,#1837,.T.);
#1460=EDGE_CURVE('',#1616,#1783,#1838,.T.);
#1461=EDGE_CURVE('',#1839,#1840,#1841,.T.);
#1462=EDGE_CURVE('',#1840,#1839,#1842,.T.);
#1463=EDGE_CURVE('',#1688,#1533,#1843,.T.);
#1464=EDGE_CURVE('',#1689,#1844,#1845,.T.);
#1465=EDGE_CURVE('',#1539,#1844,#1846,.T.);
#1466=EDGE_CURVE('',#1522,#1840,#1847,.T.);
#1467=EDGE_CURVE('',#1848,#1839,#1849,.T.);
#1468=EDGE_CURVE('',#1518,#1848,#1850,.T.);
#1469=EDGE_CURVE('',#1851,#1844,#1852,.T.);
#1470=EDGE_CURVE('',#1538,#1851,#1853,.T.);
#1471=EDGE_CURVE('',#1851,#1531,#1854,.T.);
#1472=EDGE_CURVE('',#1844,#1530,#1855,.T.);
#1473=EDGE_CURVE('',#1848,#1525,#1856,.T.);
#1474=EDGE_CURVE('',#1857,#1526,#1858,.T.);
#1475=EDGE_CURVE('',#1857,#1848,#1859,.T.);
#1476=EDGE_CURVE('',#1517,#1857,#1860,.T.);
#1477=EDGE_CURVE('',#1692,#1507,#1861,.T.);
#1478=EDGE_CURVE('',#1693,#1862,#1863,.T.);
#1479=EDGE_CURVE('',#1513,#1862,#1864,.T.);
#1480=EDGE_CURVE('',#1496,#1805,#1865,.T.);
#1481=EDGE_CURVE('',#1866,#1804,#1867,.T.);
#1482=EDGE_CURVE('',#1492,#1866,#1868,.T.);
#1483=EDGE_CURVE('',#1869,#1862,#1870,.T.);
#1484=EDGE_CURVE('',#1512,#1869,#1871,.T.);
#1485=EDGE_CURVE('',#1869,#1505,#1872,.T.);
#1486=EDGE_CURVE('',#1862,#1504,#1873,.T.);
#1487=EDGE_CURVE('',#1866,#1499,#1874,.T.);
#1488=EDGE_CURVE('',#1875,#1500,#1876,.T.);
#1489=EDGE_CURVE('',#1875,#1866,#1877,.T.);
#1490=EDGE_CURVE('',#1491,#1875,#1878,.T.);
#1491=VERTEX_POINT('',#1879);
#1492=VERTEX_POINT('',#1880);
#1493=LINE('',#1881,#1882);
#1494=VERTEX_POINT('',#1883);
#1495=CIRCLE('',#1884,0.15);
#1496=VERTEX_POINT('',#1885);
#1497=LINE('',#1886,#1887);
#1498=CIRCLE('',#1888,0.25);
#1499=VERTEX_POINT('',#1889);
#1500=VERTEX_POINT('',#1890);
#1501=LINE('',#1891,#1892);
#1502=CIRCLE('',#1893,0.25);
#1503=CIRCLE('',#1894,0.15);
#1504=VERTEX_POINT('',#1895);
#1505=VERTEX_POINT('',#1896);
#1506=LINE('',#1897,#1898);
#1507=VERTEX_POINT('',#1899);
#1508=CIRCLE('',#1900,0.25);
#1509=VERTEX_POINT('',#1901);
#1510=LINE('',#1902,#1903);
#1511=CIRCLE('',#1904,0.15);
#1512=VERTEX_POINT('',#1905);
#1513=VERTEX_POINT('',#1906);
#1514=LINE('',#1907,#1908);
#1515=CIRCLE('',#1909,0.15);
#1516=CIRCLE('',#1910,0.25);
#1517=VERTEX_POINT('',#1911);
#1518=VERTEX_POINT('',#1912);
#1519=LINE('',#1913,#1914);
#1520=VERTEX_POINT('',#1915);
#1521=CIRCLE('',#1916,0.15);
#1522=VERTEX_POINT('',#1917);
#1523=LINE('',#1918,#1919);
#1524=CIRCLE('',#1920,0.25);
#1525=VERTEX_POINT('',#1921);
#1526=VERTEX_POINT('',#1922);
#1527=LINE('',#1923,#1924);
#1528=CIRCLE('',#1925,0.25);
#1529=CIRCLE('',#1926,0.15);
#1530=VERTEX_POINT('',#1927);
#1531=VERTEX_POINT('',#1928);
#1532=LINE('',#1929,#1930);
#1533=VERTEX_POINT('',#1931);
#1534=CIRCLE('',#1932,0.25);
#1535=VERTEX_POINT('',#1933);
#1536=LINE('',#1934,#1935);
#1537=CIRCLE('',#1936,0.15);
#1538=VERTEX_POINT('',#1937);
#1539=VERTEX_POINT('',#1938);
#1540=LINE('',#1939,#1940);
#1541=CIRCLE('',#1941,0.15);
#1542=CIRCLE('',#1942,0.25);
#1543=VERTEX_POINT('',#1943);
#1544=VERTEX_POINT('',#1944);
#1545=LINE('',#1945,#1946);
#1546=VERTEX_POINT('',#1947);
#1547=CIRCLE('',#1948,0.15);
#1548=VERTEX_POINT('',#1949);
#1549=LINE('',#1950,#1951);
#1550=CIRCLE('',#1952,0.25);
#1551=VERTEX_POINT('',#1953);
#1552=VERTEX_POINT('',#1954);
#1553=LINE('',#1955,#1956);
#1554=CIRCLE('',#1957,0.25);
#1555=CIRCLE('',#1958,0.15);
#1556=VERTEX_POINT('',#1959);
#1557=VERTEX_POINT('',#1960);
#1558=LINE('',#1961,#1962);
#1559=VERTEX_POINT('',#1963);
#1560=CIRCLE('',#1964,0.25);
#1561=VERTEX_POINT('',#1965);
#1562=LINE('',#1966,#1967);
#1563=CIRCLE('',#1968,0.15);
#1564=VERTEX_POINT('',#1969);
#1565=VERTEX_POINT('',#1970);
#1566=LINE('',#1971,#1972);
#1567=CIRCLE('',#1973,0.15);
#1568=CIRCLE('',#1974,0.25);
#1569=VERTEX_POINT('',#1975);
#1570=VERTEX_POINT('',#1976);
#1571=LINE('',#1977,#1978);
#1572=VERTEX_POINT('',#1979);
#1573=LINE('',#1980,#1981);
#1574=VERTEX_POINT('',#1982);
#1575=LINE('',#1983,#1984);
#1576=VERTEX_POINT('',#1985);
#1577=LINE('',#1986,#1987);
#1578=VERTEX_POINT('',#1988);
#1579=LINE('',#1989,#1990);
#1580=VERTEX_POINT('',#1991);
#1581=LINE('',#1992,#1993);
#1582=VERTEX_POINT('',#1994);
#1583=LINE('',#1995,#1996);
#1584=VERTEX_POINT('',#1997);
#1585=LINE('',#1998,#1999);
#1586=VERTEX_POINT('',#2000);
#1587=LINE('',#2001,#2002);
#1588=VERTEX_POINT('',#2003);
#1589=LINE('',#2004,#2005);
#1590=VERTEX_POINT('',#2006);
#1591=LINE('',#2007,#2008);
#1592=LINE('',#2009,#2010);
#1593=VERTEX_POINT('',#2011);
#1594=LINE('',#2012,#2013);
#1595=VERTEX_POINT('',#2014);
#1596=LINE('',#2015,#2016);
#1597=LINE('',#2017,#2018);
#1598=VERTEX_POINT('',#2019);
#1599=LINE('',#2020,#2021);
#1600=LINE('',#2022,#2023);
#1601=VERTEX_POINT('',#2024);
#1602=LINE('',#2025,#2026);
#1603=LINE('',#2027,#2028);
#1604=VERTEX_POINT('',#2029);
#1605=LINE('',#2030,#2031);
#1606=VERTEX_POINT('',#2032);
#1607=LINE('',#2033,#2034);
#1608=VERTEX_POINT('',#2035);
#1609=LINE('',#2036,#2037);
#1610=VERTEX_POINT('',#2038);
#1611=LINE('',#2039,#2040);
#1612=VERTEX_POINT('',#2041);
#1613=LINE('',#2042,#2043);
#1614=VERTEX_POINT('',#2044);
#1615=LINE('',#2045,#2046);
#1616=VERTEX_POINT('',#2047);
#1617=LINE('',#2048,#2049);
#1618=VERTEX_POINT('',#2050);
#1619=LINE('',#2051,#2052);
#1620=VERTEX_POINT('',#2053);
#1621=LINE('',#2054,#2055);
#1622=VERTEX_POINT('',#2056);
#1623=LINE('',#2057,#2058);
#1624=VERTEX_POINT('',#2059);
#1625=LINE('',#2060,#2061);
#1626=VERTEX_POINT('',#2062);
#1627=LINE('',#2063,#2064);
#1628=VERTEX_POINT('',#2065);
#1629=LINE('',#2066,#2067);
#1630=LINE('',#2068,#2069);
#1631=VERTEX_POINT('',#2070);
#1632=LINE('',#2071,#2072);
#1633=LINE('',#2073,#2074);
#1634=VERTEX_POINT('',#2075);
#1635=VERTEX_POINT('',#2076);
#1636=LINE('',#2077,#2078);
#1637=VERTEX_POINT('',#2079);
#1638=LINE('',#2080,#2081);
#1639=VERTEX_POINT('',#2082);
#1640=LINE('',#2083,#2084);
#1641=LINE('',#2085,#2086);
#1642=VERTEX_POINT('',#2087);
#1643=VERTEX_POINT('',#2088);
#1644=LINE('',#2089,#2090);
#1645=VERTEX_POINT('',#2091);
#1646=LINE('',#2092,#2093);
#1647=VERTEX_POINT('',#2094);
#1648=LINE('',#2095,#2096);
#1649=LINE('',#2097,#2098);
#1650=VERTEX_POINT('',#2099);
#1651=LINE('',#2100,#2101);
#1652=VERTEX_POINT('',#2102);
#1653=LINE('',#2103,#2104);
#1654=LINE('',#2105,#2106);
#1655=VERTEX_POINT('',#2107);
#1656=LINE('',#2108,#2109);
#1657=VERTEX_POINT('',#2110);
#1658=LINE('',#2111,#2112);
#1659=VERTEX_POINT('',#2113);
#1660=LINE('',#2114,#2115);
#1661=VERTEX_POINT('',#2116);
#1662=LINE('',#2117,#2118);
#1663=VERTEX_POINT('',#2119);
#1664=LINE('',#2120,#2121);
#1665=VERTEX_POINT('',#2122);
#1666=LINE('',#2123,#2124);
#1667=VERTEX_POINT('',#2125);
#1668=LINE('',#2126,#2127);
#1669=VERTEX_POINT('',#2128);
#1670=LINE('',#2129,#2130);
#1671=VERTEX_POINT('',#2131);
#1672=LINE('',#2132,#2133);
#1673=VERTEX_POINT('',#2134);
#1674=LINE('',#2135,#2136);
#1675=LINE('',#2137,#2138);
#1676=VERTEX_POINT('',#2139);
#1677=LINE('',#2140,#2141);
#1678=VERTEX_POINT('',#2142);
#1679=LINE('',#2143,#2144);
#1680=LINE('',#2145,#2146);
#1681=LINE('',#2147,#2148);
#1682=LINE('',#2149,#2150);
#1683=LINE('',#2151,#2152);
#1684=VERTEX_POINT('',#2153);
#1685=VERTEX_POINT('',#2154);
#1686=CIRCLE('',#2155,0.25);
#1687=CIRCLE('',#2156,0.25);
#1688=VERTEX_POINT('',#2157);
#1689=VERTEX_POINT('',#2158);
#1690=CIRCLE('',#2159,0.25);
#1691=CIRCLE('',#2160,0.25);
#1692=VERTEX_POINT('',#2161);
#1693=VERTEX_POINT('',#2162);
#1694=CIRCLE('',#2163,0.25);
#1695=CIRCLE('',#2164,0.25);
#1696=LINE('',#2165,#2166);
#1697=LINE('',#2167,#2168);
#1698=LINE('',#2169,#2170);
#1699=VERTEX_POINT('',#2171);
#1700=VERTEX_POINT('',#2172);
#1701=LINE('',#2173,#2174);
#1702=VERTEX_POINT('',#2175);
#1703=LINE('',#2176,#2177);
#1704=VERTEX_POINT('',#2178);
#1705=LINE('',#2179,#2180);
#1706=VERTEX_POINT('',#2181);
#1707=LINE('',#2182,#2183);
#1708=VERTEX_POINT('',#2184);
#1709=LINE('',#2185,#2186);
#1710=LINE('',#2187,#2188);
#1711=VERTEX_POINT('',#2189);
#1712=LINE('',#2190,#2191);
#1713=LINE('',#2192,#2193);
#1714=VERTEX_POINT('',#2194);
#1715=LINE('',#2195,#2196);
#1716=VERTEX_POINT('',#2197);
#1717=LINE('',#2198,#2199);
#1718=LINE('',#2200,#2201);
#1719=VERTEX_POINT('',#2202);
#1720=LINE('',#2203,#2204);
#1721=LINE('',#2205,#2206);
#1722=VERTEX_POINT('',#2207);
#1723=LINE('',#2208,#2209);
#1724=VERTEX_POINT('',#2210);
#1725=LINE('',#2211,#2212);
#1726=LINE('',#2213,#2214);
#1727=VERTEX_POINT('',#2215);
#1728=LINE('',#2216,#2217);
#1729=VERTEX_POINT('',#2218);
#1730=LINE('',#2219,#2220);
#1731=VERTEX_POINT('',#2221);
#1732=LINE('',#2222,#2223);
#1733=LINE('',#2224,#2225);
#1734=VERTEX_POINT('',#2226);
#1735=LINE('',#2227,#2228);
#1736=LINE('',#2229,#2230);
#1737=LINE('',#2231,#2232);
#1738=LINE('',#2233,#2234);
#1739=VERTEX_POINT('',#2235);
#1740=VERTEX_POINT('',#2236);
#1741=LINE('',#2237,#2238);
#1742=VERTEX_POINT('',#2239);
#1743=LINE('',#2240,#2241);
#1744=LINE('',#2242,#2243);
#1745=LINE('',#2244,#2245);
#1746=LINE('',#2246,#2247);
#1747=VERTEX_POINT('',#2248);
#1748=VERTEX_POINT('',#2249);
#1749=LINE('',#2250,#2251);
#1750=LINE('',#2252,#2253);
#1751=LINE('',#2254,#2255);
#1752=VERTEX_POINT('',#2256);
#1753=LINE('',#2257,#2258);
#1754=LINE('',#2259,#2260);
#1755=VERTEX_POINT('',#2261);
#1756=VERTEX_POINT('',#2262);
#1757=LINE('',#2263,#2264);
#1758=LINE('',#2265,#2266);
#1759=VERTEX_POINT('',#2267);
#1760=LINE('',#2268,#2269);
#1761=LINE('',#2270,#2271);
#1762=VERTEX_POINT('',#2272);
#1763=LINE('',#2273,#2274);
#1764=LINE('',#2275,#2276);
#1765=LINE('',#2277,#2278);
#1766=VERTEX_POINT('',#2279);
#1767=LINE('',#2280,#2281);
#1768=LINE('',#2282,#2283);
#1769=LINE('',#2284,#2285);
#1770=LINE('',#2286,#2287);
#1771=LINE('',#2288,#2289);
#1772=LINE('',#2290,#2291);
#1773=VERTEX_POINT('',#2292);
#1774=LINE('',#2293,#2294);
#1775=LINE('',#2295,#2296);
#1776=VERTEX_POINT('',#2297);
#1777=VERTEX_POINT('',#2298);
#1778=LINE('',#2299,#2300);
#1779=VERTEX_POINT('',#2301);
#1780=LINE('',#2302,#2303);
#1781=VERTEX_POINT('',#2304);
#1782=LINE('',#2305,#2306);
#1783=VERTEX_POINT('',#2307);
#1784=LINE('',#2308,#2309);
#1785=VERTEX_POINT('',#2310);
#1786=LINE('',#2311,#2312);
#1787=VERTEX_POINT('',#2313);
#1788=LINE('',#2314,#2315);
#1789=VERTEX_POINT('',#2316);
#1790=LINE('',#2317,#2318);
#1791=VERTEX_POINT('',#2319);
#1792=LINE('',#2320,#2321);
#1793=VERTEX_POINT('',#2322);
#1794=LINE('',#2323,#2324);
#1795=VERTEX_POINT('',#2325);
#1796=LINE('',#2326,#2327);
#1797=LINE('',#2328,#2329);
#1798=VERTEX_POINT('',#2330);
#1799=LINE('',#2331,#2332);
#1800=LINE('',#2333,#2334);
#1801=LINE('',#2335,#2336);
#1802=LINE('',#2337,#2338);
#1803=LINE('',#2339,#2340);
#1804=VERTEX_POINT('',#2341);
#1805=VERTEX_POINT('',#2342);
#1806=CIRCLE('',#2343,0.25);
#1807=CIRCLE('',#2344,0.25);
#1808=LINE('',#2345,#2346);
#1809=LINE('',#2347,#2348);
#1810=LINE('',#2349,#2350);
#1811=LINE('',#2351,#2352);
#1812=LINE('',#2353,#2354);
#1813=LINE('',#2355,#2356);
#1814=LINE('',#2357,#2358);
#1815=VERTEX_POINT('',#2359);
#1816=VERTEX_POINT('',#2360);
#1817=CIRCLE('',#2361,0.25);
#1818=CIRCLE('',#2362,0.25);
#1819=LINE('',#2363,#2364);
#1820=VERTEX_POINT('',#2365);
#1821=LINE('',#2366,#2367);
#1822=CIRCLE('',#2368,0.25);
#1823=LINE('',#2369,#2370);
#1824=VERTEX_POINT('',#2371);
#1825=LINE('',#2372,#2373);
#1826=CIRCLE('',#2374,0.25);
#1827=VERTEX_POINT('',#2375);
#1828=LINE('',#2376,#2377);
#1829=CIRCLE('',#2378,0.15);
#1830=CIRCLE('',#2379,0.15);
#1831=CIRCLE('',#2380,0.25);
#1832=CIRCLE('',#2381,0.25);
#1833=VERTEX_POINT('',#2382);
#1834=CIRCLE('',#2383,0.15);
#1835=LINE('',#2384,#2385);
#1836=CIRCLE('',#2386,0.15);
#1837=LINE('',#2387,#2388);
#1838=LINE('',#2389,#2390);
#1839=VERTEX_POINT('',#2391);
#1840=VERTEX_POINT('',#2392);
#1841=CIRCLE('',#2393,0.25);
#1842=CIRCLE('',#2394,0.25);
#1843=LINE('',#2395,#2396);
#1844=VERTEX_POINT('',#2397);
#1845=LINE('',#2398,#2399);
#1846=CIRCLE('',#2400,0.25);
#1847=LINE('',#2401,#2402);
#1848=VERTEX_POINT('',#2403);
#1849=LINE('',#2404,#2405);
#1850=CIRCLE('',#2406,0.25);
#1851=VERTEX_POINT('',#2407);
#1852=LINE('',#2408,#2409);
#1853=CIRCLE('',#2410,0.15);
#1854=CIRCLE('',#2411,0.15);
#1855=CIRCLE('',#2412,0.25);
#1856=CIRCLE('',#2413,0.25);
#1857=VERTEX_POINT('',#2414);
#1858=CIRCLE('',#2415,0.15);
#1859=LINE('',#2416,#2417);
#1860=CIRCLE('',#2418,0.15);
#1861=LINE('',#2419,#2420);
#1862=VERTEX_POINT('',#2421);
#1863=LINE('',#2422,#2423);
#1864=CIRCLE('',#2424,0.25);
#1865=LINE('',#2425,#2426);
#1866=VERTEX_POINT('',#2427);
#1867=LINE('',#2428,#2429);
#1868=CIRCLE('',#2430,0.25);
#1869=VERTEX_POINT('',#2431);
#1870=LINE('',#2432,#2433);
#1871=CIRCLE('',#2434,0.15);
#1872=CIRCLE('',#2435,0.15);
#1873=CIRCLE('',#2436,0.25);
#1874=CIRCLE('',#2437,0.25);
#1875=VERTEX_POINT('',#2438);
#1876=CIRCLE('',#2439,0.15);
#1877=LINE('',#2440,#2441);
#1878=CIRCLE('',#2442,0.15);
#1879=CARTESIAN_POINT('',(1.5,1.35,-7.2));
#1880=CARTESIAN_POINT('',(1.5,1.25,-6.9));
#1881=CARTESIAN_POINT('',(1.5,1.300000000068,-7.050000000204));
#1882=VECTOR('',#2443,1.0);
#1883=CARTESIAN_POINT('',(1.65,1.5,-7.2));
#1884=AXIS2_PLACEMENT_3D('',#2444,#2445,#2446);
#1885=CARTESIAN_POINT('',(1.75,1.5,-6.9));
#1886=CARTESIAN_POINT('',(1.649999999917,1.500000002155,-7.200000000249));
#1887=VECTOR('',#2447,0.3162277659512);
#1888=AXIS2_PLACEMENT_3D('',#2448,#2449,#2450);
#1889=CARTESIAN_POINT('',(1.5,1.75,-6.9));
#1890=CARTESIAN_POINT('',(1.5,1.65,-7.2));
#1891=CARTESIAN_POINT('',(1.5,1.699999999932,-7.050000000204));
#1892=VECTOR('',#2451,1.0);
#1893=AXIS2_PLACEMENT_3D('',#2452,#2453,#2454);
#1894=AXIS2_PLACEMENT_3D('',#2455,#2456,#2457);
#1895=CARTESIAN_POINT('',(1.5,1.75,-0.55));
#1896=CARTESIAN_POINT('',(1.5,1.65,-0.25));
#1897=CARTESIAN_POINT('',(1.5,1.699999999932,-0.3999999997959));
#1898=VECTOR('',#2458,1.0);
#1899=CARTESIAN_POINT('',(1.25,1.5,-0.55));
#1900=AXIS2_PLACEMENT_3D('',#2459,#2460,#2461);
#1901=CARTESIAN_POINT('',(1.35,1.5,-0.25));
#1902=CARTESIAN_POINT('',(1.350000000083,1.499999997845,-0.2499999997508));
#1903=VECTOR('',#2462,0.3162277659512);
#1904=AXIS2_PLACEMENT_3D('',#2463,#2464,#2465);
#1905=CARTESIAN_POINT('',(1.5,1.35,-0.25));
#1906=CARTESIAN_POINT('',(1.5,1.25,-0.55));
#1907=CARTESIAN_POINT('',(1.5,1.300000000068,-0.3999999997959));
#1908=VECTOR('',#2466,1.0);
#1909=AXIS2_PLACEMENT_3D('',#2467,#2468,#2469);
#1910=AXIS2_PLACEMENT_3D('',#2470,#2471,#2472);
#1911=CARTESIAN_POINT('',(1.83690953073357E-17,1.35,-7.2));
#1912=CARTESIAN_POINT('',(3.06151588455594E-17,1.25,-6.9));
#1913=CARTESIAN_POINT('',(2.44921270681202E-17,1.300000000068,-7.050000000204));
#1914=VECTOR('',#2473,1.0);
#1915=CARTESIAN_POINT('',(0.15,1.5,-7.2));
#1916=AXIS2_PLACEMENT_3D('',#2474,#2475,#2476);
#1917=CARTESIAN_POINT('',(0.25,1.5,-6.9));
#1918=CARTESIAN_POINT('',(0.1499999999169,1.500000002155,-7.200000000249));
#1919=VECTOR('',#2477,0.3162277659512);
#1920=AXIS2_PLACEMENT_3D('',#2478,#2479,#2480);
#1921=CARTESIAN_POINT('',(-3.06151588455594E-17,1.75,-6.9));
#1922=CARTESIAN_POINT('',(-1.83690953073357E-17,1.65,-7.2));
#1923=CARTESIAN_POINT('',(-2.44921270681202E-17,1.699999999932,-7.050000000204));
#1924=VECTOR('',#2481,1.0);
#1925=AXIS2_PLACEMENT_3D('',#2482,#2483,#2484);
#1926=AXIS2_PLACEMENT_3D('',#2485,#2486,#2487);
#1927=CARTESIAN_POINT('',(3.06151588455594E-17,1.75,-0.55));
#1928=CARTESIAN_POINT('',(1.83690953073357E-17,1.65,-0.25));
#1929=CARTESIAN_POINT('',(2.44921270681202E-17,1.699999999932,-0.3999999997959));
#1930=VECTOR('',#2488,1.0);
#1931=CARTESIAN_POINT('',(-0.25,1.5,-0.55));
#1932=AXIS2_PLACEMENT_3D('',#2489,#2490,#2491);
#1933=CARTESIAN_POINT('',(-0.15,1.5,-0.25));
#1934=CARTESIAN_POINT('',(-0.1499999999169,1.499999997845,-0.2499999997508));
#1935=VECTOR('',#2492,0.3162277659512);
#1936=AXIS2_PLACEMENT_3D('',#2493,#2494,#2495);
#1937=CARTESIAN_POINT('',(-1.83690953073357E-17,1.35,-0.25));
#1938=CARTESIAN_POINT('',(-3.06151588455594E-17,1.25,-0.55));
#1939=CARTESIAN_POINT('',(-2.44921270681202E-17,1.300000000068,-0.3999999997959));
#1940=VECTOR('',#2496,1.0);
#1941=AXIS2_PLACEMENT_3D('',#2497,#2498,#2499);
#1942=AXIS2_PLACEMENT_3D('',#2500,#2501,#2502);
#1943=CARTESIAN_POINT('',(-1.5,1.35,-7.2));
#1944=CARTESIAN_POINT('',(-1.5,1.25,-6.9));
#1945=CARTESIAN_POINT('',(-1.5,1.300000000068,-7.050000000204));
#1946=VECTOR('',#2503,1.0);
#1947=CARTESIAN_POINT('',(-1.35,1.5,-7.2));
#1948=AXIS2_PLACEMENT_3D('',#2504,#2505,#2506);
#1949=CARTESIAN_POINT('',(-1.25,1.5,-6.9));
#1950=CARTESIAN_POINT('',(-1.350000000083,1.500000002155,-7.200000000249));
#1951=VECTOR('',#2507,0.3162277659512);
#1952=AXIS2_PLACEMENT_3D('',#2508,#2509,#2510);
#1953=CARTESIAN_POINT('',(-1.5,1.75,-6.9));
#1954=CARTESIAN_POINT('',(-1.5,1.65,-7.2));
#1955=CARTESIAN_POINT('',(-1.5,1.699999999932,-7.050000000204));
#1956=VECTOR('',#2511,1.0);
#1957=AXIS2_PLACEMENT_3D('',#2512,#2513,#2514);
#1958=AXIS2_PLACEMENT_3D('',#2515,#2516,#2517);
#1959=CARTESIAN_POINT('',(-1.5,1.75,-0.55));
#1960=CARTESIAN_POINT('',(-1.5,1.65,-0.25));
#1961=CARTESIAN_POINT('',(-1.5,1.699999999932,-0.3999999997959));
#1962=VECTOR('',#2518,1.0);
#1963=CARTESIAN_POINT('',(-1.75,1.5,-0.55));
#1964=AXIS2_PLACEMENT_3D('',#2519,#2520,#2521);
#1965=CARTESIAN_POINT('',(-1.65,1.5,-0.25));
#1966=CARTESIAN_POINT('',(-1.649999999917,1.499999997845,-0.2499999997508));
#1967=VECTOR('',#2522,0.3162277659512);
#1968=AXIS2_PLACEMENT_3D('',#2523,#2524,#2525);
#1969=CARTESIAN_POINT('',(-1.5,1.35,-0.25));
#1970=CARTESIAN_POINT('',(-1.5,1.25,-0.55));
#1971=CARTESIAN_POINT('',(-1.5,1.300000000068,-0.3999999997959));
#1972=VECTOR('',#2526,1.0);
#1973=AXIS2_PLACEMENT_3D('',#2527,#2528,#2529);
#1974=AXIS2_PLACEMENT_3D('',#2530,#2531,#2532);
#1975=CARTESIAN_POINT('',(-3.0,0.3,-4.0));
#1976=CARTESIAN_POINT('',(-3.0,0.3,-3.7));
#1977=CARTESIAN_POINT('',(-3.0,0.3,-4.0));
#1978=VECTOR('',#2533,0.3);
#1979=CARTESIAN_POINT('',(-3.0,0.0,-3.7));
#1980=CARTESIAN_POINT('',(-3.0,0.0,-3.7));
#1981=VECTOR('',#2534,0.3);
#1982=CARTESIAN_POINT('',(-3.0,0.0,0.0));
#1983=CARTESIAN_POINT('',(-3.0,0.0,0.0));
#1984=VECTOR('',#2535,3.7);
#1985=CARTESIAN_POINT('',(-3.0,0.9,0.0));
#1986=CARTESIAN_POINT('',(-3.0,0.9,0.0));
#1987=VECTOR('',#2536,0.9);
#1988=CARTESIAN_POINT('',(-3.0,0.9,-2.3));
#1989=CARTESIAN_POINT('',(-3.0,0.9,-2.3));
#1990=VECTOR('',#2537,2.3);
#1991=CARTESIAN_POINT('',(-3.0,1.9,-2.3));
#1992=CARTESIAN_POINT('',(-3.0,1.9,-2.3));
#1993=VECTOR('',#2538,1.0);
#1994=CARTESIAN_POINT('',(-3.0,1.9,0.0));
#1995=CARTESIAN_POINT('',(-3.0,1.9,0.0));
#1996=VECTOR('',#2539,2.3);
#1997=CARTESIAN_POINT('',(-3.0,3.7,0.0));
#1998=CARTESIAN_POINT('',(-3.0,3.7,0.0));
#1999=VECTOR('',#2540,1.8);
#2000=CARTESIAN_POINT('',(-3.0,3.7,-4.5));
#2001=CARTESIAN_POINT('',(-3.0,3.7,-4.5));
#2002=VECTOR('',#2541,4.5);
#2003=CARTESIAN_POINT('',(-3.0,0.0,-4.5));
#2004=CARTESIAN_POINT('',(-3.0,0.0,-4.5));
#2005=VECTOR('',#2542,3.7);
#2006=CARTESIAN_POINT('',(-3.0,0.0,-4.0));
#2007=CARTESIAN_POINT('',(-3.0,0.0,-4.0));
#2008=VECTOR('',#2543,0.5);
#2009=CARTESIAN_POINT('',(-3.0,0.0,-4.0));
#2010=VECTOR('',#2544,0.3);
#2011=CARTESIAN_POINT('',(3.0,0.0,-4.0));
#2012=CARTESIAN_POINT('',(-3.0,0.0,-4.0));
#2013=VECTOR('',#2545,6.0);
#2014=CARTESIAN_POINT('',(3.0,0.3,-4.0));
#2015=CARTESIAN_POINT('',(3.0,0.0,-4.0));
#2016=VECTOR('',#2546,0.3);
#2017=CARTESIAN_POINT('',(3.0,0.3,-4.0));
#2018=VECTOR('',#2547,6.0);
#2019=CARTESIAN_POINT('',(3.0,0.3,-3.7));
#2020=CARTESIAN_POINT('',(3.0,0.3,-4.0));
#2021=VECTOR('',#2548,0.3);
#2022=CARTESIAN_POINT('',(3.0,0.3,-3.7));
#2023=VECTOR('',#2549,6.0);
#2024=CARTESIAN_POINT('',(3.0,0.0,-3.7));
#2025=CARTESIAN_POINT('',(3.0,0.0,-3.7));
#2026=VECTOR('',#2550,0.3);
#2027=CARTESIAN_POINT('',(-3.0,0.0,-3.7));
#2028=VECTOR('',#2551,6.0);
#2029=CARTESIAN_POINT('',(-1.975,0.0,-4.5));
#2030=CARTESIAN_POINT('',(-3.0,0.0,-4.5));
#2031=VECTOR('',#2552,1.025);
#2032=CARTESIAN_POINT('',(-1.975,0.0,-4.35));
#2033=CARTESIAN_POINT('',(-1.975,0.0,-4.5));
#2034=VECTOR('',#2553,0.15);
#2035=CARTESIAN_POINT('',(-1.025,0.0,-4.35));
#2036=CARTESIAN_POINT('',(-1.025,0.0,-4.35));
#2037=VECTOR('',#2554,0.95);
#2038=CARTESIAN_POINT('',(-1.025,0.0,-4.5));
#2039=CARTESIAN_POINT('',(-1.025,0.0,-4.5));
#2040=VECTOR('',#2555,0.15);
#2041=CARTESIAN_POINT('',(-0.475,0.0,-4.5));
#2042=CARTESIAN_POINT('',(-1.025,0.0,-4.5));
#2043=VECTOR('',#2556,0.55);
#2044=CARTESIAN_POINT('',(-0.475,0.0,-4.35));
#2045=CARTESIAN_POINT('',(-0.475,0.0,-4.5));
#2046=VECTOR('',#2557,0.15);
#2047=CARTESIAN_POINT('',(0.475,0.0,-4.35));
#2048=CARTESIAN_POINT('',(0.475,0.0,-4.35));
#2049=VECTOR('',#2558,0.95);
#2050=CARTESIAN_POINT('',(0.475,0.0,-4.5));
#2051=CARTESIAN_POINT('',(0.475,0.0,-4.5));
#2052=VECTOR('',#2559,0.15);
#2053=CARTESIAN_POINT('',(1.025,0.0,-4.5));
#2054=CARTESIAN_POINT('',(0.475,0.0,-4.5));
#2055=VECTOR('',#2560,0.55);
#2056=CARTESIAN_POINT('',(1.025,0.0,-4.35));
#2057=CARTESIAN_POINT('',(1.025,0.0,-4.5));
#2058=VECTOR('',#2561,0.15);
#2059=CARTESIAN_POINT('',(1.975,0.0,-4.35));
#2060=CARTESIAN_POINT('',(1.975,0.0,-4.35));
#2061=VECTOR('',#2562,0.95);
#2062=CARTESIAN_POINT('',(1.975,0.0,-4.5));
#2063=CARTESIAN_POINT('',(1.975,0.0,-4.5));
#2064=VECTOR('',#2563,0.15);
#2065=CARTESIAN_POINT('',(3.0,0.0,-4.5));
#2066=CARTESIAN_POINT('',(1.975,0.0,-4.5));
#2067=VECTOR('',#2564,1.025);
#2068=CARTESIAN_POINT('',(3.0,0.0,-4.0));
#2069=VECTOR('',#2565,0.5);
#2070=CARTESIAN_POINT('',(3.0,0.0,0.0));
#2071=CARTESIAN_POINT('',(3.0,0.0,0.0));
#2072=VECTOR('',#2566,3.7);
#2073=CARTESIAN_POINT('',(-3.0,0.0,0.0));
#2074=VECTOR('',#2567,6.0);
#2075=CARTESIAN_POINT('',(-2.5,0.0,-2.9));
#2076=CARTESIAN_POINT('',(-1.8,0.0,-2.9));
#2077=CARTESIAN_POINT('',(-2.5,0.0,-2.9));
#2078=VECTOR('',#2568,0.7);
#2079=CARTESIAN_POINT('',(-2.5,0.0,-1.698818597561));
#2080=CARTESIAN_POINT('',(-2.5,0.0,-2.9));
#2081=VECTOR('',#2569,1.201181402439);
#2082=CARTESIAN_POINT('',(-1.8,0.0,-1.698818597561));
#2083=CARTESIAN_POINT('',(-1.8,0.0,-1.698818597561));
#2084=VECTOR('',#2570,0.7);
#2085=CARTESIAN_POINT('',(-1.8,0.0,-2.9));
#2086=VECTOR('',#2571,1.201181402439);
#2087=CARTESIAN_POINT('',(1.8,0.0,-2.9));
#2088=CARTESIAN_POINT('',(2.5,0.0,-2.9));
#2089=CARTESIAN_POINT('',(1.8,0.0,-2.9));
#2090=VECTOR('',#2572,0.7);
#2091=CARTESIAN_POINT('',(1.8,0.0,-1.698818597561));
#2092=CARTESIAN_POINT('',(1.8,0.0,-2.9));
#2093=VECTOR('',#2573,1.201181402439);
#2094=CARTESIAN_POINT('',(2.5,0.0,-1.698818597561));
#2095=CARTESIAN_POINT('',(2.5,0.0,-1.698818597561));
#2096=VECTOR('',#2574,0.7);
#2097=CARTESIAN_POINT('',(2.5,0.0,-2.9));
#2098=VECTOR('',#2575,1.201181402439);
#2099=CARTESIAN_POINT('',(-1.8,0.55,-2.9));
#2100=CARTESIAN_POINT('',(-1.8,0.0,-2.9));
#2101=VECTOR('',#2576,0.55);
#2102=CARTESIAN_POINT('',(-1.8,0.55,-1.698818597561));
#2103=CARTESIAN_POINT('',(-1.8,0.0,-1.698818597561));
#2104=VECTOR('',#2577,0.55);
#2105=CARTESIAN_POINT('',(-1.8,0.55,-2.9));
#2106=VECTOR('',#2578,1.201181402439);
#2107=CARTESIAN_POINT('',(-2.5,0.55,-1.698818597561));
#2108=CARTESIAN_POINT('',(-1.8,0.55,-1.698818597561));
#2109=VECTOR('',#2579,0.7);
#2110=CARTESIAN_POINT('',(-2.5,0.55,-2.9));
#2111=CARTESIAN_POINT('',(-2.5,0.55,-2.9));
#2112=VECTOR('',#2580,1.201181402439);
#2113=CARTESIAN_POINT('',(-2.6,0.55,-2.9));
#2114=CARTESIAN_POINT('',(-2.6,0.55,-2.9));
#2115=VECTOR('',#2581,0.1);
#2116=CARTESIAN_POINT('',(-2.6,0.55,-0.25));
#2117=CARTESIAN_POINT('',(-2.6,0.55,-0.25));
#2118=VECTOR('',#2582,2.65);
#2119=CARTESIAN_POINT('',(2.6,0.55,-0.25));
#2120=CARTESIAN_POINT('',(2.6,0.55,-0.25));
#2121=VECTOR('',#2583,5.2);
#2122=CARTESIAN_POINT('',(2.6,0.55,-2.9));
#2123=CARTESIAN_POINT('',(2.6,0.55,-0.25));
#2124=VECTOR('',#2584,2.65);
#2125=CARTESIAN_POINT('',(2.5,0.55,-2.9));
#2126=CARTESIAN_POINT('',(2.5,0.55,-2.9));
#2127=VECTOR('',#2585,0.1);
#2128=CARTESIAN_POINT('',(2.5,0.55,-1.698818597561));
#2129=CARTESIAN_POINT('',(2.5,0.55,-2.9));
#2130=VECTOR('',#2586,1.201181402439);
#2131=CARTESIAN_POINT('',(1.8,0.55,-1.698818597561));
#2132=CARTESIAN_POINT('',(2.5,0.55,-1.698818597561));
#2133=VECTOR('',#2587,0.7);
#2134=CARTESIAN_POINT('',(1.8,0.55,-2.9));
#2135=CARTESIAN_POINT('',(1.8,0.55,-2.9));
#2136=VECTOR('',#2588,1.201181402439);
#2137=CARTESIAN_POINT('',(-1.8,0.55,-2.9));
#2138=VECTOR('',#2589,3.6);
#2139=CARTESIAN_POINT('',(2.6,1.95,-2.9));
#2140=CARTESIAN_POINT('',(2.6,0.55,-2.9));
#2141=VECTOR('',#2590,1.4);
#2142=CARTESIAN_POINT('',(-2.6,1.95,-2.9));
#2143=CARTESIAN_POINT('',(2.6,1.95,-2.9));
#2144=VECTOR('',#2591,5.2);
#2145=CARTESIAN_POINT('',(-2.6,0.55,-2.9));
#2146=VECTOR('',#2592,1.4);
#2147=CARTESIAN_POINT('',(-2.5,0.0,-2.9));
#2148=VECTOR('',#2593,0.55);
#2149=CARTESIAN_POINT('',(1.8,0.0,-2.9));
#2150=VECTOR('',#2594,0.55);
#2151=CARTESIAN_POINT('',(2.5,0.0,-2.9));
#2152=VECTOR('',#2595,0.55);
#2153=CARTESIAN_POINT('',(-1.75,1.5,-2.9));
#2154=CARTESIAN_POINT('',(-1.25,1.5,-2.9));
#2155=AXIS2_PLACEMENT_3D('',#2596,#2597,#2598);
#2156=AXIS2_PLACEMENT_3D('',#2599,#2600,#2601);
#2157=CARTESIAN_POINT('',(-0.25,1.5,-2.9));
#2158=CARTESIAN_POINT('',(0.25,1.5,-2.9));
#2159=AXIS2_PLACEMENT_3D('',#2602,#2603,#2604);
#2160=AXIS2_PLACEMENT_3D('',#2605,#2606,#2607);
#2161=CARTESIAN_POINT('',(1.25,1.5,-2.9));
#2162=CARTESIAN_POINT('',(1.75,1.5,-2.9));
#2163=AXIS2_PLACEMENT_3D('',#2608,#2609,#2610);
#2164=AXIS2_PLACEMENT_3D('',#2611,#2612,#2613);
#2165=CARTESIAN_POINT('',(2.5,0.0,-1.698818597561));
#2166=VECTOR('',#2614,0.55);
#2167=CARTESIAN_POINT('',(1.8,0.0,-1.698818597561));
#2168=VECTOR('',#2615,0.55);
#2169=CARTESIAN_POINT('',(-2.5,0.0,-1.698818597561));
#2170=VECTOR('',#2616,0.55);
#2171=CARTESIAN_POINT('',(-2.6,3.3,-0.25));
#2172=CARTESIAN_POINT('',(-2.6,3.3,-3.5));
#2173=CARTESIAN_POINT('',(-2.6,3.3,-0.25));
#2174=VECTOR('',#2617,3.25);
#2175=CARTESIAN_POINT('',(-2.6,1.9,-0.25));
#2176=CARTESIAN_POINT('',(-2.6,3.3,-0.25));
#2177=VECTOR('',#2618,1.4);
#2178=CARTESIAN_POINT('',(-2.6,1.9,-2.3));
#2179=CARTESIAN_POINT('',(-2.6,1.9,-0.25));
#2180=VECTOR('',#2619,2.05);
#2181=CARTESIAN_POINT('',(-2.6,0.9,-2.3));
#2182=CARTESIAN_POINT('',(-2.6,1.9,-2.3));
#2183=VECTOR('',#2620,1.0);
#2184=CARTESIAN_POINT('',(-2.6,0.9,-0.25));
#2185=CARTESIAN_POINT('',(-2.6,0.9,-2.3));
#2186=VECTOR('',#2621,2.05);
#2187=CARTESIAN_POINT('',(-2.6,0.9,-0.25));
#2188=VECTOR('',#2622,0.35);
#2189=CARTESIAN_POINT('',(-2.6,2.3,-3.5));
#2190=CARTESIAN_POINT('',(-2.6,1.95,-2.9));
#2191=VECTOR('',#2623,0.6946221994725);
#2192=CARTESIAN_POINT('',(-2.6,3.3,-3.5));
#2193=VECTOR('',#2624,1.0);
#2194=CARTESIAN_POINT('',(2.6,2.3,-3.5));
#2195=CARTESIAN_POINT('',(2.6,2.3,-3.5));
#2196=VECTOR('',#2625,5.2);
#2197=CARTESIAN_POINT('',(2.6,3.3,-3.5));
#2198=CARTESIAN_POINT('',(2.6,2.3,-3.5));
#2199=VECTOR('',#2626,1.0);
#2200=CARTESIAN_POINT('',(2.6,3.3,-3.5));
#2201=VECTOR('',#2627,5.2);
#2202=CARTESIAN_POINT('',(2.6,3.3,-0.25));
#2203=CARTESIAN_POINT('',(2.6,3.3,-0.25));
#2204=VECTOR('',#2628,3.25);
#2205=CARTESIAN_POINT('',(-2.6,3.3,-0.25));
#2206=VECTOR('',#2629,5.2);
#2207=CARTESIAN_POINT('',(-2.85,3.45,0.0));
#2208=CARTESIAN_POINT('',(-2.85,3.45,0.0));
#2209=VECTOR('',#2630,0.3840572873934);
#2210=CARTESIAN_POINT('',(2.85,3.45,0.0));
#2211=CARTESIAN_POINT('',(2.6,3.3,-0.25));
#2212=VECTOR('',#2631,0.3840572873934);
#2213=CARTESIAN_POINT('',(-2.85,3.45,0.0));
#2214=VECTOR('',#2632,5.7);
#2215=CARTESIAN_POINT('',(2.85,1.9,0.0));
#2216=CARTESIAN_POINT('',(2.85,1.9,0.0));
#2217=VECTOR('',#2633,1.55);
#2218=CARTESIAN_POINT('',(3.0,1.9,0.0));
#2219=CARTESIAN_POINT('',(2.85,1.9,0.0));
#2220=VECTOR('',#2634,0.15);
#2221=CARTESIAN_POINT('',(3.0,3.7,0.0));
#2222=CARTESIAN_POINT('',(3.0,3.7,0.0));
#2223=VECTOR('',#2635,1.8);
#2224=CARTESIAN_POINT('',(-3.0,3.7,0.0));
#2225=VECTOR('',#2636,6.0);
#2226=CARTESIAN_POINT('',(-2.85,1.9,0.0));
#2227=CARTESIAN_POINT('',(-3.0,1.9,0.0));
#2228=VECTOR('',#2637,0.15);
#2229=CARTESIAN_POINT('',(-2.85,3.45,0.0));
#2230=VECTOR('',#2638,1.55);
#2231=CARTESIAN_POINT('',(-2.6,1.9,-0.25));
#2232=VECTOR('',#2639,0.3535533905933);
#2233=CARTESIAN_POINT('',(-3.0,1.9,-2.3));
#2234=VECTOR('',#2640,0.4);
#2235=CARTESIAN_POINT('',(2.6,1.9,-0.25));
#2236=CARTESIAN_POINT('',(2.6,1.9,-2.3));
#2237=CARTESIAN_POINT('',(2.6,1.9,-0.25));
#2238=VECTOR('',#2641,2.05);
#2239=CARTESIAN_POINT('',(3.0,1.9,-2.3));
#2240=CARTESIAN_POINT('',(2.6,1.9,-2.3));
#2241=VECTOR('',#2642,0.4);
#2242=CARTESIAN_POINT('',(3.0,1.9,0.0));
#2243=VECTOR('',#2643,2.3);
#2244=CARTESIAN_POINT('',(2.85,1.9,0.0));
#2245=VECTOR('',#2644,0.3535533905933);
#2246=CARTESIAN_POINT('',(-3.0,0.9,-2.3));
#2247=VECTOR('',#2645,0.4);
#2248=CARTESIAN_POINT('',(2.6,0.9,-2.3));
#2249=CARTESIAN_POINT('',(3.0,0.9,-2.3));
#2250=CARTESIAN_POINT('',(2.6,0.9,-2.3));
#2251=VECTOR('',#2646,0.4);
#2252=CARTESIAN_POINT('',(3.0,1.9,-2.3));
#2253=VECTOR('',#2647,1.0);
#2254=CARTESIAN_POINT('',(2.6,1.9,-2.3));
#2255=VECTOR('',#2648,1.0);
#2256=CARTESIAN_POINT('',(-2.85,0.9,0.0));
#2257=CARTESIAN_POINT('',(-3.0,0.9,0.0));
#2258=VECTOR('',#2649,0.15);
#2259=CARTESIAN_POINT('',(-2.85,0.9,0.0));
#2260=VECTOR('',#2650,0.3535533905933);
#2261=CARTESIAN_POINT('',(2.85,0.9,0.0));
#2262=CARTESIAN_POINT('',(3.0,0.9,0.0));
#2263=CARTESIAN_POINT('',(2.85,0.9,0.0));
#2264=VECTOR('',#2651,0.15);
#2265=CARTESIAN_POINT('',(3.0,0.9,-2.3));
#2266=VECTOR('',#2652,2.3);
#2267=CARTESIAN_POINT('',(2.6,0.9,-0.25));
#2268=CARTESIAN_POINT('',(2.6,0.9,-2.3));
#2269=VECTOR('',#2653,2.05);
#2270=CARTESIAN_POINT('',(2.6,0.9,-0.25));
#2271=VECTOR('',#2654,0.3535533905933);
#2272=CARTESIAN_POINT('',(-2.85,0.4,0.0));
#2273=CARTESIAN_POINT('',(-2.6,0.55,-0.25));
#2274=VECTOR('',#2655,0.3840572873934);
#2275=CARTESIAN_POINT('',(-2.85,0.9,0.0));
#2276=VECTOR('',#2656,0.5);
#2277=CARTESIAN_POINT('',(3.0,0.9,0.0));
#2278=VECTOR('',#2657,0.9);
#2279=CARTESIAN_POINT('',(2.85,0.4,0.0));
#2280=CARTESIAN_POINT('',(2.85,0.4,0.0));
#2281=VECTOR('',#2658,0.5);
#2282=CARTESIAN_POINT('',(2.85,0.4,0.0));
#2283=VECTOR('',#2659,5.7);
#2284=CARTESIAN_POINT('',(2.85,0.4,0.0));
#2285=VECTOR('',#2660,0.3840572873934);
#2286=CARTESIAN_POINT('',(2.6,0.55,-0.25));
#2287=VECTOR('',#2661,0.35);
#2288=CARTESIAN_POINT('',(2.6,1.9,-0.25));
#2289=VECTOR('',#2662,1.4);
#2290=CARTESIAN_POINT('',(2.6,2.3,-3.5));
#2291=VECTOR('',#2663,0.6946221994725);
#2292=CARTESIAN_POINT('',(3.0,3.7,-4.5));
#2293=CARTESIAN_POINT('',(3.0,0.0,-4.5));
#2294=VECTOR('',#2664,3.7);
#2295=CARTESIAN_POINT('',(3.0,3.7,-4.5));
#2296=VECTOR('',#2665,4.5);
#2297=CARTESIAN_POINT('',(1.975,3.7,-4.35));
#2298=CARTESIAN_POINT('',(1.025,3.7,-4.35));
#2299=CARTESIAN_POINT('',(1.975,3.7,-4.35));
#2300=VECTOR('',#2666,0.95);
#2301=CARTESIAN_POINT('',(1.025,3.7,-4.5));
#2302=CARTESIAN_POINT('',(1.025,3.7,-4.5));
#2303=VECTOR('',#2667,0.15);
#2304=CARTESIAN_POINT('',(0.475,3.7,-4.5));
#2305=CARTESIAN_POINT('',(0.475,3.7,-4.5));
#2306=VECTOR('',#2668,0.55);
#2307=CARTESIAN_POINT('',(0.475,3.7,-4.35));
#2308=CARTESIAN_POINT('',(0.475,3.7,-4.5));
#2309=VECTOR('',#2669,0.15);
#2310=CARTESIAN_POINT('',(-0.475,3.7,-4.35));
#2311=CARTESIAN_POINT('',(0.475,3.7,-4.35));
#2312=VECTOR('',#2670,0.95);
#2313=CARTESIAN_POINT('',(-0.475,3.7,-4.5));
#2314=CARTESIAN_POINT('',(-0.475,3.7,-4.5));
#2315=VECTOR('',#2671,0.15);
#2316=CARTESIAN_POINT('',(-1.025,3.7,-4.5));
#2317=CARTESIAN_POINT('',(-1.025,3.7,-4.5));
#2318=VECTOR('',#2672,0.55);
#2319=CARTESIAN_POINT('',(-1.025,3.7,-4.35));
#2320=CARTESIAN_POINT('',(-1.025,3.7,-4.5));
#2321=VECTOR('',#2673,0.15);
#2322=CARTESIAN_POINT('',(-1.975,3.7,-4.35));
#2323=CARTESIAN_POINT('',(-1.025,3.7,-4.35));
#2324=VECTOR('',#2674,0.95);
#2325=CARTESIAN_POINT('',(-1.975,3.7,-4.5));
#2326=CARTESIAN_POINT('',(-1.975,3.7,-4.5));
#2327=VECTOR('',#2675,0.15);
#2328=CARTESIAN_POINT('',(-3.0,3.7,-4.5));
#2329=VECTOR('',#2676,1.025);
#2330=CARTESIAN_POINT('',(1.975,3.7,-4.5));
#2331=CARTESIAN_POINT('',(1.975,3.7,-4.5));
#2332=VECTOR('',#2677,1.025);
#2333=CARTESIAN_POINT('',(1.975,3.7,-4.5));
#2334=VECTOR('',#2678,0.15);
#2335=CARTESIAN_POINT('',(1.975,0.0,-4.5));
#2336=VECTOR('',#2679,3.7);
#2337=CARTESIAN_POINT('',(1.975,0.0,-4.35));
#2338=VECTOR('',#2680,3.7);
#2339=CARTESIAN_POINT('',(1.025,0.0,-4.35));
#2340=VECTOR('',#2681,3.7);
#2341=CARTESIAN_POINT('',(1.25,1.5,-4.35));
#2342=CARTESIAN_POINT('',(1.75,1.5,-4.35));
#2343=AXIS2_PLACEMENT_3D('',#2682,#2683,#2684);
#2344=AXIS2_PLACEMENT_3D('',#2685,#2686,#2687);
#2345=CARTESIAN_POINT('',(1.025,0.0,-4.5));
#2346=VECTOR('',#2688,3.7);
#2347=CARTESIAN_POINT('',(-1.975,0.0,-4.5));
#2348=VECTOR('',#2689,3.7);
#2349=CARTESIAN_POINT('',(-1.025,0.0,-4.5));
#2350=VECTOR('',#2690,3.7);
#2351=CARTESIAN_POINT('',(-0.475,0.0,-4.5));
#2352=VECTOR('',#2691,3.7);
#2353=CARTESIAN_POINT('',(0.475,0.0,-4.5));
#2354=VECTOR('',#2692,3.7);
#2355=CARTESIAN_POINT('',(-1.975,0.0,-4.35));
#2356=VECTOR('',#2693,3.7);
#2357=CARTESIAN_POINT('',(-1.025,0.0,-4.35));
#2358=VECTOR('',#2694,3.7);
#2359=CARTESIAN_POINT('',(-1.75,1.5,-4.35));
#2360=CARTESIAN_POINT('',(-1.25,1.5,-4.35));
#2361=AXIS2_PLACEMENT_3D('',#2695,#2696,#2697);
#2362=AXIS2_PLACEMENT_3D('',#2698,#2699,#2700);
#2363=CARTESIAN_POINT('',(-1.75,1.5,-2.9));
#2364=VECTOR('',#2701,2.350000000312);
#2365=CARTESIAN_POINT('',(-1.25,1.5,-0.55));
#2366=CARTESIAN_POINT('',(-1.25,1.5,-2.9));
#2367=VECTOR('',#2702,2.350000000312);
#2368=AXIS2_PLACEMENT_3D('',#2703,#2704,#2705);
#2369=CARTESIAN_POINT('',(-1.250000000104,1.500000002694,-6.900000000312));
#2370=VECTOR('',#2706,2.550000000312);
#2371=CARTESIAN_POINT('',(-1.75,1.5,-6.9));
#2372=CARTESIAN_POINT('',(-1.749999999896,1.499999997306,-6.900000000312));
#2373=VECTOR('',#2707,2.550000000312);
#2374=AXIS2_PLACEMENT_3D('',#2708,#2709,#2710);
#2375=CARTESIAN_POINT('',(-1.35,1.5,-0.25));
#2376=CARTESIAN_POINT('',(-1.350000000083,1.500000002155,-0.2499999997508));
#2377=VECTOR('',#2711,0.3162277659512);
#2378=AXIS2_PLACEMENT_3D('',#2712,#2713,#2714);
#2379=AXIS2_PLACEMENT_3D('',#2715,#2716,#2717);
#2380=AXIS2_PLACEMENT_3D('',#2718,#2719,#2720);
#2381=AXIS2_PLACEMENT_3D('',#2721,#2722,#2723);
#2382=CARTESIAN_POINT('',(-1.65,1.5,-7.2));
#2383=AXIS2_PLACEMENT_3D('',#2724,#2725,#2726);
#2384=CARTESIAN_POINT('',(-1.649999999917,1.499999997845,-7.200000000249));
#2385=VECTOR('',#2727,0.3162277659512);
#2386=AXIS2_PLACEMENT_3D('',#2728,#2729,#2730);
#2387=CARTESIAN_POINT('',(-0.475,0.0,-4.35));
#2388=VECTOR('',#2731,3.7);
#2389=CARTESIAN_POINT('',(0.475,0.0,-4.35));
#2390=VECTOR('',#2732,3.7);
#2391=CARTESIAN_POINT('',(-0.25,1.5,-4.35));
#2392=CARTESIAN_POINT('',(0.25,1.5,-4.35));
#2393=AXIS2_PLACEMENT_3D('',#2733,#2734,#2735);
#2394=AXIS2_PLACEMENT_3D('',#2736,#2737,#2738);
#2395=CARTESIAN_POINT('',(-0.25,1.5,-2.9));
#2396=VECTOR('',#2739,2.350000000312);
#2397=CARTESIAN_POINT('',(0.25,1.5,-0.55));
#2398=CARTESIAN_POINT('',(0.25,1.5,-2.9));
#2399=VECTOR('',#2740,2.350000000312);
#2400=AXIS2_PLACEMENT_3D('',#2741,#2742,#2743);
#2401=CARTESIAN_POINT('',(0.2499999998962,1.500000002694,-6.900000000312));
#2402=VECTOR('',#2744,2.550000000312);
#2403=CARTESIAN_POINT('',(-0.25,1.5,-6.9));
#2404=CARTESIAN_POINT('',(-0.2499999998962,1.499999997306,-6.900000000312));
#2405=VECTOR('',#2745,2.550000000312);
#2406=AXIS2_PLACEMENT_3D('',#2746,#2747,#2748);
#2407=CARTESIAN_POINT('',(0.15,1.5,-0.25));
#2408=CARTESIAN_POINT('',(0.1499999999169,1.500000002155,-0.2499999997508));
#2409=VECTOR('',#2749,0.3162277659512);
#2410=AXIS2_PLACEMENT_3D('',#2750,#2751,#2752);
#2411=AXIS2_PLACEMENT_3D('',#2753,#2754,#2755);
#2412=AXIS2_PLACEMENT_3D('',#2756,#2757,#2758);
#2413=AXIS2_PLACEMENT_3D('',#2759,#2760,#2761);
#2414=CARTESIAN_POINT('',(-0.15,1.5,-7.2));
#2415=AXIS2_PLACEMENT_3D('',#2762,#2763,#2764);
#2416=CARTESIAN_POINT('',(-0.1499999999169,1.499999997845,-7.200000000249));
#2417=VECTOR('',#2765,0.3162277659512);
#2418=AXIS2_PLACEMENT_3D('',#2766,#2767,#2768);
#2419=CARTESIAN_POINT('',(1.25,1.5,-2.9));
#2420=VECTOR('',#2769,2.350000000312);
#2421=CARTESIAN_POINT('',(1.75,1.5,-0.55));
#2422=CARTESIAN_POINT('',(1.75,1.5,-2.9));
#2423=VECTOR('',#2770,2.350000000312);
#2424=AXIS2_PLACEMENT_3D('',#2771,#2772,#2773);
#2425=CARTESIAN_POINT('',(1.749999999896,1.500000002694,-6.900000000312));
#2426=VECTOR('',#2774,2.550000000312);
#2427=CARTESIAN_POINT('',(1.25,1.5,-6.9));
#2428=CARTESIAN_POINT('',(1.250000000104,1.499999997306,-6.900000000312));
#2429=VECTOR('',#2775,2.550000000312);
#2430=AXIS2_PLACEMENT_3D('',#2776,#2777,#2778);
#2431=CARTESIAN_POINT('',(1.65,1.5,-0.25));
#2432=CARTESIAN_POINT('',(1.649999999917,1.500000002155,-0.2499999997508));
#2433=VECTOR('',#2779,0.3162277659512);
#2434=AXIS2_PLACEMENT_3D('',#2780,#2781,#2782);
#2435=AXIS2_PLACEMENT_3D('',#2783,#2784,#2785);
#2436=AXIS2_PLACEMENT_3D('',#2786,#2787,#2788);
#2437=AXIS2_PLACEMENT_3D('',#2789,#2790,#2791);
#2438=CARTESIAN_POINT('',(1.35,1.5,-7.2));
#2439=AXIS2_PLACEMENT_3D('',#2792,#2793,#2794);
#2440=CARTESIAN_POINT('',(1.350000000083,1.499999997845,-7.200000000249));
#2441=VECTOR('',#2795,0.3162277659512);
#2442=AXIS2_PLACEMENT_3D('',#2796,#2797,#2798);
#2443=DIRECTION('',(-0.0,-0.316227766016747,0.948683298050544));
#2444=CARTESIAN_POINT('',(1.5,1.5,-7.2));
#2445=DIRECTION('',(0.0,0.0,-1.0));
#2446=DIRECTION('',(1.0,0.0,0.0));
#2447=DIRECTION('',(0.316227766016808,1.70403287816304E-09,0.948683298050524));
#2448=CARTESIAN_POINT('',(1.5,1.5,-6.9));
#2449=DIRECTION('',(0.0,0.0,-1.0));
#2450=DIRECTION('',(1.0,0.0,0.0));
#2451=DIRECTION('',(0.0,-0.316227766016747,-0.948683298050544));
#2452=CARTESIAN_POINT('',(1.5,1.5,-6.9));
#2453=DIRECTION('',(0.0,0.0,-1.0));
#2454=DIRECTION('',(-1.0,0.0,0.0));
#2455=CARTESIAN_POINT('',(1.5,1.5,-7.2));
#2456=DIRECTION('',(0.0,0.0,-1.0));
#2457=DIRECTION('',(-1.0,0.0,0.0));
#2458=DIRECTION('',(-0.0,-0.316227766016747,0.948683298050544));
#2459=CARTESIAN_POINT('',(1.5,1.5,-0.55));
#2460=DIRECTION('',(0.0,0.0,1.0));
#2461=DIRECTION('',(1.0,0.0,0.0));
#2462=DIRECTION('',(-0.316227766016808,-1.70403428249604E-09,-0.948683298050524));
#2463=CARTESIAN_POINT('',(1.5,1.5,-0.25));
#2464=DIRECTION('',(0.0,0.0,1.0));
#2465=DIRECTION('',(1.0,0.0,0.0));
#2466=DIRECTION('',(0.0,-0.316227766016747,-0.948683298050544));
#2467=CARTESIAN_POINT('',(1.5,1.5,-0.25));
#2468=DIRECTION('',(0.0,0.0,1.0));
#2469=DIRECTION('',(-1.0,0.0,0.0));
#2470=CARTESIAN_POINT('',(1.5,1.5,-0.55));
#2471=DIRECTION('',(0.0,0.0,1.0));
#2472=DIRECTION('',(-1.0,0.0,0.0));
#2473=DIRECTION('',(3.87254531519165E-17,-0.316227766016747,0.948683298050544));
#2474=CARTESIAN_POINT('',(0.0,1.5,-7.2));
#2475=DIRECTION('',(0.0,0.0,-1.0));
#2476=DIRECTION('',(1.0,0.0,0.0));
#2477=DIRECTION('',(0.316227766016808,1.70403358033004E-09,0.948683298050524));
#2478=CARTESIAN_POINT('',(0.0,1.5,-6.9));
#2479=DIRECTION('',(0.0,0.0,-1.0));
#2480=DIRECTION('',(1.0,0.0,0.0));
#2481=DIRECTION('',(3.87254531519165E-17,-0.316227766016747,-0.948683298050544));
#2482=CARTESIAN_POINT('',(0.0,1.5,-6.9));
#2483=DIRECTION('',(0.0,0.0,-1.0));
#2484=DIRECTION('',(-1.0,0.0,0.0));
#2485=CARTESIAN_POINT('',(0.0,1.5,-7.2));
#2486=DIRECTION('',(0.0,0.0,-1.0));
#2487=DIRECTION('',(-1.0,0.0,0.0));
#2488=DIRECTION('',(-3.87254531519165E-17,-0.316227766016747,0.948683298050544));
#2489=CARTESIAN_POINT('',(0.0,1.5,-0.55));
#2490=DIRECTION('',(0.0,0.0,1.0));
#2491=DIRECTION('',(1.0,0.0,0.0));
#2492=DIRECTION('',(-0.316227766016808,-1.70403428249604E-09,-0.948683298050524));
#2493=CARTESIAN_POINT('',(0.0,1.5,-0.25));
#2494=DIRECTION('',(0.0,0.0,1.0));
#2495=DIRECTION('',(1.0,0.0,0.0));
#2496=DIRECTION('',(-3.87254531519165E-17,-0.316227766016747,-0.948683298050544));
#2497=CARTESIAN_POINT('',(0.0,1.5,-0.25));
#2498=DIRECTION('',(0.0,0.0,1.0));
#2499=DIRECTION('',(-1.0,0.0,0.0));
#2500=CARTESIAN_POINT('',(0.0,1.5,-0.55));
#2501=DIRECTION('',(0.0,0.0,1.0));
#2502=DIRECTION('',(-1.0,0.0,0.0));
#2503=DIRECTION('',(-0.0,-0.316227766016747,0.948683298050544));
#2504=CARTESIAN_POINT('',(-1.5,1.5,-7.2));
#2505=DIRECTION('',(0.0,0.0,-1.0));
#2506=DIRECTION('',(1.0,0.0,0.0));
#2507=DIRECTION('',(0.316227766016808,1.70403287816304E-09,0.948683298050524));
#2508=CARTESIAN_POINT('',(-1.5,1.5,-6.9));
#2509=DIRECTION('',(0.0,0.0,-1.0));
#2510=DIRECTION('',(1.0,0.0,0.0));
#2511=DIRECTION('',(0.0,-0.316227766016747,-0.948683298050544));
#2512=CARTESIAN_POINT('',(-1.5,1.5,-6.9));
#2513=DIRECTION('',(0.0,0.0,-1.0));
#2514=DIRECTION('',(-1.0,0.0,0.0));
#2515=CARTESIAN_POINT('',(-1.5,1.5,-7.2));
#2516=DIRECTION('',(0.0,0.0,-1.0));
#2517=DIRECTION('',(-1.0,0.0,0.0));
#2518=DIRECTION('',(-0.0,-0.316227766016747,0.948683298050544));
#2519=CARTESIAN_POINT('',(-1.5,1.5,-0.55));
#2520=DIRECTION('',(0.0,0.0,1.0));
#2521=DIRECTION('',(1.0,0.0,0.0));
#2522=DIRECTION('',(-0.316227766016808,-1.70403428249604E-09,-0.948683298050524));
#2523=CARTESIAN_POINT('',(-1.5,1.5,-0.25));
#2524=DIRECTION('',(0.0,0.0,1.0));
#2525=DIRECTION('',(1.0,0.0,0.0));
#2526=DIRECTION('',(0.0,-0.316227766016747,-0.948683298050544));
#2527=CARTESIAN_POINT('',(-1.5,1.5,-0.25));
#2528=DIRECTION('',(0.0,0.0,1.0));
#2529=DIRECTION('',(-1.0,0.0,0.0));
#2530=CARTESIAN_POINT('',(-1.5,1.5,-0.55));
#2531=DIRECTION('',(0.0,0.0,1.0));
#2532=DIRECTION('',(-1.0,0.0,0.0));
#2533=DIRECTION('',(0.0,0.0,1.0));
#2534=DIRECTION('',(0.0,1.0,0.0));
#2535=DIRECTION('',(0.0,0.0,-1.0));
#2536=DIRECTION('',(0.0,-1.0,0.0));
#2537=DIRECTION('',(0.0,0.0,1.0));
#2538=DIRECTION('',(0.0,-1.0,0.0));
#2539=DIRECTION('',(0.0,0.0,-1.0));
#2540=DIRECTION('',(0.0,-1.0,0.0));
#2541=DIRECTION('',(0.0,0.0,1.0));
#2542=DIRECTION('',(0.0,1.0,0.0));
#2543=DIRECTION('',(0.0,0.0,-1.0));
#2544=DIRECTION('',(0.0,1.0,0.0));
#2545=DIRECTION('',(1.0,0.0,0.0));
#2546=DIRECTION('',(0.0,1.0,0.0));
#2547=DIRECTION('',(-1.0,0.0,0.0));
#2548=DIRECTION('',(0.0,0.0,1.0));
#2549=DIRECTION('',(-1.0,0.0,0.0));
#2550=DIRECTION('',(0.0,1.0,0.0));
#2551=DIRECTION('',(1.0,0.0,0.0));
#2552=DIRECTION('',(1.0,0.0,0.0));
#2553=DIRECTION('',(0.0,0.0,1.0));
#2554=DIRECTION('',(-1.0,0.0,0.0));
#2555=DIRECTION('',(0.0,0.0,1.0));
#2556=DIRECTION('',(1.0,0.0,0.0));
#2557=DIRECTION('',(0.0,0.0,1.0));
#2558=DIRECTION('',(-1.0,0.0,0.0));
#2559=DIRECTION('',(0.0,0.0,1.0));
#2560=DIRECTION('',(1.0,0.0,0.0));
#2561=DIRECTION('',(0.0,0.0,1.0));
#2562=DIRECTION('',(-1.0,0.0,0.0));
#2563=DIRECTION('',(0.0,0.0,1.0));
#2564=DIRECTION('',(1.0,0.0,0.0));
#2565=DIRECTION('',(0.0,0.0,-1.0));
#2566=DIRECTION('',(0.0,0.0,-1.0));
#2567=DIRECTION('',(1.0,0.0,0.0));
#2568=DIRECTION('',(1.0,0.0,0.0));
#2569=DIRECTION('',(0.0,0.0,1.0));
#2570=DIRECTION('',(-1.0,0.0,0.0));
#2571=DIRECTION('',(0.0,0.0,1.0));
#2572=DIRECTION('',(1.0,0.0,0.0));
#2573=DIRECTION('',(0.0,0.0,1.0));
#2574=DIRECTION('',(-1.0,0.0,0.0));
#2575=DIRECTION('',(0.0,0.0,1.0));
#2576=DIRECTION('',(0.0,1.0,0.0));
#2577=DIRECTION('',(0.0,1.0,0.0));
#2578=DIRECTION('',(0.0,0.0,1.0));
#2579=DIRECTION('',(-1.0,0.0,0.0));
#2580=DIRECTION('',(0.0,0.0,1.0));
#2581=DIRECTION('',(1.0,0.0,0.0));
#2582=DIRECTION('',(0.0,0.0,-1.0));
#2583=DIRECTION('',(-1.0,0.0,0.0));
#2584=DIRECTION('',(0.0,0.0,-1.0));
#2585=DIRECTION('',(1.0,0.0,0.0));
#2586=DIRECTION('',(0.0,0.0,1.0));
#2587=DIRECTION('',(-1.0,0.0,0.0));
#2588=DIRECTION('',(0.0,0.0,1.0));
#2589=DIRECTION('',(1.0,0.0,0.0));
#2590=DIRECTION('',(0.0,1.0,0.0));
#2591=DIRECTION('',(-1.0,0.0,0.0));
#2592=DIRECTION('',(0.0,1.0,0.0));
#2593=DIRECTION('',(0.0,1.0,0.0));
#2594=DIRECTION('',(0.0,1.0,0.0));
#2595=DIRECTION('',(0.0,1.0,0.0));
#2596=CARTESIAN_POINT('',(-1.5,1.5,-2.9));
#2597=DIRECTION('',(0.0,0.0,-1.0));
#2598=DIRECTION('',(-1.0,0.0,0.0));
#2599=CARTESIAN_POINT('',(-1.5,1.5,-2.9));
#2600=DIRECTION('',(0.0,0.0,-1.0));
#2601=DIRECTION('',(1.0,0.0,0.0));
#2602=CARTESIAN_POINT('',(0.0,1.5,-2.9));
#2603=DIRECTION('',(0.0,0.0,-1.0));
#2604=DIRECTION('',(-1.0,0.0,0.0));
#2605=CARTESIAN_POINT('',(0.0,1.5,-2.9));
#2606=DIRECTION('',(0.0,0.0,-1.0));
#2607=DIRECTION('',(1.0,0.0,0.0));
#2608=CARTESIAN_POINT('',(1.5,1.5,-2.9));
#2609=DIRECTION('',(0.0,0.0,-1.0));
#2610=DIRECTION('',(-1.0,0.0,0.0));
#2611=CARTESIAN_POINT('',(1.5,1.5,-2.9));
#2612=DIRECTION('',(0.0,0.0,-1.0));
#2613=DIRECTION('',(1.0,0.0,0.0));
#2614=DIRECTION('',(0.0,1.0,0.0));
#2615=DIRECTION('',(0.0,1.0,0.0));
#2616=DIRECTION('',(0.0,1.0,0.0));
#2617=DIRECTION('',(0.0,0.0,-1.0));
#2618=DIRECTION('',(0.0,-1.0,0.0));
#2619=DIRECTION('',(0.0,0.0,-1.0));
#2620=DIRECTION('',(0.0,-1.0,0.0));
#2621=DIRECTION('',(0.0,0.0,1.0));
#2622=DIRECTION('',(0.0,-1.0,0.0));
#2623=DIRECTION('',(0.0,0.503871025524111,-0.863778900898419));
#2624=DIRECTION('',(0.0,-1.0,0.0));
#2625=DIRECTION('',(-1.0,0.0,0.0));
#2626=DIRECTION('',(0.0,1.0,0.0));
#2627=DIRECTION('',(-1.0,0.0,0.0));
#2628=DIRECTION('',(0.0,0.0,-1.0));
#2629=DIRECTION('',(1.0,0.0,0.0));
#2630=DIRECTION('',(0.650944554904109,-0.390566732942506,-0.650944554904109));
#2631=DIRECTION('',(0.650944554904109,0.390566732942506,0.650944554904109));
#2632=DIRECTION('',(1.0,0.0,0.0));
#2633=DIRECTION('',(0.0,1.0,0.0));
#2634=DIRECTION('',(1.0,0.0,0.0));
#2635=DIRECTION('',(0.0,-1.0,0.0));
#2636=DIRECTION('',(1.0,0.0,0.0));
#2637=DIRECTION('',(1.0,0.0,0.0));
#2638=DIRECTION('',(0.0,-1.0,0.0));
#2639=DIRECTION('',(-0.707106781186548,0.0,0.707106781186548));
#2640=DIRECTION('',(1.0,0.0,0.0));
#2641=DIRECTION('',(0.0,0.0,-1.0));
#2642=DIRECTION('',(1.0,0.0,0.0));
#2643=DIRECTION('',(0.0,0.0,-1.0));
#2644=DIRECTION('',(-0.707106781186548,0.0,-0.707106781186548));
#2645=DIRECTION('',(1.0,0.0,0.0));
#2646=DIRECTION('',(1.0,0.0,0.0));
#2647=DIRECTION('',(0.0,-1.0,0.0));
#2648=DIRECTION('',(0.0,-1.0,0.0));
#2649=DIRECTION('',(1.0,0.0,0.0));
#2650=DIRECTION('',(0.707106781186548,0.0,-0.707106781186548));
#2651=DIRECTION('',(1.0,0.0,0.0));
#2652=DIRECTION('',(0.0,0.0,1.0));
#2653=DIRECTION('',(0.0,0.0,1.0));
#2654=DIRECTION('',(0.707106781186548,0.0,0.707106781186548));
#2655=DIRECTION('',(-0.650944554904109,-0.390566732942506,0.650944554904109));
#2656=DIRECTION('',(0.0,-1.0,0.0));
#2657=DIRECTION('',(0.0,-1.0,0.0));
#2658=DIRECTION('',(0.0,1.0,0.0));
#2659=DIRECTION('',(-1.0,0.0,0.0));
#2660=DIRECTION('',(-0.650944554904109,0.390566732942506,-0.650944554904109));
#2661=DIRECTION('',(0.0,1.0,0.0));
#2662=DIRECTION('',(0.0,1.0,0.0));
#2663=DIRECTION('',(0.0,-0.503871025524111,0.863778900898419));
#2664=DIRECTION('',(0.0,1.0,0.0));
#2665=DIRECTION('',(0.0,0.0,1.0));
#2666=DIRECTION('',(-1.0,0.0,0.0));
#2667=DIRECTION('',(0.0,0.0,1.0));
#2668=DIRECTION('',(1.0,0.0,0.0));
#2669=DIRECTION('',(0.0,0.0,1.0));
#2670=DIRECTION('',(-1.0,0.0,0.0));
#2671=DIRECTION('',(0.0,0.0,1.0));
#2672=DIRECTION('',(1.0,0.0,0.0));
#2673=DIRECTION('',(0.0,0.0,1.0));
#2674=DIRECTION('',(-1.0,0.0,0.0));
#2675=DIRECTION('',(0.0,0.0,1.0));
#2676=DIRECTION('',(1.0,0.0,0.0));
#2677=DIRECTION('',(1.0,0.0,0.0));
#2678=DIRECTION('',(0.0,0.0,1.0));
#2679=DIRECTION('',(0.0,1.0,0.0));
#2680=DIRECTION('',(0.0,1.0,0.0));
#2681=DIRECTION('',(0.0,1.0,0.0));
#2682=CARTESIAN_POINT('',(1.5,1.5,-4.35));
#2683=DIRECTION('',(0.0,0.0,-1.0));
#2684=DIRECTION('',(-1.0,0.0,0.0));
#2685=CARTESIAN_POINT('',(1.5,1.5,-4.35));
#2686=DIRECTION('',(0.0,0.0,-1.0));
#2687=DIRECTION('',(1.0,0.0,0.0));
#2688=DIRECTION('',(0.0,1.0,0.0));
#2689=DIRECTION('',(0.0,1.0,0.0));
#2690=DIRECTION('',(0.0,1.0,0.0));
#2691=DIRECTION('',(0.0,1.0,0.0));
#2692=DIRECTION('',(0.0,1.0,0.0));
#2693=DIRECTION('',(0.0,1.0,0.0));
#2694=DIRECTION('',(0.0,1.0,0.0));
#2695=CARTESIAN_POINT('',(-1.5,1.5,-4.35));
#2696=DIRECTION('',(0.0,0.0,-1.0));
#2697=DIRECTION('',(-1.0,0.0,0.0));
#2698=CARTESIAN_POINT('',(-1.5,1.5,-4.35));
#2699=DIRECTION('',(0.0,0.0,-1.0));
#2700=DIRECTION('',(1.0,0.0,0.0));
#2701=DIRECTION('',(4.418886060261E-11,-1.14651664034E-09,1.0));
#2702=DIRECTION('',(-4.418886060261E-11,1.14651664034E-09,1.0));
#2703=CARTESIAN_POINT('',(-1.5,1.5,-0.55));
#2704=DIRECTION('',(0.0,0.0,1.0));
#2705=DIRECTION('',(-1.0,0.0,0.0));
#2706=DIRECTION('',(4.072298053828E-11,-1.056593679522E-09,1.0));
#2707=DIRECTION('',(-4.072315469091E-11,1.056593679522E-09,1.0));
#2708=CARTESIAN_POINT('',(-1.5,1.5,-6.9));
#2709=DIRECTION('',(0.0,0.0,-1.0));
#2710=DIRECTION('',(1.0,0.0,0.0));
#2711=DIRECTION('',(0.316227766016808,1.70403358033004E-09,-0.948683298050524));
#2712=CARTESIAN_POINT('',(-1.5,1.5,-0.25));
#2713=DIRECTION('',(0.0,0.0,1.0));
#2714=DIRECTION('',(-1.0,0.0,0.0));
#2715=CARTESIAN_POINT('',(-1.5,1.5,-0.25));
#2716=DIRECTION('',(0.0,0.0,1.0));
#2717=DIRECTION('',(1.0,0.0,0.0));
#2718=CARTESIAN_POINT('',(-1.5,1.5,-0.55));
#2719=DIRECTION('',(0.0,0.0,1.0));
#2720=DIRECTION('',(1.0,0.0,0.0));
#2721=CARTESIAN_POINT('',(-1.5,1.5,-6.9));
#2722=DIRECTION('',(0.0,0.0,-1.0));
#2723=DIRECTION('',(-1.0,0.0,0.0));
#2724=CARTESIAN_POINT('',(-1.5,1.5,-7.2));
#2725=DIRECTION('',(0.0,0.0,-1.0));
#2726=DIRECTION('',(-1.0,0.0,0.0));
#2727=DIRECTION('',(-0.316227766016808,-1.70403358033004E-09,0.948683298050524));
#2728=CARTESIAN_POINT('',(-1.5,1.5,-7.2));
#2729=DIRECTION('',(0.0,0.0,-1.0));
#2730=DIRECTION('',(1.0,0.0,0.0));
#2731=DIRECTION('',(0.0,1.0,0.0));
#2732=DIRECTION('',(0.0,1.0,0.0));
#2733=CARTESIAN_POINT('',(0.0,1.5,-4.35));
#2734=DIRECTION('',(0.0,0.0,-1.0));
#2735=DIRECTION('',(-1.0,0.0,0.0));
#2736=CARTESIAN_POINT('',(0.0,1.5,-4.35));
#2737=DIRECTION('',(0.0,0.0,-1.0));
#2738=DIRECTION('',(1.0,0.0,0.0));
#2739=DIRECTION('',(4.418890784614E-11,-1.146516451366E-09,1.0));
#2740=DIRECTION('',(-4.418893146791E-11,1.14651664034E-09,1.0));
#2741=CARTESIAN_POINT('',(0.0,1.5,-0.55));
#2742=DIRECTION('',(0.0,0.0,1.0));
#2743=DIRECTION('',(-1.0,0.0,0.0));
#2744=DIRECTION('',(4.072317645999E-11,-1.056593679522E-09,1.0));
#2745=DIRECTION('',(-4.072305673005E-11,1.056593679522E-09,1.0));
#2746=CARTESIAN_POINT('',(0.0,1.5,-6.9));
#2747=DIRECTION('',(0.0,0.0,-1.0));
#2748=DIRECTION('',(1.0,0.0,0.0));
#2749=DIRECTION('',(0.316227766016808,1.70403428249604E-09,-0.948683298050524));
#2750=CARTESIAN_POINT('',(0.0,1.5,-0.25));
#2751=DIRECTION('',(0.0,0.0,1.0));
#2752=DIRECTION('',(-1.0,0.0,0.0));
#2753=CARTESIAN_POINT('',(0.0,1.5,-0.25));
#2754=DIRECTION('',(0.0,0.0,1.0));
#2755=DIRECTION('',(1.0,0.0,0.0));
#2756=CARTESIAN_POINT('',(0.0,1.5,-0.55));
#2757=DIRECTION('',(0.0,0.0,1.0));
#2758=DIRECTION('',(1.0,0.0,0.0));
#2759=CARTESIAN_POINT('',(0.0,1.5,-6.9));
#2760=DIRECTION('',(0.0,0.0,-1.0));
#2761=DIRECTION('',(-1.0,0.0,0.0));
#2762=CARTESIAN_POINT('',(0.0,1.5,-7.2));
#2763=DIRECTION('',(0.0,0.0,-1.0));
#2764=DIRECTION('',(-1.0,0.0,0.0));
#2765=DIRECTION('',(-0.316227766016808,-1.70403358033004E-09,0.948683298050524));
#2766=CARTESIAN_POINT('',(0.0,1.5,-7.2));
#2767=DIRECTION('',(0.0,0.0,-1.0));
#2768=DIRECTION('',(1.0,0.0,0.0));
#2769=DIRECTION('',(4.418886060261E-11,-1.146516451366E-09,1.0));
#2770=DIRECTION('',(-4.418886060261E-11,1.14651664034E-09,1.0));
#2771=CARTESIAN_POINT('',(1.5,1.5,-0.55));
#2772=DIRECTION('',(0.0,0.0,1.0));
#2773=DIRECTION('',(-1.0,0.0,0.0));
#2774=DIRECTION('',(4.072298053828E-11,-1.056593679522E-09,1.0));
#2775=DIRECTION('',(-4.072298053828E-11,1.056593679522E-09,1.0));
#2776=CARTESIAN_POINT('',(1.5,1.5,-6.9));
#2777=DIRECTION('',(0.0,0.0,-1.0));
#2778=DIRECTION('',(1.0,0.0,0.0));
#2779=DIRECTION('',(0.316227766016808,1.70403428249604E-09,-0.948683298050524));
#2780=CARTESIAN_POINT('',(1.5,1.5,-0.25));
#2781=DIRECTION('',(0.0,0.0,1.0));
#2782=DIRECTION('',(-1.0,0.0,0.0));
#2783=CARTESIAN_POINT('',(1.5,1.5,-0.25));
#2784=DIRECTION('',(0.0,0.0,1.0));
#2785=DIRECTION('',(1.0,0.0,0.0));
#2786=CARTESIAN_POINT('',(1.5,1.5,-0.55));
#2787=DIRECTION('',(0.0,0.0,1.0));
#2788=DIRECTION('',(1.0,0.0,0.0));
#2789=CARTESIAN_POINT('',(1.5,1.5,-6.9));
#2790=DIRECTION('',(0.0,0.0,-1.0));
#2791=DIRECTION('',(-1.0,0.0,0.0));
#2792=CARTESIAN_POINT('',(1.5,1.5,-7.2));
#2793=DIRECTION('',(0.0,0.0,-1.0));
#2794=DIRECTION('',(-1.0,0.0,0.0));
#2795=DIRECTION('',(-0.316227766016808,-1.70403358033004E-09,0.948683298050524));
#2796=CARTESIAN_POINT('',(1.5,1.5,-7.2));
#2797=DIRECTION('',(0.0,0.0,-1.0));
#2798=DIRECTION('',(1.0,0.0,0.0));
ENDSEC;
END-ISO-10303-21;
