ISO-10303-21;
HEADER;
FILE_DESCRIPTION(('STEP AP242'),'1');
FILE_NAME('x1502wv-04k-n0sn.stp','2022-05-13T07:46:15',('TraceParts'),('TraceParts S.A.'),'Spatial InterOp 3D',' ',' ');
FILE_SCHEMA(('AP242_MANAGED_MODEL_BASED_3D_ENGINEERING_MIM_LF  {1 0 10303 442 1 1 4}'));
ENDSEC;
DATA;
#1=PRODUCT_DEFINITION_CONTEXT('',#9,'design');
#2=APPLICATION_PROTOCOL_DEFINITION('INTERNATIONAL STANDARD','ap242_managed_model_based_3d_engineering',2014,#9);
#3=PRODUCT_CATEGORY_RELATIONSHIP('NONE','NONE',#10,#11);
#4=SHAPE_DEFINITION_REPRESENTATION(#12,#13);
#5= (GEOMETRIC_REPRESENTATION_CONTEXT(3)GLOBAL_UNCERTAINTY_ASSIGNED_CONTEXT((#16))GLOBAL_UNIT_ASSIGNED_CONTEXT((#18,#19,#20))REPRESENTATION_CONTEXT('NONE','WORKSPACE'));
#9=APPLICATION_CONTEXT('managed model based 3d engineering');
#10=PRODUCT_CATEGORY('part','NONE');
#11=PRODUCT_RELATED_PRODUCT_CATEGORY('detail',' ',(#22));
#12=PRODUCT_DEFINITION_SHAPE('NONE','NONE',#23);
#13=ADVANCED_BREP_SHAPE_REPRESENTATION('x1502wv-04k-n0sn',(#24,#25),#5);
#16=UNCERTAINTY_MEASURE_WITH_UNIT(LENGTH_MEASURE(1.0E-06),#18,'','');
#18= (CONVERSION_BASED_UNIT('MILLIMETRE',#28)LENGTH_UNIT()NAMED_UNIT(#31));
#19= (NAMED_UNIT(#33)PLANE_ANGLE_UNIT()SI_UNIT($,.RADIAN.));
#20= (NAMED_UNIT(#33)SOLID_ANGLE_UNIT()SI_UNIT($,.STERADIAN.));
#22=PRODUCT('x1502wv-04k-n0sn','x1502wv-04k-n0sn','PART-x1502wv-04k-n0sn-DESC',(#39));
#23=PRODUCT_DEFINITION('','NONE',#40,#1);
#24=MANIFOLD_SOLID_BREP('x1502wv-04k-n0sn',#41);
#25=AXIS2_PLACEMENT_3D('',#42,#43,#44);
#28=LENGTH_MEASURE_WITH_UNIT(LENGTH_MEASURE(1.0),#45);
#31=DIMENSIONAL_EXPONENTS(1.0,0.0,0.0,0.0,0.0,0.0,0.0);
#33=DIMENSIONAL_EXPONENTS(0.0,0.0,0.0,0.0,0.0,0.0,0.0);
#39=PRODUCT_CONTEXT('',#9,'mechanical');
#40=PRODUCT_DEFINITION_FORMATION_WITH_SPECIFIED_SOURCE(' ','NONE',#22,.NOT_KNOWN.);
#41=CLOSED_SHELL('',(#46,#47,#48,#49,#50,#51,#52,#53,#54,#55,#56,#57,#58,#59,#60,#61,#62,#63,#64,#65,#66,#67,#68,#69,#70,#71,#72,#73,#74,#75,#76,#77,#78,#79,#80,#81,#82,#83,#84,#85,#86,#87,#88,#89,#90,#91,#92,#93,#94,#95,#96,#97,#98,#99,#100,#101,#102,#103,#104,#105,#106,#107,#108,#109,#110,#111,#112,#113,#114,#115,#116,#117,#118,#119,#120,#121,#122,#123,#124,#125,#126,#127,#128,#129,#130,#131,#132,#133,#134,#135,#136,#137,#138,#139,#140,#141,#142,#143,#144,#145,#146,#147,#148,#149,#150,#151,#152,#153,#154,#155,#156,#157,#158,#159,#160,#161,#162,#163,#164,#165,#166,#167,#168,#169,#170,#171,#172,#173,#174,#175,#176,#177,#178,#179,#180,#181,#182,#183,#184,#185));
#42=CARTESIAN_POINT('',(0.0,0.0,0.0));
#43=DIRECTION('',(0.0,0.0,1.0));
#44=DIRECTION('',(1.0,0.0,0.0));
#45= (NAMED_UNIT(#31)LENGTH_UNIT()SI_UNIT(.MILLI.,.METRE.));
#46=ADVANCED_FACE('',(#187),#188,.T.);
#47=ADVANCED_FACE('',(#189),#190,.T.);
#48=ADVANCED_FACE('',(#191),#192,.T.);
#49=ADVANCED_FACE('',(#193),#194,.T.);
#50=ADVANCED_FACE('',(#195),#196,.T.);
#51=ADVANCED_FACE('',(#197),#198,.T.);
#52=ADVANCED_FACE('',(#199),#200,.T.);
#53=ADVANCED_FACE('',(#201),#202,.T.);
#54=ADVANCED_FACE('',(#203),#204,.T.);
#55=ADVANCED_FACE('',(#205),#206,.T.);
#56=ADVANCED_FACE('',(#207),#208,.T.);
#57=ADVANCED_FACE('',(#209),#210,.T.);
#58=ADVANCED_FACE('',(#211),#212,.T.);
#59=ADVANCED_FACE('',(#213),#214,.T.);
#60=ADVANCED_FACE('',(#215),#216,.T.);
#61=ADVANCED_FACE('',(#217),#218,.T.);
#62=ADVANCED_FACE('',(#219),#220,.T.);
#63=ADVANCED_FACE('',(#221),#222,.T.);
#64=ADVANCED_FACE('',(#223),#224,.T.);
#65=ADVANCED_FACE('',(#225),#226,.T.);
#66=ADVANCED_FACE('',(#227),#228,.T.);
#67=ADVANCED_FACE('',(#229),#230,.T.);
#68=ADVANCED_FACE('',(#231),#232,.T.);
#69=ADVANCED_FACE('',(#233),#234,.T.);
#70=ADVANCED_FACE('',(#235),#236,.F.);
#71=ADVANCED_FACE('',(#237),#238,.T.);
#72=ADVANCED_FACE('',(#239),#240,.F.);
#73=ADVANCED_FACE('',(#241,#242),#243,.F.);
#74=ADVANCED_FACE('',(#244),#245,.F.);
#75=ADVANCED_FACE('',(#246),#247,.T.);
#76=ADVANCED_FACE('',(#248),#249,.T.);
#77=ADVANCED_FACE('',(#250),#251,.T.);
#78=ADVANCED_FACE('',(#252),#253,.T.);
#79=ADVANCED_FACE('',(#254),#255,.T.);
#80=ADVANCED_FACE('',(#256),#257,.F.);
#81=ADVANCED_FACE('',(#258),#259,.T.);
#82=ADVANCED_FACE('',(#260),#261,.T.);
#83=ADVANCED_FACE('',(#262,#263),#264,.F.);
#84=ADVANCED_FACE('',(#265),#266,.F.);
#85=ADVANCED_FACE('',(#267),#268,.F.);
#86=ADVANCED_FACE('',(#269,#270,#271,#272,#273),#274,.T.);
#87=ADVANCED_FACE('',(#275),#276,.F.);
#88=ADVANCED_FACE('',(#277),#278,.T.);
#89=ADVANCED_FACE('',(#279),#280,.F.);
#90=ADVANCED_FACE('',(#281),#282,.T.);
#91=ADVANCED_FACE('',(#283),#284,.T.);
#92=ADVANCED_FACE('',(#285),#286,.T.);
#93=ADVANCED_FACE('',(#287),#288,.T.);
#94=ADVANCED_FACE('',(#289),#290,.T.);
#95=ADVANCED_FACE('',(#291),#292,.T.);
#96=ADVANCED_FACE('',(#293),#294,.T.);
#97=ADVANCED_FACE('',(#295),#296,.T.);
#98=ADVANCED_FACE('',(#297),#298,.T.);
#99=ADVANCED_FACE('',(#299),#300,.T.);
#100=ADVANCED_FACE('',(#301),#302,.T.);
#101=ADVANCED_FACE('',(#303),#304,.T.);
#102=ADVANCED_FACE('',(#305),#306,.T.);
#103=ADVANCED_FACE('',(#307),#308,.F.);
#104=ADVANCED_FACE('',(#309),#310,.T.);
#105=ADVANCED_FACE('',(#311),#312,.T.);
#106=ADVANCED_FACE('',(#313),#314,.T.);
#107=ADVANCED_FACE('',(#315),#316,.T.);
#108=ADVANCED_FACE('',(#317),#318,.F.);
#109=ADVANCED_FACE('',(#319,#320),#321,.F.);
#110=ADVANCED_FACE('',(#322),#323,.F.);
#111=ADVANCED_FACE('',(#324),#325,.T.);
#112=ADVANCED_FACE('',(#326),#327,.T.);
#113=ADVANCED_FACE('',(#328),#329,.T.);
#114=ADVANCED_FACE('',(#330),#331,.T.);
#115=ADVANCED_FACE('',(#332),#333,.F.);
#116=ADVANCED_FACE('',(#334),#335,.T.);
#117=ADVANCED_FACE('',(#336),#337,.T.);
#118=ADVANCED_FACE('',(#338),#339,.T.);
#119=ADVANCED_FACE('',(#340),#341,.T.);
#120=ADVANCED_FACE('',(#342),#343,.T.);
#121=ADVANCED_FACE('',(#344),#345,.T.);
#122=ADVANCED_FACE('',(#346),#347,.T.);
#123=ADVANCED_FACE('',(#348),#349,.T.);
#124=ADVANCED_FACE('',(#350),#351,.T.);
#125=ADVANCED_FACE('',(#352),#353,.T.);
#126=ADVANCED_FACE('',(#354),#355,.T.);
#127=ADVANCED_FACE('',(#356),#357,.T.);
#128=ADVANCED_FACE('',(#358),#359,.T.);
#129=ADVANCED_FACE('',(#360),#361,.T.);
#130=ADVANCED_FACE('',(#362),#363,.T.);
#131=ADVANCED_FACE('',(#364),#365,.T.);
#132=ADVANCED_FACE('',(#366),#367,.T.);
#133=ADVANCED_FACE('',(#368),#369,.T.);
#134=ADVANCED_FACE('',(#370),#371,.F.);
#135=ADVANCED_FACE('',(#372,#373),#374,.F.);
#136=ADVANCED_FACE('',(#375),#376,.F.);
#137=ADVANCED_FACE('',(#377),#378,.T.);
#138=ADVANCED_FACE('',(#379),#380,.T.);
#139=ADVANCED_FACE('',(#381),#382,.T.);
#140=ADVANCED_FACE('',(#383),#384,.T.);
#141=ADVANCED_FACE('',(#385),#386,.F.);
#142=ADVANCED_FACE('',(#387),#388,.T.);
#143=ADVANCED_FACE('',(#389),#390,.T.);
#144=ADVANCED_FACE('',(#391),#392,.T.);
#145=ADVANCED_FACE('',(#393),#394,.T.);
#146=ADVANCED_FACE('',(#395),#396,.T.);
#147=ADVANCED_FACE('',(#397),#398,.T.);
#148=ADVANCED_FACE('',(#399),#400,.T.);
#149=ADVANCED_FACE('',(#401),#402,.T.);
#150=ADVANCED_FACE('',(#403),#404,.T.);
#151=ADVANCED_FACE('',(#405),#406,.T.);
#152=ADVANCED_FACE('',(#407),#408,.T.);
#153=ADVANCED_FACE('',(#409),#410,.T.);
#154=ADVANCED_FACE('',(#411),#412,.T.);
#155=ADVANCED_FACE('',(#413),#414,.T.);
#156=ADVANCED_FACE('',(#415),#416,.T.);
#157=ADVANCED_FACE('',(#417),#418,.T.);
#158=ADVANCED_FACE('',(#419),#420,.T.);
#159=ADVANCED_FACE('',(#421),#422,.T.);
#160=ADVANCED_FACE('',(#423),#424,.F.);
#161=ADVANCED_FACE('',(#425),#426,.F.);
#162=ADVANCED_FACE('',(#427),#428,.F.);
#163=ADVANCED_FACE('',(#429),#430,.F.);
#164=ADVANCED_FACE('',(#431),#432,.F.);
#165=ADVANCED_FACE('',(#433),#434,.F.);
#166=ADVANCED_FACE('',(#435),#436,.T.);
#167=ADVANCED_FACE('',(#437),#438,.T.);
#168=ADVANCED_FACE('',(#439),#440,.T.);
#169=ADVANCED_FACE('',(#441),#442,.F.);
#170=ADVANCED_FACE('',(#443),#444,.T.);
#171=ADVANCED_FACE('',(#445),#446,.T.);
#172=ADVANCED_FACE('',(#447),#448,.T.);
#173=ADVANCED_FACE('',(#449),#450,.T.);
#174=ADVANCED_FACE('',(#451),#452,.T.);
#175=ADVANCED_FACE('',(#453),#454,.T.);
#176=ADVANCED_FACE('',(#455),#456,.T.);
#177=ADVANCED_FACE('',(#457),#458,.T.);
#178=ADVANCED_FACE('',(#459),#460,.T.);
#179=ADVANCED_FACE('',(#461),#462,.F.);
#180=ADVANCED_FACE('',(#463),#464,.T.);
#181=ADVANCED_FACE('',(#465),#466,.T.);
#182=ADVANCED_FACE('',(#467),#468,.T.);
#183=ADVANCED_FACE('',(#469),#470,.T.);
#184=ADVANCED_FACE('',(#471),#472,.T.);
#185=ADVANCED_FACE('',(#473),#474,.T.);
#187=FACE_OUTER_BOUND('',#475,.T.);
#188=CONICAL_SURFACE('',#476,0.1999999999967,0.321750554396546);
#189=FACE_OUTER_BOUND('',#477,.T.);
#190=CONICAL_SURFACE('',#478,0.1999999999967,0.321750554396546);
#191=FACE_OUTER_BOUND('',#479,.T.);
#192=CONICAL_SURFACE('',#480,0.1999999999967,0.321750554396546);
#193=FACE_OUTER_BOUND('',#481,.T.);
#194=CONICAL_SURFACE('',#482,0.1999999999967,0.321750554396546);
#195=FACE_OUTER_BOUND('',#483,.T.);
#196=CONICAL_SURFACE('',#484,0.1999999999967,0.321750554396546);
#197=FACE_OUTER_BOUND('',#485,.T.);
#198=CONICAL_SURFACE('',#486,0.1999999999967,0.321750554396546);
#199=FACE_OUTER_BOUND('',#487,.T.);
#200=CONICAL_SURFACE('',#488,0.1999999999967,0.321750554396546);
#201=FACE_OUTER_BOUND('',#489,.T.);
#202=CONICAL_SURFACE('',#490,0.1999999999967,0.321750554396546);
#203=FACE_OUTER_BOUND('',#491,.T.);
#204=CONICAL_SURFACE('',#492,0.1999999999967,0.321750554396546);
#205=FACE_OUTER_BOUND('',#493,.T.);
#206=CONICAL_SURFACE('',#494,0.1999999999967,0.321750554396546);
#207=FACE_OUTER_BOUND('',#495,.T.);
#208=CYLINDRICAL_SURFACE('',#496,0.25);
#209=FACE_OUTER_BOUND('',#497,.T.);
#210=CYLINDRICAL_SURFACE('',#498,0.25);
#211=FACE_OUTER_BOUND('',#499,.T.);
#212=CONICAL_SURFACE('',#500,0.1999999999967,0.321750554396546);
#213=FACE_OUTER_BOUND('',#501,.T.);
#214=CONICAL_SURFACE('',#502,0.1999999999967,0.321750554396546);
#215=FACE_OUTER_BOUND('',#503,.T.);
#216=CYLINDRICAL_SURFACE('',#504,0.25);
#217=FACE_OUTER_BOUND('',#505,.T.);
#218=CYLINDRICAL_SURFACE('',#506,0.25);
#219=FACE_OUTER_BOUND('',#507,.T.);
#220=CONICAL_SURFACE('',#508,0.1999999999967,0.321750554396546);
#221=FACE_OUTER_BOUND('',#509,.T.);
#222=CONICAL_SURFACE('',#510,0.1999999999967,0.321750554396546);
#223=FACE_OUTER_BOUND('',#511,.T.);
#224=CYLINDRICAL_SURFACE('',#512,0.25);
#225=FACE_OUTER_BOUND('',#513,.T.);
#226=CYLINDRICAL_SURFACE('',#514,0.25);
#227=FACE_OUTER_BOUND('',#515,.T.);
#228=CONICAL_SURFACE('',#516,0.1999999999967,0.321750554396546);
#229=FACE_OUTER_BOUND('',#517,.T.);
#230=CONICAL_SURFACE('',#518,0.1999999999967,0.321750554396546);
#231=FACE_OUTER_BOUND('',#519,.T.);
#232=CYLINDRICAL_SURFACE('',#520,0.25);
#233=FACE_OUTER_BOUND('',#521,.T.);
#234=CYLINDRICAL_SURFACE('',#522,0.25);
#235=FACE_OUTER_BOUND('',#523,.T.);
#236=PLANE('',#524);
#237=FACE_OUTER_BOUND('',#525,.T.);
#238=PLANE('',#526);
#239=FACE_OUTER_BOUND('',#527,.T.);
#240=PLANE('',#528);
#241=FACE_OUTER_BOUND('',#529,.T.);
#242=FACE_BOUND('',#530,.T.);
#243=PLANE('',#531);
#244=FACE_OUTER_BOUND('',#532,.T.);
#245=PLANE('',#533);
#246=FACE_OUTER_BOUND('',#534,.T.);
#247=PLANE('',#535);
#248=FACE_OUTER_BOUND('',#536,.T.);
#249=PLANE('',#537);
#250=FACE_OUTER_BOUND('',#538,.T.);
#251=PLANE('',#539);
#252=FACE_OUTER_BOUND('',#540,.T.);
#253=PLANE('',#541);
#254=FACE_OUTER_BOUND('',#542,.T.);
#255=PLANE('',#543);
#256=FACE_OUTER_BOUND('',#544,.T.);
#257=PLANE('',#545);
#258=FACE_OUTER_BOUND('',#546,.T.);
#259=PLANE('',#547);
#260=FACE_OUTER_BOUND('',#548,.T.);
#261=PLANE('',#549);
#262=FACE_OUTER_BOUND('',#550,.T.);
#263=FACE_BOUND('',#551,.T.);
#264=PLANE('',#552);
#265=FACE_OUTER_BOUND('',#553,.T.);
#266=PLANE('',#554);
#267=FACE_OUTER_BOUND('',#555,.T.);
#268=PLANE('',#556);
#269=FACE_OUTER_BOUND('',#557,.T.);
#270=FACE_BOUND('',#558,.T.);
#271=FACE_BOUND('',#559,.T.);
#272=FACE_BOUND('',#560,.T.);
#273=FACE_BOUND('',#561,.T.);
#274=PLANE('',#562);
#275=FACE_OUTER_BOUND('',#563,.T.);
#276=PLANE('',#564);
#277=FACE_OUTER_BOUND('',#565,.T.);
#278=PLANE('',#566);
#279=FACE_OUTER_BOUND('',#567,.T.);
#280=PLANE('',#568);
#281=FACE_OUTER_BOUND('',#569,.T.);
#282=PLANE('',#570);
#283=FACE_OUTER_BOUND('',#571,.T.);
#284=PLANE('',#572);
#285=FACE_OUTER_BOUND('',#573,.T.);
#286=PLANE('',#574);
#287=FACE_OUTER_BOUND('',#575,.T.);
#288=PLANE('',#576);
#289=FACE_OUTER_BOUND('',#577,.T.);
#290=PLANE('',#578);
#291=FACE_OUTER_BOUND('',#579,.T.);
#292=PLANE('',#580);
#293=FACE_OUTER_BOUND('',#581,.T.);
#294=PLANE('',#582);
#295=FACE_OUTER_BOUND('',#583,.T.);
#296=PLANE('',#584);
#297=FACE_OUTER_BOUND('',#585,.T.);
#298=PLANE('',#586);
#299=FACE_OUTER_BOUND('',#587,.T.);
#300=PLANE('',#588);
#301=FACE_OUTER_BOUND('',#589,.T.);
#302=PLANE('',#590);
#303=FACE_OUTER_BOUND('',#591,.T.);
#304=PLANE('',#592);
#305=FACE_OUTER_BOUND('',#593,.T.);
#306=PLANE('',#594);
#307=FACE_OUTER_BOUND('',#595,.T.);
#308=PLANE('',#596);
#309=FACE_OUTER_BOUND('',#597,.T.);
#310=PLANE('',#598);
#311=FACE_OUTER_BOUND('',#599,.T.);
#312=PLANE('',#600);
#313=FACE_OUTER_BOUND('',#601,.T.);
#314=PLANE('',#602);
#315=FACE_OUTER_BOUND('',#603,.T.);
#316=PLANE('',#604);
#317=FACE_OUTER_BOUND('',#605,.T.);
#318=PLANE('',#606);
#319=FACE_OUTER_BOUND('',#607,.T.);
#320=FACE_BOUND('',#608,.T.);
#321=PLANE('',#609);
#322=FACE_OUTER_BOUND('',#610,.T.);
#323=PLANE('',#611);
#324=FACE_OUTER_BOUND('',#612,.T.);
#325=CYLINDRICAL_SURFACE('',#613,0.25);
#326=FACE_OUTER_BOUND('',#614,.T.);
#327=CYLINDRICAL_SURFACE('',#615,0.25);
#328=FACE_OUTER_BOUND('',#616,.T.);
#329=CYLINDRICAL_SURFACE('',#617,0.25);
#330=FACE_OUTER_BOUND('',#618,.T.);
#331=CONICAL_SURFACE('',#619,0.1999999999967,0.321750554396546);
#332=FACE_OUTER_BOUND('',#620,.T.);
#333=PLANE('',#621);
#334=FACE_OUTER_BOUND('',#622,.T.);
#335=CONICAL_SURFACE('',#623,0.1999999999967,0.321750554396546);
#336=FACE_OUTER_BOUND('',#624,.T.);
#337=CYLINDRICAL_SURFACE('',#625,0.25);
#338=FACE_OUTER_BOUND('',#626,.T.);
#339=CYLINDRICAL_SURFACE('',#627,0.25);
#340=FACE_OUTER_BOUND('',#628,.T.);
#341=CYLINDRICAL_SURFACE('',#629,0.25);
#342=FACE_OUTER_BOUND('',#630,.T.);
#343=CYLINDRICAL_SURFACE('',#631,0.25);
#344=FACE_OUTER_BOUND('',#632,.T.);
#345=TOROIDAL_SURFACE('',#633,0.5,0.25);
#346=FACE_OUTER_BOUND('',#634,.T.);
#347=TOROIDAL_SURFACE('',#635,0.5,0.25);
#348=FACE_OUTER_BOUND('',#636,.T.);
#349=CYLINDRICAL_SURFACE('',#637,0.25);
#350=FACE_OUTER_BOUND('',#638,.T.);
#351=CYLINDRICAL_SURFACE('',#639,0.25);
#352=FACE_OUTER_BOUND('',#640,.T.);
#353=TOROIDAL_SURFACE('',#641,0.5,0.25);
#354=FACE_OUTER_BOUND('',#642,.T.);
#355=TOROIDAL_SURFACE('',#643,0.5,0.25);
#356=FACE_OUTER_BOUND('',#644,.T.);
#357=CYLINDRICAL_SURFACE('',#645,0.25);
#358=FACE_OUTER_BOUND('',#646,.T.);
#359=CYLINDRICAL_SURFACE('',#647,0.25);
#360=FACE_OUTER_BOUND('',#648,.T.);
#361=TOROIDAL_SURFACE('',#649,0.5,0.25);
#362=FACE_OUTER_BOUND('',#650,.T.);
#363=TOROIDAL_SURFACE('',#651,0.5,0.25);
#364=FACE_OUTER_BOUND('',#652,.T.);
#365=CONICAL_SURFACE('',#653,0.1999999999967,0.321750554396546);
#366=FACE_OUTER_BOUND('',#654,.T.);
#367=PLANE('',#655);
#368=FACE_OUTER_BOUND('',#656,.T.);
#369=CONICAL_SURFACE('',#657,0.1999999999967,0.321750554396546);
#370=FACE_OUTER_BOUND('',#658,.T.);
#371=PLANE('',#659);
#372=FACE_OUTER_BOUND('',#660,.T.);
#373=FACE_BOUND('',#661,.T.);
#374=PLANE('',#662);
#375=FACE_OUTER_BOUND('',#663,.T.);
#376=PLANE('',#664);
#377=FACE_OUTER_BOUND('',#665,.T.);
#378=CYLINDRICAL_SURFACE('',#666,0.25);
#379=FACE_OUTER_BOUND('',#667,.T.);
#380=CYLINDRICAL_SURFACE('',#668,0.25);
#381=FACE_OUTER_BOUND('',#669,.T.);
#382=CYLINDRICAL_SURFACE('',#670,0.25);
#383=FACE_OUTER_BOUND('',#671,.T.);
#384=CONICAL_SURFACE('',#672,0.1999999999967,0.321750554396546);
#385=FACE_OUTER_BOUND('',#673,.T.);
#386=PLANE('',#674);
#387=FACE_OUTER_BOUND('',#675,.T.);
#388=CONICAL_SURFACE('',#676,0.1999999999967,0.321750554396546);
#389=FACE_OUTER_BOUND('',#677,.T.);
#390=CYLINDRICAL_SURFACE('',#678,0.25);
#391=FACE_OUTER_BOUND('',#679,.T.);
#392=CYLINDRICAL_SURFACE('',#680,0.25);
#393=FACE_OUTER_BOUND('',#681,.T.);
#394=CYLINDRICAL_SURFACE('',#682,0.25);
#395=FACE_OUTER_BOUND('',#683,.T.);
#396=CYLINDRICAL_SURFACE('',#684,0.25);
#397=FACE_OUTER_BOUND('',#685,.T.);
#398=TOROIDAL_SURFACE('',#686,0.5,0.25);
#399=FACE_OUTER_BOUND('',#687,.T.);
#400=TOROIDAL_SURFACE('',#688,0.5,0.25);
#401=FACE_OUTER_BOUND('',#689,.T.);
#402=CYLINDRICAL_SURFACE('',#690,0.25);
#403=FACE_OUTER_BOUND('',#691,.T.);
#404=CYLINDRICAL_SURFACE('',#692,0.25);
#405=FACE_OUTER_BOUND('',#693,.T.);
#406=TOROIDAL_SURFACE('',#694,0.5,0.25);
#407=FACE_OUTER_BOUND('',#695,.T.);
#408=TOROIDAL_SURFACE('',#696,0.5,0.25);
#409=FACE_OUTER_BOUND('',#697,.T.);
#410=CYLINDRICAL_SURFACE('',#698,0.25);
#411=FACE_OUTER_BOUND('',#699,.T.);
#412=CYLINDRICAL_SURFACE('',#700,0.25);
#413=FACE_OUTER_BOUND('',#701,.T.);
#414=TOROIDAL_SURFACE('',#702,0.5,0.25);
#415=FACE_OUTER_BOUND('',#703,.T.);
#416=TOROIDAL_SURFACE('',#704,0.5,0.25);
#417=FACE_OUTER_BOUND('',#705,.T.);
#418=CONICAL_SURFACE('',#706,0.1999999999967,0.321750554396546);
#419=FACE_OUTER_BOUND('',#707,.T.);
#420=PLANE('',#708);
#421=FACE_OUTER_BOUND('',#709,.T.);
#422=CONICAL_SURFACE('',#710,0.1999999999967,0.321750554396546);
#423=FACE_OUTER_BOUND('',#711,.T.);
#424=PLANE('',#712);
#425=FACE_OUTER_BOUND('',#713,.T.);
#426=PLANE('',#714);
#427=FACE_OUTER_BOUND('',#715,.T.);
#428=PLANE('',#716);
#429=FACE_OUTER_BOUND('',#717,.T.);
#430=PLANE('',#718);
#431=FACE_OUTER_BOUND('',#719,.T.);
#432=PLANE('',#720);
#433=FACE_OUTER_BOUND('',#721,.T.);
#434=PLANE('',#722);
#435=FACE_OUTER_BOUND('',#723,.T.);
#436=CYLINDRICAL_SURFACE('',#724,0.25);
#437=FACE_OUTER_BOUND('',#725,.T.);
#438=CYLINDRICAL_SURFACE('',#726,0.25);
#439=FACE_OUTER_BOUND('',#727,.T.);
#440=CONICAL_SURFACE('',#728,0.1999999999967,0.321750554396546);
#441=FACE_OUTER_BOUND('',#729,.T.);
#442=PLANE('',#730);
#443=FACE_OUTER_BOUND('',#731,.T.);
#444=CONICAL_SURFACE('',#732,0.1999999999967,0.321750554396546);
#445=FACE_OUTER_BOUND('',#733,.T.);
#446=CYLINDRICAL_SURFACE('',#734,0.25);
#447=FACE_OUTER_BOUND('',#735,.T.);
#448=CYLINDRICAL_SURFACE('',#736,0.25);
#449=FACE_OUTER_BOUND('',#737,.T.);
#450=CONICAL_SURFACE('',#738,0.1999999999967,0.321750554396546);
#451=FACE_OUTER_BOUND('',#739,.T.);
#452=PLANE('',#740);
#453=FACE_OUTER_BOUND('',#741,.T.);
#454=CONICAL_SURFACE('',#742,0.1999999999967,0.321750554396546);
#455=FACE_OUTER_BOUND('',#743,.T.);
#456=CYLINDRICAL_SURFACE('',#744,0.25);
#457=FACE_OUTER_BOUND('',#745,.T.);
#458=CYLINDRICAL_SURFACE('',#746,0.25);
#459=FACE_OUTER_BOUND('',#747,.T.);
#460=CONICAL_SURFACE('',#748,0.1999999999967,0.321750554396546);
#461=FACE_OUTER_BOUND('',#749,.T.);
#462=PLANE('',#750);
#463=FACE_OUTER_BOUND('',#751,.T.);
#464=CONICAL_SURFACE('',#752,0.1999999999967,0.321750554396546);
#465=FACE_OUTER_BOUND('',#753,.T.);
#466=CYLINDRICAL_SURFACE('',#754,0.25);
#467=FACE_OUTER_BOUND('',#755,.T.);
#468=CYLINDRICAL_SURFACE('',#756,0.25);
#469=FACE_OUTER_BOUND('',#757,.T.);
#470=CONICAL_SURFACE('',#758,0.1999999999967,0.321750554396546);
#471=FACE_OUTER_BOUND('',#759,.T.);
#472=PLANE('',#760);
#473=FACE_OUTER_BOUND('',#761,.T.);
#474=CONICAL_SURFACE('',#762,0.1999999999967,0.321750554396546);
#475=EDGE_LOOP('',(#763,#764,#765,#766));
#476=AXIS2_PLACEMENT_3D('',#767,#768,#769);
#477=EDGE_LOOP('',(#770,#771,#772,#773));
#478=AXIS2_PLACEMENT_3D('',#774,#775,#776);
#479=EDGE_LOOP('',(#777,#778,#779,#780));
#480=AXIS2_PLACEMENT_3D('',#781,#782,#783);
#481=EDGE_LOOP('',(#784,#785,#786,#787));
#482=AXIS2_PLACEMENT_3D('',#788,#789,#790);
#483=EDGE_LOOP('',(#791,#792,#793,#794));
#484=AXIS2_PLACEMENT_3D('',#795,#796,#797);
#485=EDGE_LOOP('',(#798,#799,#800,#801));
#486=AXIS2_PLACEMENT_3D('',#802,#803,#804);
#487=EDGE_LOOP('',(#805,#806,#807,#808));
#488=AXIS2_PLACEMENT_3D('',#809,#810,#811);
#489=EDGE_LOOP('',(#812,#813,#814,#815));
#490=AXIS2_PLACEMENT_3D('',#816,#817,#818);
#491=EDGE_LOOP('',(#819,#820,#821,#822));
#492=AXIS2_PLACEMENT_3D('',#823,#824,#825);
#493=EDGE_LOOP('',(#826,#827,#828,#829));
#494=AXIS2_PLACEMENT_3D('',#830,#831,#832);
#495=EDGE_LOOP('',(#833,#834,#835,#836,#837,#838,#839,#840));
#496=AXIS2_PLACEMENT_3D('',#841,#842,#843);
#497=EDGE_LOOP('',(#844,#845,#846,#847));
#498=AXIS2_PLACEMENT_3D('',#848,#849,#850);
#499=EDGE_LOOP('',(#851,#852,#853,#854));
#500=AXIS2_PLACEMENT_3D('',#855,#856,#857);
#501=EDGE_LOOP('',(#858,#859,#860,#861));
#502=AXIS2_PLACEMENT_3D('',#862,#863,#864);
#503=EDGE_LOOP('',(#865,#866,#867,#868));
#504=AXIS2_PLACEMENT_3D('',#869,#870,#871);
#505=EDGE_LOOP('',(#872,#873,#874,#875));
#506=AXIS2_PLACEMENT_3D('',#876,#877,#878);
#507=EDGE_LOOP('',(#879,#880,#881,#882));
#508=AXIS2_PLACEMENT_3D('',#883,#884,#885);
#509=EDGE_LOOP('',(#886,#887,#888,#889));
#510=AXIS2_PLACEMENT_3D('',#890,#891,#892);
#511=EDGE_LOOP('',(#893,#894,#895,#896,#897,#898,#899,#900));
#512=AXIS2_PLACEMENT_3D('',#901,#902,#903);
#513=EDGE_LOOP('',(#904,#905,#906,#907));
#514=AXIS2_PLACEMENT_3D('',#908,#909,#910);
#515=EDGE_LOOP('',(#911,#912,#913,#914));
#516=AXIS2_PLACEMENT_3D('',#915,#916,#917);
#517=EDGE_LOOP('',(#918,#919,#920,#921));
#518=AXIS2_PLACEMENT_3D('',#922,#923,#924);
#519=EDGE_LOOP('',(#925,#926,#927,#928));
#520=AXIS2_PLACEMENT_3D('',#929,#930,#931);
#521=EDGE_LOOP('',(#932,#933,#934,#935));
#522=AXIS2_PLACEMENT_3D('',#936,#937,#938);
#523=EDGE_LOOP('',(#939,#940,#941,#942,#943,#944,#945,#946));
#524=AXIS2_PLACEMENT_3D('',#947,#948,#949);
#525=EDGE_LOOP('',(#950,#951,#952,#953,#954,#955,#956,#957,#958,#959,#960,#961,#962,#963,#964,#965,#966,#967,#968,#969));
#526=AXIS2_PLACEMENT_3D('',#970,#971,#972);
#527=EDGE_LOOP('',(#973,#974,#975,#976));
#528=AXIS2_PLACEMENT_3D('',#977,#978,#979);
#529=EDGE_LOOP('',(#980,#981,#982,#983,#984,#985));
#530=EDGE_LOOP('',(#986,#987));
#531=AXIS2_PLACEMENT_3D('',#988,#989,#990);
#532=EDGE_LOOP('',(#991,#992,#993,#994));
#533=AXIS2_PLACEMENT_3D('',#995,#996,#997);
#534=EDGE_LOOP('',(#998,#999,#1000,#1001,#1002,#1003));
#535=AXIS2_PLACEMENT_3D('',#1004,#1005,#1006);
#536=EDGE_LOOP('',(#1007,#1008,#1009,#1010));
#537=AXIS2_PLACEMENT_3D('',#1011,#1012,#1013);
#538=EDGE_LOOP('',(#1014,#1015,#1016,#1017));
#539=AXIS2_PLACEMENT_3D('',#1018,#1019,#1020);
#540=EDGE_LOOP('',(#1021,#1022,#1023,#1024,#1025,#1026));
#541=AXIS2_PLACEMENT_3D('',#1027,#1028,#1029);
#542=EDGE_LOOP('',(#1030,#1031,#1032,#1033));
#543=AXIS2_PLACEMENT_3D('',#1034,#1035,#1036);
#544=EDGE_LOOP('',(#1037,#1038,#1039,#1040));
#545=AXIS2_PLACEMENT_3D('',#1041,#1042,#1043);
#546=EDGE_LOOP('',(#1044,#1045,#1046,#1047,#1048,#1049));
#547=AXIS2_PLACEMENT_3D('',#1050,#1051,#1052);
#548=EDGE_LOOP('',(#1053,#1054,#1055,#1056,#1057,#1058));
#549=AXIS2_PLACEMENT_3D('',#1059,#1060,#1061);
#550=EDGE_LOOP('',(#1062,#1063,#1064,#1065,#1066,#1067));
#551=EDGE_LOOP('',(#1068,#1069));
#552=AXIS2_PLACEMENT_3D('',#1070,#1071,#1072);
#553=EDGE_LOOP('',(#1073,#1074,#1075,#1076,#1077));
#554=AXIS2_PLACEMENT_3D('',#1078,#1079,#1080);
#555=EDGE_LOOP('',(#1081,#1082,#1083,#1084,#1085,#1086,#1087,#1088,#1089,#1090,#1091,#1092));
#556=AXIS2_PLACEMENT_3D('',#1093,#1094,#1095);
#557=EDGE_LOOP('',(#1096,#1097,#1098,#1099,#1100,#1101,#1102,#1103));
#558=EDGE_LOOP('',(#1104,#1105));
#559=EDGE_LOOP('',(#1106,#1107,#1108));
#560=EDGE_LOOP('',(#1109,#1110,#1111));
#561=EDGE_LOOP('',(#1112,#1113));
#562=AXIS2_PLACEMENT_3D('',#1114,#1115,#1116);
#563=EDGE_LOOP('',(#1117,#1118,#1119,#1120,#1121,#1122,#1123,#1124,#1125,#1126));
#564=AXIS2_PLACEMENT_3D('',#1127,#1128,#1129);
#565=EDGE_LOOP('',(#1130,#1131,#1132,#1133));
#566=AXIS2_PLACEMENT_3D('',#1134,#1135,#1136);
#567=EDGE_LOOP('',(#1137,#1138,#1139,#1140));
#568=AXIS2_PLACEMENT_3D('',#1141,#1142,#1143);
#569=EDGE_LOOP('',(#1144,#1145,#1146,#1147));
#570=AXIS2_PLACEMENT_3D('',#1148,#1149,#1150);
#571=EDGE_LOOP('',(#1151,#1152,#1153,#1154,#1155,#1156,#1157,#1158));
#572=AXIS2_PLACEMENT_3D('',#1159,#1160,#1161);
#573=EDGE_LOOP('',(#1162,#1163,#1164,#1165));
#574=AXIS2_PLACEMENT_3D('',#1166,#1167,#1168);
#575=EDGE_LOOP('',(#1169,#1170,#1171,#1172,#1173));
#576=AXIS2_PLACEMENT_3D('',#1174,#1175,#1176);
#577=EDGE_LOOP('',(#1177,#1178,#1179,#1180,#1181));
#578=AXIS2_PLACEMENT_3D('',#1182,#1183,#1184);
#579=EDGE_LOOP('',(#1185,#1186,#1187,#1188));
#580=AXIS2_PLACEMENT_3D('',#1189,#1190,#1191);
#581=EDGE_LOOP('',(#1192,#1193,#1194,#1195));
#582=AXIS2_PLACEMENT_3D('',#1196,#1197,#1198);
#583=EDGE_LOOP('',(#1199,#1200,#1201,#1202,#1203));
#584=AXIS2_PLACEMENT_3D('',#1204,#1205,#1206);
#585=EDGE_LOOP('',(#1207,#1208,#1209,#1210,#1211));
#586=AXIS2_PLACEMENT_3D('',#1212,#1213,#1214);
#587=EDGE_LOOP('',(#1215,#1216,#1217,#1218));
#588=AXIS2_PLACEMENT_3D('',#1219,#1220,#1221);
#589=EDGE_LOOP('',(#1222,#1223,#1224,#1225,#1226,#1227,#1228,#1229));
#590=AXIS2_PLACEMENT_3D('',#1230,#1231,#1232);
#591=EDGE_LOOP('',(#1233,#1234,#1235,#1236));
#592=AXIS2_PLACEMENT_3D('',#1237,#1238,#1239);
#593=EDGE_LOOP('',(#1240,#1241,#1242,#1243));
#594=AXIS2_PLACEMENT_3D('',#1244,#1245,#1246);
#595=EDGE_LOOP('',(#1247,#1248,#1249,#1250,#1251,#1252,#1253,#1254,#1255,#1256));
#596=AXIS2_PLACEMENT_3D('',#1257,#1258,#1259);
#597=EDGE_LOOP('',(#1260,#1261,#1262,#1263));
#598=AXIS2_PLACEMENT_3D('',#1264,#1265,#1266);
#599=EDGE_LOOP('',(#1267,#1268,#1269,#1270));
#600=AXIS2_PLACEMENT_3D('',#1271,#1272,#1273);
#601=EDGE_LOOP('',(#1274,#1275,#1276,#1277,#1278,#1279,#1280,#1281));
#602=AXIS2_PLACEMENT_3D('',#1282,#1283,#1284);
#603=EDGE_LOOP('',(#1285,#1286,#1287,#1288,#1289,#1290,#1291,#1292,#1293,#1294,#1295,#1296,#1297,#1298,#1299,#1300,#1301,#1302,#1303,#1304,#1305,#1306,#1307,#1308));
#604=AXIS2_PLACEMENT_3D('',#1309,#1310,#1311);
#605=EDGE_LOOP('',(#1312,#1313,#1314,#1315));
#606=AXIS2_PLACEMENT_3D('',#1316,#1317,#1318);
#607=EDGE_LOOP('',(#1319,#1320,#1321,#1322));
#608=EDGE_LOOP('',(#1323,#1324,#1325));
#609=AXIS2_PLACEMENT_3D('',#1326,#1327,#1328);
#610=EDGE_LOOP('',(#1329,#1330,#1331,#1332));
#611=AXIS2_PLACEMENT_3D('',#1333,#1334,#1335);
#612=EDGE_LOOP('',(#1336,#1337,#1338,#1339));
#613=AXIS2_PLACEMENT_3D('',#1340,#1341,#1342);
#614=EDGE_LOOP('',(#1343,#1344,#1345,#1346,#1347,#1348,#1349));
#615=AXIS2_PLACEMENT_3D('',#1350,#1351,#1352);
#616=EDGE_LOOP('',(#1353,#1354,#1355,#1356,#1357));
#617=AXIS2_PLACEMENT_3D('',#1358,#1359,#1360);
#618=EDGE_LOOP('',(#1361,#1362,#1363,#1364));
#619=AXIS2_PLACEMENT_3D('',#1365,#1366,#1367);
#620=EDGE_LOOP('',(#1368,#1369,#1370,#1371));
#621=AXIS2_PLACEMENT_3D('',#1372,#1373,#1374);
#622=EDGE_LOOP('',(#1375,#1376,#1377,#1378));
#623=AXIS2_PLACEMENT_3D('',#1379,#1380,#1381);
#624=EDGE_LOOP('',(#1382,#1383,#1384,#1385,#1386));
#625=AXIS2_PLACEMENT_3D('',#1387,#1388,#1389);
#626=EDGE_LOOP('',(#1390,#1391,#1392,#1393,#1394,#1395));
#627=AXIS2_PLACEMENT_3D('',#1396,#1397,#1398);
#628=EDGE_LOOP('',(#1399,#1400,#1401,#1402,#1403,#1404,#1405));
#629=AXIS2_PLACEMENT_3D('',#1406,#1407,#1408);
#630=EDGE_LOOP('',(#1409,#1410,#1411,#1412));
#631=AXIS2_PLACEMENT_3D('',#1413,#1414,#1415);
#632=EDGE_LOOP('',(#1416,#1417,#1418,#1419,#1420));
#633=AXIS2_PLACEMENT_3D('',#1421,#1422,#1423);
#634=EDGE_LOOP('',(#1424,#1425,#1426,#1427));
#635=AXIS2_PLACEMENT_3D('',#1428,#1429,#1430);
#636=EDGE_LOOP('',(#1431,#1432,#1433,#1434));
#637=AXIS2_PLACEMENT_3D('',#1435,#1436,#1437);
#638=EDGE_LOOP('',(#1438,#1439,#1440,#1441));
#639=AXIS2_PLACEMENT_3D('',#1442,#1443,#1444);
#640=EDGE_LOOP('',(#1445,#1446,#1447,#1448));
#641=AXIS2_PLACEMENT_3D('',#1449,#1450,#1451);
#642=EDGE_LOOP('',(#1452,#1453,#1454,#1455));
#643=AXIS2_PLACEMENT_3D('',#1456,#1457,#1458);
#644=EDGE_LOOP('',(#1459,#1460,#1461,#1462));
#645=AXIS2_PLACEMENT_3D('',#1463,#1464,#1465);
#646=EDGE_LOOP('',(#1466,#1467,#1468,#1469));
#647=AXIS2_PLACEMENT_3D('',#1470,#1471,#1472);
#648=EDGE_LOOP('',(#1473,#1474,#1475,#1476,#1477));
#649=AXIS2_PLACEMENT_3D('',#1478,#1479,#1480);
#650=EDGE_LOOP('',(#1481,#1482,#1483,#1484));
#651=AXIS2_PLACEMENT_3D('',#1485,#1486,#1487);
#652=EDGE_LOOP('',(#1488,#1489,#1490,#1491));
#653=AXIS2_PLACEMENT_3D('',#1492,#1493,#1494);
#654=EDGE_LOOP('',(#1495,#1496,#1497,#1498));
#655=AXIS2_PLACEMENT_3D('',#1499,#1500,#1501);
#656=EDGE_LOOP('',(#1502,#1503,#1504,#1505));
#657=AXIS2_PLACEMENT_3D('',#1506,#1507,#1508);
#658=EDGE_LOOP('',(#1509,#1510,#1511,#1512));
#659=AXIS2_PLACEMENT_3D('',#1513,#1514,#1515);
#660=EDGE_LOOP('',(#1516,#1517,#1518,#1519));
#661=EDGE_LOOP('',(#1520,#1521,#1522));
#662=AXIS2_PLACEMENT_3D('',#1523,#1524,#1525);
#663=EDGE_LOOP('',(#1526,#1527,#1528,#1529));
#664=AXIS2_PLACEMENT_3D('',#1530,#1531,#1532);
#665=EDGE_LOOP('',(#1533,#1534,#1535,#1536));
#666=AXIS2_PLACEMENT_3D('',#1537,#1538,#1539);
#667=EDGE_LOOP('',(#1540,#1541,#1542,#1543,#1544,#1545,#1546));
#668=AXIS2_PLACEMENT_3D('',#1547,#1548,#1549);
#669=EDGE_LOOP('',(#1550,#1551,#1552,#1553,#1554));
#670=AXIS2_PLACEMENT_3D('',#1555,#1556,#1557);
#671=EDGE_LOOP('',(#1558,#1559,#1560,#1561));
#672=AXIS2_PLACEMENT_3D('',#1562,#1563,#1564);
#673=EDGE_LOOP('',(#1565,#1566,#1567,#1568));
#674=AXIS2_PLACEMENT_3D('',#1569,#1570,#1571);
#675=EDGE_LOOP('',(#1572,#1573,#1574,#1575));
#676=AXIS2_PLACEMENT_3D('',#1576,#1577,#1578);
#677=EDGE_LOOP('',(#1579,#1580,#1581,#1582,#1583));
#678=AXIS2_PLACEMENT_3D('',#1584,#1585,#1586);
#679=EDGE_LOOP('',(#1587,#1588,#1589,#1590,#1591,#1592));
#680=AXIS2_PLACEMENT_3D('',#1593,#1594,#1595);
#681=EDGE_LOOP('',(#1596,#1597,#1598,#1599,#1600,#1601,#1602));
#682=AXIS2_PLACEMENT_3D('',#1603,#1604,#1605);
#683=EDGE_LOOP('',(#1606,#1607,#1608,#1609));
#684=AXIS2_PLACEMENT_3D('',#1610,#1611,#1612);
#685=EDGE_LOOP('',(#1613,#1614,#1615,#1616,#1617));
#686=AXIS2_PLACEMENT_3D('',#1618,#1619,#1620);
#687=EDGE_LOOP('',(#1621,#1622,#1623,#1624));
#688=AXIS2_PLACEMENT_3D('',#1625,#1626,#1627);
#689=EDGE_LOOP('',(#1628,#1629,#1630,#1631));
#690=AXIS2_PLACEMENT_3D('',#1632,#1633,#1634);
#691=EDGE_LOOP('',(#1635,#1636,#1637,#1638));
#692=AXIS2_PLACEMENT_3D('',#1639,#1640,#1641);
#693=EDGE_LOOP('',(#1642,#1643,#1644,#1645));
#694=AXIS2_PLACEMENT_3D('',#1646,#1647,#1648);
#695=EDGE_LOOP('',(#1649,#1650,#1651,#1652));
#696=AXIS2_PLACEMENT_3D('',#1653,#1654,#1655);
#697=EDGE_LOOP('',(#1656,#1657,#1658,#1659));
#698=AXIS2_PLACEMENT_3D('',#1660,#1661,#1662);
#699=EDGE_LOOP('',(#1663,#1664,#1665,#1666));
#700=AXIS2_PLACEMENT_3D('',#1667,#1668,#1669);
#701=EDGE_LOOP('',(#1670,#1671,#1672,#1673,#1674));
#702=AXIS2_PLACEMENT_3D('',#1675,#1676,#1677);
#703=EDGE_LOOP('',(#1678,#1679,#1680,#1681));
#704=AXIS2_PLACEMENT_3D('',#1682,#1683,#1684);
#705=EDGE_LOOP('',(#1685,#1686,#1687,#1688));
#706=AXIS2_PLACEMENT_3D('',#1689,#1690,#1691);
#707=EDGE_LOOP('',(#1692,#1693,#1694,#1695));
#708=AXIS2_PLACEMENT_3D('',#1696,#1697,#1698);
#709=EDGE_LOOP('',(#1699,#1700,#1701,#1702));
#710=AXIS2_PLACEMENT_3D('',#1703,#1704,#1705);
#711=EDGE_LOOP('',(#1706,#1707,#1708,#1709));
#712=AXIS2_PLACEMENT_3D('',#1710,#1711,#1712);
#713=EDGE_LOOP('',(#1713,#1714,#1715,#1716));
#714=AXIS2_PLACEMENT_3D('',#1717,#1718,#1719);
#715=EDGE_LOOP('',(#1720,#1721,#1722,#1723,#1724));
#716=AXIS2_PLACEMENT_3D('',#1725,#1726,#1727);
#717=EDGE_LOOP('',(#1728,#1729,#1730,#1731,#1732));
#718=AXIS2_PLACEMENT_3D('',#1733,#1734,#1735);
#719=EDGE_LOOP('',(#1736,#1737,#1738,#1739));
#720=AXIS2_PLACEMENT_3D('',#1740,#1741,#1742);
#721=EDGE_LOOP('',(#1743,#1744,#1745,#1746,#1747));
#722=AXIS2_PLACEMENT_3D('',#1748,#1749,#1750);
#723=EDGE_LOOP('',(#1751,#1752,#1753,#1754,#1755));
#724=AXIS2_PLACEMENT_3D('',#1756,#1757,#1758);
#725=EDGE_LOOP('',(#1759,#1760,#1761,#1762,#1763));
#726=AXIS2_PLACEMENT_3D('',#1764,#1765,#1766);
#727=EDGE_LOOP('',(#1767,#1768,#1769,#1770));
#728=AXIS2_PLACEMENT_3D('',#1771,#1772,#1773);
#729=EDGE_LOOP('',(#1774,#1775,#1776,#1777));
#730=AXIS2_PLACEMENT_3D('',#1778,#1779,#1780);
#731=EDGE_LOOP('',(#1781,#1782,#1783,#1784));
#732=AXIS2_PLACEMENT_3D('',#1785,#1786,#1787);
#733=EDGE_LOOP('',(#1788,#1789,#1790,#1791,#1792));
#734=AXIS2_PLACEMENT_3D('',#1793,#1794,#1795);
#735=EDGE_LOOP('',(#1796,#1797,#1798,#1799,#1800));
#736=AXIS2_PLACEMENT_3D('',#1801,#1802,#1803);
#737=EDGE_LOOP('',(#1804,#1805,#1806,#1807));
#738=AXIS2_PLACEMENT_3D('',#1808,#1809,#1810);
#739=EDGE_LOOP('',(#1811,#1812,#1813,#1814));
#740=AXIS2_PLACEMENT_3D('',#1815,#1816,#1817);
#741=EDGE_LOOP('',(#1818,#1819,#1820,#1821));
#742=AXIS2_PLACEMENT_3D('',#1822,#1823,#1824);
#743=EDGE_LOOP('',(#1825,#1826,#1827,#1828,#1829));
#744=AXIS2_PLACEMENT_3D('',#1830,#1831,#1832);
#745=EDGE_LOOP('',(#1833,#1834,#1835,#1836,#1837));
#746=AXIS2_PLACEMENT_3D('',#1838,#1839,#1840);
#747=EDGE_LOOP('',(#1841,#1842,#1843,#1844));
#748=AXIS2_PLACEMENT_3D('',#1845,#1846,#1847);
#749=EDGE_LOOP('',(#1848,#1849,#1850,#1851));
#750=AXIS2_PLACEMENT_3D('',#1852,#1853,#1854);
#751=EDGE_LOOP('',(#1855,#1856,#1857,#1858));
#752=AXIS2_PLACEMENT_3D('',#1859,#1860,#1861);
#753=EDGE_LOOP('',(#1862,#1863,#1864,#1865,#1866));
#754=AXIS2_PLACEMENT_3D('',#1867,#1868,#1869);
#755=EDGE_LOOP('',(#1870,#1871,#1872,#1873,#1874));
#756=AXIS2_PLACEMENT_3D('',#1875,#1876,#1877);
#757=EDGE_LOOP('',(#1878,#1879,#1880,#1881));
#758=AXIS2_PLACEMENT_3D('',#1882,#1883,#1884);
#759=EDGE_LOOP('',(#1885,#1886,#1887,#1888));
#760=AXIS2_PLACEMENT_3D('',#1889,#1890,#1891);
#761=EDGE_LOOP('',(#1892,#1893,#1894,#1895));
#762=AXIS2_PLACEMENT_3D('',#1896,#1897,#1898);
#763=ORIENTED_EDGE('',*,*,#1899,.F.);
#764=ORIENTED_EDGE('',*,*,#1900,.F.);
#765=ORIENTED_EDGE('',*,*,#1901,.T.);
#766=ORIENTED_EDGE('',*,*,#1902,.T.);
#767=CARTESIAN_POINT('',(2.25,1.5,-7.05000000001));
#768=DIRECTION('',(-0.0,0.0,1.0));
#769=DIRECTION('',(0.0,-1.0,0.0));
#770=ORIENTED_EDGE('',*,*,#1903,.F.);
#771=ORIENTED_EDGE('',*,*,#1904,.T.);
#772=ORIENTED_EDGE('',*,*,#1901,.F.);
#773=ORIENTED_EDGE('',*,*,#1905,.F.);
#774=CARTESIAN_POINT('',(2.25,1.5,-7.05000000001));
#775=DIRECTION('',(-0.0,0.0,1.0));
#776=DIRECTION('',(0.0,-1.0,0.0));
#777=ORIENTED_EDGE('',*,*,#1906,.F.);
#778=ORIENTED_EDGE('',*,*,#1907,.T.);
#779=ORIENTED_EDGE('',*,*,#1908,.F.);
#780=ORIENTED_EDGE('',*,*,#1909,.F.);
#781=CARTESIAN_POINT('',(2.25,1.5,-0.3999999999902));
#782=DIRECTION('',(0.0,-0.0,-1.0));
#783=DIRECTION('',(0.0,-1.0,0.0));
#784=ORIENTED_EDGE('',*,*,#1910,.F.);
#785=ORIENTED_EDGE('',*,*,#1911,.F.);
#786=ORIENTED_EDGE('',*,*,#1908,.T.);
#787=ORIENTED_EDGE('',*,*,#1912,.T.);
#788=CARTESIAN_POINT('',(2.25,1.5,-0.3999999999902));
#789=DIRECTION('',(0.0,-0.0,-1.0));
#790=DIRECTION('',(0.0,-1.0,0.0));
#791=ORIENTED_EDGE('',*,*,#1913,.F.);
#792=ORIENTED_EDGE('',*,*,#1914,.F.);
#793=ORIENTED_EDGE('',*,*,#1915,.T.);
#794=ORIENTED_EDGE('',*,*,#1916,.T.);
#795=CARTESIAN_POINT('',(-2.25,1.5,-7.05000000001));
#796=DIRECTION('',(-0.0,0.0,1.0));
#797=DIRECTION('',(0.0,-1.0,0.0));
#798=ORIENTED_EDGE('',*,*,#1917,.F.);
#799=ORIENTED_EDGE('',*,*,#1918,.T.);
#800=ORIENTED_EDGE('',*,*,#1915,.F.);
#801=ORIENTED_EDGE('',*,*,#1919,.F.);
#802=CARTESIAN_POINT('',(-2.25,1.5,-7.05000000001));
#803=DIRECTION('',(-0.0,0.0,1.0));
#804=DIRECTION('',(0.0,-1.0,0.0));
#805=ORIENTED_EDGE('',*,*,#1920,.F.);
#806=ORIENTED_EDGE('',*,*,#1921,.T.);
#807=ORIENTED_EDGE('',*,*,#1922,.F.);
#808=ORIENTED_EDGE('',*,*,#1923,.F.);
#809=CARTESIAN_POINT('',(-2.25,1.5,-0.3999999999902));
#810=DIRECTION('',(0.0,-0.0,-1.0));
#811=DIRECTION('',(0.0,-1.0,0.0));
#812=ORIENTED_EDGE('',*,*,#1924,.F.);
#813=ORIENTED_EDGE('',*,*,#1925,.F.);
#814=ORIENTED_EDGE('',*,*,#1922,.T.);
#815=ORIENTED_EDGE('',*,*,#1926,.T.);
#816=CARTESIAN_POINT('',(-2.25,1.5,-0.3999999999902));
#817=DIRECTION('',(0.0,-0.0,-1.0));
#818=DIRECTION('',(0.0,-1.0,0.0));
#819=ORIENTED_EDGE('',*,*,#1927,.F.);
#820=ORIENTED_EDGE('',*,*,#1928,.T.);
#821=ORIENTED_EDGE('',*,*,#1929,.F.);
#822=ORIENTED_EDGE('',*,*,#1930,.F.);
#823=CARTESIAN_POINT('',(-0.75,1.5,-7.05000000001));
#824=DIRECTION('',(-0.0,0.0,1.0));
#825=DIRECTION('',(0.0,-1.0,0.0));
#826=ORIENTED_EDGE('',*,*,#1931,.F.);
#827=ORIENTED_EDGE('',*,*,#1932,.F.);
#828=ORIENTED_EDGE('',*,*,#1929,.T.);
#829=ORIENTED_EDGE('',*,*,#1933,.T.);
#830=CARTESIAN_POINT('',(-0.75,1.5,-7.05000000001));
#831=DIRECTION('',(-0.0,0.0,1.0));
#832=DIRECTION('',(0.0,-1.0,0.0));
#833=ORIENTED_EDGE('',*,*,#1934,.F.);
#834=ORIENTED_EDGE('',*,*,#1935,.F.);
#835=ORIENTED_EDGE('',*,*,#1936,.F.);
#836=ORIENTED_EDGE('',*,*,#1937,.T.);
#837=ORIENTED_EDGE('',*,*,#1938,.F.);
#838=ORIENTED_EDGE('',*,*,#1939,.F.);
#839=ORIENTED_EDGE('',*,*,#1933,.F.);
#840=ORIENTED_EDGE('',*,*,#1940,.T.);
#841=CARTESIAN_POINT('',(-0.75,1.5,-7.2));
#842=DIRECTION('',(-0.0,0.0,1.0));
#843=DIRECTION('',(1.0,0.0,0.0));
#844=ORIENTED_EDGE('',*,*,#1941,.F.);
#845=ORIENTED_EDGE('',*,*,#1942,.T.);
#846=ORIENTED_EDGE('',*,*,#1943,.F.);
#847=ORIENTED_EDGE('',*,*,#1944,.T.);
#848=CARTESIAN_POINT('',(-0.75,1.5,-7.2));
#849=DIRECTION('',(-0.0,0.0,1.0));
#850=DIRECTION('',(1.0,0.0,0.0));
#851=ORIENTED_EDGE('',*,*,#1945,.F.);
#852=ORIENTED_EDGE('',*,*,#1946,.T.);
#853=ORIENTED_EDGE('',*,*,#1947,.F.);
#854=ORIENTED_EDGE('',*,*,#1948,.F.);
#855=CARTESIAN_POINT('',(-0.75,1.5,-0.3999999999902));
#856=DIRECTION('',(0.0,-0.0,-1.0));
#857=DIRECTION('',(0.0,-1.0,0.0));
#858=ORIENTED_EDGE('',*,*,#1949,.F.);
#859=ORIENTED_EDGE('',*,*,#1950,.F.);
#860=ORIENTED_EDGE('',*,*,#1947,.T.);
#861=ORIENTED_EDGE('',*,*,#1951,.T.);
#862=CARTESIAN_POINT('',(-0.75,1.5,-0.3999999999902));
#863=DIRECTION('',(0.0,-0.0,-1.0));
#864=DIRECTION('',(0.0,-1.0,0.0));
#865=ORIENTED_EDGE('',*,*,#1952,.F.);
#866=ORIENTED_EDGE('',*,*,#1942,.F.);
#867=ORIENTED_EDGE('',*,*,#1953,.T.);
#868=ORIENTED_EDGE('',*,*,#1954,.T.);
#869=CARTESIAN_POINT('',(-0.75,1.5,-6.7));
#870=DIRECTION('',(0.0,-0.0,-1.0));
#871=DIRECTION('',(0.0,-1.0,0.0));
#872=ORIENTED_EDGE('',*,*,#1955,.F.);
#873=ORIENTED_EDGE('',*,*,#1956,.F.);
#874=ORIENTED_EDGE('',*,*,#1957,.T.);
#875=ORIENTED_EDGE('',*,*,#1958,.F.);
#876=CARTESIAN_POINT('',(-0.75,1.5,-6.7));
#877=DIRECTION('',(0.0,-0.0,-1.0));
#878=DIRECTION('',(0.0,-1.0,0.0));
#879=ORIENTED_EDGE('',*,*,#1959,.F.);
#880=ORIENTED_EDGE('',*,*,#1960,.T.);
#881=ORIENTED_EDGE('',*,*,#1961,.F.);
#882=ORIENTED_EDGE('',*,*,#1962,.F.);
#883=CARTESIAN_POINT('',(0.75,1.5,-7.05000000001));
#884=DIRECTION('',(-0.0,0.0,1.0));
#885=DIRECTION('',(0.0,-1.0,0.0));
#886=ORIENTED_EDGE('',*,*,#1963,.F.);
#887=ORIENTED_EDGE('',*,*,#1964,.F.);
#888=ORIENTED_EDGE('',*,*,#1961,.T.);
#889=ORIENTED_EDGE('',*,*,#1965,.T.);
#890=CARTESIAN_POINT('',(0.75,1.5,-7.05000000001));
#891=DIRECTION('',(-0.0,0.0,1.0));
#892=DIRECTION('',(0.0,-1.0,0.0));
#893=ORIENTED_EDGE('',*,*,#1966,.F.);
#894=ORIENTED_EDGE('',*,*,#1967,.F.);
#895=ORIENTED_EDGE('',*,*,#1968,.F.);
#896=ORIENTED_EDGE('',*,*,#1965,.F.);
#897=ORIENTED_EDGE('',*,*,#1969,.T.);
#898=ORIENTED_EDGE('',*,*,#1970,.T.);
#899=ORIENTED_EDGE('',*,*,#1971,.T.);
#900=ORIENTED_EDGE('',*,*,#1972,.T.);
#901=CARTESIAN_POINT('',(0.75,1.5,-7.2));
#902=DIRECTION('',(-0.0,0.0,1.0));
#903=DIRECTION('',(1.0,0.0,0.0));
#904=ORIENTED_EDGE('',*,*,#1973,.F.);
#905=ORIENTED_EDGE('',*,*,#1974,.F.);
#906=ORIENTED_EDGE('',*,*,#1975,.T.);
#907=ORIENTED_EDGE('',*,*,#1976,.T.);
#908=CARTESIAN_POINT('',(0.75,1.5,-7.2));
#909=DIRECTION('',(-0.0,0.0,1.0));
#910=DIRECTION('',(1.0,0.0,0.0));
#911=ORIENTED_EDGE('',*,*,#1977,.F.);
#912=ORIENTED_EDGE('',*,*,#1978,.T.);
#913=ORIENTED_EDGE('',*,*,#1979,.F.);
#914=ORIENTED_EDGE('',*,*,#1980,.F.);
#915=CARTESIAN_POINT('',(0.75,1.5,-0.3999999999902));
#916=DIRECTION('',(0.0,-0.0,-1.0));
#917=DIRECTION('',(0.0,-1.0,0.0));
#918=ORIENTED_EDGE('',*,*,#1981,.F.);
#919=ORIENTED_EDGE('',*,*,#1982,.F.);
#920=ORIENTED_EDGE('',*,*,#1979,.T.);
#921=ORIENTED_EDGE('',*,*,#1983,.T.);
#922=CARTESIAN_POINT('',(0.75,1.5,-0.3999999999902));
#923=DIRECTION('',(0.0,-0.0,-1.0));
#924=DIRECTION('',(0.0,-1.0,0.0));
#925=ORIENTED_EDGE('',*,*,#1984,.F.);
#926=ORIENTED_EDGE('',*,*,#1985,.T.);
#927=ORIENTED_EDGE('',*,*,#1986,.F.);
#928=ORIENTED_EDGE('',*,*,#1976,.F.);
#929=CARTESIAN_POINT('',(0.75,1.5,-6.7));
#930=DIRECTION('',(-0.0,0.0,1.0));
#931=DIRECTION('',(0.0,-1.0,0.0));
#932=ORIENTED_EDGE('',*,*,#1987,.F.);
#933=ORIENTED_EDGE('',*,*,#1983,.F.);
#934=ORIENTED_EDGE('',*,*,#1988,.F.);
#935=ORIENTED_EDGE('',*,*,#1989,.F.);
#936=CARTESIAN_POINT('',(0.75,1.5,-6.7));
#937=DIRECTION('',(-0.0,0.0,1.0));
#938=DIRECTION('',(0.0,-1.0,0.0));
#939=ORIENTED_EDGE('',*,*,#1990,.F.);
#940=ORIENTED_EDGE('',*,*,#1991,.F.);
#941=ORIENTED_EDGE('',*,*,#1992,.F.);
#942=ORIENTED_EDGE('',*,*,#1993,.F.);
#943=ORIENTED_EDGE('',*,*,#1994,.F.);
#944=ORIENTED_EDGE('',*,*,#1995,.F.);
#945=ORIENTED_EDGE('',*,*,#1996,.F.);
#946=ORIENTED_EDGE('',*,*,#1997,.F.);
#947=CARTESIAN_POINT('',(-3.75,0.0,0.0));
#948=DIRECTION('',(1.0,0.0,0.0));
#949=DIRECTION('',(0.0,1.0,0.0));
#950=ORIENTED_EDGE('',*,*,#1998,.T.);
#951=ORIENTED_EDGE('',*,*,#1999,.F.);
#952=ORIENTED_EDGE('',*,*,#2000,.F.);
#953=ORIENTED_EDGE('',*,*,#2001,.T.);
#954=ORIENTED_EDGE('',*,*,#2002,.T.);
#955=ORIENTED_EDGE('',*,*,#2003,.F.);
#956=ORIENTED_EDGE('',*,*,#2004,.F.);
#957=ORIENTED_EDGE('',*,*,#2005,.T.);
#958=ORIENTED_EDGE('',*,*,#2006,.T.);
#959=ORIENTED_EDGE('',*,*,#2007,.F.);
#960=ORIENTED_EDGE('',*,*,#2008,.F.);
#961=ORIENTED_EDGE('',*,*,#2009,.T.);
#962=ORIENTED_EDGE('',*,*,#2010,.T.);
#963=ORIENTED_EDGE('',*,*,#2011,.F.);
#964=ORIENTED_EDGE('',*,*,#2012,.F.);
#965=ORIENTED_EDGE('',*,*,#1997,.T.);
#966=ORIENTED_EDGE('',*,*,#2013,.T.);
#967=ORIENTED_EDGE('',*,*,#2014,.F.);
#968=ORIENTED_EDGE('',*,*,#2015,.F.);
#969=ORIENTED_EDGE('',*,*,#2016,.T.);
#970=CARTESIAN_POINT('',(-3.75,3.7,-4.5));
#971=DIRECTION('',(-0.0,1.0,0.0));
#972=DIRECTION('',(1.0,0.0,0.0));
#973=ORIENTED_EDGE('',*,*,#2016,.F.);
#974=ORIENTED_EDGE('',*,*,#2017,.F.);
#975=ORIENTED_EDGE('',*,*,#2018,.T.);
#976=ORIENTED_EDGE('',*,*,#2019,.T.);
#977=CARTESIAN_POINT('',(2.725,0.0,-4.5));
#978=DIRECTION('',(1.0,0.0,0.0));
#979=DIRECTION('',(0.0,1.0,0.0));
#980=ORIENTED_EDGE('',*,*,#2020,.T.);
#981=ORIENTED_EDGE('',*,*,#2021,.T.);
#982=ORIENTED_EDGE('',*,*,#2022,.T.);
#983=ORIENTED_EDGE('',*,*,#2023,.T.);
#984=ORIENTED_EDGE('',*,*,#1998,.F.);
#985=ORIENTED_EDGE('',*,*,#2019,.F.);
#986=ORIENTED_EDGE('',*,*,#2024,.F.);
#987=ORIENTED_EDGE('',*,*,#2025,.F.);
#988=CARTESIAN_POINT('',(2.725,0.0,-4.35));
#989=DIRECTION('',(0.0,0.0,1.0));
#990=DIRECTION('',(1.0,0.0,0.0));
#991=ORIENTED_EDGE('',*,*,#2026,.F.);
#992=ORIENTED_EDGE('',*,*,#2027,.T.);
#993=ORIENTED_EDGE('',*,*,#1999,.T.);
#994=ORIENTED_EDGE('',*,*,#2023,.F.);
#995=CARTESIAN_POINT('',(1.775,0.0,-4.35));
#996=DIRECTION('',(-1.0,0.0,0.0));
#997=DIRECTION('',(0.0,0.0,1.0));
#998=ORIENTED_EDGE('',*,*,#2028,.F.);
#999=ORIENTED_EDGE('',*,*,#2029,.T.);
#1000=ORIENTED_EDGE('',*,*,#2030,.F.);
#1001=ORIENTED_EDGE('',*,*,#1990,.T.);
#1002=ORIENTED_EDGE('',*,*,#2012,.T.);
#1003=ORIENTED_EDGE('',*,*,#2031,.F.);
#1004=CARTESIAN_POINT('',(-3.75,0.0,-4.5));
#1005=DIRECTION('',(0.0,0.0,-1.0));
#1006=DIRECTION('',(0.0,-1.0,0.0));
#1007=ORIENTED_EDGE('',*,*,#2032,.F.);
#1008=ORIENTED_EDGE('',*,*,#2033,.T.);
#1009=ORIENTED_EDGE('',*,*,#2008,.T.);
#1010=ORIENTED_EDGE('',*,*,#2034,.F.);
#1011=CARTESIAN_POINT('',(-3.75,0.0,-4.5));
#1012=DIRECTION('',(0.0,0.0,-1.0));
#1013=DIRECTION('',(0.0,-1.0,0.0));
#1014=ORIENTED_EDGE('',*,*,#2035,.F.);
#1015=ORIENTED_EDGE('',*,*,#2036,.T.);
#1016=ORIENTED_EDGE('',*,*,#2004,.T.);
#1017=ORIENTED_EDGE('',*,*,#2037,.F.);
#1018=CARTESIAN_POINT('',(-3.75,0.0,-4.5));
#1019=DIRECTION('',(0.0,0.0,-1.0));
#1020=DIRECTION('',(0.0,-1.0,0.0));
#1021=ORIENTED_EDGE('',*,*,#2015,.T.);
#1022=ORIENTED_EDGE('',*,*,#2038,.F.);
#1023=ORIENTED_EDGE('',*,*,#2039,.F.);
#1024=ORIENTED_EDGE('',*,*,#2040,.F.);
#1025=ORIENTED_EDGE('',*,*,#2041,.F.);
#1026=ORIENTED_EDGE('',*,*,#2017,.T.);
#1027=CARTESIAN_POINT('',(-3.75,0.0,-4.5));
#1028=DIRECTION('',(0.0,0.0,-1.0));
#1029=DIRECTION('',(0.0,-1.0,0.0));
#1030=ORIENTED_EDGE('',*,*,#2042,.F.);
#1031=ORIENTED_EDGE('',*,*,#2043,.T.);
#1032=ORIENTED_EDGE('',*,*,#2000,.T.);
#1033=ORIENTED_EDGE('',*,*,#2027,.F.);
#1034=CARTESIAN_POINT('',(-3.75,0.0,-4.5));
#1035=DIRECTION('',(0.0,0.0,-1.0));
#1036=DIRECTION('',(0.0,-1.0,0.0));
#1037=ORIENTED_EDGE('',*,*,#2044,.F.);
#1038=ORIENTED_EDGE('',*,*,#2045,.F.);
#1039=ORIENTED_EDGE('',*,*,#2031,.T.);
#1040=ORIENTED_EDGE('',*,*,#2011,.T.);
#1041=CARTESIAN_POINT('',(-2.725,0.0,-4.35));
#1042=DIRECTION('',(-1.0,0.0,0.0));
#1043=DIRECTION('',(0.0,0.0,1.0));
#1044=ORIENTED_EDGE('',*,*,#2046,.T.);
#1045=ORIENTED_EDGE('',*,*,#2047,.F.);
#1046=ORIENTED_EDGE('',*,*,#2048,.T.);
#1047=ORIENTED_EDGE('',*,*,#2028,.T.);
#1048=ORIENTED_EDGE('',*,*,#2045,.T.);
#1049=ORIENTED_EDGE('',*,*,#2049,.F.);
#1050=CARTESIAN_POINT('',(-3.35,0.55,0.0));
#1051=DIRECTION('',(0.0,-1.0,0.0));
#1052=DIRECTION('',(0.0,0.0,-1.0));
#1053=ORIENTED_EDGE('',*,*,#2041,.T.);
#1054=ORIENTED_EDGE('',*,*,#2050,.T.);
#1055=ORIENTED_EDGE('',*,*,#2051,.F.);
#1056=ORIENTED_EDGE('',*,*,#2052,.T.);
#1057=ORIENTED_EDGE('',*,*,#2020,.F.);
#1058=ORIENTED_EDGE('',*,*,#2018,.F.);
#1059=CARTESIAN_POINT('',(-3.35,0.55,0.0));
#1060=DIRECTION('',(0.0,-1.0,0.0));
#1061=DIRECTION('',(0.0,0.0,-1.0));
#1062=ORIENTED_EDGE('',*,*,#2053,.F.);
#1063=ORIENTED_EDGE('',*,*,#2054,.T.);
#1064=ORIENTED_EDGE('',*,*,#2055,.F.);
#1065=ORIENTED_EDGE('',*,*,#2049,.T.);
#1066=ORIENTED_EDGE('',*,*,#2044,.T.);
#1067=ORIENTED_EDGE('',*,*,#2010,.F.);
#1068=ORIENTED_EDGE('',*,*,#2056,.F.);
#1069=ORIENTED_EDGE('',*,*,#2057,.F.);
#1070=CARTESIAN_POINT('',(-1.775,0.0,-4.35));
#1071=DIRECTION('',(0.0,0.0,1.0));
#1072=DIRECTION('',(1.0,0.0,0.0));
#1073=ORIENTED_EDGE('',*,*,#2058,.T.);
#1074=ORIENTED_EDGE('',*,*,#2059,.T.);
#1075=ORIENTED_EDGE('',*,*,#2060,.F.);
#1076=ORIENTED_EDGE('',*,*,#2046,.F.);
#1077=ORIENTED_EDGE('',*,*,#2055,.T.);
#1078=CARTESIAN_POINT('',(-2.55,0.0,-4.5));
#1079=DIRECTION('',(1.0,0.0,0.0));
#1080=DIRECTION('',(0.0,1.0,0.0));
#1081=ORIENTED_EDGE('',*,*,#2061,.T.);
#1082=ORIENTED_EDGE('',*,*,#2062,.F.);
#1083=ORIENTED_EDGE('',*,*,#2063,.F.);
#1084=ORIENTED_EDGE('',*,*,#2064,.F.);
#1085=ORIENTED_EDGE('',*,*,#2065,.F.);
#1086=ORIENTED_EDGE('',*,*,#2066,.T.);
#1087=ORIENTED_EDGE('',*,*,#2067,.F.);
#1088=ORIENTED_EDGE('',*,*,#2068,.T.);
#1089=ORIENTED_EDGE('',*,*,#2069,.T.);
#1090=ORIENTED_EDGE('',*,*,#2070,.F.);
#1091=ORIENTED_EDGE('',*,*,#2071,.F.);
#1092=ORIENTED_EDGE('',*,*,#2060,.T.);
#1093=CARTESIAN_POINT('',(-3.35,0.55,0.0));
#1094=DIRECTION('',(0.0,-1.0,0.0));
#1095=DIRECTION('',(0.0,0.0,-1.0));
#1096=ORIENTED_EDGE('',*,*,#2071,.T.);
#1097=ORIENTED_EDGE('',*,*,#2051,.T.);
#1098=ORIENTED_EDGE('',*,*,#2067,.T.);
#1099=ORIENTED_EDGE('',*,*,#2072,.T.);
#1100=ORIENTED_EDGE('',*,*,#2073,.T.);
#1101=ORIENTED_EDGE('',*,*,#2074,.F.);
#1102=ORIENTED_EDGE('',*,*,#2063,.T.);
#1103=ORIENTED_EDGE('',*,*,#2047,.T.);
#1104=ORIENTED_EDGE('',*,*,#2075,.T.);
#1105=ORIENTED_EDGE('',*,*,#2076,.T.);
#1106=ORIENTED_EDGE('',*,*,#2077,.T.);
#1107=ORIENTED_EDGE('',*,*,#1956,.T.);
#1108=ORIENTED_EDGE('',*,*,#2078,.T.);
#1109=ORIENTED_EDGE('',*,*,#2079,.T.);
#1110=ORIENTED_EDGE('',*,*,#2080,.T.);
#1111=ORIENTED_EDGE('',*,*,#1989,.T.);
#1112=ORIENTED_EDGE('',*,*,#2081,.T.);
#1113=ORIENTED_EDGE('',*,*,#2082,.T.);
#1114=CARTESIAN_POINT('',(0.0,0.0,-2.9));
#1115=DIRECTION('',(0.0,0.0,1.0));
#1116=DIRECTION('',(1.0,0.0,0.0));
#1117=ORIENTED_EDGE('',*,*,#2083,.F.);
#1118=ORIENTED_EDGE('',*,*,#2084,.T.);
#1119=ORIENTED_EDGE('',*,*,#2085,.T.);
#1120=ORIENTED_EDGE('',*,*,#2086,.T.);
#1121=ORIENTED_EDGE('',*,*,#2087,.T.);
#1122=ORIENTED_EDGE('',*,*,#2088,.T.);
#1123=ORIENTED_EDGE('',*,*,#2064,.T.);
#1124=ORIENTED_EDGE('',*,*,#2074,.T.);
#1125=ORIENTED_EDGE('',*,*,#2089,.T.);
#1126=ORIENTED_EDGE('',*,*,#2090,.F.);
#1127=CARTESIAN_POINT('',(-3.35,3.3,0.0));
#1128=DIRECTION('',(-1.0,0.0,0.0));
#1129=DIRECTION('',(0.0,0.0,1.0));
#1130=ORIENTED_EDGE('',*,*,#2091,.F.);
#1131=ORIENTED_EDGE('',*,*,#2092,.T.);
#1132=ORIENTED_EDGE('',*,*,#2093,.T.);
#1133=ORIENTED_EDGE('',*,*,#2090,.T.);
#1134=CARTESIAN_POINT('',(0.0,0.0,-3.5));
#1135=DIRECTION('',(0.0,0.0,1.0));
#1136=DIRECTION('',(1.0,0.0,0.0));
#1137=ORIENTED_EDGE('',*,*,#2083,.T.);
#1138=ORIENTED_EDGE('',*,*,#2093,.F.);
#1139=ORIENTED_EDGE('',*,*,#2094,.F.);
#1140=ORIENTED_EDGE('',*,*,#2095,.F.);
#1141=CARTESIAN_POINT('',(3.35,3.3,0.0));
#1142=DIRECTION('',(-0.0,1.0,0.0));
#1143=DIRECTION('',(1.0,0.0,0.0));
#1144=ORIENTED_EDGE('',*,*,#2096,.T.);
#1145=ORIENTED_EDGE('',*,*,#2095,.T.);
#1146=ORIENTED_EDGE('',*,*,#2097,.T.);
#1147=ORIENTED_EDGE('',*,*,#2098,.F.);
#1148=CARTESIAN_POINT('',(0.0,3.375,-0.125));
#1149=DIRECTION('',(0.0,-0.857492925712544,0.514495755427527));
#1150=DIRECTION('',(-1.0,0.0,0.0));
#1151=ORIENTED_EDGE('',*,*,#2098,.T.);
#1152=ORIENTED_EDGE('',*,*,#2099,.F.);
#1153=ORIENTED_EDGE('',*,*,#2100,.T.);
#1154=ORIENTED_EDGE('',*,*,#2101,.F.);
#1155=ORIENTED_EDGE('',*,*,#2013,.F.);
#1156=ORIENTED_EDGE('',*,*,#1996,.T.);
#1157=ORIENTED_EDGE('',*,*,#2102,.T.);
#1158=ORIENTED_EDGE('',*,*,#2103,.F.);
#1159=CARTESIAN_POINT('',(-3.75,3.7,0.0));
#1160=DIRECTION('',(0.0,0.0,1.0));
#1161=DIRECTION('',(1.0,0.0,0.0));
#1162=ORIENTED_EDGE('',*,*,#2084,.F.);
#1163=ORIENTED_EDGE('',*,*,#2096,.F.);
#1164=ORIENTED_EDGE('',*,*,#2103,.T.);
#1165=ORIENTED_EDGE('',*,*,#2104,.F.);
#1166=CARTESIAN_POINT('',(-3.475,2.6,-0.125));
#1167=DIRECTION('',(0.707106781186548,0.0,0.707106781186548));
#1168=DIRECTION('',(0.0,-1.0,0.0));
#1169=ORIENTED_EDGE('',*,*,#2102,.F.);
#1170=ORIENTED_EDGE('',*,*,#1995,.T.);
#1171=ORIENTED_EDGE('',*,*,#2105,.T.);
#1172=ORIENTED_EDGE('',*,*,#2085,.F.);
#1173=ORIENTED_EDGE('',*,*,#2104,.T.);
#1174=CARTESIAN_POINT('',(-3.75,1.9,0.0));
#1175=DIRECTION('',(0.0,-1.0,0.0));
#1176=DIRECTION('',(0.0,0.0,-1.0));
#1177=ORIENTED_EDGE('',*,*,#2106,.T.);
#1178=ORIENTED_EDGE('',*,*,#2107,.T.);
#1179=ORIENTED_EDGE('',*,*,#2108,.F.);
#1180=ORIENTED_EDGE('',*,*,#2100,.F.);
#1181=ORIENTED_EDGE('',*,*,#2109,.T.);
#1182=CARTESIAN_POINT('',(-3.75,1.9,0.0));
#1183=DIRECTION('',(0.0,-1.0,0.0));
#1184=DIRECTION('',(0.0,0.0,-1.0));
#1185=ORIENTED_EDGE('',*,*,#2105,.F.);
#1186=ORIENTED_EDGE('',*,*,#1994,.T.);
#1187=ORIENTED_EDGE('',*,*,#2110,.T.);
#1188=ORIENTED_EDGE('',*,*,#2086,.F.);
#1189=CARTESIAN_POINT('',(-3.75,1.9,-2.3));
#1190=DIRECTION('',(0.0,0.0,1.0));
#1191=DIRECTION('',(1.0,0.0,0.0));
#1192=ORIENTED_EDGE('',*,*,#2111,.T.);
#1193=ORIENTED_EDGE('',*,*,#2112,.F.);
#1194=ORIENTED_EDGE('',*,*,#2107,.F.);
#1195=ORIENTED_EDGE('',*,*,#2113,.T.);
#1196=CARTESIAN_POINT('',(-3.75,1.9,-2.3));
#1197=DIRECTION('',(0.0,0.0,1.0));
#1198=DIRECTION('',(1.0,0.0,0.0));
#1199=ORIENTED_EDGE('',*,*,#2087,.F.);
#1200=ORIENTED_EDGE('',*,*,#2110,.F.);
#1201=ORIENTED_EDGE('',*,*,#1993,.T.);
#1202=ORIENTED_EDGE('',*,*,#2114,.T.);
#1203=ORIENTED_EDGE('',*,*,#2115,.T.);
#1204=CARTESIAN_POINT('',(-3.75,0.9,-2.3));
#1205=DIRECTION('',(-0.0,1.0,0.0));
#1206=DIRECTION('',(1.0,0.0,0.0));
#1207=ORIENTED_EDGE('',*,*,#2116,.T.);
#1208=ORIENTED_EDGE('',*,*,#2117,.F.);
#1209=ORIENTED_EDGE('',*,*,#2111,.F.);
#1210=ORIENTED_EDGE('',*,*,#2118,.T.);
#1211=ORIENTED_EDGE('',*,*,#2119,.T.);
#1212=CARTESIAN_POINT('',(-3.75,0.9,-2.3));
#1213=DIRECTION('',(-0.0,1.0,0.0));
#1214=DIRECTION('',(1.0,0.0,0.0));
#1215=ORIENTED_EDGE('',*,*,#2120,.F.);
#1216=ORIENTED_EDGE('',*,*,#2088,.F.);
#1217=ORIENTED_EDGE('',*,*,#2115,.F.);
#1218=ORIENTED_EDGE('',*,*,#2121,.T.);
#1219=CARTESIAN_POINT('',(-3.475,0.725,-0.125));
#1220=DIRECTION('',(0.707106781186548,0.0,0.707106781186548));
#1221=DIRECTION('',(0.0,-1.0,0.0));
#1222=ORIENTED_EDGE('',*,*,#2114,.F.);
#1223=ORIENTED_EDGE('',*,*,#1992,.T.);
#1224=ORIENTED_EDGE('',*,*,#2122,.T.);
#1225=ORIENTED_EDGE('',*,*,#2123,.F.);
#1226=ORIENTED_EDGE('',*,*,#2116,.F.);
#1227=ORIENTED_EDGE('',*,*,#2124,.F.);
#1228=ORIENTED_EDGE('',*,*,#2125,.T.);
#1229=ORIENTED_EDGE('',*,*,#2121,.F.);
#1230=CARTESIAN_POINT('',(-3.75,0.9,0.0));
#1231=DIRECTION('',(0.0,0.0,1.0));
#1232=DIRECTION('',(1.0,0.0,0.0));
#1233=ORIENTED_EDGE('',*,*,#2120,.T.);
#1234=ORIENTED_EDGE('',*,*,#2125,.F.);
#1235=ORIENTED_EDGE('',*,*,#2126,.T.);
#1236=ORIENTED_EDGE('',*,*,#2065,.T.);
#1237=CARTESIAN_POINT('',(0.0,0.475,-0.125));
#1238=DIRECTION('',(0.0,0.857492925712544,0.514495755427527));
#1239=DIRECTION('',(1.0,0.0,-0.0));
#1240=ORIENTED_EDGE('',*,*,#2127,.F.);
#1241=ORIENTED_EDGE('',*,*,#2126,.F.);
#1242=ORIENTED_EDGE('',*,*,#2124,.T.);
#1243=ORIENTED_EDGE('',*,*,#2119,.F.);
#1244=CARTESIAN_POINT('',(3.475,0.725,-0.125));
#1245=DIRECTION('',(-0.707106781186548,0.0,0.707106781186548));
#1246=DIRECTION('',(0.0,1.0,0.0));
#1247=ORIENTED_EDGE('',*,*,#2066,.F.);
#1248=ORIENTED_EDGE('',*,*,#2127,.T.);
#1249=ORIENTED_EDGE('',*,*,#2118,.F.);
#1250=ORIENTED_EDGE('',*,*,#2113,.F.);
#1251=ORIENTED_EDGE('',*,*,#2106,.F.);
#1252=ORIENTED_EDGE('',*,*,#2128,.T.);
#1253=ORIENTED_EDGE('',*,*,#2094,.T.);
#1254=ORIENTED_EDGE('',*,*,#2092,.F.);
#1255=ORIENTED_EDGE('',*,*,#2129,.T.);
#1256=ORIENTED_EDGE('',*,*,#2072,.F.);
#1257=CARTESIAN_POINT('',(3.35,0.55,0.0));
#1258=DIRECTION('',(1.0,0.0,0.0));
#1259=DIRECTION('',(0.0,1.0,0.0));
#1260=ORIENTED_EDGE('',*,*,#2091,.T.);
#1261=ORIENTED_EDGE('',*,*,#2089,.F.);
#1262=ORIENTED_EDGE('',*,*,#2073,.F.);
#1263=ORIENTED_EDGE('',*,*,#2129,.F.);
#1264=CARTESIAN_POINT('',(0.0,2.125,-3.2));
#1265=DIRECTION('',(0.0,0.863778900898419,0.503871025524111));
#1266=DIRECTION('',(1.0,0.0,-0.0));
#1267=ORIENTED_EDGE('',*,*,#2097,.F.);
#1268=ORIENTED_EDGE('',*,*,#2128,.F.);
#1269=ORIENTED_EDGE('',*,*,#2109,.F.);
#1270=ORIENTED_EDGE('',*,*,#2099,.T.);
#1271=CARTESIAN_POINT('',(3.475,2.6,-0.125));
#1272=DIRECTION('',(-0.707106781186548,0.0,0.707106781186548));
#1273=DIRECTION('',(0.0,1.0,0.0));
#1274=ORIENTED_EDGE('',*,*,#2101,.T.);
#1275=ORIENTED_EDGE('',*,*,#2108,.T.);
#1276=ORIENTED_EDGE('',*,*,#2112,.T.);
#1277=ORIENTED_EDGE('',*,*,#2117,.T.);
#1278=ORIENTED_EDGE('',*,*,#2123,.T.);
#1279=ORIENTED_EDGE('',*,*,#2130,.T.);
#1280=ORIENTED_EDGE('',*,*,#2038,.T.);
#1281=ORIENTED_EDGE('',*,*,#2014,.T.);
#1282=CARTESIAN_POINT('',(3.75,0.0,0.0));
#1283=DIRECTION('',(1.0,0.0,0.0));
#1284=DIRECTION('',(0.0,1.0,0.0));
#1285=ORIENTED_EDGE('',*,*,#2131,.T.);
#1286=ORIENTED_EDGE('',*,*,#2132,.F.);
#1287=ORIENTED_EDGE('',*,*,#2133,.F.);
#1288=ORIENTED_EDGE('',*,*,#2039,.T.);
#1289=ORIENTED_EDGE('',*,*,#2130,.F.);
#1290=ORIENTED_EDGE('',*,*,#2122,.F.);
#1291=ORIENTED_EDGE('',*,*,#1991,.T.);
#1292=ORIENTED_EDGE('',*,*,#2030,.T.);
#1293=ORIENTED_EDGE('',*,*,#2134,.T.);
#1294=ORIENTED_EDGE('',*,*,#2135,.F.);
#1295=ORIENTED_EDGE('',*,*,#2058,.F.);
#1296=ORIENTED_EDGE('',*,*,#2054,.F.);
#1297=ORIENTED_EDGE('',*,*,#2136,.F.);
#1298=ORIENTED_EDGE('',*,*,#2032,.T.);
#1299=ORIENTED_EDGE('',*,*,#2137,.T.);
#1300=ORIENTED_EDGE('',*,*,#2138,.F.);
#1301=ORIENTED_EDGE('',*,*,#2139,.F.);
#1302=ORIENTED_EDGE('',*,*,#2035,.T.);
#1303=ORIENTED_EDGE('',*,*,#2140,.T.);
#1304=ORIENTED_EDGE('',*,*,#2141,.F.);
#1305=ORIENTED_EDGE('',*,*,#2142,.F.);
#1306=ORIENTED_EDGE('',*,*,#2042,.T.);
#1307=ORIENTED_EDGE('',*,*,#2026,.T.);
#1308=ORIENTED_EDGE('',*,*,#2022,.F.);
#1309=CARTESIAN_POINT('',(-3.75,0.0,0.0));
#1310=DIRECTION('',(0.0,-1.0,0.0));
#1311=DIRECTION('',(0.0,0.0,-1.0));
#1312=ORIENTED_EDGE('',*,*,#2001,.F.);
#1313=ORIENTED_EDGE('',*,*,#2043,.F.);
#1314=ORIENTED_EDGE('',*,*,#2142,.T.);
#1315=ORIENTED_EDGE('',*,*,#2143,.T.);
#1316=CARTESIAN_POINT('',(1.225,0.0,-4.5));
#1317=DIRECTION('',(1.0,0.0,0.0));
#1318=DIRECTION('',(0.0,1.0,0.0));
#1319=ORIENTED_EDGE('',*,*,#2141,.T.);
#1320=ORIENTED_EDGE('',*,*,#2144,.T.);
#1321=ORIENTED_EDGE('',*,*,#2002,.F.);
#1322=ORIENTED_EDGE('',*,*,#2143,.F.);
#1323=ORIENTED_EDGE('',*,*,#2145,.F.);
#1324=ORIENTED_EDGE('',*,*,#1985,.F.);
#1325=ORIENTED_EDGE('',*,*,#2146,.F.);
#1326=CARTESIAN_POINT('',(1.225,0.0,-4.35));
#1327=DIRECTION('',(0.0,0.0,1.0));
#1328=DIRECTION('',(1.0,0.0,0.0));
#1329=ORIENTED_EDGE('',*,*,#2140,.F.);
#1330=ORIENTED_EDGE('',*,*,#2037,.T.);
#1331=ORIENTED_EDGE('',*,*,#2003,.T.);
#1332=ORIENTED_EDGE('',*,*,#2144,.F.);
#1333=CARTESIAN_POINT('',(0.275,0.0,-4.35));
#1334=DIRECTION('',(-1.0,0.0,0.0));
#1335=DIRECTION('',(0.0,0.0,1.0));
#1336=ORIENTED_EDGE('',*,*,#1987,.T.);
#1337=ORIENTED_EDGE('',*,*,#2080,.F.);
#1338=ORIENTED_EDGE('',*,*,#2147,.T.);
#1339=ORIENTED_EDGE('',*,*,#2148,.F.);
#1340=CARTESIAN_POINT('',(0.75,1.5,-6.7));
#1341=DIRECTION('',(-0.0,0.0,1.0));
#1342=DIRECTION('',(0.0,-1.0,0.0));
#1343=ORIENTED_EDGE('',*,*,#1984,.T.);
#1344=ORIENTED_EDGE('',*,*,#1975,.F.);
#1345=ORIENTED_EDGE('',*,*,#2149,.F.);
#1346=ORIENTED_EDGE('',*,*,#2150,.T.);
#1347=ORIENTED_EDGE('',*,*,#2151,.T.);
#1348=ORIENTED_EDGE('',*,*,#2152,.T.);
#1349=ORIENTED_EDGE('',*,*,#2146,.T.);
#1350=CARTESIAN_POINT('',(0.75,1.5,-6.7));
#1351=DIRECTION('',(-0.0,0.0,1.0));
#1352=DIRECTION('',(0.0,-1.0,0.0));
#1353=ORIENTED_EDGE('',*,*,#1970,.F.);
#1354=ORIENTED_EDGE('',*,*,#2153,.F.);
#1355=ORIENTED_EDGE('',*,*,#2154,.T.);
#1356=ORIENTED_EDGE('',*,*,#2155,.T.);
#1357=ORIENTED_EDGE('',*,*,#1971,.F.);
#1358=CARTESIAN_POINT('',(0.75,1.5,-6.7));
#1359=DIRECTION('',(-0.0,0.0,1.0));
#1360=DIRECTION('',(0.0,-1.0,0.0));
#1361=ORIENTED_EDGE('',*,*,#1981,.T.);
#1362=ORIENTED_EDGE('',*,*,#2148,.T.);
#1363=ORIENTED_EDGE('',*,*,#2156,.F.);
#1364=ORIENTED_EDGE('',*,*,#2157,.F.);
#1365=CARTESIAN_POINT('',(0.75,1.5,-0.3999999999902));
#1366=DIRECTION('',(0.0,-0.0,-1.0));
#1367=DIRECTION('',(0.0,-1.0,0.0));
#1368=ORIENTED_EDGE('',*,*,#1982,.T.);
#1369=ORIENTED_EDGE('',*,*,#2157,.T.);
#1370=ORIENTED_EDGE('',*,*,#2158,.T.);
#1371=ORIENTED_EDGE('',*,*,#1980,.T.);
#1372=CARTESIAN_POINT('',(-0.75,0.0,-0.25));
#1373=DIRECTION('',(0.0,0.0,-1.0));
#1374=DIRECTION('',(0.0,-1.0,0.0));
#1375=ORIENTED_EDGE('',*,*,#1977,.T.);
#1376=ORIENTED_EDGE('',*,*,#2158,.F.);
#1377=ORIENTED_EDGE('',*,*,#2156,.T.);
#1378=ORIENTED_EDGE('',*,*,#2159,.T.);
#1379=CARTESIAN_POINT('',(0.75,1.5,-0.3999999999902));
#1380=DIRECTION('',(0.0,-0.0,-1.0));
#1381=DIRECTION('',(0.0,-1.0,0.0));
#1382=ORIENTED_EDGE('',*,*,#2147,.F.);
#1383=ORIENTED_EDGE('',*,*,#2079,.F.);
#1384=ORIENTED_EDGE('',*,*,#1988,.T.);
#1385=ORIENTED_EDGE('',*,*,#1978,.F.);
#1386=ORIENTED_EDGE('',*,*,#2159,.F.);
#1387=CARTESIAN_POINT('',(0.75,1.5,-7.2));
#1388=DIRECTION('',(-0.0,0.0,1.0));
#1389=DIRECTION('',(1.0,0.0,0.0));
#1390=ORIENTED_EDGE('',*,*,#2160,.T.);
#1391=ORIENTED_EDGE('',*,*,#2153,.T.);
#1392=ORIENTED_EDGE('',*,*,#1969,.F.);
#1393=ORIENTED_EDGE('',*,*,#1960,.F.);
#1394=ORIENTED_EDGE('',*,*,#2161,.F.);
#1395=ORIENTED_EDGE('',*,*,#1967,.T.);
#1396=CARTESIAN_POINT('',(0.75,1.5,-7.2));
#1397=DIRECTION('',(-0.0,0.0,1.0));
#1398=DIRECTION('',(1.0,0.0,0.0));
#1399=ORIENTED_EDGE('',*,*,#1973,.T.);
#1400=ORIENTED_EDGE('',*,*,#1986,.T.);
#1401=ORIENTED_EDGE('',*,*,#2145,.T.);
#1402=ORIENTED_EDGE('',*,*,#2152,.F.);
#1403=ORIENTED_EDGE('',*,*,#2151,.F.);
#1404=ORIENTED_EDGE('',*,*,#2150,.F.);
#1405=ORIENTED_EDGE('',*,*,#2162,.F.);
#1406=CARTESIAN_POINT('',(0.75,1.5,-7.2));
#1407=DIRECTION('',(-0.0,0.0,1.0));
#1408=DIRECTION('',(1.0,0.0,0.0));
#1409=ORIENTED_EDGE('',*,*,#1966,.T.);
#1410=ORIENTED_EDGE('',*,*,#2163,.T.);
#1411=ORIENTED_EDGE('',*,*,#2154,.F.);
#1412=ORIENTED_EDGE('',*,*,#2160,.F.);
#1413=CARTESIAN_POINT('',(0.75,1.5,-7.2));
#1414=DIRECTION('',(-0.0,0.0,1.0));
#1415=DIRECTION('',(1.0,0.0,0.0));
#1416=ORIENTED_EDGE('',*,*,#2164,.T.);
#1417=ORIENTED_EDGE('',*,*,#2165,.T.);
#1418=ORIENTED_EDGE('',*,*,#2166,.F.);
#1419=ORIENTED_EDGE('',*,*,#2163,.F.);
#1420=ORIENTED_EDGE('',*,*,#1972,.F.);
#1421=CARTESIAN_POINT('',(0.75,2.0,-6.626108268163));
#1422=DIRECTION('',(-1.0,0.0,0.0));
#1423=DIRECTION('',(0.0,1.0,0.0));
#1424=ORIENTED_EDGE('',*,*,#2166,.T.);
#1425=ORIENTED_EDGE('',*,*,#2167,.T.);
#1426=ORIENTED_EDGE('',*,*,#2164,.F.);
#1427=ORIENTED_EDGE('',*,*,#2155,.F.);
#1428=CARTESIAN_POINT('',(0.75,2.0,-6.626108268163));
#1429=DIRECTION('',(-1.0,0.0,0.0));
#1430=DIRECTION('',(0.0,1.0,0.0));
#1431=ORIENTED_EDGE('',*,*,#2168,.T.);
#1432=ORIENTED_EDGE('',*,*,#2169,.T.);
#1433=ORIENTED_EDGE('',*,*,#2170,.F.);
#1434=ORIENTED_EDGE('',*,*,#2167,.F.);
#1435=CARTESIAN_POINT('',(0.75,1.516310255377,-6.499442444253));
#1436=DIRECTION('',(0.0,0.253331647820201,0.967379489245405));
#1437=DIRECTION('',(0.0,-0.967379489245405,0.253331647820201));
#1438=ORIENTED_EDGE('',*,*,#2170,.T.);
#1439=ORIENTED_EDGE('',*,*,#2171,.T.);
#1440=ORIENTED_EDGE('',*,*,#2168,.F.);
#1441=ORIENTED_EDGE('',*,*,#2165,.F.);
#1442=CARTESIAN_POINT('',(0.75,1.516310255377,-6.499442444253));
#1443=DIRECTION('',(0.0,0.253331647820201,0.967379489245405));
#1444=DIRECTION('',(0.0,-0.967379489245405,0.253331647820201));
#1445=ORIENTED_EDGE('',*,*,#2172,.T.);
#1446=ORIENTED_EDGE('',*,*,#2173,.T.);
#1447=ORIENTED_EDGE('',*,*,#2174,.F.);
#1448=ORIENTED_EDGE('',*,*,#2171,.F.);
#1449=CARTESIAN_POINT('',(0.75,1.2,-5.733616506675));
#1450=DIRECTION('',(1.0,0.0,0.0));
#1451=DIRECTION('',(0.0,-0.967379489245405,0.253331647820201));
#1452=ORIENTED_EDGE('',*,*,#2174,.T.);
#1453=ORIENTED_EDGE('',*,*,#2175,.T.);
#1454=ORIENTED_EDGE('',*,*,#2172,.F.);
#1455=ORIENTED_EDGE('',*,*,#2169,.F.);
#1456=CARTESIAN_POINT('',(0.75,1.2,-5.733616506675));
#1457=DIRECTION('',(1.0,0.0,0.0));
#1458=DIRECTION('',(0.0,-0.967379489245405,0.253331647820201));
#1459=ORIENTED_EDGE('',*,*,#2176,.T.);
#1460=ORIENTED_EDGE('',*,*,#2177,.T.);
#1461=ORIENTED_EDGE('',*,*,#2178,.F.);
#1462=ORIENTED_EDGE('',*,*,#2175,.F.);
#1463=CARTESIAN_POINT('',(0.75,1.686286634816,-5.617318145555));
#1464=DIRECTION('',(0.0,-0.232596722241291,0.972573269631963));
#1465=DIRECTION('',(0.0,-0.972573269631963,-0.232596722241291));
#1466=ORIENTED_EDGE('',*,*,#2178,.T.);
#1467=ORIENTED_EDGE('',*,*,#2179,.T.);
#1468=ORIENTED_EDGE('',*,*,#2176,.F.);
#1469=ORIENTED_EDGE('',*,*,#2173,.F.);
#1470=CARTESIAN_POINT('',(0.75,1.686286634816,-5.617318145555));
#1471=DIRECTION('',(0.0,-0.232596722241291,0.972573269631963));
#1472=DIRECTION('',(0.0,-0.972573269631963,-0.232596722241291));
#1473=ORIENTED_EDGE('',*,*,#2180,.T.);
#1474=ORIENTED_EDGE('',*,*,#1974,.T.);
#1475=ORIENTED_EDGE('',*,*,#2162,.T.);
#1476=ORIENTED_EDGE('',*,*,#2181,.F.);
#1477=ORIENTED_EDGE('',*,*,#2179,.F.);
#1478=CARTESIAN_POINT('',(0.75,2.0,-4.779426859651));
#1479=DIRECTION('',(-1.0,0.0,0.0));
#1480=DIRECTION('',(0.0,0.972573269631963,0.232596722241291));
#1481=ORIENTED_EDGE('',*,*,#2181,.T.);
#1482=ORIENTED_EDGE('',*,*,#2149,.T.);
#1483=ORIENTED_EDGE('',*,*,#2180,.F.);
#1484=ORIENTED_EDGE('',*,*,#2177,.F.);
#1485=CARTESIAN_POINT('',(0.75,2.0,-4.779426859651));
#1486=DIRECTION('',(-1.0,0.0,0.0));
#1487=DIRECTION('',(0.0,0.972573269631963,0.232596722241291));
#1488=ORIENTED_EDGE('',*,*,#1963,.T.);
#1489=ORIENTED_EDGE('',*,*,#1968,.T.);
#1490=ORIENTED_EDGE('',*,*,#2182,.F.);
#1491=ORIENTED_EDGE('',*,*,#2183,.F.);
#1492=CARTESIAN_POINT('',(0.75,1.5,-7.05000000001));
#1493=DIRECTION('',(-0.0,0.0,1.0));
#1494=DIRECTION('',(0.0,-1.0,0.0));
#1495=ORIENTED_EDGE('',*,*,#1964,.T.);
#1496=ORIENTED_EDGE('',*,*,#2183,.T.);
#1497=ORIENTED_EDGE('',*,*,#2184,.T.);
#1498=ORIENTED_EDGE('',*,*,#1962,.T.);
#1499=CARTESIAN_POINT('',(-0.75,0.0,-7.2));
#1500=DIRECTION('',(0.0,0.0,-1.0));
#1501=DIRECTION('',(0.0,-1.0,0.0));
#1502=ORIENTED_EDGE('',*,*,#1959,.T.);
#1503=ORIENTED_EDGE('',*,*,#2184,.F.);
#1504=ORIENTED_EDGE('',*,*,#2182,.T.);
#1505=ORIENTED_EDGE('',*,*,#2161,.T.);
#1506=CARTESIAN_POINT('',(0.75,1.5,-7.05000000001));
#1507=DIRECTION('',(-0.0,0.0,1.0));
#1508=DIRECTION('',(0.0,-1.0,0.0));
#1509=ORIENTED_EDGE('',*,*,#2005,.F.);
#1510=ORIENTED_EDGE('',*,*,#2036,.F.);
#1511=ORIENTED_EDGE('',*,*,#2139,.T.);
#1512=ORIENTED_EDGE('',*,*,#2185,.T.);
#1513=CARTESIAN_POINT('',(-0.275,0.0,-4.5));
#1514=DIRECTION('',(1.0,0.0,0.0));
#1515=DIRECTION('',(0.0,1.0,0.0));
#1516=ORIENTED_EDGE('',*,*,#2138,.T.);
#1517=ORIENTED_EDGE('',*,*,#2186,.T.);
#1518=ORIENTED_EDGE('',*,*,#2006,.F.);
#1519=ORIENTED_EDGE('',*,*,#2185,.F.);
#1520=ORIENTED_EDGE('',*,*,#2187,.F.);
#1521=ORIENTED_EDGE('',*,*,#2188,.F.);
#1522=ORIENTED_EDGE('',*,*,#1954,.F.);
#1523=CARTESIAN_POINT('',(-0.275,0.0,-4.35));
#1524=DIRECTION('',(0.0,0.0,1.0));
#1525=DIRECTION('',(1.0,0.0,0.0));
#1526=ORIENTED_EDGE('',*,*,#2137,.F.);
#1527=ORIENTED_EDGE('',*,*,#2034,.T.);
#1528=ORIENTED_EDGE('',*,*,#2007,.T.);
#1529=ORIENTED_EDGE('',*,*,#2186,.F.);
#1530=CARTESIAN_POINT('',(-1.225,0.0,-4.35));
#1531=DIRECTION('',(-1.0,0.0,0.0));
#1532=DIRECTION('',(0.0,0.0,1.0));
#1533=ORIENTED_EDGE('',*,*,#1955,.T.);
#1534=ORIENTED_EDGE('',*,*,#1951,.F.);
#1535=ORIENTED_EDGE('',*,*,#2189,.F.);
#1536=ORIENTED_EDGE('',*,*,#2078,.F.);
#1537=CARTESIAN_POINT('',(-0.75,1.5,-6.7));
#1538=DIRECTION('',(0.0,-0.0,-1.0));
#1539=DIRECTION('',(0.0,-1.0,0.0));
#1540=ORIENTED_EDGE('',*,*,#1952,.T.);
#1541=ORIENTED_EDGE('',*,*,#2188,.T.);
#1542=ORIENTED_EDGE('',*,*,#2190,.F.);
#1543=ORIENTED_EDGE('',*,*,#2191,.T.);
#1544=ORIENTED_EDGE('',*,*,#2192,.F.);
#1545=ORIENTED_EDGE('',*,*,#2193,.T.);
#1546=ORIENTED_EDGE('',*,*,#1943,.T.);
#1547=CARTESIAN_POINT('',(-0.75,1.5,-6.7));
#1548=DIRECTION('',(0.0,-0.0,-1.0));
#1549=DIRECTION('',(0.0,-1.0,0.0));
#1550=ORIENTED_EDGE('',*,*,#1936,.T.);
#1551=ORIENTED_EDGE('',*,*,#2194,.F.);
#1552=ORIENTED_EDGE('',*,*,#2195,.F.);
#1553=ORIENTED_EDGE('',*,*,#2196,.F.);
#1554=ORIENTED_EDGE('',*,*,#1937,.F.);
#1555=CARTESIAN_POINT('',(-0.75,1.5,-6.7));
#1556=DIRECTION('',(0.0,-0.0,-1.0));
#1557=DIRECTION('',(0.0,-1.0,0.0));
#1558=ORIENTED_EDGE('',*,*,#1949,.T.);
#1559=ORIENTED_EDGE('',*,*,#1958,.T.);
#1560=ORIENTED_EDGE('',*,*,#2197,.F.);
#1561=ORIENTED_EDGE('',*,*,#2198,.F.);
#1562=CARTESIAN_POINT('',(-0.75,1.5,-0.3999999999902));
#1563=DIRECTION('',(0.0,-0.0,-1.0));
#1564=DIRECTION('',(0.0,-1.0,0.0));
#1565=ORIENTED_EDGE('',*,*,#1950,.T.);
#1566=ORIENTED_EDGE('',*,*,#2198,.T.);
#1567=ORIENTED_EDGE('',*,*,#2199,.T.);
#1568=ORIENTED_EDGE('',*,*,#1948,.T.);
#1569=CARTESIAN_POINT('',(-2.25,0.0,-0.25));
#1570=DIRECTION('',(0.0,0.0,-1.0));
#1571=DIRECTION('',(0.0,-1.0,0.0));
#1572=ORIENTED_EDGE('',*,*,#1945,.T.);
#1573=ORIENTED_EDGE('',*,*,#2199,.F.);
#1574=ORIENTED_EDGE('',*,*,#2197,.T.);
#1575=ORIENTED_EDGE('',*,*,#2200,.T.);
#1576=CARTESIAN_POINT('',(-0.75,1.5,-0.3999999999902));
#1577=DIRECTION('',(0.0,-0.0,-1.0));
#1578=DIRECTION('',(0.0,-1.0,0.0));
#1579=ORIENTED_EDGE('',*,*,#1957,.F.);
#1580=ORIENTED_EDGE('',*,*,#2077,.F.);
#1581=ORIENTED_EDGE('',*,*,#2189,.T.);
#1582=ORIENTED_EDGE('',*,*,#1946,.F.);
#1583=ORIENTED_EDGE('',*,*,#2200,.F.);
#1584=CARTESIAN_POINT('',(-0.75,1.5,-7.2));
#1585=DIRECTION('',(-0.0,0.0,1.0));
#1586=DIRECTION('',(1.0,0.0,0.0));
#1587=ORIENTED_EDGE('',*,*,#2196,.T.);
#1588=ORIENTED_EDGE('',*,*,#2201,.T.);
#1589=ORIENTED_EDGE('',*,*,#1940,.F.);
#1590=ORIENTED_EDGE('',*,*,#1928,.F.);
#1591=ORIENTED_EDGE('',*,*,#2202,.F.);
#1592=ORIENTED_EDGE('',*,*,#1938,.T.);
#1593=CARTESIAN_POINT('',(-0.75,1.5,-7.2));
#1594=DIRECTION('',(-0.0,0.0,1.0));
#1595=DIRECTION('',(1.0,0.0,0.0));
#1596=ORIENTED_EDGE('',*,*,#1941,.T.);
#1597=ORIENTED_EDGE('',*,*,#2203,.T.);
#1598=ORIENTED_EDGE('',*,*,#2192,.T.);
#1599=ORIENTED_EDGE('',*,*,#2191,.F.);
#1600=ORIENTED_EDGE('',*,*,#2190,.T.);
#1601=ORIENTED_EDGE('',*,*,#2187,.T.);
#1602=ORIENTED_EDGE('',*,*,#1953,.F.);
#1603=CARTESIAN_POINT('',(-0.75,1.5,-7.2));
#1604=DIRECTION('',(-0.0,0.0,1.0));
#1605=DIRECTION('',(1.0,0.0,0.0));
#1606=ORIENTED_EDGE('',*,*,#1934,.T.);
#1607=ORIENTED_EDGE('',*,*,#2201,.F.);
#1608=ORIENTED_EDGE('',*,*,#2195,.T.);
#1609=ORIENTED_EDGE('',*,*,#2204,.F.);
#1610=CARTESIAN_POINT('',(-0.75,1.5,-7.2));
#1611=DIRECTION('',(-0.0,0.0,1.0));
#1612=DIRECTION('',(1.0,0.0,0.0));
#1613=ORIENTED_EDGE('',*,*,#2205,.T.);
#1614=ORIENTED_EDGE('',*,*,#2206,.F.);
#1615=ORIENTED_EDGE('',*,*,#2207,.F.);
#1616=ORIENTED_EDGE('',*,*,#1935,.T.);
#1617=ORIENTED_EDGE('',*,*,#2204,.T.);
#1618=CARTESIAN_POINT('',(-0.75,2.0,-6.626108268163));
#1619=DIRECTION('',(-1.0,0.0,0.0));
#1620=DIRECTION('',(0.0,1.0,0.0));
#1621=ORIENTED_EDGE('',*,*,#2207,.T.);
#1622=ORIENTED_EDGE('',*,*,#2208,.F.);
#1623=ORIENTED_EDGE('',*,*,#2205,.F.);
#1624=ORIENTED_EDGE('',*,*,#2194,.T.);
#1625=CARTESIAN_POINT('',(-0.75,2.0,-6.626108268163));
#1626=DIRECTION('',(-1.0,0.0,0.0));
#1627=DIRECTION('',(0.0,1.0,0.0));
#1628=ORIENTED_EDGE('',*,*,#2209,.T.);
#1629=ORIENTED_EDGE('',*,*,#2210,.F.);
#1630=ORIENTED_EDGE('',*,*,#2211,.F.);
#1631=ORIENTED_EDGE('',*,*,#2208,.T.);
#1632=CARTESIAN_POINT('',(-0.75,1.516310255377,-6.499442444253));
#1633=DIRECTION('',(0.0,-0.253331647820201,-0.967379489245405));
#1634=DIRECTION('',(0.0,-0.967379489245405,0.253331647820201));
#1635=ORIENTED_EDGE('',*,*,#2211,.T.);
#1636=ORIENTED_EDGE('',*,*,#2212,.F.);
#1637=ORIENTED_EDGE('',*,*,#2209,.F.);
#1638=ORIENTED_EDGE('',*,*,#2206,.T.);
#1639=CARTESIAN_POINT('',(-0.75,1.516310255377,-6.499442444253));
#1640=DIRECTION('',(0.0,-0.253331647820201,-0.967379489245405));
#1641=DIRECTION('',(0.0,-0.967379489245405,0.253331647820201));
#1642=ORIENTED_EDGE('',*,*,#2213,.T.);
#1643=ORIENTED_EDGE('',*,*,#2214,.F.);
#1644=ORIENTED_EDGE('',*,*,#2215,.F.);
#1645=ORIENTED_EDGE('',*,*,#2212,.T.);
#1646=CARTESIAN_POINT('',(-0.75,1.2,-5.733616506675));
#1647=DIRECTION('',(1.0,0.0,0.0));
#1648=DIRECTION('',(0.0,-0.967379489245405,0.253331647820201));
#1649=ORIENTED_EDGE('',*,*,#2215,.T.);
#1650=ORIENTED_EDGE('',*,*,#2216,.F.);
#1651=ORIENTED_EDGE('',*,*,#2213,.F.);
#1652=ORIENTED_EDGE('',*,*,#2210,.T.);
#1653=CARTESIAN_POINT('',(-0.75,1.2,-5.733616506675));
#1654=DIRECTION('',(1.0,0.0,0.0));
#1655=DIRECTION('',(0.0,-0.967379489245405,0.253331647820201));
#1656=ORIENTED_EDGE('',*,*,#2217,.T.);
#1657=ORIENTED_EDGE('',*,*,#2218,.F.);
#1658=ORIENTED_EDGE('',*,*,#2219,.F.);
#1659=ORIENTED_EDGE('',*,*,#2216,.T.);
#1660=CARTESIAN_POINT('',(-0.75,1.686286634816,-5.617318145555));
#1661=DIRECTION('',(0.0,0.232596722241291,-0.972573269631963));
#1662=DIRECTION('',(0.0,-0.972573269631963,-0.232596722241291));
#1663=ORIENTED_EDGE('',*,*,#2219,.T.);
#1664=ORIENTED_EDGE('',*,*,#2220,.F.);
#1665=ORIENTED_EDGE('',*,*,#2217,.F.);
#1666=ORIENTED_EDGE('',*,*,#2214,.T.);
#1667=CARTESIAN_POINT('',(-0.75,1.686286634816,-5.617318145555));
#1668=DIRECTION('',(0.0,0.232596722241291,-0.972573269631963));
#1669=DIRECTION('',(0.0,-0.972573269631963,-0.232596722241291));
#1670=ORIENTED_EDGE('',*,*,#2221,.T.);
#1671=ORIENTED_EDGE('',*,*,#2203,.F.);
#1672=ORIENTED_EDGE('',*,*,#1944,.F.);
#1673=ORIENTED_EDGE('',*,*,#2222,.F.);
#1674=ORIENTED_EDGE('',*,*,#2220,.T.);
#1675=CARTESIAN_POINT('',(-0.75,2.0,-4.779426859651));
#1676=DIRECTION('',(-1.0,0.0,0.0));
#1677=DIRECTION('',(0.0,0.972573269631963,0.232596722241291));
#1678=ORIENTED_EDGE('',*,*,#2222,.T.);
#1679=ORIENTED_EDGE('',*,*,#2193,.F.);
#1680=ORIENTED_EDGE('',*,*,#2221,.F.);
#1681=ORIENTED_EDGE('',*,*,#2218,.T.);
#1682=CARTESIAN_POINT('',(-0.75,2.0,-4.779426859651));
#1683=DIRECTION('',(-1.0,0.0,0.0));
#1684=DIRECTION('',(0.0,0.972573269631963,0.232596722241291));
#1685=ORIENTED_EDGE('',*,*,#1931,.T.);
#1686=ORIENTED_EDGE('',*,*,#1939,.T.);
#1687=ORIENTED_EDGE('',*,*,#2223,.F.);
#1688=ORIENTED_EDGE('',*,*,#2224,.F.);
#1689=CARTESIAN_POINT('',(-0.75,1.5,-7.05000000001));
#1690=DIRECTION('',(-0.0,0.0,1.0));
#1691=DIRECTION('',(0.0,-1.0,0.0));
#1692=ORIENTED_EDGE('',*,*,#1932,.T.);
#1693=ORIENTED_EDGE('',*,*,#2224,.T.);
#1694=ORIENTED_EDGE('',*,*,#2225,.T.);
#1695=ORIENTED_EDGE('',*,*,#1930,.T.);
#1696=CARTESIAN_POINT('',(-2.25,0.0,-7.2));
#1697=DIRECTION('',(0.0,0.0,-1.0));
#1698=DIRECTION('',(0.0,-1.0,0.0));
#1699=ORIENTED_EDGE('',*,*,#1927,.T.);
#1700=ORIENTED_EDGE('',*,*,#2225,.F.);
#1701=ORIENTED_EDGE('',*,*,#2223,.T.);
#1702=ORIENTED_EDGE('',*,*,#2202,.T.);
#1703=CARTESIAN_POINT('',(-0.75,1.5,-7.05000000001));
#1704=DIRECTION('',(-0.0,0.0,1.0));
#1705=DIRECTION('',(0.0,-1.0,0.0));
#1706=ORIENTED_EDGE('',*,*,#2033,.F.);
#1707=ORIENTED_EDGE('',*,*,#2136,.T.);
#1708=ORIENTED_EDGE('',*,*,#2053,.T.);
#1709=ORIENTED_EDGE('',*,*,#2009,.F.);
#1710=CARTESIAN_POINT('',(-1.775,0.0,-4.5));
#1711=DIRECTION('',(1.0,0.0,0.0));
#1712=DIRECTION('',(0.0,1.0,0.0));
#1713=ORIENTED_EDGE('',*,*,#2059,.F.);
#1714=ORIENTED_EDGE('',*,*,#2135,.T.);
#1715=ORIENTED_EDGE('',*,*,#2226,.T.);
#1716=ORIENTED_EDGE('',*,*,#2061,.F.);
#1717=CARTESIAN_POINT('',(-2.55,0.0,-1.698818597561));
#1718=DIRECTION('',(0.0,0.0,1.0));
#1719=DIRECTION('',(1.0,0.0,0.0));
#1720=ORIENTED_EDGE('',*,*,#2048,.F.);
#1721=ORIENTED_EDGE('',*,*,#2062,.T.);
#1722=ORIENTED_EDGE('',*,*,#2226,.F.);
#1723=ORIENTED_EDGE('',*,*,#2134,.F.);
#1724=ORIENTED_EDGE('',*,*,#2029,.F.);
#1725=CARTESIAN_POINT('',(-3.25,0.0,-1.698818597561));
#1726=DIRECTION('',(-1.0,0.0,0.0));
#1727=DIRECTION('',(0.0,0.0,1.0));
#1728=ORIENTED_EDGE('',*,*,#2133,.T.);
#1729=ORIENTED_EDGE('',*,*,#2227,.T.);
#1730=ORIENTED_EDGE('',*,*,#2068,.F.);
#1731=ORIENTED_EDGE('',*,*,#2050,.F.);
#1732=ORIENTED_EDGE('',*,*,#2040,.T.);
#1733=CARTESIAN_POINT('',(3.25,0.0,-4.5));
#1734=DIRECTION('',(1.0,0.0,0.0));
#1735=DIRECTION('',(0.0,1.0,0.0));
#1736=ORIENTED_EDGE('',*,*,#2227,.F.);
#1737=ORIENTED_EDGE('',*,*,#2132,.T.);
#1738=ORIENTED_EDGE('',*,*,#2228,.T.);
#1739=ORIENTED_EDGE('',*,*,#2069,.F.);
#1740=CARTESIAN_POINT('',(3.25,0.0,-1.698818597561));
#1741=DIRECTION('',(0.0,0.0,1.0));
#1742=DIRECTION('',(1.0,0.0,0.0));
#1743=ORIENTED_EDGE('',*,*,#2052,.F.);
#1744=ORIENTED_EDGE('',*,*,#2070,.T.);
#1745=ORIENTED_EDGE('',*,*,#2228,.F.);
#1746=ORIENTED_EDGE('',*,*,#2131,.F.);
#1747=ORIENTED_EDGE('',*,*,#2021,.F.);
#1748=CARTESIAN_POINT('',(2.55,0.0,-1.698818597561));
#1749=DIRECTION('',(-1.0,0.0,0.0));
#1750=DIRECTION('',(0.0,0.0,1.0));
#1751=ORIENTED_EDGE('',*,*,#2229,.F.);
#1752=ORIENTED_EDGE('',*,*,#2076,.F.);
#1753=ORIENTED_EDGE('',*,*,#2230,.T.);
#1754=ORIENTED_EDGE('',*,*,#2231,.F.);
#1755=ORIENTED_EDGE('',*,*,#1926,.F.);
#1756=CARTESIAN_POINT('',(-2.25,1.5,-7.2));
#1757=DIRECTION('',(-0.0,0.0,1.0));
#1758=DIRECTION('',(1.0,0.0,0.0));
#1759=ORIENTED_EDGE('',*,*,#2232,.T.);
#1760=ORIENTED_EDGE('',*,*,#2057,.T.);
#1761=ORIENTED_EDGE('',*,*,#2233,.F.);
#1762=ORIENTED_EDGE('',*,*,#2234,.F.);
#1763=ORIENTED_EDGE('',*,*,#1916,.F.);
#1764=CARTESIAN_POINT('',(-2.25,1.5,-7.2));
#1765=DIRECTION('',(-0.0,0.0,1.0));
#1766=DIRECTION('',(1.0,0.0,0.0));
#1767=ORIENTED_EDGE('',*,*,#1924,.T.);
#1768=ORIENTED_EDGE('',*,*,#2231,.T.);
#1769=ORIENTED_EDGE('',*,*,#2235,.F.);
#1770=ORIENTED_EDGE('',*,*,#2236,.F.);
#1771=CARTESIAN_POINT('',(-2.25,1.5,-0.3999999999902));
#1772=DIRECTION('',(0.0,-0.0,-1.0));
#1773=DIRECTION('',(0.0,-1.0,0.0));
#1774=ORIENTED_EDGE('',*,*,#1925,.T.);
#1775=ORIENTED_EDGE('',*,*,#2236,.T.);
#1776=ORIENTED_EDGE('',*,*,#2237,.T.);
#1777=ORIENTED_EDGE('',*,*,#1923,.T.);
#1778=CARTESIAN_POINT('',(-3.75,0.0,-0.25));
#1779=DIRECTION('',(0.0,0.0,-1.0));
#1780=DIRECTION('',(0.0,-1.0,0.0));
#1781=ORIENTED_EDGE('',*,*,#1920,.T.);
#1782=ORIENTED_EDGE('',*,*,#2237,.F.);
#1783=ORIENTED_EDGE('',*,*,#2235,.T.);
#1784=ORIENTED_EDGE('',*,*,#2238,.T.);
#1785=CARTESIAN_POINT('',(-2.25,1.5,-0.3999999999902));
#1786=DIRECTION('',(0.0,-0.0,-1.0));
#1787=DIRECTION('',(0.0,-1.0,0.0));
#1788=ORIENTED_EDGE('',*,*,#2230,.F.);
#1789=ORIENTED_EDGE('',*,*,#2075,.F.);
#1790=ORIENTED_EDGE('',*,*,#2229,.T.);
#1791=ORIENTED_EDGE('',*,*,#1921,.F.);
#1792=ORIENTED_EDGE('',*,*,#2238,.F.);
#1793=CARTESIAN_POINT('',(-2.25,1.5,-7.2));
#1794=DIRECTION('',(-0.0,0.0,1.0));
#1795=DIRECTION('',(1.0,0.0,0.0));
#1796=ORIENTED_EDGE('',*,*,#2233,.T.);
#1797=ORIENTED_EDGE('',*,*,#2056,.T.);
#1798=ORIENTED_EDGE('',*,*,#2232,.F.);
#1799=ORIENTED_EDGE('',*,*,#1918,.F.);
#1800=ORIENTED_EDGE('',*,*,#2239,.F.);
#1801=CARTESIAN_POINT('',(-2.25,1.5,-7.2));
#1802=DIRECTION('',(-0.0,0.0,1.0));
#1803=DIRECTION('',(1.0,0.0,0.0));
#1804=ORIENTED_EDGE('',*,*,#1917,.T.);
#1805=ORIENTED_EDGE('',*,*,#2240,.F.);
#1806=ORIENTED_EDGE('',*,*,#2241,.T.);
#1807=ORIENTED_EDGE('',*,*,#2239,.T.);
#1808=CARTESIAN_POINT('',(-2.25,1.5,-7.05000000001));
#1809=DIRECTION('',(-0.0,0.0,1.0));
#1810=DIRECTION('',(0.0,-1.0,0.0));
#1811=ORIENTED_EDGE('',*,*,#1914,.T.);
#1812=ORIENTED_EDGE('',*,*,#2242,.T.);
#1813=ORIENTED_EDGE('',*,*,#2240,.T.);
#1814=ORIENTED_EDGE('',*,*,#1919,.T.);
#1815=CARTESIAN_POINT('',(-3.75,0.0,-7.2));
#1816=DIRECTION('',(0.0,0.0,-1.0));
#1817=DIRECTION('',(0.0,-1.0,0.0));
#1818=ORIENTED_EDGE('',*,*,#1913,.T.);
#1819=ORIENTED_EDGE('',*,*,#2234,.T.);
#1820=ORIENTED_EDGE('',*,*,#2241,.F.);
#1821=ORIENTED_EDGE('',*,*,#2242,.F.);
#1822=CARTESIAN_POINT('',(-2.25,1.5,-7.05000000001));
#1823=DIRECTION('',(-0.0,0.0,1.0));
#1824=DIRECTION('',(0.0,-1.0,0.0));
#1825=ORIENTED_EDGE('',*,*,#2243,.F.);
#1826=ORIENTED_EDGE('',*,*,#2082,.F.);
#1827=ORIENTED_EDGE('',*,*,#2244,.T.);
#1828=ORIENTED_EDGE('',*,*,#2245,.F.);
#1829=ORIENTED_EDGE('',*,*,#1912,.F.);
#1830=CARTESIAN_POINT('',(2.25,1.5,-7.2));
#1831=DIRECTION('',(-0.0,0.0,1.0));
#1832=DIRECTION('',(1.0,0.0,0.0));
#1833=ORIENTED_EDGE('',*,*,#2246,.T.);
#1834=ORIENTED_EDGE('',*,*,#2025,.T.);
#1835=ORIENTED_EDGE('',*,*,#2247,.F.);
#1836=ORIENTED_EDGE('',*,*,#2248,.F.);
#1837=ORIENTED_EDGE('',*,*,#1902,.F.);
#1838=CARTESIAN_POINT('',(2.25,1.5,-7.2));
#1839=DIRECTION('',(-0.0,0.0,1.0));
#1840=DIRECTION('',(1.0,0.0,0.0));
#1841=ORIENTED_EDGE('',*,*,#1910,.T.);
#1842=ORIENTED_EDGE('',*,*,#2245,.T.);
#1843=ORIENTED_EDGE('',*,*,#2249,.F.);
#1844=ORIENTED_EDGE('',*,*,#2250,.F.);
#1845=CARTESIAN_POINT('',(2.25,1.5,-0.3999999999902));
#1846=DIRECTION('',(0.0,-0.0,-1.0));
#1847=DIRECTION('',(0.0,-1.0,0.0));
#1848=ORIENTED_EDGE('',*,*,#1911,.T.);
#1849=ORIENTED_EDGE('',*,*,#2250,.T.);
#1850=ORIENTED_EDGE('',*,*,#2251,.T.);
#1851=ORIENTED_EDGE('',*,*,#1909,.T.);
#1852=CARTESIAN_POINT('',(0.75,0.0,-0.25));
#1853=DIRECTION('',(0.0,0.0,-1.0));
#1854=DIRECTION('',(0.0,-1.0,0.0));
#1855=ORIENTED_EDGE('',*,*,#1906,.T.);
#1856=ORIENTED_EDGE('',*,*,#2251,.F.);
#1857=ORIENTED_EDGE('',*,*,#2249,.T.);
#1858=ORIENTED_EDGE('',*,*,#2252,.T.);
#1859=CARTESIAN_POINT('',(2.25,1.5,-0.3999999999902));
#1860=DIRECTION('',(0.0,-0.0,-1.0));
#1861=DIRECTION('',(0.0,-1.0,0.0));
#1862=ORIENTED_EDGE('',*,*,#2244,.F.);
#1863=ORIENTED_EDGE('',*,*,#2081,.F.);
#1864=ORIENTED_EDGE('',*,*,#2243,.T.);
#1865=ORIENTED_EDGE('',*,*,#1907,.F.);
#1866=ORIENTED_EDGE('',*,*,#2252,.F.);
#1867=CARTESIAN_POINT('',(2.25,1.5,-7.2));
#1868=DIRECTION('',(-0.0,0.0,1.0));
#1869=DIRECTION('',(1.0,0.0,0.0));
#1870=ORIENTED_EDGE('',*,*,#2247,.T.);
#1871=ORIENTED_EDGE('',*,*,#2024,.T.);
#1872=ORIENTED_EDGE('',*,*,#2246,.F.);
#1873=ORIENTED_EDGE('',*,*,#1904,.F.);
#1874=ORIENTED_EDGE('',*,*,#2253,.F.);
#1875=CARTESIAN_POINT('',(2.25,1.5,-7.2));
#1876=DIRECTION('',(-0.0,0.0,1.0));
#1877=DIRECTION('',(1.0,0.0,0.0));
#1878=ORIENTED_EDGE('',*,*,#1903,.T.);
#1879=ORIENTED_EDGE('',*,*,#2254,.F.);
#1880=ORIENTED_EDGE('',*,*,#2255,.T.);
#1881=ORIENTED_EDGE('',*,*,#2253,.T.);
#1882=CARTESIAN_POINT('',(2.25,1.5,-7.05000000001));
#1883=DIRECTION('',(-0.0,0.0,1.0));
#1884=DIRECTION('',(0.0,-1.0,0.0));
#1885=ORIENTED_EDGE('',*,*,#1900,.T.);
#1886=ORIENTED_EDGE('',*,*,#2256,.T.);
#1887=ORIENTED_EDGE('',*,*,#2254,.T.);
#1888=ORIENTED_EDGE('',*,*,#1905,.T.);
#1889=CARTESIAN_POINT('',(0.75,0.0,-7.2));
#1890=DIRECTION('',(0.0,0.0,-1.0));
#1891=DIRECTION('',(0.0,-1.0,0.0));
#1892=ORIENTED_EDGE('',*,*,#1899,.T.);
#1893=ORIENTED_EDGE('',*,*,#2248,.T.);
#1894=ORIENTED_EDGE('',*,*,#2255,.F.);
#1895=ORIENTED_EDGE('',*,*,#2256,.F.);
#1896=CARTESIAN_POINT('',(2.25,1.5,-7.05000000001));
#1897=DIRECTION('',(-0.0,0.0,1.0));
#1898=DIRECTION('',(0.0,-1.0,0.0));
#1899=EDGE_CURVE('',#2257,#2258,#2259,.T.);
#1900=EDGE_CURVE('',#2260,#2257,#2261,.T.);
#1901=EDGE_CURVE('',#2260,#2262,#2263,.T.);
#1902=EDGE_CURVE('',#2262,#2258,#2264,.T.);
#1903=EDGE_CURVE('',#2265,#2266,#2267,.T.);
#1904=EDGE_CURVE('',#2265,#2262,#2268,.T.);
#1905=EDGE_CURVE('',#2266,#2260,#2269,.T.);
#1906=EDGE_CURVE('',#2270,#2271,#2272,.T.);
#1907=EDGE_CURVE('',#2270,#2273,#2274,.T.);
#1908=EDGE_CURVE('',#2275,#2273,#2276,.T.);
#1909=EDGE_CURVE('',#2271,#2275,#2277,.T.);
#1910=EDGE_CURVE('',#2278,#2279,#2280,.T.);
#1911=EDGE_CURVE('',#2275,#2278,#2281,.T.);
#1912=EDGE_CURVE('',#2273,#2279,#2282,.T.);
#1913=EDGE_CURVE('',#2283,#2284,#2285,.T.);
#1914=EDGE_CURVE('',#2286,#2283,#2287,.T.);
#1915=EDGE_CURVE('',#2286,#2288,#2289,.T.);
#1916=EDGE_CURVE('',#2288,#2284,#2290,.T.);
#1917=EDGE_CURVE('',#2291,#2292,#2293,.T.);
#1918=EDGE_CURVE('',#2291,#2288,#2294,.T.);
#1919=EDGE_CURVE('',#2292,#2286,#2295,.T.);
#1920=EDGE_CURVE('',#2296,#2297,#2298,.T.);
#1921=EDGE_CURVE('',#2296,#2299,#2300,.T.);
#1922=EDGE_CURVE('',#2301,#2299,#2302,.T.);
#1923=EDGE_CURVE('',#2297,#2301,#2303,.T.);
#1924=EDGE_CURVE('',#2304,#2305,#2306,.T.);
#1925=EDGE_CURVE('',#2301,#2304,#2307,.T.);
#1926=EDGE_CURVE('',#2299,#2305,#2308,.T.);
#1927=EDGE_CURVE('',#2309,#2310,#2311,.T.);
#1928=EDGE_CURVE('',#2309,#2312,#2313,.T.);
#1929=EDGE_CURVE('',#2314,#2312,#2315,.T.);
#1930=EDGE_CURVE('',#2310,#2314,#2316,.T.);
#1931=EDGE_CURVE('',#2317,#2318,#2319,.T.);
#1932=EDGE_CURVE('',#2314,#2317,#2320,.T.);
#1933=EDGE_CURVE('',#2312,#2318,#2321,.T.);
#1934=EDGE_CURVE('',#2322,#2323,#2324,.T.);
#1935=EDGE_CURVE('',#2325,#2322,#2326,.T.);
#1936=EDGE_CURVE('',#2327,#2325,#2328,.T.);
#1937=EDGE_CURVE('',#2327,#2329,#2330,.T.);
#1938=EDGE_CURVE('',#2331,#2329,#2332,.T.);
#1939=EDGE_CURVE('',#2318,#2331,#2333,.T.);
#1940=EDGE_CURVE('',#2312,#2323,#2334,.T.);
#1941=EDGE_CURVE('',#2335,#2336,#2337,.T.);
#1942=EDGE_CURVE('',#2335,#2338,#2339,.T.);
#1943=EDGE_CURVE('',#2340,#2338,#2341,.T.);
#1944=EDGE_CURVE('',#2340,#2336,#2342,.T.);
#1945=EDGE_CURVE('',#2343,#2344,#2345,.T.);
#1946=EDGE_CURVE('',#2343,#2346,#2347,.T.);
#1947=EDGE_CURVE('',#2348,#2346,#2349,.T.);
#1948=EDGE_CURVE('',#2344,#2348,#2350,.T.);
#1949=EDGE_CURVE('',#2351,#2352,#2353,.T.);
#1950=EDGE_CURVE('',#2348,#2351,#2354,.T.);
#1951=EDGE_CURVE('',#2346,#2352,#2355,.T.);
#1952=EDGE_CURVE('',#2338,#2356,#2357,.T.);
#1953=EDGE_CURVE('',#2335,#2358,#2359,.T.);
#1954=EDGE_CURVE('',#2358,#2356,#2360,.T.);
#1955=EDGE_CURVE('',#2361,#2352,#2362,.T.);
#1956=EDGE_CURVE('',#2363,#2361,#2364,.T.);
#1957=EDGE_CURVE('',#2363,#2365,#2366,.T.);
#1958=EDGE_CURVE('',#2352,#2365,#2367,.T.);
#1959=EDGE_CURVE('',#2368,#2369,#2370,.T.);
#1960=EDGE_CURVE('',#2368,#2371,#2372,.T.);
#1961=EDGE_CURVE('',#2373,#2371,#2374,.T.);
#1962=EDGE_CURVE('',#2369,#2373,#2375,.T.);
#1963=EDGE_CURVE('',#2376,#2377,#2378,.T.);
#1964=EDGE_CURVE('',#2373,#2376,#2379,.T.);
#1965=EDGE_CURVE('',#2371,#2377,#2380,.T.);
#1966=EDGE_CURVE('',#2381,#2382,#2383,.T.);
#1967=EDGE_CURVE('',#2384,#2381,#2385,.T.);
#1968=EDGE_CURVE('',#2377,#2384,#2386,.T.);
#1969=EDGE_CURVE('',#2371,#2387,#2388,.T.);
#1970=EDGE_CURVE('',#2387,#2389,#2390,.T.);
#1971=EDGE_CURVE('',#2389,#2391,#2392,.T.);
#1972=EDGE_CURVE('',#2391,#2382,#2393,.T.);
#1973=EDGE_CURVE('',#2394,#2395,#2396,.T.);
#1974=EDGE_CURVE('',#2397,#2394,#2398,.T.);
#1975=EDGE_CURVE('',#2397,#2399,#2400,.T.);
#1976=EDGE_CURVE('',#2399,#2395,#2401,.T.);
#1977=EDGE_CURVE('',#2402,#2403,#2404,.T.);
#1978=EDGE_CURVE('',#2402,#2405,#2406,.T.);
#1979=EDGE_CURVE('',#2407,#2405,#2408,.T.);
#1980=EDGE_CURVE('',#2403,#2407,#2409,.T.);
#1981=EDGE_CURVE('',#2410,#2411,#2412,.T.);
#1982=EDGE_CURVE('',#2407,#2410,#2413,.T.);
#1983=EDGE_CURVE('',#2405,#2411,#2414,.T.);
#1984=EDGE_CURVE('',#2415,#2399,#2416,.T.);
#1985=EDGE_CURVE('',#2415,#2417,#2418,.T.);
#1986=EDGE_CURVE('',#2395,#2417,#2419,.T.);
#1987=EDGE_CURVE('',#2411,#2420,#2421,.T.);
#1988=EDGE_CURVE('',#2422,#2405,#2423,.T.);
#1989=EDGE_CURVE('',#2420,#2422,#2424,.T.);
#1990=EDGE_CURVE('',#2425,#2426,#2427,.T.);
#1991=EDGE_CURVE('',#2428,#2425,#2429,.T.);
#1992=EDGE_CURVE('',#2430,#2428,#2431,.T.);
#1993=EDGE_CURVE('',#2432,#2430,#2433,.T.);
#1994=EDGE_CURVE('',#2434,#2432,#2435,.T.);
#1995=EDGE_CURVE('',#2436,#2434,#2437,.T.);
#1996=EDGE_CURVE('',#2438,#2436,#2439,.T.);
#1997=EDGE_CURVE('',#2426,#2438,#2440,.T.);
#1998=EDGE_CURVE('',#2441,#2442,#2443,.T.);
#1999=EDGE_CURVE('',#2444,#2442,#2445,.T.);
#2000=EDGE_CURVE('',#2446,#2444,#2447,.T.);
#2001=EDGE_CURVE('',#2446,#2448,#2449,.T.);
#2002=EDGE_CURVE('',#2448,#2450,#2451,.T.);
#2003=EDGE_CURVE('',#2452,#2450,#2453,.T.);
#2004=EDGE_CURVE('',#2454,#2452,#2455,.T.);
#2005=EDGE_CURVE('',#2454,#2456,#2457,.T.);
#2006=EDGE_CURVE('',#2456,#2458,#2459,.T.);
#2007=EDGE_CURVE('',#2460,#2458,#2461,.T.);
#2008=EDGE_CURVE('',#2462,#2460,#2463,.T.);
#2009=EDGE_CURVE('',#2462,#2464,#2465,.T.);
#2010=EDGE_CURVE('',#2464,#2466,#2467,.T.);
#2011=EDGE_CURVE('',#2468,#2466,#2469,.T.);
#2012=EDGE_CURVE('',#2426,#2468,#2470,.T.);
#2013=EDGE_CURVE('',#2438,#2471,#2472,.T.);
#2014=EDGE_CURVE('',#2473,#2471,#2474,.T.);
#2015=EDGE_CURVE('',#2475,#2473,#2476,.T.);
#2016=EDGE_CURVE('',#2475,#2441,#2477,.T.);
#2017=EDGE_CURVE('',#2478,#2475,#2479,.T.);
#2018=EDGE_CURVE('',#2478,#2480,#2481,.T.);
#2019=EDGE_CURVE('',#2480,#2441,#2482,.T.);
#2020=EDGE_CURVE('',#2480,#2483,#2484,.T.);
#2021=EDGE_CURVE('',#2483,#2485,#2486,.T.);
#2022=EDGE_CURVE('',#2485,#2487,#2488,.T.);
#2023=EDGE_CURVE('',#2487,#2442,#2489,.T.);
#2024=EDGE_CURVE('',#2490,#2491,#2492,.T.);
#2025=EDGE_CURVE('',#2491,#2490,#2493,.T.);
#2026=EDGE_CURVE('',#2494,#2487,#2495,.T.);
#2027=EDGE_CURVE('',#2494,#2444,#2496,.T.);
#2028=EDGE_CURVE('',#2497,#2498,#2499,.T.);
#2029=EDGE_CURVE('',#2497,#2500,#2501,.T.);
#2030=EDGE_CURVE('',#2425,#2500,#2502,.T.);
#2031=EDGE_CURVE('',#2498,#2468,#2503,.T.);
#2032=EDGE_CURVE('',#2504,#2505,#2506,.T.);
#2033=EDGE_CURVE('',#2504,#2462,#2507,.T.);
#2034=EDGE_CURVE('',#2505,#2460,#2508,.T.);
#2035=EDGE_CURVE('',#2509,#2510,#2511,.T.);
#2036=EDGE_CURVE('',#2509,#2454,#2512,.T.);
#2037=EDGE_CURVE('',#2510,#2452,#2513,.T.);
#2038=EDGE_CURVE('',#2514,#2473,#2515,.T.);
#2039=EDGE_CURVE('',#2516,#2514,#2517,.T.);
#2040=EDGE_CURVE('',#2518,#2516,#2519,.T.);
#2041=EDGE_CURVE('',#2478,#2518,#2520,.T.);
#2042=EDGE_CURVE('',#2521,#2494,#2522,.T.);
#2043=EDGE_CURVE('',#2521,#2446,#2523,.T.);
#2044=EDGE_CURVE('',#2524,#2466,#2525,.T.);
#2045=EDGE_CURVE('',#2498,#2524,#2526,.T.);
#2046=EDGE_CURVE('',#2527,#2528,#2529,.T.);
#2047=EDGE_CURVE('',#2530,#2528,#2531,.T.);
#2048=EDGE_CURVE('',#2530,#2497,#2532,.T.);
#2049=EDGE_CURVE('',#2527,#2524,#2533,.T.);
#2050=EDGE_CURVE('',#2518,#2534,#2535,.T.);
#2051=EDGE_CURVE('',#2536,#2534,#2537,.T.);
#2052=EDGE_CURVE('',#2536,#2483,#2538,.T.);
#2053=EDGE_CURVE('',#2539,#2464,#2540,.T.);
#2054=EDGE_CURVE('',#2539,#2541,#2542,.T.);
#2055=EDGE_CURVE('',#2527,#2541,#2543,.T.);
#2056=EDGE_CURVE('',#2544,#2545,#2546,.T.);
#2057=EDGE_CURVE('',#2545,#2544,#2547,.T.);
#2058=EDGE_CURVE('',#2541,#2548,#2549,.T.);
#2059=EDGE_CURVE('',#2548,#2550,#2551,.T.);
#2060=EDGE_CURVE('',#2528,#2550,#2552,.T.);
#2061=EDGE_CURVE('',#2550,#2553,#2554,.T.);
#2062=EDGE_CURVE('',#2530,#2553,#2555,.T.);
#2063=EDGE_CURVE('',#2556,#2530,#2557,.T.);
#2064=EDGE_CURVE('',#2558,#2556,#2559,.T.);
#2065=EDGE_CURVE('',#2560,#2558,#2561,.T.);
#2066=EDGE_CURVE('',#2560,#2562,#2563,.T.);
#2067=EDGE_CURVE('',#2534,#2562,#2564,.T.);
#2068=EDGE_CURVE('',#2534,#2565,#2566,.T.);
#2069=EDGE_CURVE('',#2565,#2567,#2568,.T.);
#2070=EDGE_CURVE('',#2536,#2567,#2569,.T.);
#2071=EDGE_CURVE('',#2528,#2536,#2570,.T.);
#2072=EDGE_CURVE('',#2562,#2571,#2572,.T.);
#2073=EDGE_CURVE('',#2571,#2573,#2574,.T.);
#2074=EDGE_CURVE('',#2556,#2573,#2575,.T.);
#2075=EDGE_CURVE('',#2576,#2577,#2578,.T.);
#2076=EDGE_CURVE('',#2577,#2576,#2579,.T.);
#2077=EDGE_CURVE('',#2580,#2363,#2581,.T.);
#2078=EDGE_CURVE('',#2361,#2580,#2582,.T.);
#2079=EDGE_CURVE('',#2422,#2583,#2584,.T.);
#2080=EDGE_CURVE('',#2583,#2420,#2585,.T.);
#2081=EDGE_CURVE('',#2586,#2587,#2588,.T.);
#2082=EDGE_CURVE('',#2587,#2586,#2589,.T.);
#2083=EDGE_CURVE('',#2590,#2591,#2592,.T.);
#2084=EDGE_CURVE('',#2590,#2593,#2594,.T.);
#2085=EDGE_CURVE('',#2593,#2595,#2596,.T.);
#2086=EDGE_CURVE('',#2595,#2597,#2598,.T.);
#2087=EDGE_CURVE('',#2597,#2599,#2600,.T.);
#2088=EDGE_CURVE('',#2599,#2558,#2601,.T.);
#2089=EDGE_CURVE('',#2573,#2602,#2603,.T.);
#2090=EDGE_CURVE('',#2591,#2602,#2604,.T.);
#2091=EDGE_CURVE('',#2605,#2602,#2606,.T.);
#2092=EDGE_CURVE('',#2605,#2607,#2608,.T.);
#2093=EDGE_CURVE('',#2607,#2591,#2609,.T.);
#2094=EDGE_CURVE('',#2610,#2607,#2611,.T.);
#2095=EDGE_CURVE('',#2590,#2610,#2612,.T.);
#2096=EDGE_CURVE('',#2613,#2590,#2614,.T.);
#2097=EDGE_CURVE('',#2610,#2615,#2616,.T.);
#2098=EDGE_CURVE('',#2613,#2615,#2617,.T.);
#2099=EDGE_CURVE('',#2618,#2615,#2619,.T.);
#2100=EDGE_CURVE('',#2618,#2620,#2621,.T.);
#2101=EDGE_CURVE('',#2471,#2620,#2622,.T.);
#2102=EDGE_CURVE('',#2436,#2623,#2624,.T.);
#2103=EDGE_CURVE('',#2613,#2623,#2625,.T.);
#2104=EDGE_CURVE('',#2593,#2623,#2626,.T.);
#2105=EDGE_CURVE('',#2434,#2595,#2627,.T.);
#2106=EDGE_CURVE('',#2628,#2629,#2630,.T.);
#2107=EDGE_CURVE('',#2629,#2631,#2632,.T.);
#2108=EDGE_CURVE('',#2620,#2631,#2633,.T.);
#2109=EDGE_CURVE('',#2618,#2628,#2634,.T.);
#2110=EDGE_CURVE('',#2432,#2597,#2635,.T.);
#2111=EDGE_CURVE('',#2636,#2637,#2638,.T.);
#2112=EDGE_CURVE('',#2631,#2637,#2639,.T.);
#2113=EDGE_CURVE('',#2629,#2636,#2640,.T.);
#2114=EDGE_CURVE('',#2430,#2641,#2642,.T.);
#2115=EDGE_CURVE('',#2641,#2599,#2643,.T.);
#2116=EDGE_CURVE('',#2644,#2645,#2646,.T.);
#2117=EDGE_CURVE('',#2637,#2645,#2647,.T.);
#2118=EDGE_CURVE('',#2636,#2648,#2649,.T.);
#2119=EDGE_CURVE('',#2648,#2644,#2650,.T.);
#2120=EDGE_CURVE('',#2558,#2651,#2652,.T.);
#2121=EDGE_CURVE('',#2641,#2651,#2653,.T.);
#2122=EDGE_CURVE('',#2428,#2654,#2655,.T.);
#2123=EDGE_CURVE('',#2645,#2654,#2656,.T.);
#2124=EDGE_CURVE('',#2657,#2644,#2658,.T.);
#2125=EDGE_CURVE('',#2657,#2651,#2659,.T.);
#2126=EDGE_CURVE('',#2657,#2560,#2660,.T.);
#2127=EDGE_CURVE('',#2560,#2648,#2661,.T.);
#2128=EDGE_CURVE('',#2628,#2610,#2662,.T.);
#2129=EDGE_CURVE('',#2605,#2571,#2663,.T.);
#2130=EDGE_CURVE('',#2654,#2514,#2664,.T.);
#2131=EDGE_CURVE('',#2485,#2665,#2666,.T.);
#2132=EDGE_CURVE('',#2667,#2665,#2668,.T.);
#2133=EDGE_CURVE('',#2516,#2667,#2669,.T.);
#2134=EDGE_CURVE('',#2500,#2670,#2671,.T.);
#2135=EDGE_CURVE('',#2548,#2670,#2672,.T.);
#2136=EDGE_CURVE('',#2504,#2539,#2673,.T.);
#2137=EDGE_CURVE('',#2505,#2674,#2675,.T.);
#2138=EDGE_CURVE('',#2676,#2674,#2677,.T.);
#2139=EDGE_CURVE('',#2509,#2676,#2678,.T.);
#2140=EDGE_CURVE('',#2510,#2679,#2680,.T.);
#2141=EDGE_CURVE('',#2681,#2679,#2682,.T.);
#2142=EDGE_CURVE('',#2521,#2681,#2683,.T.);
#2143=EDGE_CURVE('',#2681,#2448,#2684,.T.);
#2144=EDGE_CURVE('',#2679,#2450,#2685,.T.);
#2145=EDGE_CURVE('',#2417,#2686,#2687,.T.);
#2146=EDGE_CURVE('',#2686,#2415,#2688,.T.);
#2147=EDGE_CURVE('',#2583,#2689,#2690,.T.);
#2148=EDGE_CURVE('',#2411,#2689,#2691,.T.);
#2149=EDGE_CURVE('',#2692,#2397,#2693,.T.);
#2150=EDGE_CURVE('',#2692,#2694,#2695,.T.);
#2151=EDGE_CURVE('',#2694,#2696,#2697,.T.);
#2152=EDGE_CURVE('',#2696,#2686,#2698,.T.);
#2153=EDGE_CURVE('',#2699,#2387,#2700,.T.);
#2154=EDGE_CURVE('',#2699,#2701,#2702,.T.);
#2155=EDGE_CURVE('',#2701,#2391,#2703,.T.);
#2156=EDGE_CURVE('',#2704,#2689,#2705,.T.);
#2157=EDGE_CURVE('',#2410,#2704,#2706,.T.);
#2158=EDGE_CURVE('',#2704,#2403,#2707,.T.);
#2159=EDGE_CURVE('',#2689,#2402,#2708,.T.);
#2160=EDGE_CURVE('',#2381,#2699,#2709,.T.);
#2161=EDGE_CURVE('',#2384,#2368,#2710,.T.);
#2162=EDGE_CURVE('',#2394,#2692,#2711,.T.);
#2163=EDGE_CURVE('',#2382,#2701,#2712,.T.);
#2164=EDGE_CURVE('',#2391,#2713,#2714,.T.);
#2165=EDGE_CURVE('',#2713,#2715,#2716,.T.);
#2166=EDGE_CURVE('',#2701,#2715,#2717,.T.);
#2167=EDGE_CURVE('',#2715,#2713,#2718,.T.);
#2168=EDGE_CURVE('',#2715,#2719,#2720,.T.);
#2169=EDGE_CURVE('',#2719,#2721,#2722,.T.);
#2170=EDGE_CURVE('',#2713,#2721,#2723,.T.);
#2171=EDGE_CURVE('',#2721,#2719,#2724,.T.);
#2172=EDGE_CURVE('',#2721,#2725,#2726,.T.);
#2173=EDGE_CURVE('',#2725,#2727,#2728,.T.);
#2174=EDGE_CURVE('',#2719,#2727,#2729,.T.);
#2175=EDGE_CURVE('',#2727,#2725,#2730,.T.);
#2176=EDGE_CURVE('',#2727,#2731,#2732,.T.);
#2177=EDGE_CURVE('',#2731,#2733,#2734,.T.);
#2178=EDGE_CURVE('',#2725,#2733,#2735,.T.);
#2179=EDGE_CURVE('',#2733,#2731,#2736,.T.);
#2180=EDGE_CURVE('',#2733,#2397,#2737,.T.);
#2181=EDGE_CURVE('',#2731,#2692,#2738,.T.);
#2182=EDGE_CURVE('',#2739,#2384,#2740,.T.);
#2183=EDGE_CURVE('',#2376,#2739,#2741,.T.);
#2184=EDGE_CURVE('',#2739,#2369,#2742,.T.);
#2185=EDGE_CURVE('',#2676,#2456,#2743,.T.);
#2186=EDGE_CURVE('',#2674,#2458,#2744,.T.);
#2187=EDGE_CURVE('',#2745,#2358,#2746,.T.);
#2188=EDGE_CURVE('',#2356,#2745,#2747,.T.);
#2189=EDGE_CURVE('',#2580,#2346,#2748,.T.);
#2190=EDGE_CURVE('',#2749,#2745,#2750,.T.);
#2191=EDGE_CURVE('',#2749,#2751,#2752,.T.);
#2192=EDGE_CURVE('',#2753,#2751,#2754,.T.);
#2193=EDGE_CURVE('',#2753,#2340,#2755,.T.);
#2194=EDGE_CURVE('',#2756,#2325,#2757,.T.);
#2195=EDGE_CURVE('',#2758,#2756,#2759,.T.);
#2196=EDGE_CURVE('',#2329,#2758,#2760,.T.);
#2197=EDGE_CURVE('',#2761,#2365,#2762,.T.);
#2198=EDGE_CURVE('',#2351,#2761,#2763,.T.);
#2199=EDGE_CURVE('',#2761,#2344,#2764,.T.);
#2200=EDGE_CURVE('',#2365,#2343,#2765,.T.);
#2201=EDGE_CURVE('',#2758,#2323,#2766,.T.);
#2202=EDGE_CURVE('',#2331,#2309,#2767,.T.);
#2203=EDGE_CURVE('',#2336,#2753,#2768,.T.);
#2204=EDGE_CURVE('',#2322,#2756,#2769,.T.);
#2205=EDGE_CURVE('',#2756,#2770,#2771,.T.);
#2206=EDGE_CURVE('',#2772,#2770,#2773,.T.);
#2207=EDGE_CURVE('',#2325,#2772,#2774,.T.);
#2208=EDGE_CURVE('',#2770,#2772,#2775,.T.);
#2209=EDGE_CURVE('',#2772,#2776,#2777,.T.);
#2210=EDGE_CURVE('',#2778,#2776,#2779,.T.);
#2211=EDGE_CURVE('',#2770,#2778,#2780,.T.);
#2212=EDGE_CURVE('',#2776,#2778,#2781,.T.);
#2213=EDGE_CURVE('',#2778,#2782,#2783,.T.);
#2214=EDGE_CURVE('',#2784,#2782,#2785,.T.);
#2215=EDGE_CURVE('',#2776,#2784,#2786,.T.);
#2216=EDGE_CURVE('',#2782,#2784,#2787,.T.);
#2217=EDGE_CURVE('',#2784,#2788,#2789,.T.);
#2218=EDGE_CURVE('',#2790,#2788,#2791,.T.);
#2219=EDGE_CURVE('',#2782,#2790,#2792,.T.);
#2220=EDGE_CURVE('',#2788,#2790,#2793,.T.);
#2221=EDGE_CURVE('',#2790,#2753,#2794,.T.);
#2222=EDGE_CURVE('',#2788,#2340,#2795,.T.);
#2223=EDGE_CURVE('',#2796,#2331,#2797,.T.);
#2224=EDGE_CURVE('',#2317,#2796,#2798,.T.);
#2225=EDGE_CURVE('',#2796,#2310,#2799,.T.);
#2226=EDGE_CURVE('',#2670,#2553,#2800,.T.);
#2227=EDGE_CURVE('',#2667,#2565,#2801,.T.);
#2228=EDGE_CURVE('',#2665,#2567,#2802,.T.);
#2229=EDGE_CURVE('',#2576,#2299,#2803,.T.);
#2230=EDGE_CURVE('',#2577,#2804,#2805,.T.);
#2231=EDGE_CURVE('',#2305,#2804,#2806,.T.);
#2232=EDGE_CURVE('',#2288,#2545,#2807,.T.);
#2233=EDGE_CURVE('',#2808,#2544,#2809,.T.);
#2234=EDGE_CURVE('',#2284,#2808,#2810,.T.);
#2235=EDGE_CURVE('',#2811,#2804,#2812,.T.);
#2236=EDGE_CURVE('',#2304,#2811,#2813,.T.);
#2237=EDGE_CURVE('',#2811,#2297,#2814,.T.);
#2238=EDGE_CURVE('',#2804,#2296,#2815,.T.);
#2239=EDGE_CURVE('',#2808,#2291,#2816,.T.);
#2240=EDGE_CURVE('',#2817,#2292,#2818,.T.);
#2241=EDGE_CURVE('',#2817,#2808,#2819,.T.);
#2242=EDGE_CURVE('',#2283,#2817,#2820,.T.);
#2243=EDGE_CURVE('',#2586,#2273,#2821,.T.);
#2244=EDGE_CURVE('',#2587,#2822,#2823,.T.);
#2245=EDGE_CURVE('',#2279,#2822,#2824,.T.);
#2246=EDGE_CURVE('',#2262,#2491,#2825,.T.);
#2247=EDGE_CURVE('',#2826,#2490,#2827,.T.);
#2248=EDGE_CURVE('',#2258,#2826,#2828,.T.);
#2249=EDGE_CURVE('',#2829,#2822,#2830,.T.);
#2250=EDGE_CURVE('',#2278,#2829,#2831,.T.);
#2251=EDGE_CURVE('',#2829,#2271,#2832,.T.);
#2252=EDGE_CURVE('',#2822,#2270,#2833,.T.);
#2253=EDGE_CURVE('',#2826,#2265,#2834,.T.);
#2254=EDGE_CURVE('',#2835,#2266,#2836,.T.);
#2255=EDGE_CURVE('',#2835,#2826,#2837,.T.);
#2256=EDGE_CURVE('',#2257,#2835,#2838,.T.);
#2257=VERTEX_POINT('',#2839);
#2258=VERTEX_POINT('',#2840);
#2259=LINE('',#2841,#2842);
#2260=VERTEX_POINT('',#2843);
#2261=CIRCLE('',#2844,0.15);
#2262=VERTEX_POINT('',#2845);
#2263=LINE('',#2846,#2847);
#2264=CIRCLE('',#2848,0.25);
#2265=VERTEX_POINT('',#2849);
#2266=VERTEX_POINT('',#2850);
#2267=LINE('',#2851,#2852);
#2268=CIRCLE('',#2853,0.25);
#2269=CIRCLE('',#2854,0.15);
#2270=VERTEX_POINT('',#2855);
#2271=VERTEX_POINT('',#2856);
#2272=LINE('',#2857,#2858);
#2273=VERTEX_POINT('',#2859);
#2274=CIRCLE('',#2860,0.25);
#2275=VERTEX_POINT('',#2861);
#2276=LINE('',#2862,#2863);
#2277=CIRCLE('',#2864,0.15);
#2278=VERTEX_POINT('',#2865);
#2279=VERTEX_POINT('',#2866);
#2280=LINE('',#2867,#2868);
#2281=CIRCLE('',#2869,0.15);
#2282=CIRCLE('',#2870,0.25);
#2283=VERTEX_POINT('',#2871);
#2284=VERTEX_POINT('',#2872);
#2285=LINE('',#2873,#2874);
#2286=VERTEX_POINT('',#2875);
#2287=CIRCLE('',#2876,0.15);
#2288=VERTEX_POINT('',#2877);
#2289=LINE('',#2878,#2879);
#2290=CIRCLE('',#2880,0.25);
#2291=VERTEX_POINT('',#2881);
#2292=VERTEX_POINT('',#2882);
#2293=LINE('',#2883,#2884);
#2294=CIRCLE('',#2885,0.25);
#2295=CIRCLE('',#2886,0.15);
#2296=VERTEX_POINT('',#2887);
#2297=VERTEX_POINT('',#2888);
#2298=LINE('',#2889,#2890);
#2299=VERTEX_POINT('',#2891);
#2300=CIRCLE('',#2892,0.25);
#2301=VERTEX_POINT('',#2893);
#2302=LINE('',#2894,#2895);
#2303=CIRCLE('',#2896,0.15);
#2304=VERTEX_POINT('',#2897);
#2305=VERTEX_POINT('',#2898);
#2306=LINE('',#2899,#2900);
#2307=CIRCLE('',#2901,0.15);
#2308=CIRCLE('',#2902,0.25);
#2309=VERTEX_POINT('',#2903);
#2310=VERTEX_POINT('',#2904);
#2311=LINE('',#2905,#2906);
#2312=VERTEX_POINT('',#2907);
#2313=CIRCLE('',#2908,0.25);
#2314=VERTEX_POINT('',#2909);
#2315=LINE('',#2910,#2911);
#2316=CIRCLE('',#2912,0.15);
#2317=VERTEX_POINT('',#2913);
#2318=VERTEX_POINT('',#2914);
#2319=LINE('',#2915,#2916);
#2320=CIRCLE('',#2917,0.15);
#2321=CIRCLE('',#2918,0.25);
#2322=VERTEX_POINT('',#2919);
#2323=VERTEX_POINT('',#2920);
#2324=LINE('',#2921,#2922);
#2325=VERTEX_POINT('',#2923);
#2326=CIRCLE('',#2924,0.25);
#2327=VERTEX_POINT('',#2925);
#2328=LINE('',#2926,#2927);
#2329=VERTEX_POINT('',#2928);
#2330=CIRCLE('',#2929,0.25);
#2331=VERTEX_POINT('',#2930);
#2332=LINE('',#2931,#2932);
#2333=CIRCLE('',#2933,0.25);
#2334=LINE('',#2934,#2935);
#2335=VERTEX_POINT('',#2936);
#2336=VERTEX_POINT('',#2937);
#2337=LINE('',#2938,#2939);
#2338=VERTEX_POINT('',#2940);
#2339=CIRCLE('',#2941,0.25);
#2340=VERTEX_POINT('',#2942);
#2341=LINE('',#2943,#2944);
#2342=CIRCLE('',#2945,0.25);
#2343=VERTEX_POINT('',#2946);
#2344=VERTEX_POINT('',#2947);
#2345=LINE('',#2948,#2949);
#2346=VERTEX_POINT('',#2950);
#2347=CIRCLE('',#2951,0.25);
#2348=VERTEX_POINT('',#2952);
#2349=LINE('',#2953,#2954);
#2350=CIRCLE('',#2955,0.15);
#2351=VERTEX_POINT('',#2956);
#2352=VERTEX_POINT('',#2957);
#2353=LINE('',#2958,#2959);
#2354=CIRCLE('',#2960,0.15);
#2355=CIRCLE('',#2961,0.25);
#2356=VERTEX_POINT('',#2962);
#2357=LINE('',#2963,#2964);
#2358=VERTEX_POINT('',#2965);
#2359=LINE('',#2966,#2967);
#2360=CIRCLE('',#2968,0.25);
#2361=VERTEX_POINT('',#2969);
#2362=LINE('',#2970,#2971);
#2363=VERTEX_POINT('',#2972);
#2364=CIRCLE('',#2973,0.25);
#2365=VERTEX_POINT('',#2974);
#2366=LINE('',#2975,#2976);
#2367=CIRCLE('',#2977,0.25);
#2368=VERTEX_POINT('',#2978);
#2369=VERTEX_POINT('',#2979);
#2370=LINE('',#2980,#2981);
#2371=VERTEX_POINT('',#2982);
#2372=CIRCLE('',#2983,0.25);
#2373=VERTEX_POINT('',#2984);
#2374=LINE('',#2985,#2986);
#2375=CIRCLE('',#2987,0.15);
#2376=VERTEX_POINT('',#2988);
#2377=VERTEX_POINT('',#2989);
#2378=LINE('',#2990,#2991);
#2379=CIRCLE('',#2992,0.15);
#2380=CIRCLE('',#2993,0.25);
#2381=VERTEX_POINT('',#2994);
#2382=VERTEX_POINT('',#2995);
#2383=LINE('',#2996,#2997);
#2384=VERTEX_POINT('',#2998);
#2385=LINE('',#2999,#3000);
#2386=CIRCLE('',#3001,0.25);
#2387=VERTEX_POINT('',#3002);
#2388=LINE('',#3003,#3004);
#2389=VERTEX_POINT('',#3005);
#2390=CIRCLE('',#3006,0.25);
#2391=VERTEX_POINT('',#3007);
#2392=LINE('',#3008,#3009);
#2393=CIRCLE('',#3010,0.25);
#2394=VERTEX_POINT('',#3011);
#2395=VERTEX_POINT('',#3012);
#2396=LINE('',#3013,#3014);
#2397=VERTEX_POINT('',#3015);
#2398=CIRCLE('',#3016,0.25);
#2399=VERTEX_POINT('',#3017);
#2400=LINE('',#3018,#3019);
#2401=CIRCLE('',#3020,0.25);
#2402=VERTEX_POINT('',#3021);
#2403=VERTEX_POINT('',#3022);
#2404=LINE('',#3023,#3024);
#2405=VERTEX_POINT('',#3025);
#2406=CIRCLE('',#3026,0.25);
#2407=VERTEX_POINT('',#3027);
#2408=LINE('',#3028,#3029);
#2409=CIRCLE('',#3030,0.15);
#2410=VERTEX_POINT('',#3031);
#2411=VERTEX_POINT('',#3032);
#2412=LINE('',#3033,#3034);
#2413=CIRCLE('',#3035,0.15);
#2414=CIRCLE('',#3036,0.25);
#2415=VERTEX_POINT('',#3037);
#2416=LINE('',#3038,#3039);
#2417=VERTEX_POINT('',#3040);
#2418=CIRCLE('',#3041,0.25);
#2419=LINE('',#3042,#3043);
#2420=VERTEX_POINT('',#3044);
#2421=LINE('',#3045,#3046);
#2422=VERTEX_POINT('',#3047);
#2423=LINE('',#3048,#3049);
#2424=CIRCLE('',#3050,0.25);
#2425=VERTEX_POINT('',#3051);
#2426=VERTEX_POINT('',#3052);
#2427=LINE('',#3053,#3054);
#2428=VERTEX_POINT('',#3055);
#2429=LINE('',#3056,#3057);
#2430=VERTEX_POINT('',#3058);
#2431=LINE('',#3059,#3060);
#2432=VERTEX_POINT('',#3061);
#2433=LINE('',#3062,#3063);
#2434=VERTEX_POINT('',#3064);
#2435=LINE('',#3065,#3066);
#2436=VERTEX_POINT('',#3067);
#2437=LINE('',#3068,#3069);
#2438=VERTEX_POINT('',#3070);
#2439=LINE('',#3071,#3072);
#2440=LINE('',#3073,#3074);
#2441=VERTEX_POINT('',#3075);
#2442=VERTEX_POINT('',#3076);
#2443=LINE('',#3077,#3078);
#2444=VERTEX_POINT('',#3079);
#2445=LINE('',#3080,#3081);
#2446=VERTEX_POINT('',#3082);
#2447=LINE('',#3083,#3084);
#2448=VERTEX_POINT('',#3085);
#2449=LINE('',#3086,#3087);
#2450=VERTEX_POINT('',#3088);
#2451=LINE('',#3089,#3090);
#2452=VERTEX_POINT('',#3091);
#2453=LINE('',#3092,#3093);
#2454=VERTEX_POINT('',#3094);
#2455=LINE('',#3095,#3096);
#2456=VERTEX_POINT('',#3097);
#2457=LINE('',#3098,#3099);
#2458=VERTEX_POINT('',#3100);
#2459=LINE('',#3101,#3102);
#2460=VERTEX_POINT('',#3103);
#2461=LINE('',#3104,#3105);
#2462=VERTEX_POINT('',#3106);
#2463=LINE('',#3107,#3108);
#2464=VERTEX_POINT('',#3109);
#2465=LINE('',#3110,#3111);
#2466=VERTEX_POINT('',#3112);
#2467=LINE('',#3113,#3114);
#2468=VERTEX_POINT('',#3115);
#2469=LINE('',#3116,#3117);
#2470=LINE('',#3118,#3119);
#2471=VERTEX_POINT('',#3120);
#2472=LINE('',#3121,#3122);
#2473=VERTEX_POINT('',#3123);
#2474=LINE('',#3124,#3125);
#2475=VERTEX_POINT('',#3126);
#2476=LINE('',#3127,#3128);
#2477=LINE('',#3129,#3130);
#2478=VERTEX_POINT('',#3131);
#2479=LINE('',#3132,#3133);
#2480=VERTEX_POINT('',#3134);
#2481=LINE('',#3135,#3136);
#2482=LINE('',#3137,#3138);
#2483=VERTEX_POINT('',#3139);
#2484=LINE('',#3140,#3141);
#2485=VERTEX_POINT('',#3142);
#2486=LINE('',#3143,#3144);
#2487=VERTEX_POINT('',#3145);
#2488=LINE('',#3146,#3147);
#2489=LINE('',#3148,#3149);
#2490=VERTEX_POINT('',#3150);
#2491=VERTEX_POINT('',#3151);
#2492=CIRCLE('',#3152,0.25);
#2493=CIRCLE('',#3153,0.25);
#2494=VERTEX_POINT('',#3154);
#2495=LINE('',#3155,#3156);
#2496=LINE('',#3157,#3158);
#2497=VERTEX_POINT('',#3159);
#2498=VERTEX_POINT('',#3160);
#2499=LINE('',#3161,#3162);
#2500=VERTEX_POINT('',#3163);
#2501=LINE('',#3164,#3165);
#2502=LINE('',#3166,#3167);
#2503=LINE('',#3168,#3169);
#2504=VERTEX_POINT('',#3170);
#2505=VERTEX_POINT('',#3171);
#2506=LINE('',#3172,#3173);
#2507=LINE('',#3174,#3175);
#2508=LINE('',#3176,#3177);
#2509=VERTEX_POINT('',#3178);
#2510=VERTEX_POINT('',#3179);
#2511=LINE('',#3180,#3181);
#2512=LINE('',#3182,#3183);
#2513=LINE('',#3184,#3185);
#2514=VERTEX_POINT('',#3186);
#2515=LINE('',#3187,#3188);
#2516=VERTEX_POINT('',#3189);
#2517=LINE('',#3190,#3191);
#2518=VERTEX_POINT('',#3192);
#2519=LINE('',#3193,#3194);
#2520=LINE('',#3195,#3196);
#2521=VERTEX_POINT('',#3197);
#2522=LINE('',#3198,#3199);
#2523=LINE('',#3200,#3201);
#2524=VERTEX_POINT('',#3202);
#2525=LINE('',#3203,#3204);
#2526=LINE('',#3205,#3206);
#2527=VERTEX_POINT('',#3207);
#2528=VERTEX_POINT('',#3208);
#2529=LINE('',#3209,#3210);
#2530=VERTEX_POINT('',#3211);
#2531=LINE('',#3212,#3213);
#2532=LINE('',#3214,#3215);
#2533=LINE('',#3216,#3217);
#2534=VERTEX_POINT('',#3218);
#2535=LINE('',#3219,#3220);
#2536=VERTEX_POINT('',#3221);
#2537=LINE('',#3222,#3223);
#2538=LINE('',#3224,#3225);
#2539=VERTEX_POINT('',#3226);
#2540=LINE('',#3227,#3228);
#2541=VERTEX_POINT('',#3229);
#2542=LINE('',#3230,#3231);
#2543=LINE('',#3232,#3233);
#2544=VERTEX_POINT('',#3234);
#2545=VERTEX_POINT('',#3235);
#2546=CIRCLE('',#3236,0.25);
#2547=CIRCLE('',#3237,0.25);
#2548=VERTEX_POINT('',#3238);
#2549=LINE('',#3239,#3240);
#2550=VERTEX_POINT('',#3241);
#2551=LINE('',#3242,#3243);
#2552=LINE('',#3244,#3245);
#2553=VERTEX_POINT('',#3246);
#2554=LINE('',#3247,#3248);
#2555=LINE('',#3249,#3250);
#2556=VERTEX_POINT('',#3251);
#2557=LINE('',#3252,#3253);
#2558=VERTEX_POINT('',#3254);
#2559=LINE('',#3255,#3256);
#2560=VERTEX_POINT('',#3257);
#2561=LINE('',#3258,#3259);
#2562=VERTEX_POINT('',#3260);
#2563=LINE('',#3261,#3262);
#2564=LINE('',#3263,#3264);
#2565=VERTEX_POINT('',#3265);
#2566=LINE('',#3266,#3267);
#2567=VERTEX_POINT('',#3268);
#2568=LINE('',#3269,#3270);
#2569=LINE('',#3271,#3272);
#2570=LINE('',#3273,#3274);
#2571=VERTEX_POINT('',#3275);
#2572=LINE('',#3276,#3277);
#2573=VERTEX_POINT('',#3278);
#2574=LINE('',#3279,#3280);
#2575=LINE('',#3281,#3282);
#2576=VERTEX_POINT('',#3283);
#2577=VERTEX_POINT('',#3284);
#2578=CIRCLE('',#3285,0.25);
#2579=CIRCLE('',#3286,0.25);
#2580=VERTEX_POINT('',#3287);
#2581=CIRCLE('',#3288,0.25);
#2582=CIRCLE('',#3289,0.25);
#2583=VERTEX_POINT('',#3290);
#2584=CIRCLE('',#3291,0.25);
#2585=CIRCLE('',#3292,0.25);
#2586=VERTEX_POINT('',#3293);
#2587=VERTEX_POINT('',#3294);
#2588=CIRCLE('',#3295,0.25);
#2589=CIRCLE('',#3296,0.25);
#2590=VERTEX_POINT('',#3297);
#2591=VERTEX_POINT('',#3298);
#2592=LINE('',#3299,#3300);
#2593=VERTEX_POINT('',#3301);
#2594=LINE('',#3302,#3303);
#2595=VERTEX_POINT('',#3304);
#2596=LINE('',#3305,#3306);
#2597=VERTEX_POINT('',#3307);
#2598=LINE('',#3308,#3309);
#2599=VERTEX_POINT('',#3310);
#2600=LINE('',#3311,#3312);
#2601=LINE('',#3313,#3314);
#2602=VERTEX_POINT('',#3315);
#2603=LINE('',#3316,#3317);
#2604=LINE('',#3318,#3319);
#2605=VERTEX_POINT('',#3320);
#2606=LINE('',#3321,#3322);
#2607=VERTEX_POINT('',#3323);
#2608=LINE('',#3324,#3325);
#2609=LINE('',#3326,#3327);
#2610=VERTEX_POINT('',#3328);
#2611=LINE('',#3329,#3330);
#2612=LINE('',#3331,#3332);
#2613=VERTEX_POINT('',#3333);
#2614=LINE('',#3334,#3335);
#2615=VERTEX_POINT('',#3336);
#2616=LINE('',#3337,#3338);
#2617=LINE('',#3339,#3340);
#2618=VERTEX_POINT('',#3341);
#2619=LINE('',#3342,#3343);
#2620=VERTEX_POINT('',#3344);
#2621=LINE('',#3345,#3346);
#2622=LINE('',#3347,#3348);
#2623=VERTEX_POINT('',#3349);
#2624=LINE('',#3350,#3351);
#2625=LINE('',#3352,#3353);
#2626=LINE('',#3354,#3355);
#2627=LINE('',#3356,#3357);
#2628=VERTEX_POINT('',#3358);
#2629=VERTEX_POINT('',#3359);
#2630=LINE('',#3360,#3361);
#2631=VERTEX_POINT('',#3362);
#2632=LINE('',#3363,#3364);
#2633=LINE('',#3365,#3366);
#2634=LINE('',#3367,#3368);
#2635=LINE('',#3369,#3370);
#2636=VERTEX_POINT('',#3371);
#2637=VERTEX_POINT('',#3372);
#2638=LINE('',#3373,#3374);
#2639=LINE('',#3375,#3376);
#2640=LINE('',#3377,#3378);
#2641=VERTEX_POINT('',#3379);
#2642=LINE('',#3380,#3381);
#2643=LINE('',#3382,#3383);
#2644=VERTEX_POINT('',#3384);
#2645=VERTEX_POINT('',#3385);
#2646=LINE('',#3386,#3387);
#2647=LINE('',#3388,#3389);
#2648=VERTEX_POINT('',#3390);
#2649=LINE('',#3391,#3392);
#2650=LINE('',#3393,#3394);
#2651=VERTEX_POINT('',#3395);
#2652=LINE('',#3396,#3397);
#2653=LINE('',#3398,#3399);
#2654=VERTEX_POINT('',#3400);
#2655=LINE('',#3401,#3402);
#2656=LINE('',#3403,#3404);
#2657=VERTEX_POINT('',#3405);
#2658=LINE('',#3406,#3407);
#2659=LINE('',#3408,#3409);
#2660=LINE('',#3410,#3411);
#2661=LINE('',#3412,#3413);
#2662=LINE('',#3414,#3415);
#2663=LINE('',#3416,#3417);
#2664=LINE('',#3418,#3419);
#2665=VERTEX_POINT('',#3420);
#2666=LINE('',#3421,#3422);
#2667=VERTEX_POINT('',#3423);
#2668=LINE('',#3424,#3425);
#2669=LINE('',#3426,#3427);
#2670=VERTEX_POINT('',#3428);
#2671=LINE('',#3429,#3430);
#2672=LINE('',#3431,#3432);
#2673=LINE('',#3433,#3434);
#2674=VERTEX_POINT('',#3435);
#2675=LINE('',#3436,#3437);
#2676=VERTEX_POINT('',#3438);
#2677=LINE('',#3439,#3440);
#2678=LINE('',#3441,#3442);
#2679=VERTEX_POINT('',#3443);
#2680=LINE('',#3444,#3445);
#2681=VERTEX_POINT('',#3446);
#2682=LINE('',#3447,#3448);
#2683=LINE('',#3449,#3450);
#2684=LINE('',#3451,#3452);
#2685=LINE('',#3453,#3454);
#2686=VERTEX_POINT('',#3455);
#2687=CIRCLE('',#3456,0.25);
#2688=CIRCLE('',#3457,0.25);
#2689=VERTEX_POINT('',#3458);
#2690=LINE('',#3459,#3460);
#2691=CIRCLE('',#3461,0.25);
#2692=VERTEX_POINT('',#3462);
#2693=CIRCLE('',#3463,0.25);
#2694=VERTEX_POINT('',#3464);
#2695=LINE('',#3465,#3466);
#2696=VERTEX_POINT('',#3467);
#2697=CIRCLE('',#3468,0.25);
#2698=LINE('',#3469,#3470);
#2699=VERTEX_POINT('',#3471);
#2700=CIRCLE('',#3472,0.25);
#2701=VERTEX_POINT('',#3473);
#2702=LINE('',#3474,#3475);
#2703=CIRCLE('',#3476,0.25);
#2704=VERTEX_POINT('',#3477);
#2705=LINE('',#3478,#3479);
#2706=CIRCLE('',#3480,0.15);
#2707=CIRCLE('',#3481,0.15);
#2708=CIRCLE('',#3482,0.25);
#2709=CIRCLE('',#3483,0.25);
#2710=CIRCLE('',#3484,0.25);
#2711=CIRCLE('',#3485,0.25);
#2712=CIRCLE('',#3486,0.25);
#2713=VERTEX_POINT('',#3487);
#2714=CIRCLE('',#3488,0.75);
#2715=VERTEX_POINT('',#3489);
#2716=CIRCLE('',#3490,0.25);
#2717=CIRCLE('',#3491,0.25);
#2718=CIRCLE('',#3492,0.25);
#2719=VERTEX_POINT('',#3493);
#2720=LINE('',#3494,#3495);
#2721=VERTEX_POINT('',#3496);
#2722=CIRCLE('',#3497,0.25);
#2723=LINE('',#3498,#3499);
#2724=CIRCLE('',#3500,0.25);
#2725=VERTEX_POINT('',#3501);
#2726=CIRCLE('',#3502,0.25);
#2727=VERTEX_POINT('',#3503);
#2728=CIRCLE('',#3504,0.25);
#2729=CIRCLE('',#3505,0.75);
#2730=CIRCLE('',#3506,0.25);
#2731=VERTEX_POINT('',#3507);
#2732=LINE('',#3508,#3509);
#2733=VERTEX_POINT('',#3510);
#2734=CIRCLE('',#3511,0.25);
#2735=LINE('',#3512,#3513);
#2736=CIRCLE('',#3514,0.25);
#2737=CIRCLE('',#3515,0.75);
#2738=CIRCLE('',#3516,0.25);
#2739=VERTEX_POINT('',#3517);
#2740=LINE('',#3518,#3519);
#2741=CIRCLE('',#3520,0.15);
#2742=CIRCLE('',#3521,0.15);
#2743=LINE('',#3522,#3523);
#2744=LINE('',#3524,#3525);
#2745=VERTEX_POINT('',#3526);
#2746=CIRCLE('',#3527,0.25);
#2747=CIRCLE('',#3528,0.25);
#2748=LINE('',#3529,#3530);
#2749=VERTEX_POINT('',#3531);
#2750=LINE('',#3532,#3533);
#2751=VERTEX_POINT('',#3534);
#2752=CIRCLE('',#3535,0.25);
#2753=VERTEX_POINT('',#3536);
#2754=LINE('',#3537,#3538);
#2755=CIRCLE('',#3539,0.25);
#2756=VERTEX_POINT('',#3540);
#2757=CIRCLE('',#3541,0.25);
#2758=VERTEX_POINT('',#3542);
#2759=LINE('',#3543,#3544);
#2760=CIRCLE('',#3545,0.25);
#2761=VERTEX_POINT('',#3546);
#2762=LINE('',#3547,#3548);
#2763=CIRCLE('',#3549,0.15);
#2764=CIRCLE('',#3550,0.15);
#2765=CIRCLE('',#3551,0.25);
#2766=CIRCLE('',#3552,0.25);
#2767=CIRCLE('',#3553,0.25);
#2768=CIRCLE('',#3554,0.25);
#2769=CIRCLE('',#3555,0.25);
#2770=VERTEX_POINT('',#3556);
#2771=CIRCLE('',#3557,0.25);
#2772=VERTEX_POINT('',#3558);
#2773=CIRCLE('',#3559,0.25);
#2774=CIRCLE('',#3560,0.75);
#2775=CIRCLE('',#3561,0.25);
#2776=VERTEX_POINT('',#3562);
#2777=LINE('',#3563,#3564);
#2778=VERTEX_POINT('',#3565);
#2779=CIRCLE('',#3566,0.25);
#2780=LINE('',#3567,#3568);
#2781=CIRCLE('',#3569,0.25);
#2782=VERTEX_POINT('',#3570);
#2783=CIRCLE('',#3571,0.75);
#2784=VERTEX_POINT('',#3572);
#2785=CIRCLE('',#3573,0.25);
#2786=CIRCLE('',#3574,0.25);
#2787=CIRCLE('',#3575,0.25);
#2788=VERTEX_POINT('',#3576);
#2789=LINE('',#3577,#3578);
#2790=VERTEX_POINT('',#3579);
#2791=CIRCLE('',#3580,0.25);
#2792=LINE('',#3581,#3582);
#2793=CIRCLE('',#3583,0.25);
#2794=CIRCLE('',#3584,0.25);
#2795=CIRCLE('',#3585,0.75);
#2796=VERTEX_POINT('',#3586);
#2797=LINE('',#3587,#3588);
#2798=CIRCLE('',#3589,0.15);
#2799=CIRCLE('',#3590,0.15);
#2800=LINE('',#3591,#3592);
#2801=LINE('',#3593,#3594);
#2802=LINE('',#3595,#3596);
#2803=LINE('',#3597,#3598);
#2804=VERTEX_POINT('',#3599);
#2805=LINE('',#3600,#3601);
#2806=CIRCLE('',#3602,0.25);
#2807=LINE('',#3603,#3604);
#2808=VERTEX_POINT('',#3605);
#2809=LINE('',#3606,#3607);
#2810=CIRCLE('',#3608,0.25);
#2811=VERTEX_POINT('',#3609);
#2812=LINE('',#3610,#3611);
#2813=CIRCLE('',#3612,0.15);
#2814=CIRCLE('',#3613,0.15);
#2815=CIRCLE('',#3614,0.25);
#2816=CIRCLE('',#3615,0.25);
#2817=VERTEX_POINT('',#3616);
#2818=CIRCLE('',#3617,0.15);
#2819=LINE('',#3618,#3619);
#2820=CIRCLE('',#3620,0.15);
#2821=LINE('',#3621,#3622);
#2822=VERTEX_POINT('',#3623);
#2823=LINE('',#3624,#3625);
#2824=CIRCLE('',#3626,0.25);
#2825=LINE('',#3627,#3628);
#2826=VERTEX_POINT('',#3629);
#2827=LINE('',#3630,#3631);
#2828=CIRCLE('',#3632,0.25);
#2829=VERTEX_POINT('',#3633);
#2830=LINE('',#3634,#3635);
#2831=CIRCLE('',#3636,0.15);
#2832=CIRCLE('',#3637,0.15);
#2833=CIRCLE('',#3638,0.25);
#2834=CIRCLE('',#3639,0.25);
#2835=VERTEX_POINT('',#3640);
#2836=CIRCLE('',#3641,0.15);
#2837=LINE('',#3642,#3643);
#2838=CIRCLE('',#3644,0.15);
#2839=CARTESIAN_POINT('',(2.25,1.35,-7.2));
#2840=CARTESIAN_POINT('',(2.25,1.25,-6.9));
#2841=CARTESIAN_POINT('',(2.25,1.3000000000033,-7.05000000001));
#2842=VECTOR('',#3645,1.0);
#2843=CARTESIAN_POINT('',(2.4,1.5,-7.2));
#2844=AXIS2_PLACEMENT_3D('',#3646,#3647,#3648);
#2845=CARTESIAN_POINT('',(2.5,1.5,-6.9));
#2846=CARTESIAN_POINT('',(2.399999999996,1.500000000293,-7.200000000013));
#2847=VECTOR('',#3649,0.3162277660135);
#2848=AXIS2_PLACEMENT_3D('',#3650,#3651,#3652);
#2849=CARTESIAN_POINT('',(2.25,1.75,-6.9));
#2850=CARTESIAN_POINT('',(2.25,1.65,-7.2));
#2851=CARTESIAN_POINT('',(2.25,1.6999999999967,-7.05000000001));
#2852=VECTOR('',#3653,1.0);
#2853=AXIS2_PLACEMENT_3D('',#3654,#3655,#3656);
#2854=AXIS2_PLACEMENT_3D('',#3657,#3658,#3659);
#2855=CARTESIAN_POINT('',(2.25,1.75,-0.55));
#2856=CARTESIAN_POINT('',(2.25,1.65,-0.25));
#2857=CARTESIAN_POINT('',(2.25,1.6999999999967,-0.3999999999902));
#2858=VECTOR('',#3660,1.0);
#2859=CARTESIAN_POINT('',(2.0,1.5,-0.55));
#2860=AXIS2_PLACEMENT_3D('',#3661,#3662,#3663);
#2861=CARTESIAN_POINT('',(2.1,1.5,-0.25));
#2862=CARTESIAN_POINT('',(2.100000000004,1.499999999707,-0.2499999999873));
#2863=VECTOR('',#3664,0.3162277660135);
#2864=AXIS2_PLACEMENT_3D('',#3665,#3666,#3667);
#2865=CARTESIAN_POINT('',(2.25,1.35,-0.25));
#2866=CARTESIAN_POINT('',(2.25,1.25,-0.55));
#2867=CARTESIAN_POINT('',(2.25,1.3000000000033,-0.3999999999902));
#2868=VECTOR('',#3668,1.0);
#2869=AXIS2_PLACEMENT_3D('',#3669,#3670,#3671);
#2870=AXIS2_PLACEMENT_3D('',#3672,#3673,#3674);
#2871=CARTESIAN_POINT('',(-2.25,1.35,-7.2));
#2872=CARTESIAN_POINT('',(-2.25,1.25,-6.9));
#2873=CARTESIAN_POINT('',(-2.25,1.3000000000033,-7.05000000001));
#2874=VECTOR('',#3675,1.0);
#2875=CARTESIAN_POINT('',(-2.1,1.5,-7.2));
#2876=AXIS2_PLACEMENT_3D('',#3676,#3677,#3678);
#2877=CARTESIAN_POINT('',(-2.0,1.5,-6.9));
#2878=CARTESIAN_POINT('',(-2.100000000004,1.500000000293,-7.200000000013));
#2879=VECTOR('',#3679,0.3162277660135);
#2880=AXIS2_PLACEMENT_3D('',#3680,#3681,#3682);
#2881=CARTESIAN_POINT('',(-2.25,1.75,-6.9));
#2882=CARTESIAN_POINT('',(-2.25,1.65,-7.2));
#2883=CARTESIAN_POINT('',(-2.25,1.6999999999967,-7.05000000001));
#2884=VECTOR('',#3683,1.0);
#2885=AXIS2_PLACEMENT_3D('',#3684,#3685,#3686);
#2886=AXIS2_PLACEMENT_3D('',#3687,#3688,#3689);
#2887=CARTESIAN_POINT('',(-2.25,1.75,-0.55));
#2888=CARTESIAN_POINT('',(-2.25,1.65,-0.25));
#2889=CARTESIAN_POINT('',(-2.25,1.6999999999967,-0.3999999999902));
#2890=VECTOR('',#3690,1.0);
#2891=CARTESIAN_POINT('',(-2.5,1.5,-0.55));
#2892=AXIS2_PLACEMENT_3D('',#3691,#3692,#3693);
#2893=CARTESIAN_POINT('',(-2.4,1.5,-0.25));
#2894=CARTESIAN_POINT('',(-2.399999999996,1.499999999707,-0.2499999999873));
#2895=VECTOR('',#3694,0.3162277660135);
#2896=AXIS2_PLACEMENT_3D('',#3695,#3696,#3697);
#2897=CARTESIAN_POINT('',(-2.25,1.35,-0.25));
#2898=CARTESIAN_POINT('',(-2.25,1.25,-0.55));
#2899=CARTESIAN_POINT('',(-2.25,1.3000000000033,-0.3999999999902));
#2900=VECTOR('',#3698,1.0);
#2901=AXIS2_PLACEMENT_3D('',#3699,#3700,#3701);
#2902=AXIS2_PLACEMENT_3D('',#3702,#3703,#3704);
#2903=CARTESIAN_POINT('',(-0.75,1.75,-6.9));
#2904=CARTESIAN_POINT('',(-0.75,1.65,-7.2));
#2905=CARTESIAN_POINT('',(-0.75,1.6999999999967,-7.05000000001));
#2906=VECTOR('',#3705,1.0);
#2907=CARTESIAN_POINT('',(-0.5,1.5,-6.9));
#2908=AXIS2_PLACEMENT_3D('',#3706,#3707,#3708);
#2909=CARTESIAN_POINT('',(-0.6,1.5,-7.2));
#2910=CARTESIAN_POINT('',(-0.6000000000042,1.500000000293,-7.200000000013));
#2911=VECTOR('',#3709,0.3162277660135);
#2912=AXIS2_PLACEMENT_3D('',#3710,#3711,#3712);
#2913=CARTESIAN_POINT('',(-0.75,1.35,-7.2));
#2914=CARTESIAN_POINT('',(-0.75,1.25,-6.9));
#2915=CARTESIAN_POINT('',(-0.75,1.3000000000033,-7.05000000001));
#2916=VECTOR('',#3713,1.0);
#2917=AXIS2_PLACEMENT_3D('',#3714,#3715,#3716);
#2918=AXIS2_PLACEMENT_3D('',#3717,#3718,#3719);
#2919=CARTESIAN_POINT('',(-0.5,1.5,-6.626108268163));
#2920=CARTESIAN_POINT('',(-0.5,1.5,-6.7));
#2921=CARTESIAN_POINT('',(-0.5,1.5,-6.7630541340815));
#2922=VECTOR('',#3720,1.0);
#2923=CARTESIAN_POINT('',(-0.75,1.25,-6.626108268163));
#2924=AXIS2_PLACEMENT_3D('',#3721,#3722,#3723);
#2925=CARTESIAN_POINT('',(-0.75,1.25,-6.7));
#2926=CARTESIAN_POINT('',(-0.75,1.25,-6.7));
#2927=VECTOR('',#3724,0.07389173183676);
#2928=CARTESIAN_POINT('',(-1.0,1.5,-6.7));
#2929=AXIS2_PLACEMENT_3D('',#3725,#3726,#3727);
#2930=CARTESIAN_POINT('',(-1.0,1.5,-6.9));
#2931=CARTESIAN_POINT('',(-0.9999999999947,1.499999999634,-6.900000000016));
#2932=VECTOR('',#3728,0.2000000000159);
#2933=AXIS2_PLACEMENT_3D('',#3729,#3730,#3731);
#2934=CARTESIAN_POINT('',(-0.5000000000053,1.500000000366,-6.900000000016));
#2935=VECTOR('',#3732,0.2000000000159);
#2936=CARTESIAN_POINT('',(-0.5,1.5,-4.7));
#2937=CARTESIAN_POINT('',(-0.5,1.5,-4.779426859651));
#2938=CARTESIAN_POINT('',(-0.5,1.5,-4.5647134298255));
#2939=VECTOR('',#3733,1.0);
#2940=CARTESIAN_POINT('',(-0.75,1.25,-4.7));
#2941=AXIS2_PLACEMENT_3D('',#3734,#3735,#3736);
#2942=CARTESIAN_POINT('',(-0.75,1.25,-4.779426859651));
#2943=CARTESIAN_POINT('',(-0.75,1.25,-4.779426859651));
#2944=VECTOR('',#3737,0.07942685965099);
#2945=AXIS2_PLACEMENT_3D('',#3738,#3739,#3740);
#2946=CARTESIAN_POINT('',(-0.75,1.75,-0.55));
#2947=CARTESIAN_POINT('',(-0.75,1.65,-0.25));
#2948=CARTESIAN_POINT('',(-0.75,1.6999999999967,-0.3999999999902));
#2949=VECTOR('',#3741,1.0);
#2950=CARTESIAN_POINT('',(-1.0,1.5,-0.55));
#2951=AXIS2_PLACEMENT_3D('',#3742,#3743,#3744);
#2952=CARTESIAN_POINT('',(-0.9,1.5,-0.25));
#2953=CARTESIAN_POINT('',(-0.8999999999958,1.499999999707,-0.2499999999873));
#2954=VECTOR('',#3745,0.3162277660135);
#2955=AXIS2_PLACEMENT_3D('',#3746,#3747,#3748);
#2956=CARTESIAN_POINT('',(-0.75,1.35,-0.25));
#2957=CARTESIAN_POINT('',(-0.75,1.25,-0.55));
#2958=CARTESIAN_POINT('',(-0.75,1.3000000000033,-0.3999999999902));
#2959=VECTOR('',#3749,1.0);
#2960=AXIS2_PLACEMENT_3D('',#3750,#3751,#3752);
#2961=AXIS2_PLACEMENT_3D('',#3753,#3754,#3755);
#2962=CARTESIAN_POINT('',(-0.75,1.25,-4.35));
#2963=CARTESIAN_POINT('',(-0.75,1.25,-4.5647134298255));
#2964=VECTOR('',#3756,1.0);
#2965=CARTESIAN_POINT('',(-0.5,1.5,-4.35));
#2966=CARTESIAN_POINT('',(-0.5,1.5,-4.7));
#2967=VECTOR('',#3757,0.35);
#2968=AXIS2_PLACEMENT_3D('',#3758,#3759,#3760);
#2969=CARTESIAN_POINT('',(-0.75,1.25,-2.9));
#2970=CARTESIAN_POINT('',(-0.75,1.25,-1.725));
#2971=VECTOR('',#3761,1.0);
#2972=CARTESIAN_POINT('',(-0.5,1.5,-2.9));
#2973=AXIS2_PLACEMENT_3D('',#3762,#3763,#3764);
#2974=CARTESIAN_POINT('',(-0.5,1.5,-0.55));
#2975=CARTESIAN_POINT('',(-0.5,1.5,-2.9));
#2976=VECTOR('',#3765,2.350000000016);
#2977=AXIS2_PLACEMENT_3D('',#3766,#3767,#3768);
#2978=CARTESIAN_POINT('',(0.75,1.75,-6.9));
#2979=CARTESIAN_POINT('',(0.75,1.65,-7.2));
#2980=CARTESIAN_POINT('',(0.75,1.6999999999967,-7.05000000001));
#2981=VECTOR('',#3769,1.0);
#2982=CARTESIAN_POINT('',(1.0,1.5,-6.9));
#2983=AXIS2_PLACEMENT_3D('',#3770,#3771,#3772);
#2984=CARTESIAN_POINT('',(0.9,1.5,-7.2));
#2985=CARTESIAN_POINT('',(0.8999999999958,1.500000000293,-7.200000000013));
#2986=VECTOR('',#3773,0.3162277660135);
#2987=AXIS2_PLACEMENT_3D('',#3774,#3775,#3776);
#2988=CARTESIAN_POINT('',(0.75,1.35,-7.2));
#2989=CARTESIAN_POINT('',(0.75,1.25,-6.9));
#2990=CARTESIAN_POINT('',(0.75,1.3000000000033,-7.05000000001));
#2991=VECTOR('',#3777,1.0);
#2992=AXIS2_PLACEMENT_3D('',#3778,#3779,#3780);
#2993=AXIS2_PLACEMENT_3D('',#3781,#3782,#3783);
#2994=CARTESIAN_POINT('',(0.5,1.5,-6.7));
#2995=CARTESIAN_POINT('',(0.5,1.5,-6.626108268163));
#2996=CARTESIAN_POINT('',(0.5,1.5,-6.7630541340815));
#2997=VECTOR('',#3784,1.0);
#2998=CARTESIAN_POINT('',(0.5,1.5,-6.9));
#2999=CARTESIAN_POINT('',(0.5000000000053,1.499999999634,-6.900000000016));
#3000=VECTOR('',#3785,0.2000000000159);
#3001=AXIS2_PLACEMENT_3D('',#3786,#3787,#3788);
#3002=CARTESIAN_POINT('',(1.0,1.5,-6.7));
#3003=CARTESIAN_POINT('',(0.9999999999947,1.500000000366,-6.900000000016));
#3004=VECTOR('',#3789,0.2000000000159);
#3005=CARTESIAN_POINT('',(0.75,1.25,-6.7));
#3006=AXIS2_PLACEMENT_3D('',#3790,#3791,#3792);
#3007=CARTESIAN_POINT('',(0.75,1.25,-6.626108268163));
#3008=CARTESIAN_POINT('',(0.75,1.25,-6.7));
#3009=VECTOR('',#3793,0.07389173183676);
#3010=AXIS2_PLACEMENT_3D('',#3794,#3795,#3796);
#3011=CARTESIAN_POINT('',(0.5,1.5,-4.779426859651));
#3012=CARTESIAN_POINT('',(0.5,1.5,-4.7));
#3013=CARTESIAN_POINT('',(0.5,1.5,-4.5647134298255));
#3014=VECTOR('',#3797,1.0);
#3015=CARTESIAN_POINT('',(0.75,1.25,-4.779426859651));
#3016=AXIS2_PLACEMENT_3D('',#3798,#3799,#3800);
#3017=CARTESIAN_POINT('',(0.75,1.25,-4.7));
#3018=CARTESIAN_POINT('',(0.75,1.25,-4.779426859651));
#3019=VECTOR('',#3801,0.07942685965099);
#3020=AXIS2_PLACEMENT_3D('',#3802,#3803,#3804);
#3021=CARTESIAN_POINT('',(0.75,1.75,-0.55));
#3022=CARTESIAN_POINT('',(0.75,1.65,-0.25));
#3023=CARTESIAN_POINT('',(0.75,1.6999999999967,-0.3999999999902));
#3024=VECTOR('',#3805,1.0);
#3025=CARTESIAN_POINT('',(0.5,1.5,-0.55));
#3026=AXIS2_PLACEMENT_3D('',#3806,#3807,#3808);
#3027=CARTESIAN_POINT('',(0.6,1.5,-0.25));
#3028=CARTESIAN_POINT('',(0.6000000000042,1.499999999707,-0.2499999999873));
#3029=VECTOR('',#3809,0.3162277660135);
#3030=AXIS2_PLACEMENT_3D('',#3810,#3811,#3812);
#3031=CARTESIAN_POINT('',(0.75,1.35,-0.25));
#3032=CARTESIAN_POINT('',(0.75,1.25,-0.55));
#3033=CARTESIAN_POINT('',(0.75,1.3000000000033,-0.3999999999902));
#3034=VECTOR('',#3813,1.0);
#3035=AXIS2_PLACEMENT_3D('',#3814,#3815,#3816);
#3036=AXIS2_PLACEMENT_3D('',#3817,#3818,#3819);
#3037=CARTESIAN_POINT('',(0.75,1.25,-4.35));
#3038=CARTESIAN_POINT('',(0.75,1.25,-4.5647134298255));
#3039=VECTOR('',#3820,1.0);
#3040=CARTESIAN_POINT('',(0.5,1.5,-4.35));
#3041=AXIS2_PLACEMENT_3D('',#3821,#3822,#3823);
#3042=CARTESIAN_POINT('',(0.5,1.5,-4.7));
#3043=VECTOR('',#3824,0.35);
#3044=CARTESIAN_POINT('',(0.75,1.25,-2.9));
#3045=CARTESIAN_POINT('',(0.75,1.25,-1.725));
#3046=VECTOR('',#3825,1.0);
#3047=CARTESIAN_POINT('',(0.5,1.5,-2.9));
#3048=CARTESIAN_POINT('',(0.5,1.5,-2.9));
#3049=VECTOR('',#3826,2.350000000016);
#3050=AXIS2_PLACEMENT_3D('',#3827,#3828,#3829);
#3051=CARTESIAN_POINT('',(-3.75,0.0,-4.5));
#3052=CARTESIAN_POINT('',(-3.75,3.7,-4.5));
#3053=CARTESIAN_POINT('',(-3.75,0.0,-4.5));
#3054=VECTOR('',#3830,3.7);
#3055=CARTESIAN_POINT('',(-3.75,0.0,0.0));
#3056=CARTESIAN_POINT('',(-3.75,0.0,0.0));
#3057=VECTOR('',#3831,4.5);
#3058=CARTESIAN_POINT('',(-3.75,0.9,0.0));
#3059=CARTESIAN_POINT('',(-3.75,0.9,0.0));
#3060=VECTOR('',#3832,0.9);
#3061=CARTESIAN_POINT('',(-3.75,0.9,-2.3));
#3062=CARTESIAN_POINT('',(-3.75,0.9,-2.3));
#3063=VECTOR('',#3833,2.3);
#3064=CARTESIAN_POINT('',(-3.75,1.9,-2.3));
#3065=CARTESIAN_POINT('',(-3.75,1.9,-2.3));
#3066=VECTOR('',#3834,1.0);
#3067=CARTESIAN_POINT('',(-3.75,1.9,0.0));
#3068=CARTESIAN_POINT('',(-3.75,1.9,0.0));
#3069=VECTOR('',#3835,2.3);
#3070=CARTESIAN_POINT('',(-3.75,3.7,0.0));
#3071=CARTESIAN_POINT('',(-3.75,3.7,0.0));
#3072=VECTOR('',#3836,1.8);
#3073=CARTESIAN_POINT('',(-3.75,3.7,-4.5));
#3074=VECTOR('',#3837,4.5);
#3075=CARTESIAN_POINT('',(2.725,3.7,-4.35));
#3076=CARTESIAN_POINT('',(1.775,3.7,-4.35));
#3077=CARTESIAN_POINT('',(2.725,3.7,-4.35));
#3078=VECTOR('',#3838,0.95);
#3079=CARTESIAN_POINT('',(1.775,3.7,-4.5));
#3080=CARTESIAN_POINT('',(1.775,3.7,-4.5));
#3081=VECTOR('',#3839,0.15);
#3082=CARTESIAN_POINT('',(1.225,3.7,-4.5));
#3083=CARTESIAN_POINT('',(1.225,3.7,-4.5));
#3084=VECTOR('',#3840,0.55);
#3085=CARTESIAN_POINT('',(1.225,3.7,-4.35));
#3086=CARTESIAN_POINT('',(1.225,3.7,-4.5));
#3087=VECTOR('',#3841,0.15);
#3088=CARTESIAN_POINT('',(0.275,3.7,-4.35));
#3089=CARTESIAN_POINT('',(1.225,3.7,-4.35));
#3090=VECTOR('',#3842,0.95);
#3091=CARTESIAN_POINT('',(0.275,3.7,-4.5));
#3092=CARTESIAN_POINT('',(0.275,3.7,-4.5));
#3093=VECTOR('',#3843,0.15);
#3094=CARTESIAN_POINT('',(-0.275,3.7,-4.5));
#3095=CARTESIAN_POINT('',(-0.275,3.7,-4.5));
#3096=VECTOR('',#3844,0.55);
#3097=CARTESIAN_POINT('',(-0.275,3.7,-4.35));
#3098=CARTESIAN_POINT('',(-0.275,3.7,-4.5));
#3099=VECTOR('',#3845,0.15);
#3100=CARTESIAN_POINT('',(-1.225,3.7,-4.35));
#3101=CARTESIAN_POINT('',(-0.275,3.7,-4.35));
#3102=VECTOR('',#3846,0.95);
#3103=CARTESIAN_POINT('',(-1.225,3.7,-4.5));
#3104=CARTESIAN_POINT('',(-1.225,3.7,-4.5));
#3105=VECTOR('',#3847,0.15);
#3106=CARTESIAN_POINT('',(-1.775,3.7,-4.5));
#3107=CARTESIAN_POINT('',(-1.775,3.7,-4.5));
#3108=VECTOR('',#3848,0.55);
#3109=CARTESIAN_POINT('',(-1.775,3.7,-4.35));
#3110=CARTESIAN_POINT('',(-1.775,3.7,-4.5));
#3111=VECTOR('',#3849,0.15);
#3112=CARTESIAN_POINT('',(-2.725,3.7,-4.35));
#3113=CARTESIAN_POINT('',(-1.775,3.7,-4.35));
#3114=VECTOR('',#3850,0.95);
#3115=CARTESIAN_POINT('',(-2.725,3.7,-4.5));
#3116=CARTESIAN_POINT('',(-2.725,3.7,-4.5));
#3117=VECTOR('',#3851,0.15);
#3118=CARTESIAN_POINT('',(-3.75,3.7,-4.5));
#3119=VECTOR('',#3852,1.025);
#3120=CARTESIAN_POINT('',(3.75,3.7,0.0));
#3121=CARTESIAN_POINT('',(-3.75,3.7,0.0));
#3122=VECTOR('',#3853,7.5);
#3123=CARTESIAN_POINT('',(3.75,3.7,-4.5));
#3124=CARTESIAN_POINT('',(3.75,3.7,-4.5));
#3125=VECTOR('',#3854,4.5);
#3126=CARTESIAN_POINT('',(2.725,3.7,-4.5));
#3127=CARTESIAN_POINT('',(2.725,3.7,-4.5));
#3128=VECTOR('',#3855,1.025);
#3129=CARTESIAN_POINT('',(2.725,3.7,-4.5));
#3130=VECTOR('',#3856,0.15);
#3131=CARTESIAN_POINT('',(2.725,0.55,-4.5));
#3132=CARTESIAN_POINT('',(2.725,0.55,-4.5));
#3133=VECTOR('',#3857,3.15);
#3134=CARTESIAN_POINT('',(2.725,0.55,-4.35));
#3135=CARTESIAN_POINT('',(2.725,0.55,-4.5));
#3136=VECTOR('',#3858,0.15);
#3137=CARTESIAN_POINT('',(2.725,0.55,-4.35));
#3138=VECTOR('',#3859,3.15);
#3139=CARTESIAN_POINT('',(2.55,0.55,-4.35));
#3140=CARTESIAN_POINT('',(2.725,0.55,-4.35));
#3141=VECTOR('',#3860,0.175);
#3142=CARTESIAN_POINT('',(2.55,0.0,-4.35));
#3143=CARTESIAN_POINT('',(2.55,0.55,-4.35));
#3144=VECTOR('',#3861,0.55);
#3145=CARTESIAN_POINT('',(1.775,0.0,-4.35));
#3146=CARTESIAN_POINT('',(2.55,0.0,-4.35));
#3147=VECTOR('',#3862,0.775);
#3148=CARTESIAN_POINT('',(1.775,0.0,-4.35));
#3149=VECTOR('',#3863,3.7);
#3150=CARTESIAN_POINT('',(2.0,1.5,-4.35));
#3151=CARTESIAN_POINT('',(2.5,1.5,-4.35));
#3152=AXIS2_PLACEMENT_3D('',#3864,#3865,#3866);
#3153=AXIS2_PLACEMENT_3D('',#3867,#3868,#3869);
#3154=CARTESIAN_POINT('',(1.775,0.0,-4.5));
#3155=CARTESIAN_POINT('',(1.775,0.0,-4.5));
#3156=VECTOR('',#3870,0.15);
#3157=CARTESIAN_POINT('',(1.775,0.0,-4.5));
#3158=VECTOR('',#3871,3.7);
#3159=CARTESIAN_POINT('',(-3.25,0.55,-4.5));
#3160=CARTESIAN_POINT('',(-2.725,0.55,-4.5));
#3161=CARTESIAN_POINT('',(-3.25,0.55,-4.5));
#3162=VECTOR('',#3872,0.525);
#3163=CARTESIAN_POINT('',(-3.25,0.0,-4.5));
#3164=CARTESIAN_POINT('',(-3.25,0.55,-4.5));
#3165=VECTOR('',#3873,0.55);
#3166=CARTESIAN_POINT('',(-3.75,0.0,-4.5));
#3167=VECTOR('',#3874,0.5);
#3168=CARTESIAN_POINT('',(-2.725,0.55,-4.5));
#3169=VECTOR('',#3875,3.15);
#3170=CARTESIAN_POINT('',(-1.775,0.0,-4.5));
#3171=CARTESIAN_POINT('',(-1.225,0.0,-4.5));
#3172=CARTESIAN_POINT('',(-1.775,0.0,-4.5));
#3173=VECTOR('',#3876,0.55);
#3174=CARTESIAN_POINT('',(-1.775,0.0,-4.5));
#3175=VECTOR('',#3877,3.7);
#3176=CARTESIAN_POINT('',(-1.225,0.0,-4.5));
#3177=VECTOR('',#3878,3.7);
#3178=CARTESIAN_POINT('',(-0.275,0.0,-4.5));
#3179=CARTESIAN_POINT('',(0.275,0.0,-4.5));
#3180=CARTESIAN_POINT('',(-0.275,0.0,-4.5));
#3181=VECTOR('',#3879,0.55);
#3182=CARTESIAN_POINT('',(-0.275,0.0,-4.5));
#3183=VECTOR('',#3880,3.7);
#3184=CARTESIAN_POINT('',(0.275,0.0,-4.5));
#3185=VECTOR('',#3881,3.7);
#3186=CARTESIAN_POINT('',(3.75,0.0,-4.5));
#3187=CARTESIAN_POINT('',(3.75,0.0,-4.5));
#3188=VECTOR('',#3882,3.7);
#3189=CARTESIAN_POINT('',(3.25,0.0,-4.5));
#3190=CARTESIAN_POINT('',(3.25,0.0,-4.5));
#3191=VECTOR('',#3883,0.5);
#3192=CARTESIAN_POINT('',(3.25,0.55,-4.5));
#3193=CARTESIAN_POINT('',(3.25,0.55,-4.5));
#3194=VECTOR('',#3884,0.55);
#3195=CARTESIAN_POINT('',(2.725,0.55,-4.5));
#3196=VECTOR('',#3885,0.525);
#3197=CARTESIAN_POINT('',(1.225,0.0,-4.5));
#3198=CARTESIAN_POINT('',(1.225,0.0,-4.5));
#3199=VECTOR('',#3886,0.55);
#3200=CARTESIAN_POINT('',(1.225,0.0,-4.5));
#3201=VECTOR('',#3887,3.7);
#3202=CARTESIAN_POINT('',(-2.725,0.55,-4.35));
#3203=CARTESIAN_POINT('',(-2.725,0.55,-4.35));
#3204=VECTOR('',#3888,3.15);
#3205=CARTESIAN_POINT('',(-2.725,0.55,-4.5));
#3206=VECTOR('',#3889,0.15);
#3207=CARTESIAN_POINT('',(-2.55,0.55,-4.35));
#3208=CARTESIAN_POINT('',(-2.55,0.55,-2.9));
#3209=CARTESIAN_POINT('',(-2.55,0.55,-4.35));
#3210=VECTOR('',#3890,1.45);
#3211=CARTESIAN_POINT('',(-3.25,0.55,-2.9));
#3212=CARTESIAN_POINT('',(-3.25,0.55,-2.9));
#3213=VECTOR('',#3891,0.7);
#3214=CARTESIAN_POINT('',(-3.25,0.55,-2.9));
#3215=VECTOR('',#3892,1.6);
#3216=CARTESIAN_POINT('',(-2.55,0.55,-4.35));
#3217=VECTOR('',#3893,0.175);
#3218=CARTESIAN_POINT('',(3.25,0.55,-2.9));
#3219=CARTESIAN_POINT('',(3.25,0.55,-4.5));
#3220=VECTOR('',#3894,1.6);
#3221=CARTESIAN_POINT('',(2.55,0.55,-2.9));
#3222=CARTESIAN_POINT('',(2.55,0.55,-2.9));
#3223=VECTOR('',#3895,0.7);
#3224=CARTESIAN_POINT('',(2.55,0.55,-2.9));
#3225=VECTOR('',#3896,1.45);
#3226=CARTESIAN_POINT('',(-1.775,0.0,-4.35));
#3227=CARTESIAN_POINT('',(-1.775,0.0,-4.35));
#3228=VECTOR('',#3897,3.7);
#3229=CARTESIAN_POINT('',(-2.55,0.0,-4.35));
#3230=CARTESIAN_POINT('',(-1.775,0.0,-4.35));
#3231=VECTOR('',#3898,0.775);
#3232=CARTESIAN_POINT('',(-2.55,0.55,-4.35));
#3233=VECTOR('',#3899,0.55);
#3234=CARTESIAN_POINT('',(-2.5,1.5,-4.35));
#3235=CARTESIAN_POINT('',(-2.0,1.5,-4.35));
#3236=AXIS2_PLACEMENT_3D('',#3900,#3901,#3902);
#3237=AXIS2_PLACEMENT_3D('',#3903,#3904,#3905);
#3238=CARTESIAN_POINT('',(-2.55,0.0,-1.698818597561));
#3239=CARTESIAN_POINT('',(-2.55,0.0,-4.35));
#3240=VECTOR('',#3906,2.651181402439);
#3241=CARTESIAN_POINT('',(-2.55,0.55,-1.698818597561));
#3242=CARTESIAN_POINT('',(-2.55,0.0,-1.698818597561));
#3243=VECTOR('',#3907,0.55);
#3244=CARTESIAN_POINT('',(-2.55,0.55,-2.9));
#3245=VECTOR('',#3908,1.201181402439);
#3246=CARTESIAN_POINT('',(-3.25,0.55,-1.698818597561));
#3247=CARTESIAN_POINT('',(-2.55,0.55,-1.698818597561));
#3248=VECTOR('',#3909,0.7);
#3249=CARTESIAN_POINT('',(-3.25,0.55,-2.9));
#3250=VECTOR('',#3910,1.201181402439);
#3251=CARTESIAN_POINT('',(-3.35,0.55,-2.9));
#3252=CARTESIAN_POINT('',(-3.35,0.55,-2.9));
#3253=VECTOR('',#3911,0.1);
#3254=CARTESIAN_POINT('',(-3.35,0.55,-0.25));
#3255=CARTESIAN_POINT('',(-3.35,0.55,-0.25));
#3256=VECTOR('',#3912,2.65);
#3257=CARTESIAN_POINT('',(3.35,0.55,-0.25));
#3258=CARTESIAN_POINT('',(3.35,0.55,-0.25));
#3259=VECTOR('',#3913,6.7);
#3260=CARTESIAN_POINT('',(3.35,0.55,-2.9));
#3261=CARTESIAN_POINT('',(3.35,0.55,-0.25));
#3262=VECTOR('',#3914,2.65);
#3263=CARTESIAN_POINT('',(3.25,0.55,-2.9));
#3264=VECTOR('',#3915,0.1);
#3265=CARTESIAN_POINT('',(3.25,0.55,-1.698818597561));
#3266=CARTESIAN_POINT('',(3.25,0.55,-2.9));
#3267=VECTOR('',#3916,1.201181402439);
#3268=CARTESIAN_POINT('',(2.55,0.55,-1.698818597561));
#3269=CARTESIAN_POINT('',(3.25,0.55,-1.698818597561));
#3270=VECTOR('',#3917,0.7);
#3271=CARTESIAN_POINT('',(2.55,0.55,-2.9));
#3272=VECTOR('',#3918,1.201181402439);
#3273=CARTESIAN_POINT('',(-2.55,0.55,-2.9));
#3274=VECTOR('',#3919,5.1);
#3275=CARTESIAN_POINT('',(3.35,1.95,-2.9));
#3276=CARTESIAN_POINT('',(3.35,0.55,-2.9));
#3277=VECTOR('',#3920,1.4);
#3278=CARTESIAN_POINT('',(-3.35,1.95,-2.9));
#3279=CARTESIAN_POINT('',(3.35,1.95,-2.9));
#3280=VECTOR('',#3921,6.7);
#3281=CARTESIAN_POINT('',(-3.35,0.55,-2.9));
#3282=VECTOR('',#3922,1.4);
#3283=CARTESIAN_POINT('',(-2.5,1.5,-2.9));
#3284=CARTESIAN_POINT('',(-2.0,1.5,-2.9));
#3285=AXIS2_PLACEMENT_3D('',#3923,#3924,#3925);
#3286=AXIS2_PLACEMENT_3D('',#3926,#3927,#3928);
#3287=CARTESIAN_POINT('',(-1.0,1.5,-2.9));
#3288=AXIS2_PLACEMENT_3D('',#3929,#3930,#3931);
#3289=AXIS2_PLACEMENT_3D('',#3932,#3933,#3934);
#3290=CARTESIAN_POINT('',(1.0,1.5,-2.9));
#3291=AXIS2_PLACEMENT_3D('',#3935,#3936,#3937);
#3292=AXIS2_PLACEMENT_3D('',#3938,#3939,#3940);
#3293=CARTESIAN_POINT('',(2.0,1.5,-2.9));
#3294=CARTESIAN_POINT('',(2.5,1.5,-2.9));
#3295=AXIS2_PLACEMENT_3D('',#3941,#3942,#3943);
#3296=AXIS2_PLACEMENT_3D('',#3944,#3945,#3946);
#3297=CARTESIAN_POINT('',(-3.35,3.3,-0.25));
#3298=CARTESIAN_POINT('',(-3.35,3.3,-3.5));
#3299=CARTESIAN_POINT('',(-3.35,3.3,-0.25));
#3300=VECTOR('',#3947,3.25);
#3301=CARTESIAN_POINT('',(-3.35,1.9,-0.25));
#3302=CARTESIAN_POINT('',(-3.35,3.3,-0.25));
#3303=VECTOR('',#3948,1.4);
#3304=CARTESIAN_POINT('',(-3.35,1.9,-2.3));
#3305=CARTESIAN_POINT('',(-3.35,1.9,-0.25));
#3306=VECTOR('',#3949,2.05);
#3307=CARTESIAN_POINT('',(-3.35,0.9,-2.3));
#3308=CARTESIAN_POINT('',(-3.35,1.9,-2.3));
#3309=VECTOR('',#3950,1.0);
#3310=CARTESIAN_POINT('',(-3.35,0.9,-0.25));
#3311=CARTESIAN_POINT('',(-3.35,0.9,-2.3));
#3312=VECTOR('',#3951,2.05);
#3313=CARTESIAN_POINT('',(-3.35,0.9,-0.25));
#3314=VECTOR('',#3952,0.35);
#3315=CARTESIAN_POINT('',(-3.35,2.3,-3.5));
#3316=CARTESIAN_POINT('',(-3.35,1.95,-2.9));
#3317=VECTOR('',#3953,0.6946221994725);
#3318=CARTESIAN_POINT('',(-3.35,3.3,-3.5));
#3319=VECTOR('',#3954,1.0);
#3320=CARTESIAN_POINT('',(3.35,2.3,-3.5));
#3321=CARTESIAN_POINT('',(3.35,2.3,-3.5));
#3322=VECTOR('',#3955,6.7);
#3323=CARTESIAN_POINT('',(3.35,3.3,-3.5));
#3324=CARTESIAN_POINT('',(3.35,2.3,-3.5));
#3325=VECTOR('',#3956,1.0);
#3326=CARTESIAN_POINT('',(3.35,3.3,-3.5));
#3327=VECTOR('',#3957,6.7);
#3328=CARTESIAN_POINT('',(3.35,3.3,-0.25));
#3329=CARTESIAN_POINT('',(3.35,3.3,-0.25));
#3330=VECTOR('',#3958,3.25);
#3331=CARTESIAN_POINT('',(-3.35,3.3,-0.25));
#3332=VECTOR('',#3959,6.7);
#3333=CARTESIAN_POINT('',(-3.6,3.45,0.0));
#3334=CARTESIAN_POINT('',(-3.6,3.45,0.0));
#3335=VECTOR('',#3960,0.3840572873934);
#3336=CARTESIAN_POINT('',(3.6,3.45,0.0));
#3337=CARTESIAN_POINT('',(3.35,3.3,-0.25));
#3338=VECTOR('',#3961,0.3840572873934);
#3339=CARTESIAN_POINT('',(-3.6,3.45,0.0));
#3340=VECTOR('',#3962,7.2);
#3341=CARTESIAN_POINT('',(3.6,1.9,0.0));
#3342=CARTESIAN_POINT('',(3.6,1.9,0.0));
#3343=VECTOR('',#3963,1.55);
#3344=CARTESIAN_POINT('',(3.75,1.9,0.0));
#3345=CARTESIAN_POINT('',(3.6,1.9,0.0));
#3346=VECTOR('',#3964,0.15);
#3347=CARTESIAN_POINT('',(3.75,3.7,0.0));
#3348=VECTOR('',#3965,1.8);
#3349=CARTESIAN_POINT('',(-3.6,1.9,0.0));
#3350=CARTESIAN_POINT('',(-3.75,1.9,0.0));
#3351=VECTOR('',#3966,0.15);
#3352=CARTESIAN_POINT('',(-3.6,3.45,0.0));
#3353=VECTOR('',#3967,1.55);
#3354=CARTESIAN_POINT('',(-3.35,1.9,-0.25));
#3355=VECTOR('',#3968,0.3535533905933);
#3356=CARTESIAN_POINT('',(-3.75,1.9,-2.3));
#3357=VECTOR('',#3969,0.4);
#3358=CARTESIAN_POINT('',(3.35,1.9,-0.25));
#3359=CARTESIAN_POINT('',(3.35,1.9,-2.3));
#3360=CARTESIAN_POINT('',(3.35,1.9,-0.25));
#3361=VECTOR('',#3970,2.05);
#3362=CARTESIAN_POINT('',(3.75,1.9,-2.3));
#3363=CARTESIAN_POINT('',(3.35,1.9,-2.3));
#3364=VECTOR('',#3971,0.4);
#3365=CARTESIAN_POINT('',(3.75,1.9,0.0));
#3366=VECTOR('',#3972,2.3);
#3367=CARTESIAN_POINT('',(3.6,1.9,0.0));
#3368=VECTOR('',#3973,0.3535533905933);
#3369=CARTESIAN_POINT('',(-3.75,0.9,-2.3));
#3370=VECTOR('',#3974,0.4);
#3371=CARTESIAN_POINT('',(3.35,0.9,-2.3));
#3372=CARTESIAN_POINT('',(3.75,0.9,-2.3));
#3373=CARTESIAN_POINT('',(3.35,0.9,-2.3));
#3374=VECTOR('',#3975,0.4);
#3375=CARTESIAN_POINT('',(3.75,1.9,-2.3));
#3376=VECTOR('',#3976,1.0);
#3377=CARTESIAN_POINT('',(3.35,1.9,-2.3));
#3378=VECTOR('',#3977,1.0);
#3379=CARTESIAN_POINT('',(-3.6,0.9,0.0));
#3380=CARTESIAN_POINT('',(-3.75,0.9,0.0));
#3381=VECTOR('',#3978,0.15);
#3382=CARTESIAN_POINT('',(-3.6,0.9,0.0));
#3383=VECTOR('',#3979,0.3535533905933);
#3384=CARTESIAN_POINT('',(3.6,0.9,0.0));
#3385=CARTESIAN_POINT('',(3.75,0.9,0.0));
#3386=CARTESIAN_POINT('',(3.6,0.9,0.0));
#3387=VECTOR('',#3980,0.15);
#3388=CARTESIAN_POINT('',(3.75,0.9,-2.3));
#3389=VECTOR('',#3981,2.3);
#3390=CARTESIAN_POINT('',(3.35,0.9,-0.25));
#3391=CARTESIAN_POINT('',(3.35,0.9,-2.3));
#3392=VECTOR('',#3982,2.05);
#3393=CARTESIAN_POINT('',(3.35,0.9,-0.25));
#3394=VECTOR('',#3983,0.3535533905933);
#3395=CARTESIAN_POINT('',(-3.6,0.4,0.0));
#3396=CARTESIAN_POINT('',(-3.35,0.55,-0.25));
#3397=VECTOR('',#3984,0.3840572873934);
#3398=CARTESIAN_POINT('',(-3.6,0.9,0.0));
#3399=VECTOR('',#3985,0.5);
#3400=CARTESIAN_POINT('',(3.75,0.0,0.0));
#3401=CARTESIAN_POINT('',(-3.75,0.0,0.0));
#3402=VECTOR('',#3986,7.5);
#3403=CARTESIAN_POINT('',(3.75,0.9,0.0));
#3404=VECTOR('',#3987,0.9);
#3405=CARTESIAN_POINT('',(3.6,0.4,0.0));
#3406=CARTESIAN_POINT('',(3.6,0.4,0.0));
#3407=VECTOR('',#3988,0.5);
#3408=CARTESIAN_POINT('',(3.6,0.4,0.0));
#3409=VECTOR('',#3989,7.2);
#3410=CARTESIAN_POINT('',(3.6,0.4,0.0));
#3411=VECTOR('',#3990,0.3840572873934);
#3412=CARTESIAN_POINT('',(3.35,0.55,-0.25));
#3413=VECTOR('',#3991,0.35);
#3414=CARTESIAN_POINT('',(3.35,1.9,-0.25));
#3415=VECTOR('',#3992,1.4);
#3416=CARTESIAN_POINT('',(3.35,2.3,-3.5));
#3417=VECTOR('',#3993,0.6946221994725);
#3418=CARTESIAN_POINT('',(3.75,0.0,0.0));
#3419=VECTOR('',#3994,4.5);
#3420=CARTESIAN_POINT('',(2.55,0.0,-1.698818597561));
#3421=CARTESIAN_POINT('',(2.55,0.0,-4.35));
#3422=VECTOR('',#3995,2.651181402439);
#3423=CARTESIAN_POINT('',(3.25,0.0,-1.698818597561));
#3424=CARTESIAN_POINT('',(3.25,0.0,-1.698818597561));
#3425=VECTOR('',#3996,0.7);
#3426=CARTESIAN_POINT('',(3.25,0.0,-4.5));
#3427=VECTOR('',#3997,2.801181402439);
#3428=CARTESIAN_POINT('',(-3.25,0.0,-1.698818597561));
#3429=CARTESIAN_POINT('',(-3.25,0.0,-4.5));
#3430=VECTOR('',#3998,2.801181402439);
#3431=CARTESIAN_POINT('',(-2.55,0.0,-1.698818597561));
#3432=VECTOR('',#3999,0.7);
#3433=CARTESIAN_POINT('',(-1.775,0.0,-4.5));
#3434=VECTOR('',#4000,0.15);
#3435=CARTESIAN_POINT('',(-1.225,0.0,-4.35));
#3436=CARTESIAN_POINT('',(-1.225,0.0,-4.5));
#3437=VECTOR('',#4001,0.15);
#3438=CARTESIAN_POINT('',(-0.275,0.0,-4.35));
#3439=CARTESIAN_POINT('',(-0.275,0.0,-4.35));
#3440=VECTOR('',#4002,0.95);
#3441=CARTESIAN_POINT('',(-0.275,0.0,-4.5));
#3442=VECTOR('',#4003,0.15);
#3443=CARTESIAN_POINT('',(0.275,0.0,-4.35));
#3444=CARTESIAN_POINT('',(0.275,0.0,-4.5));
#3445=VECTOR('',#4004,0.15);
#3446=CARTESIAN_POINT('',(1.225,0.0,-4.35));
#3447=CARTESIAN_POINT('',(1.225,0.0,-4.35));
#3448=VECTOR('',#4005,0.95);
#3449=CARTESIAN_POINT('',(1.225,0.0,-4.5));
#3450=VECTOR('',#4006,0.15);
#3451=CARTESIAN_POINT('',(1.225,0.0,-4.35));
#3452=VECTOR('',#4007,3.7);
#3453=CARTESIAN_POINT('',(0.275,0.0,-4.35));
#3454=VECTOR('',#4008,3.7);
#3455=CARTESIAN_POINT('',(1.0,1.5,-4.35));
#3456=AXIS2_PLACEMENT_3D('',#4009,#4010,#4011);
#3457=AXIS2_PLACEMENT_3D('',#4012,#4013,#4014);
#3458=CARTESIAN_POINT('',(1.0,1.5,-0.55));
#3459=CARTESIAN_POINT('',(1.0,1.5,-2.9));
#3460=VECTOR('',#4015,2.350000000016);
#3461=AXIS2_PLACEMENT_3D('',#4016,#4017,#4018);
#3462=CARTESIAN_POINT('',(0.75,1.75,-4.779426859651));
#3463=AXIS2_PLACEMENT_3D('',#4019,#4020,#4021);
#3464=CARTESIAN_POINT('',(0.75,1.75,-4.7));
#3465=CARTESIAN_POINT('',(0.75,1.75,-4.779426859651));
#3466=VECTOR('',#4022,0.07942685965099);
#3467=CARTESIAN_POINT('',(1.0,1.5,-4.7));
#3468=AXIS2_PLACEMENT_3D('',#4023,#4024,#4025);
#3469=CARTESIAN_POINT('',(1.0,1.5,-4.7));
#3470=VECTOR('',#4026,0.35);
#3471=CARTESIAN_POINT('',(0.75,1.75,-6.7));
#3472=AXIS2_PLACEMENT_3D('',#4027,#4028,#4029);
#3473=CARTESIAN_POINT('',(0.75,1.75,-6.626108268163));
#3474=CARTESIAN_POINT('',(0.75,1.75,-6.7));
#3475=VECTOR('',#4030,0.07389173183676);
#3476=AXIS2_PLACEMENT_3D('',#4031,#4032,#4033);
#3477=CARTESIAN_POINT('',(0.9,1.5,-0.25));
#3478=CARTESIAN_POINT('',(0.8999999999958,1.500000000293,-0.2499999999873));
#3479=VECTOR('',#4034,0.3162277660135);
#3480=AXIS2_PLACEMENT_3D('',#4035,#4036,#4037);
#3481=AXIS2_PLACEMENT_3D('',#4038,#4039,#4040);
#3482=AXIS2_PLACEMENT_3D('',#4041,#4042,#4043);
#3483=AXIS2_PLACEMENT_3D('',#4044,#4045,#4046);
#3484=AXIS2_PLACEMENT_3D('',#4047,#4048,#4049);
#3485=AXIS2_PLACEMENT_3D('',#4050,#4051,#4052);
#3486=AXIS2_PLACEMENT_3D('',#4053,#4054,#4055);
#3487=CARTESIAN_POINT('',(0.75,1.274465383066,-6.436109532298));
#3488=AXIS2_PLACEMENT_3D('',#4056,#4057,#4058);
#3489=CARTESIAN_POINT('',(0.75,1.758155127689,-6.562775356208));
#3490=AXIS2_PLACEMENT_3D('',#4059,#4060,#4061);
#3491=AXIS2_PLACEMENT_3D('',#4062,#4063,#4064);
#3492=AXIS2_PLACEMENT_3D('',#4065,#4066,#4067);
#3493=CARTESIAN_POINT('',(0.75,1.925534616934,-5.92361524254));
#3494=CARTESIAN_POINT('',(0.75,1.758155127689,-6.562775356208));
#3495=VECTOR('',#4068,0.6607129061278);
#3496=CARTESIAN_POINT('',(0.75,1.441844872311,-5.79694941863));
#3497=AXIS2_PLACEMENT_3D('',#4069,#4070,#4071);
#3498=CARTESIAN_POINT('',(0.75,1.274465383066,-6.436109532298));
#3499=VECTOR('',#4072,0.6607129061278);
#3500=AXIS2_PLACEMENT_3D('',#4073,#4074,#4075);
#3501=CARTESIAN_POINT('',(0.75,1.443143317408,-5.675467326115));
#3502=AXIS2_PLACEMENT_3D('',#4076,#4077,#4078);
#3503=CARTESIAN_POINT('',(0.75,1.929429952224,-5.559168964994));
#3504=AXIS2_PLACEMENT_3D('',#4079,#4080,#4081);
#3505=AXIS2_PLACEMENT_3D('',#4082,#4083,#4084);
#3506=AXIS2_PLACEMENT_3D('',#4085,#4086,#4087);
#3507=CARTESIAN_POINT('',(0.75,1.756856682592,-4.837576040211));
#3508=CARTESIAN_POINT('',(0.75,1.929429952224,-5.559168964994));
#3509=VECTOR('',#4088,0.7419419670623);
#3510=CARTESIAN_POINT('',(0.75,1.270570047776,-4.953874401332));
#3511=AXIS2_PLACEMENT_3D('',#4089,#4090,#4091);
#3512=CARTESIAN_POINT('',(0.75,1.443143317408,-5.675467326115));
#3513=VECTOR('',#4092,0.7419419670623);
#3514=AXIS2_PLACEMENT_3D('',#4093,#4094,#4095);
#3515=AXIS2_PLACEMENT_3D('',#4096,#4097,#4098);
#3516=AXIS2_PLACEMENT_3D('',#4099,#4100,#4101);
#3517=CARTESIAN_POINT('',(0.6,1.5,-7.2));
#3518=CARTESIAN_POINT('',(0.6000000000042,1.499999999707,-7.200000000013));
#3519=VECTOR('',#4102,0.3162277660135);
#3520=AXIS2_PLACEMENT_3D('',#4103,#4104,#4105);
#3521=AXIS2_PLACEMENT_3D('',#4106,#4107,#4108);
#3522=CARTESIAN_POINT('',(-0.275,0.0,-4.35));
#3523=VECTOR('',#4109,3.7);
#3524=CARTESIAN_POINT('',(-1.225,0.0,-4.35));
#3525=VECTOR('',#4110,3.7);
#3526=CARTESIAN_POINT('',(-1.0,1.5,-4.35));
#3527=AXIS2_PLACEMENT_3D('',#4111,#4112,#4113);
#3528=AXIS2_PLACEMENT_3D('',#4114,#4115,#4116);
#3529=CARTESIAN_POINT('',(-1.0,1.5,-2.9));
#3530=VECTOR('',#4117,2.350000000016);
#3531=CARTESIAN_POINT('',(-1.0,1.5,-4.7));
#3532=CARTESIAN_POINT('',(-1.0,1.5,-4.7));
#3533=VECTOR('',#4118,0.35);
#3534=CARTESIAN_POINT('',(-0.75,1.75,-4.7));
#3535=AXIS2_PLACEMENT_3D('',#4119,#4120,#4121);
#3536=CARTESIAN_POINT('',(-0.75,1.75,-4.779426859651));
#3537=CARTESIAN_POINT('',(-0.75,1.75,-4.779426859651));
#3538=VECTOR('',#4122,0.07942685965099);
#3539=AXIS2_PLACEMENT_3D('',#4123,#4124,#4125);
#3540=CARTESIAN_POINT('',(-0.75,1.75,-6.626108268163));
#3541=AXIS2_PLACEMENT_3D('',#4126,#4127,#4128);
#3542=CARTESIAN_POINT('',(-0.75,1.75,-6.7));
#3543=CARTESIAN_POINT('',(-0.75,1.75,-6.7));
#3544=VECTOR('',#4129,0.07389173183676);
#3545=AXIS2_PLACEMENT_3D('',#4130,#4131,#4132);
#3546=CARTESIAN_POINT('',(-0.6,1.5,-0.25));
#3547=CARTESIAN_POINT('',(-0.6000000000042,1.500000000293,-0.2499999999873));
#3548=VECTOR('',#4133,0.3162277660135);
#3549=AXIS2_PLACEMENT_3D('',#4134,#4135,#4136);
#3550=AXIS2_PLACEMENT_3D('',#4137,#4138,#4139);
#3551=AXIS2_PLACEMENT_3D('',#4140,#4141,#4142);
#3552=AXIS2_PLACEMENT_3D('',#4143,#4144,#4145);
#3553=AXIS2_PLACEMENT_3D('',#4146,#4147,#4148);
#3554=AXIS2_PLACEMENT_3D('',#4149,#4150,#4151);
#3555=AXIS2_PLACEMENT_3D('',#4152,#4153,#4154);
#3556=CARTESIAN_POINT('',(-0.75,1.758155127689,-6.562775356208));
#3557=AXIS2_PLACEMENT_3D('',#4155,#4156,#4157);
#3558=CARTESIAN_POINT('',(-0.75,1.274465383066,-6.436109532298));
#3559=AXIS2_PLACEMENT_3D('',#4158,#4159,#4160);
#3560=AXIS2_PLACEMENT_3D('',#4161,#4162,#4163);
#3561=AXIS2_PLACEMENT_3D('',#4164,#4165,#4166);
#3562=CARTESIAN_POINT('',(-0.75,1.441844872311,-5.79694941863));
#3563=CARTESIAN_POINT('',(-0.75,1.274465383066,-6.436109532298));
#3564=VECTOR('',#4167,0.6607129061278);
#3565=CARTESIAN_POINT('',(-0.75,1.925534616934,-5.92361524254));
#3566=AXIS2_PLACEMENT_3D('',#4168,#4169,#4170);
#3567=CARTESIAN_POINT('',(-0.75,1.758155127689,-6.562775356208));
#3568=VECTOR('',#4171,0.6607129061278);
#3569=AXIS2_PLACEMENT_3D('',#4172,#4173,#4174);
#3570=CARTESIAN_POINT('',(-0.75,1.929429952224,-5.559168964994));
#3571=AXIS2_PLACEMENT_3D('',#4175,#4176,#4177);
#3572=CARTESIAN_POINT('',(-0.75,1.443143317408,-5.675467326115));
#3573=AXIS2_PLACEMENT_3D('',#4178,#4179,#4180);
#3574=AXIS2_PLACEMENT_3D('',#4181,#4182,#4183);
#3575=AXIS2_PLACEMENT_3D('',#4184,#4185,#4186);
#3576=CARTESIAN_POINT('',(-0.75,1.270570047776,-4.953874401332));
#3577=CARTESIAN_POINT('',(-0.75,1.443143317408,-5.675467326115));
#3578=VECTOR('',#4187,0.7419419670623);
#3579=CARTESIAN_POINT('',(-0.75,1.756856682592,-4.837576040211));
#3580=AXIS2_PLACEMENT_3D('',#4188,#4189,#4190);
#3581=CARTESIAN_POINT('',(-0.75,1.929429952224,-5.559168964994));
#3582=VECTOR('',#4191,0.7419419670623);
#3583=AXIS2_PLACEMENT_3D('',#4192,#4193,#4194);
#3584=AXIS2_PLACEMENT_3D('',#4195,#4196,#4197);
#3585=AXIS2_PLACEMENT_3D('',#4198,#4199,#4200);
#3586=CARTESIAN_POINT('',(-0.9,1.5,-7.2));
#3587=CARTESIAN_POINT('',(-0.8999999999958,1.499999999707,-7.200000000013));
#3588=VECTOR('',#4201,0.3162277660135);
#3589=AXIS2_PLACEMENT_3D('',#4202,#4203,#4204);
#3590=AXIS2_PLACEMENT_3D('',#4205,#4206,#4207);
#3591=CARTESIAN_POINT('',(-3.25,0.0,-1.698818597561));
#3592=VECTOR('',#4208,0.55);
#3593=CARTESIAN_POINT('',(3.25,0.0,-1.698818597561));
#3594=VECTOR('',#4209,0.55);
#3595=CARTESIAN_POINT('',(2.55,0.0,-1.698818597561));
#3596=VECTOR('',#4210,0.55);
#3597=CARTESIAN_POINT('',(-2.5,1.5,-2.9));
#3598=VECTOR('',#4211,2.350000000016);
#3599=CARTESIAN_POINT('',(-2.0,1.5,-0.55));
#3600=CARTESIAN_POINT('',(-2.0,1.5,-2.9));
#3601=VECTOR('',#4212,2.350000000016);
#3602=AXIS2_PLACEMENT_3D('',#4213,#4214,#4215);
#3603=CARTESIAN_POINT('',(-2.000000000005,1.500000000366,-6.900000000016));
#3604=VECTOR('',#4216,2.550000000016);
#3605=CARTESIAN_POINT('',(-2.5,1.5,-6.9));
#3606=CARTESIAN_POINT('',(-2.499999999995,1.499999999634,-6.900000000016));
#3607=VECTOR('',#4217,2.550000000016);
#3608=AXIS2_PLACEMENT_3D('',#4218,#4219,#4220);
#3609=CARTESIAN_POINT('',(-2.1,1.5,-0.25));
#3610=CARTESIAN_POINT('',(-2.100000000004,1.500000000293,-0.2499999999873));
#3611=VECTOR('',#4221,0.3162277660135);
#3612=AXIS2_PLACEMENT_3D('',#4222,#4223,#4224);
#3613=AXIS2_PLACEMENT_3D('',#4225,#4226,#4227);
#3614=AXIS2_PLACEMENT_3D('',#4228,#4229,#4230);
#3615=AXIS2_PLACEMENT_3D('',#4231,#4232,#4233);
#3616=CARTESIAN_POINT('',(-2.4,1.5,-7.2));
#3617=AXIS2_PLACEMENT_3D('',#4234,#4235,#4236);
#3618=CARTESIAN_POINT('',(-2.399999999996,1.499999999707,-7.200000000013));
#3619=VECTOR('',#4237,0.3162277660135);
#3620=AXIS2_PLACEMENT_3D('',#4238,#4239,#4240);
#3621=CARTESIAN_POINT('',(2.0,1.5,-2.9));
#3622=VECTOR('',#4241,2.350000000016);
#3623=CARTESIAN_POINT('',(2.5,1.5,-0.55));
#3624=CARTESIAN_POINT('',(2.5,1.5,-2.9));
#3625=VECTOR('',#4242,2.350000000016);
#3626=AXIS2_PLACEMENT_3D('',#4243,#4244,#4245);
#3627=CARTESIAN_POINT('',(2.499999999995,1.500000000366,-6.900000000016));
#3628=VECTOR('',#4246,2.550000000016);
#3629=CARTESIAN_POINT('',(2.0,1.5,-6.9));
#3630=CARTESIAN_POINT('',(2.000000000005,1.499999999634,-6.900000000016));
#3631=VECTOR('',#4247,2.550000000016);
#3632=AXIS2_PLACEMENT_3D('',#4248,#4249,#4250);
#3633=CARTESIAN_POINT('',(2.4,1.5,-0.25));
#3634=CARTESIAN_POINT('',(2.399999999996,1.500000000293,-0.2499999999873));
#3635=VECTOR('',#4251,0.3162277660135);
#3636=AXIS2_PLACEMENT_3D('',#4252,#4253,#4254);
#3637=AXIS2_PLACEMENT_3D('',#4255,#4256,#4257);
#3638=AXIS2_PLACEMENT_3D('',#4258,#4259,#4260);
#3639=AXIS2_PLACEMENT_3D('',#4261,#4262,#4263);
#3640=CARTESIAN_POINT('',(2.1,1.5,-7.2));
#3641=AXIS2_PLACEMENT_3D('',#4264,#4265,#4266);
#3642=CARTESIAN_POINT('',(2.100000000004,1.499999999707,-7.200000000013));
#3643=VECTOR('',#4267,0.3162277660135);
#3644=AXIS2_PLACEMENT_3D('',#4268,#4269,#4270);
#3645=DIRECTION('',(-0.0,-0.316227766016747,0.948683298050544));
#3646=CARTESIAN_POINT('',(2.25,1.5,-7.2));
#3647=DIRECTION('',(0.0,0.0,-1.0));
#3648=DIRECTION('',(1.0,0.0,0.0));
#3649=DIRECTION('',(0.316227766016808,2.31415885917006E-10,0.948683298050524));
#3650=CARTESIAN_POINT('',(2.25,1.5,-6.9));
#3651=DIRECTION('',(0.0,0.0,-1.0));
#3652=DIRECTION('',(1.0,0.0,0.0));
#3653=DIRECTION('',(0.0,-0.316227766016747,-0.948683298050544));
#3654=CARTESIAN_POINT('',(2.25,1.5,-6.9));
#3655=DIRECTION('',(0.0,0.0,-1.0));
#3656=DIRECTION('',(-1.0,0.0,0.0));
#3657=CARTESIAN_POINT('',(2.25,1.5,-7.2));
#3658=DIRECTION('',(0.0,0.0,-1.0));
#3659=DIRECTION('',(-1.0,0.0,0.0));
#3660=DIRECTION('',(-0.0,-0.316227766016747,0.948683298050544));
#3661=CARTESIAN_POINT('',(2.25,1.5,-0.55));
#3662=DIRECTION('',(0.0,0.0,1.0));
#3663=DIRECTION('',(1.0,0.0,0.0));
#3664=DIRECTION('',(-0.316227766016808,-2.31415885917006E-10,-0.948683298050524));
#3665=CARTESIAN_POINT('',(2.25,1.5,-0.25));
#3666=DIRECTION('',(0.0,0.0,1.0));
#3667=DIRECTION('',(1.0,0.0,0.0));
#3668=DIRECTION('',(0.0,-0.316227766016747,-0.948683298050544));
#3669=CARTESIAN_POINT('',(2.25,1.5,-0.25));
#3670=DIRECTION('',(0.0,0.0,1.0));
#3671=DIRECTION('',(-1.0,0.0,0.0));
#3672=CARTESIAN_POINT('',(2.25,1.5,-0.55));
#3673=DIRECTION('',(0.0,0.0,1.0));
#3674=DIRECTION('',(-1.0,0.0,0.0));
#3675=DIRECTION('',(-0.0,-0.316227766016747,0.948683298050544));
#3676=CARTESIAN_POINT('',(-2.25,1.5,-7.2));
#3677=DIRECTION('',(0.0,0.0,-1.0));
#3678=DIRECTION('',(1.0,0.0,0.0));
#3679=DIRECTION('',(0.316227766016808,2.31417992417106E-10,0.948683298050524));
#3680=CARTESIAN_POINT('',(-2.25,1.5,-6.9));
#3681=DIRECTION('',(0.0,0.0,-1.0));
#3682=DIRECTION('',(1.0,0.0,0.0));
#3683=DIRECTION('',(0.0,-0.316227766016747,-0.948683298050544));
#3684=CARTESIAN_POINT('',(-2.25,1.5,-6.9));
#3685=DIRECTION('',(0.0,0.0,-1.0));
#3686=DIRECTION('',(-1.0,0.0,0.0));
#3687=CARTESIAN_POINT('',(-2.25,1.5,-7.2));
#3688=DIRECTION('',(0.0,0.0,-1.0));
#3689=DIRECTION('',(-1.0,0.0,0.0));
#3690=DIRECTION('',(-0.0,-0.316227766016747,0.948683298050544));
#3691=CARTESIAN_POINT('',(-2.25,1.5,-0.55));
#3692=DIRECTION('',(0.0,0.0,1.0));
#3693=DIRECTION('',(1.0,0.0,0.0));
#3694=DIRECTION('',(-0.316227766016808,-2.31417290250406E-10,-0.948683298050524));
#3695=CARTESIAN_POINT('',(-2.25,1.5,-0.25));
#3696=DIRECTION('',(0.0,0.0,1.0));
#3697=DIRECTION('',(1.0,0.0,0.0));
#3698=DIRECTION('',(0.0,-0.316227766016747,-0.948683298050544));
#3699=CARTESIAN_POINT('',(-2.25,1.5,-0.25));
#3700=DIRECTION('',(0.0,0.0,1.0));
#3701=DIRECTION('',(-1.0,0.0,0.0));
#3702=CARTESIAN_POINT('',(-2.25,1.5,-0.55));
#3703=DIRECTION('',(0.0,0.0,1.0));
#3704=DIRECTION('',(-1.0,0.0,0.0));
#3705=DIRECTION('',(0.0,-0.316227766016747,-0.948683298050544));
#3706=CARTESIAN_POINT('',(-0.75,1.5,-6.9));
#3707=DIRECTION('',(0.0,0.0,-1.0));
#3708=DIRECTION('',(-1.0,0.0,0.0));
#3709=DIRECTION('',(0.316227766016808,2.31417992417106E-10,0.948683298050524));
#3710=CARTESIAN_POINT('',(-0.75,1.5,-7.2));
#3711=DIRECTION('',(0.0,0.0,-1.0));
#3712=DIRECTION('',(-1.0,0.0,0.0));
#3713=DIRECTION('',(-0.0,-0.316227766016747,0.948683298050544));
#3714=CARTESIAN_POINT('',(-0.75,1.5,-7.2));
#3715=DIRECTION('',(0.0,0.0,-1.0));
#3716=DIRECTION('',(1.0,0.0,0.0));
#3717=CARTESIAN_POINT('',(-0.75,1.5,-6.9));
#3718=DIRECTION('',(0.0,0.0,-1.0));
#3719=DIRECTION('',(1.0,0.0,0.0));
#3720=DIRECTION('',(0.0,-0.0,-1.0));
#3721=CARTESIAN_POINT('',(-0.75,1.5,-6.626108268163));
#3722=DIRECTION('',(0.0,0.0,1.0));
#3723=DIRECTION('',(0.0,-1.0,0.0));
#3724=DIRECTION('',(0.0,0.0,1.0));
#3725=CARTESIAN_POINT('',(-0.75,1.5,-6.7));
#3726=DIRECTION('',(0.0,0.0,-1.0));
#3727=DIRECTION('',(0.0,-1.0,0.0));
#3728=DIRECTION('',(-2.649380714604E-11,1.829512097228E-09,1.0));
#3729=CARTESIAN_POINT('',(-0.75,1.5,-6.9));
#3730=DIRECTION('',(0.0,0.0,-1.0));
#3731=DIRECTION('',(1.0,0.0,0.0));
#3732=DIRECTION('',(2.649380714604E-11,-1.829513207451E-09,1.0));
#3733=DIRECTION('',(0.0,-0.0,-1.0));
#3734=CARTESIAN_POINT('',(-0.75,1.5,-4.7));
#3735=DIRECTION('',(0.0,0.0,-1.0));
#3736=DIRECTION('',(1.0,0.0,0.0));
#3737=DIRECTION('',(0.0,0.0,1.0));
#3738=CARTESIAN_POINT('',(-0.75,1.5,-4.779426859651));
#3739=DIRECTION('',(0.0,0.0,1.0));
#3740=DIRECTION('',(0.0,-1.0,0.0));
#3741=DIRECTION('',(-0.0,-0.316227766016747,0.948683298050544));
#3742=CARTESIAN_POINT('',(-0.75,1.5,-0.55));
#3743=DIRECTION('',(0.0,0.0,1.0));
#3744=DIRECTION('',(1.0,0.0,0.0));
#3745=DIRECTION('',(-0.316227766016808,-2.31417290250406E-10,-0.948683298050524));
#3746=CARTESIAN_POINT('',(-0.75,1.5,-0.25));
#3747=DIRECTION('',(0.0,0.0,1.0));
#3748=DIRECTION('',(1.0,0.0,0.0));
#3749=DIRECTION('',(0.0,-0.316227766016747,-0.948683298050544));
#3750=CARTESIAN_POINT('',(-0.75,1.5,-0.25));
#3751=DIRECTION('',(0.0,0.0,1.0));
#3752=DIRECTION('',(-1.0,0.0,0.0));
#3753=CARTESIAN_POINT('',(-0.75,1.5,-0.55));
#3754=DIRECTION('',(0.0,0.0,1.0));
#3755=DIRECTION('',(-1.0,0.0,0.0));
#3756=DIRECTION('',(-0.0,-0.0,1.0));
#3757=DIRECTION('',(0.0,0.0,1.0));
#3758=CARTESIAN_POINT('',(-0.75,1.5,-4.35));
#3759=DIRECTION('',(0.0,0.0,-1.0));
#3760=DIRECTION('',(1.0,0.0,0.0));
#3761=DIRECTION('',(-0.0,-0.0,1.0));
#3762=CARTESIAN_POINT('',(-0.75,1.5,-2.9));
#3763=DIRECTION('',(0.0,0.0,-1.0));
#3764=DIRECTION('',(1.0,0.0,0.0));
#3765=DIRECTION('',(-2.254839341232E-12,1.557031572222E-10,1.0));
#3766=CARTESIAN_POINT('',(-0.75,1.5,-0.55));
#3767=DIRECTION('',(0.0,0.0,1.0));
#3768=DIRECTION('',(-1.0,0.0,0.0));
#3769=DIRECTION('',(0.0,-0.316227766016747,-0.948683298050544));
#3770=CARTESIAN_POINT('',(0.75,1.5,-6.9));
#3771=DIRECTION('',(0.0,0.0,-1.0));
#3772=DIRECTION('',(-1.0,0.0,0.0));
#3773=DIRECTION('',(0.316227766016808,2.31417992417106E-10,0.948683298050524));
#3774=CARTESIAN_POINT('',(0.75,1.5,-7.2));
#3775=DIRECTION('',(0.0,0.0,-1.0));
#3776=DIRECTION('',(-1.0,0.0,0.0));
#3777=DIRECTION('',(-0.0,-0.316227766016747,0.948683298050544));
#3778=CARTESIAN_POINT('',(0.75,1.5,-7.2));
#3779=DIRECTION('',(0.0,0.0,-1.0));
#3780=DIRECTION('',(1.0,0.0,0.0));
#3781=CARTESIAN_POINT('',(0.75,1.5,-6.9));
#3782=DIRECTION('',(0.0,0.0,-1.0));
#3783=DIRECTION('',(1.0,0.0,0.0));
#3784=DIRECTION('',(0.0,0.0,1.0));
#3785=DIRECTION('',(-2.649380714604E-11,1.829512097228E-09,1.0));
#3786=CARTESIAN_POINT('',(0.75,1.5,-6.9));
#3787=DIRECTION('',(0.0,0.0,-1.0));
#3788=DIRECTION('',(1.0,0.0,0.0));
#3789=DIRECTION('',(2.649380714604E-11,-1.829513207451E-09,1.0));
#3790=CARTESIAN_POINT('',(0.75,1.5,-6.7));
#3791=DIRECTION('',(0.0,0.0,-1.0));
#3792=DIRECTION('',(1.0,0.0,0.0));
#3793=DIRECTION('',(0.0,0.0,1.0));
#3794=CARTESIAN_POINT('',(0.75,1.5,-6.626108268163));
#3795=DIRECTION('',(0.0,0.0,-1.0));
#3796=DIRECTION('',(0.0,-1.0,0.0));
#3797=DIRECTION('',(0.0,0.0,1.0));
#3798=CARTESIAN_POINT('',(0.75,1.5,-4.779426859651));
#3799=DIRECTION('',(0.0,0.0,-1.0));
#3800=DIRECTION('',(0.0,-1.0,0.0));
#3801=DIRECTION('',(0.0,0.0,1.0));
#3802=CARTESIAN_POINT('',(0.75,1.5,-4.7));
#3803=DIRECTION('',(0.0,0.0,-1.0));
#3804=DIRECTION('',(0.0,-1.0,0.0));
#3805=DIRECTION('',(-0.0,-0.316227766016747,0.948683298050544));
#3806=CARTESIAN_POINT('',(0.75,1.5,-0.55));
#3807=DIRECTION('',(0.0,0.0,1.0));
#3808=DIRECTION('',(1.0,0.0,0.0));
#3809=DIRECTION('',(-0.316227766016808,-2.31416588083706E-10,-0.948683298050524));
#3810=CARTESIAN_POINT('',(0.75,1.5,-0.25));
#3811=DIRECTION('',(0.0,0.0,1.0));
#3812=DIRECTION('',(1.0,0.0,0.0));
#3813=DIRECTION('',(0.0,-0.316227766016747,-0.948683298050544));
#3814=CARTESIAN_POINT('',(0.75,1.5,-0.25));
#3815=DIRECTION('',(0.0,0.0,1.0));
#3816=DIRECTION('',(-1.0,0.0,0.0));
#3817=CARTESIAN_POINT('',(0.75,1.5,-0.55));
#3818=DIRECTION('',(0.0,0.0,1.0));
#3819=DIRECTION('',(-1.0,0.0,0.0));
#3820=DIRECTION('',(0.0,-0.0,-1.0));
#3821=CARTESIAN_POINT('',(0.75,1.5,-4.35));
#3822=DIRECTION('',(0.0,0.0,-1.0));
#3823=DIRECTION('',(1.0,0.0,0.0));
#3824=DIRECTION('',(0.0,0.0,1.0));
#3825=DIRECTION('',(0.0,-0.0,-1.0));
#3826=DIRECTION('',(2.254839341232E-12,-1.557032517093E-10,1.0));
#3827=CARTESIAN_POINT('',(0.75,1.5,-2.9));
#3828=DIRECTION('',(0.0,0.0,-1.0));
#3829=DIRECTION('',(1.0,0.0,0.0));
#3830=DIRECTION('',(0.0,1.0,0.0));
#3831=DIRECTION('',(0.0,0.0,-1.0));
#3832=DIRECTION('',(0.0,-1.0,0.0));
#3833=DIRECTION('',(0.0,0.0,1.0));
#3834=DIRECTION('',(0.0,-1.0,0.0));
#3835=DIRECTION('',(0.0,0.0,-1.0));
#3836=DIRECTION('',(0.0,-1.0,0.0));
#3837=DIRECTION('',(0.0,0.0,1.0));
#3838=DIRECTION('',(-1.0,0.0,0.0));
#3839=DIRECTION('',(0.0,0.0,1.0));
#3840=DIRECTION('',(1.0,0.0,0.0));
#3841=DIRECTION('',(0.0,0.0,1.0));
#3842=DIRECTION('',(-1.0,0.0,0.0));
#3843=DIRECTION('',(0.0,0.0,1.0));
#3844=DIRECTION('',(1.0,0.0,0.0));
#3845=DIRECTION('',(0.0,0.0,1.0));
#3846=DIRECTION('',(-1.0,0.0,0.0));
#3847=DIRECTION('',(0.0,0.0,1.0));
#3848=DIRECTION('',(1.0,0.0,0.0));
#3849=DIRECTION('',(0.0,0.0,1.0));
#3850=DIRECTION('',(-1.0,0.0,0.0));
#3851=DIRECTION('',(0.0,0.0,1.0));
#3852=DIRECTION('',(1.0,0.0,0.0));
#3853=DIRECTION('',(1.0,0.0,0.0));
#3854=DIRECTION('',(0.0,0.0,1.0));
#3855=DIRECTION('',(1.0,0.0,0.0));
#3856=DIRECTION('',(0.0,0.0,1.0));
#3857=DIRECTION('',(0.0,1.0,0.0));
#3858=DIRECTION('',(0.0,0.0,1.0));
#3859=DIRECTION('',(0.0,1.0,0.0));
#3860=DIRECTION('',(-1.0,0.0,0.0));
#3861=DIRECTION('',(0.0,-1.0,0.0));
#3862=DIRECTION('',(-1.0,0.0,0.0));
#3863=DIRECTION('',(0.0,1.0,0.0));
#3864=CARTESIAN_POINT('',(2.25,1.5,-4.35));
#3865=DIRECTION('',(0.0,0.0,-1.0));
#3866=DIRECTION('',(-1.0,0.0,0.0));
#3867=CARTESIAN_POINT('',(2.25,1.5,-4.35));
#3868=DIRECTION('',(0.0,0.0,-1.0));
#3869=DIRECTION('',(1.0,0.0,0.0));
#3870=DIRECTION('',(0.0,0.0,1.0));
#3871=DIRECTION('',(0.0,1.0,0.0));
#3872=DIRECTION('',(1.0,0.0,0.0));
#3873=DIRECTION('',(0.0,-1.0,0.0));
#3874=DIRECTION('',(1.0,0.0,0.0));
#3875=DIRECTION('',(0.0,1.0,0.0));
#3876=DIRECTION('',(1.0,0.0,0.0));
#3877=DIRECTION('',(0.0,1.0,0.0));
#3878=DIRECTION('',(0.0,1.0,0.0));
#3879=DIRECTION('',(1.0,0.0,0.0));
#3880=DIRECTION('',(0.0,1.0,0.0));
#3881=DIRECTION('',(0.0,1.0,0.0));
#3882=DIRECTION('',(0.0,1.0,0.0));
#3883=DIRECTION('',(1.0,0.0,0.0));
#3884=DIRECTION('',(0.0,-1.0,0.0));
#3885=DIRECTION('',(1.0,0.0,0.0));
#3886=DIRECTION('',(1.0,0.0,0.0));
#3887=DIRECTION('',(0.0,1.0,0.0));
#3888=DIRECTION('',(0.0,1.0,0.0));
#3889=DIRECTION('',(0.0,0.0,1.0));
#3890=DIRECTION('',(0.0,0.0,1.0));
#3891=DIRECTION('',(1.0,0.0,0.0));
#3892=DIRECTION('',(0.0,0.0,-1.0));
#3893=DIRECTION('',(-1.0,0.0,0.0));
#3894=DIRECTION('',(0.0,0.0,1.0));
#3895=DIRECTION('',(1.0,0.0,0.0));
#3896=DIRECTION('',(0.0,0.0,-1.0));
#3897=DIRECTION('',(0.0,1.0,0.0));
#3898=DIRECTION('',(-1.0,0.0,0.0));
#3899=DIRECTION('',(0.0,-1.0,0.0));
#3900=CARTESIAN_POINT('',(-2.25,1.5,-4.35));
#3901=DIRECTION('',(0.0,0.0,-1.0));
#3902=DIRECTION('',(-1.0,0.0,0.0));
#3903=CARTESIAN_POINT('',(-2.25,1.5,-4.35));
#3904=DIRECTION('',(0.0,0.0,-1.0));
#3905=DIRECTION('',(1.0,0.0,0.0));
#3906=DIRECTION('',(0.0,0.0,1.0));
#3907=DIRECTION('',(0.0,1.0,0.0));
#3908=DIRECTION('',(0.0,0.0,1.0));
#3909=DIRECTION('',(-1.0,0.0,0.0));
#3910=DIRECTION('',(0.0,0.0,1.0));
#3911=DIRECTION('',(1.0,0.0,0.0));
#3912=DIRECTION('',(0.0,0.0,-1.0));
#3913=DIRECTION('',(-1.0,0.0,0.0));
#3914=DIRECTION('',(0.0,0.0,-1.0));
#3915=DIRECTION('',(1.0,0.0,0.0));
#3916=DIRECTION('',(0.0,0.0,1.0));
#3917=DIRECTION('',(-1.0,0.0,0.0));
#3918=DIRECTION('',(0.0,0.0,1.0));
#3919=DIRECTION('',(1.0,0.0,0.0));
#3920=DIRECTION('',(0.0,1.0,0.0));
#3921=DIRECTION('',(-1.0,0.0,0.0));
#3922=DIRECTION('',(0.0,1.0,0.0));
#3923=CARTESIAN_POINT('',(-2.25,1.5,-2.9));
#3924=DIRECTION('',(0.0,0.0,-1.0));
#3925=DIRECTION('',(-1.0,0.0,0.0));
#3926=CARTESIAN_POINT('',(-2.25,1.5,-2.9));
#3927=DIRECTION('',(0.0,0.0,-1.0));
#3928=DIRECTION('',(1.0,0.0,0.0));
#3929=CARTESIAN_POINT('',(-0.75,1.5,-2.9));
#3930=DIRECTION('',(0.0,0.0,-1.0));
#3931=DIRECTION('',(-1.0,0.0,0.0));
#3932=CARTESIAN_POINT('',(-0.75,1.5,-2.9));
#3933=DIRECTION('',(0.0,0.0,-1.0));
#3934=DIRECTION('',(1.0,0.0,0.0));
#3935=CARTESIAN_POINT('',(0.75,1.5,-2.9));
#3936=DIRECTION('',(0.0,0.0,-1.0));
#3937=DIRECTION('',(-1.0,0.0,0.0));
#3938=CARTESIAN_POINT('',(0.75,1.5,-2.9));
#3939=DIRECTION('',(0.0,0.0,-1.0));
#3940=DIRECTION('',(1.0,0.0,0.0));
#3941=CARTESIAN_POINT('',(2.25,1.5,-2.9));
#3942=DIRECTION('',(0.0,0.0,-1.0));
#3943=DIRECTION('',(-1.0,0.0,0.0));
#3944=CARTESIAN_POINT('',(2.25,1.5,-2.9));
#3945=DIRECTION('',(0.0,0.0,-1.0));
#3946=DIRECTION('',(1.0,0.0,0.0));
#3947=DIRECTION('',(0.0,0.0,-1.0));
#3948=DIRECTION('',(0.0,-1.0,0.0));
#3949=DIRECTION('',(0.0,0.0,-1.0));
#3950=DIRECTION('',(0.0,-1.0,0.0));
#3951=DIRECTION('',(0.0,0.0,1.0));
#3952=DIRECTION('',(0.0,-1.0,0.0));
#3953=DIRECTION('',(0.0,0.503871025524111,-0.863778900898419));
#3954=DIRECTION('',(0.0,-1.0,0.0));
#3955=DIRECTION('',(-1.0,0.0,0.0));
#3956=DIRECTION('',(0.0,1.0,0.0));
#3957=DIRECTION('',(-1.0,0.0,0.0));
#3958=DIRECTION('',(0.0,0.0,-1.0));
#3959=DIRECTION('',(1.0,0.0,0.0));
#3960=DIRECTION('',(0.650944554904109,-0.390566732942506,-0.650944554904109));
#3961=DIRECTION('',(0.650944554904109,0.390566732942506,0.650944554904109));
#3962=DIRECTION('',(1.0,0.0,0.0));
#3963=DIRECTION('',(0.0,1.0,0.0));
#3964=DIRECTION('',(1.0,0.0,0.0));
#3965=DIRECTION('',(0.0,-1.0,0.0));
#3966=DIRECTION('',(1.0,0.0,0.0));
#3967=DIRECTION('',(0.0,-1.0,0.0));
#3968=DIRECTION('',(-0.707106781186548,0.0,0.707106781186548));
#3969=DIRECTION('',(1.0,0.0,0.0));
#3970=DIRECTION('',(0.0,0.0,-1.0));
#3971=DIRECTION('',(1.0,0.0,0.0));
#3972=DIRECTION('',(0.0,0.0,-1.0));
#3973=DIRECTION('',(-0.707106781186548,0.0,-0.707106781186548));
#3974=DIRECTION('',(1.0,0.0,0.0));
#3975=DIRECTION('',(1.0,0.0,0.0));
#3976=DIRECTION('',(0.0,-1.0,0.0));
#3977=DIRECTION('',(0.0,-1.0,0.0));
#3978=DIRECTION('',(1.0,0.0,0.0));
#3979=DIRECTION('',(0.707106781186548,0.0,-0.707106781186548));
#3980=DIRECTION('',(1.0,0.0,0.0));
#3981=DIRECTION('',(0.0,0.0,1.0));
#3982=DIRECTION('',(0.0,0.0,1.0));
#3983=DIRECTION('',(0.707106781186548,0.0,0.707106781186548));
#3984=DIRECTION('',(-0.650944554904109,-0.390566732942506,0.650944554904109));
#3985=DIRECTION('',(0.0,-1.0,0.0));
#3986=DIRECTION('',(1.0,0.0,0.0));
#3987=DIRECTION('',(0.0,-1.0,0.0));
#3988=DIRECTION('',(0.0,1.0,0.0));
#3989=DIRECTION('',(-1.0,0.0,0.0));
#3990=DIRECTION('',(-0.650944554904109,0.390566732942506,-0.650944554904109));
#3991=DIRECTION('',(0.0,1.0,0.0));
#3992=DIRECTION('',(0.0,1.0,0.0));
#3993=DIRECTION('',(0.0,-0.503871025524111,0.863778900898419));
#3994=DIRECTION('',(0.0,0.0,-1.0));
#3995=DIRECTION('',(0.0,0.0,1.0));
#3996=DIRECTION('',(-1.0,0.0,0.0));
#3997=DIRECTION('',(0.0,0.0,1.0));
#3998=DIRECTION('',(0.0,0.0,1.0));
#3999=DIRECTION('',(-1.0,0.0,0.0));
#4000=DIRECTION('',(0.0,0.0,1.0));
#4001=DIRECTION('',(0.0,0.0,1.0));
#4002=DIRECTION('',(-1.0,0.0,0.0));
#4003=DIRECTION('',(0.0,0.0,1.0));
#4004=DIRECTION('',(0.0,0.0,1.0));
#4005=DIRECTION('',(-1.0,0.0,0.0));
#4006=DIRECTION('',(0.0,0.0,1.0));
#4007=DIRECTION('',(0.0,1.0,0.0));
#4008=DIRECTION('',(0.0,1.0,0.0));
#4009=CARTESIAN_POINT('',(0.75,1.5,-4.35));
#4010=DIRECTION('',(0.0,0.0,-1.0));
#4011=DIRECTION('',(-1.0,0.0,0.0));
#4012=CARTESIAN_POINT('',(0.75,1.5,-4.35));
#4013=DIRECTION('',(0.0,0.0,-1.0));
#4014=DIRECTION('',(1.0,0.0,0.0));
#4015=DIRECTION('',(-2.254839341232E-12,1.557030627351E-10,1.0));
#4016=CARTESIAN_POINT('',(0.75,1.5,-0.55));
#4017=DIRECTION('',(0.0,0.0,1.0));
#4018=DIRECTION('',(-1.0,0.0,0.0));
#4019=CARTESIAN_POINT('',(0.75,1.5,-4.779426859651));
#4020=DIRECTION('',(0.0,0.0,-1.0));
#4021=DIRECTION('',(0.0,1.0,0.0));
#4022=DIRECTION('',(0.0,0.0,1.0));
#4023=CARTESIAN_POINT('',(0.75,1.5,-4.7));
#4024=DIRECTION('',(0.0,0.0,-1.0));
#4025=DIRECTION('',(0.0,1.0,0.0));
#4026=DIRECTION('',(0.0,0.0,1.0));
#4027=CARTESIAN_POINT('',(0.75,1.5,-6.7));
#4028=DIRECTION('',(0.0,0.0,-1.0));
#4029=DIRECTION('',(0.0,1.0,0.0));
#4030=DIRECTION('',(0.0,0.0,1.0));
#4031=CARTESIAN_POINT('',(0.75,1.5,-6.626108268163));
#4032=DIRECTION('',(0.0,0.0,-1.0));
#4033=DIRECTION('',(0.0,1.0,0.0));
#4034=DIRECTION('',(0.316227766016808,2.31417290250406E-10,-0.948683298050524));
#4035=CARTESIAN_POINT('',(0.75,1.5,-0.25));
#4036=DIRECTION('',(0.0,0.0,1.0));
#4037=DIRECTION('',(-1.0,0.0,0.0));
#4038=CARTESIAN_POINT('',(0.75,1.5,-0.25));
#4039=DIRECTION('',(0.0,0.0,1.0));
#4040=DIRECTION('',(1.0,0.0,0.0));
#4041=CARTESIAN_POINT('',(0.75,1.5,-0.55));
#4042=DIRECTION('',(0.0,0.0,1.0));
#4043=DIRECTION('',(1.0,0.0,0.0));
#4044=CARTESIAN_POINT('',(0.75,1.5,-6.7));
#4045=DIRECTION('',(0.0,0.0,-1.0));
#4046=DIRECTION('',(-1.0,0.0,0.0));
#4047=CARTESIAN_POINT('',(0.75,1.5,-6.9));
#4048=DIRECTION('',(0.0,0.0,-1.0));
#4049=DIRECTION('',(-1.0,0.0,0.0));
#4050=CARTESIAN_POINT('',(0.75,1.5,-4.779426859651));
#4051=DIRECTION('',(0.0,0.0,-1.0));
#4052=DIRECTION('',(0.0,-1.0,0.0));
#4053=CARTESIAN_POINT('',(0.75,1.5,-6.626108268163));
#4054=DIRECTION('',(0.0,0.0,-1.0));
#4055=DIRECTION('',(0.0,-1.0,0.0));
#4056=CARTESIAN_POINT('',(0.75,2.0,-6.626108268163));
#4057=DIRECTION('',(-1.0,0.0,0.0));
#4058=DIRECTION('',(0.0,-1.0,0.0));
#4059=CARTESIAN_POINT('',(0.75,1.516310255377,-6.499442444253));
#4060=DIRECTION('',(0.0,-0.253331647820201,-0.967379489245405));
#4061=DIRECTION('',(0.0,-0.967379489245405,0.253331647820201));
#4062=CARTESIAN_POINT('',(0.75,2.0,-6.626108268163));
#4063=DIRECTION('',(-1.0,0.0,0.0));
#4064=DIRECTION('',(0.0,-1.0,0.0));
#4065=CARTESIAN_POINT('',(0.75,1.516310255377,-6.499442444253));
#4066=DIRECTION('',(0.0,-0.253331647820201,-0.967379489245405));
#4067=DIRECTION('',(0.0,0.967379489245405,-0.253331647820201));
#4068=DIRECTION('',(0.0,0.253331647820202,0.967379489245406));
#4069=CARTESIAN_POINT('',(0.75,1.683689744623,-5.860282330585));
#4070=DIRECTION('',(0.0,-0.253331647820201,-0.967379489245405));
#4071=DIRECTION('',(0.0,0.967379489245405,-0.253331647820201));
#4072=DIRECTION('',(0.0,0.253331647820202,0.967379489245406));
#4073=CARTESIAN_POINT('',(0.75,1.683689744623,-5.860282330585));
#4074=DIRECTION('',(0.0,-0.253331647820201,-0.967379489245405));
#4075=DIRECTION('',(0.0,-0.967379489245405,0.253331647820201));
#4076=CARTESIAN_POINT('',(0.75,1.2,-5.733616506675));
#4077=DIRECTION('',(1.0,0.0,0.0));
#4078=DIRECTION('',(0.0,0.967379489245405,-0.253331647820201));
#4079=CARTESIAN_POINT('',(0.75,1.686286634816,-5.617318145555));
#4080=DIRECTION('',(0.0,0.232596722241291,-0.972573269631963));
#4081=DIRECTION('',(0.0,-0.972573269631963,-0.232596722241291));
#4082=CARTESIAN_POINT('',(0.75,1.2,-5.733616506675));
#4083=DIRECTION('',(1.0,0.0,0.0));
#4084=DIRECTION('',(0.0,0.967379489245405,-0.253331647820201));
#4085=CARTESIAN_POINT('',(0.75,1.686286634816,-5.617318145555));
#4086=DIRECTION('',(0.0,0.232596722241291,-0.972573269631963));
#4087=DIRECTION('',(0.0,0.972573269631963,0.232596722241291));
#4088=DIRECTION('',(0.0,-0.232596722241291,0.972573269631963));
#4089=CARTESIAN_POINT('',(0.75,1.513713365184,-4.895725220772));
#4090=DIRECTION('',(0.0,0.232596722241291,-0.972573269631963));
#4091=DIRECTION('',(0.0,0.972573269631963,0.232596722241291));
#4092=DIRECTION('',(0.0,-0.232596722241291,0.972573269631963));
#4093=CARTESIAN_POINT('',(0.75,1.513713365184,-4.895725220772));
#4094=DIRECTION('',(0.0,0.232596722241291,-0.972573269631963));
#4095=DIRECTION('',(0.0,-0.972573269631963,-0.232596722241291));
#4096=CARTESIAN_POINT('',(0.75,2.0,-4.779426859651));
#4097=DIRECTION('',(-1.0,-0.0,0.0));
#4098=DIRECTION('',(0.0,-0.972573269631963,-0.232596722241291));
#4099=CARTESIAN_POINT('',(0.75,2.0,-4.779426859651));
#4100=DIRECTION('',(-1.0,-0.0,0.0));
#4101=DIRECTION('',(0.0,-0.972573269631963,-0.232596722241291));
#4102=DIRECTION('',(-0.316227766016808,-2.31416588083706E-10,0.948683298050524));
#4103=CARTESIAN_POINT('',(0.75,1.5,-7.2));
#4104=DIRECTION('',(0.0,0.0,-1.0));
#4105=DIRECTION('',(1.0,0.0,0.0));
#4106=CARTESIAN_POINT('',(0.75,1.5,-7.2));
#4107=DIRECTION('',(0.0,0.0,-1.0));
#4108=DIRECTION('',(-1.0,0.0,0.0));
#4109=DIRECTION('',(0.0,1.0,0.0));
#4110=DIRECTION('',(0.0,1.0,0.0));
#4111=CARTESIAN_POINT('',(-0.75,1.5,-4.35));
#4112=DIRECTION('',(0.0,0.0,-1.0));
#4113=DIRECTION('',(-1.0,0.0,0.0));
#4114=CARTESIAN_POINT('',(-0.75,1.5,-4.35));
#4115=DIRECTION('',(0.0,0.0,-1.0));
#4116=DIRECTION('',(1.0,0.0,0.0));
#4117=DIRECTION('',(2.254839341232E-12,-1.557032517093E-10,1.0));
#4118=DIRECTION('',(0.0,0.0,1.0));
#4119=CARTESIAN_POINT('',(-0.75,1.5,-4.7));
#4120=DIRECTION('',(0.0,0.0,-1.0));
#4121=DIRECTION('',(-1.0,0.0,0.0));
#4122=DIRECTION('',(0.0,0.0,1.0));
#4123=CARTESIAN_POINT('',(-0.75,1.5,-4.779426859651));
#4124=DIRECTION('',(0.0,-0.0,1.0));
#4125=DIRECTION('',(0.0,1.0,0.0));
#4126=CARTESIAN_POINT('',(-0.75,1.5,-6.626108268163));
#4127=DIRECTION('',(0.0,-0.0,1.0));
#4128=DIRECTION('',(0.0,1.0,0.0));
#4129=DIRECTION('',(0.0,0.0,1.0));
#4130=CARTESIAN_POINT('',(-0.75,1.5,-6.7));
#4131=DIRECTION('',(0.0,0.0,-1.0));
#4132=DIRECTION('',(-1.0,0.0,0.0));
#4133=DIRECTION('',(0.316227766016808,2.31417992417106E-10,-0.948683298050524));
#4134=CARTESIAN_POINT('',(-0.75,1.5,-0.25));
#4135=DIRECTION('',(0.0,0.0,1.0));
#4136=DIRECTION('',(-1.0,0.0,0.0));
#4137=CARTESIAN_POINT('',(-0.75,1.5,-0.25));
#4138=DIRECTION('',(0.0,0.0,1.0));
#4139=DIRECTION('',(1.0,0.0,0.0));
#4140=CARTESIAN_POINT('',(-0.75,1.5,-0.55));
#4141=DIRECTION('',(0.0,0.0,1.0));
#4142=DIRECTION('',(1.0,0.0,0.0));
#4143=CARTESIAN_POINT('',(-0.75,1.5,-6.7));
#4144=DIRECTION('',(0.0,0.0,-1.0));
#4145=DIRECTION('',(0.0,1.0,0.0));
#4146=CARTESIAN_POINT('',(-0.75,1.5,-6.9));
#4147=DIRECTION('',(0.0,0.0,-1.0));
#4148=DIRECTION('',(-1.0,0.0,0.0));
#4149=CARTESIAN_POINT('',(-0.75,1.5,-4.779426859651));
#4150=DIRECTION('',(0.0,0.0,1.0));
#4151=DIRECTION('',(0.0,-1.0,0.0));
#4152=CARTESIAN_POINT('',(-0.75,1.5,-6.626108268163));
#4153=DIRECTION('',(0.0,0.0,1.0));
#4154=DIRECTION('',(0.0,-1.0,0.0));
#4155=CARTESIAN_POINT('',(-0.75,2.0,-6.626108268163));
#4156=DIRECTION('',(-1.0,0.0,0.0));
#4157=DIRECTION('',(0.0,-1.0,0.0));
#4158=CARTESIAN_POINT('',(-0.75,1.516310255377,-6.499442444253));
#4159=DIRECTION('',(0.0,0.253331647820201,0.967379489245405));
#4160=DIRECTION('',(0.0,-0.967379489245405,0.253331647820201));
#4161=CARTESIAN_POINT('',(-0.75,2.0,-6.626108268163));
#4162=DIRECTION('',(-1.0,0.0,0.0));
#4163=DIRECTION('',(0.0,-1.0,0.0));
#4164=CARTESIAN_POINT('',(-0.75,1.516310255377,-6.499442444253));
#4165=DIRECTION('',(0.0,0.253331647820201,0.967379489245405));
#4166=DIRECTION('',(0.0,0.967379489245405,-0.253331647820201));
#4167=DIRECTION('',(0.0,0.253331647820202,0.967379489245406));
#4168=CARTESIAN_POINT('',(-0.75,1.683689744623,-5.860282330585));
#4169=DIRECTION('',(0.0,0.253331647820201,0.967379489245405));
#4170=DIRECTION('',(0.0,0.967379489245405,-0.253331647820201));
#4171=DIRECTION('',(0.0,0.253331647820202,0.967379489245406));
#4172=CARTESIAN_POINT('',(-0.75,1.683689744623,-5.860282330585));
#4173=DIRECTION('',(0.0,0.253331647820201,0.967379489245405));
#4174=DIRECTION('',(0.0,-0.967379489245405,0.253331647820201));
#4175=CARTESIAN_POINT('',(-0.75,1.2,-5.733616506675));
#4176=DIRECTION('',(1.0,0.0,0.0));
#4177=DIRECTION('',(0.0,0.967379489245405,-0.253331647820201));
#4178=CARTESIAN_POINT('',(-0.75,1.686286634816,-5.617318145555));
#4179=DIRECTION('',(0.0,-0.232596722241291,0.972573269631963));
#4180=DIRECTION('',(0.0,-0.972573269631963,-0.232596722241291));
#4181=CARTESIAN_POINT('',(-0.75,1.2,-5.733616506675));
#4182=DIRECTION('',(1.0,0.0,0.0));
#4183=DIRECTION('',(0.0,0.967379489245405,-0.253331647820201));
#4184=CARTESIAN_POINT('',(-0.75,1.686286634816,-5.617318145555));
#4185=DIRECTION('',(0.0,-0.232596722241291,0.972573269631963));
#4186=DIRECTION('',(0.0,0.972573269631963,0.232596722241291));
#4187=DIRECTION('',(0.0,-0.232596722241291,0.972573269631963));
#4188=CARTESIAN_POINT('',(-0.75,1.513713365184,-4.895725220772));
#4189=DIRECTION('',(0.0,-0.232596722241291,0.972573269631963));
#4190=DIRECTION('',(0.0,0.972573269631963,0.232596722241291));
#4191=DIRECTION('',(0.0,-0.232596722241291,0.972573269631963));
#4192=CARTESIAN_POINT('',(-0.75,1.513713365184,-4.895725220772));
#4193=DIRECTION('',(0.0,-0.232596722241291,0.972573269631963));
#4194=DIRECTION('',(0.0,-0.972573269631963,-0.232596722241291));
#4195=CARTESIAN_POINT('',(-0.75,2.0,-4.779426859651));
#4196=DIRECTION('',(-1.0,-0.0,0.0));
#4197=DIRECTION('',(0.0,-0.972573269631963,-0.232596722241291));
#4198=CARTESIAN_POINT('',(-0.75,2.0,-4.779426859651));
#4199=DIRECTION('',(-1.0,-0.0,0.0));
#4200=DIRECTION('',(0.0,-0.972573269631963,-0.232596722241291));
#4201=DIRECTION('',(-0.316227766016808,-2.31416588083706E-10,0.948683298050524));
#4202=CARTESIAN_POINT('',(-0.75,1.5,-7.2));
#4203=DIRECTION('',(0.0,0.0,-1.0));
#4204=DIRECTION('',(1.0,0.0,0.0));
#4205=CARTESIAN_POINT('',(-0.75,1.5,-7.2));
#4206=DIRECTION('',(0.0,0.0,-1.0));
#4207=DIRECTION('',(-1.0,0.0,0.0));
#4208=DIRECTION('',(0.0,1.0,0.0));
#4209=DIRECTION('',(0.0,1.0,0.0));
#4210=DIRECTION('',(0.0,1.0,0.0));
#4211=DIRECTION('',(2.254839341232E-12,-1.557033461963E-10,1.0));
#4212=DIRECTION('',(-2.254839341232E-12,1.557032517093E-10,1.0));
#4213=CARTESIAN_POINT('',(-2.25,1.5,-0.55));
#4214=DIRECTION('',(0.0,0.0,1.0));
#4215=DIRECTION('',(-1.0,0.0,0.0));
#4216=DIRECTION('',(2.077989196823E-12,-1.434912319674E-10,1.0));
#4217=DIRECTION('',(-2.077989196823E-12,1.434912319674E-10,1.0));
#4218=CARTESIAN_POINT('',(-2.25,1.5,-6.9));
#4219=DIRECTION('',(0.0,0.0,-1.0));
#4220=DIRECTION('',(1.0,0.0,0.0));
#4221=DIRECTION('',(0.316227766016808,2.31417290250406E-10,-0.948683298050524));
#4222=CARTESIAN_POINT('',(-2.25,1.5,-0.25));
#4223=DIRECTION('',(0.0,0.0,1.0));
#4224=DIRECTION('',(-1.0,0.0,0.0));
#4225=CARTESIAN_POINT('',(-2.25,1.5,-0.25));
#4226=DIRECTION('',(0.0,0.0,1.0));
#4227=DIRECTION('',(1.0,0.0,0.0));
#4228=CARTESIAN_POINT('',(-2.25,1.5,-0.55));
#4229=DIRECTION('',(0.0,0.0,1.0));
#4230=DIRECTION('',(1.0,0.0,0.0));
#4231=CARTESIAN_POINT('',(-2.25,1.5,-6.9));
#4232=DIRECTION('',(0.0,0.0,-1.0));
#4233=DIRECTION('',(-1.0,0.0,0.0));
#4234=CARTESIAN_POINT('',(-2.25,1.5,-7.2));
#4235=DIRECTION('',(0.0,0.0,-1.0));
#4236=DIRECTION('',(-1.0,0.0,0.0));
#4237=DIRECTION('',(-0.316227766016808,-2.31414481583606E-10,0.948683298050524));
#4238=CARTESIAN_POINT('',(-2.25,1.5,-7.2));
#4239=DIRECTION('',(0.0,0.0,-1.0));
#4240=DIRECTION('',(1.0,0.0,0.0));
#4241=DIRECTION('',(2.2546503671E-12,-1.557031572222E-10,1.0));
#4242=DIRECTION('',(-2.254839341232E-12,1.557031572222E-10,1.0));
#4243=CARTESIAN_POINT('',(2.25,1.5,-0.55));
#4244=DIRECTION('',(0.0,0.0,1.0));
#4245=DIRECTION('',(-1.0,0.0,0.0));
#4246=DIRECTION('',(2.077989196823E-12,-1.434911448911E-10,1.0));
#4247=DIRECTION('',(-2.077815044191E-12,1.434912319674E-10,1.0));
#4248=CARTESIAN_POINT('',(2.25,1.5,-6.9));
#4249=DIRECTION('',(0.0,0.0,-1.0));
#4250=DIRECTION('',(1.0,0.0,0.0));
#4251=DIRECTION('',(0.316227766016808,2.31417992417106E-10,-0.948683298050524));
#4252=CARTESIAN_POINT('',(2.25,1.5,-0.25));
#4253=DIRECTION('',(0.0,0.0,1.0));
#4254=DIRECTION('',(-1.0,0.0,0.0));
#4255=CARTESIAN_POINT('',(2.25,1.5,-0.25));
#4256=DIRECTION('',(0.0,0.0,1.0));
#4257=DIRECTION('',(1.0,0.0,0.0));
#4258=CARTESIAN_POINT('',(2.25,1.5,-0.55));
#4259=DIRECTION('',(0.0,0.0,1.0));
#4260=DIRECTION('',(1.0,0.0,0.0));
#4261=CARTESIAN_POINT('',(2.25,1.5,-6.9));
#4262=DIRECTION('',(0.0,0.0,-1.0));
#4263=DIRECTION('',(-1.0,0.0,0.0));
#4264=CARTESIAN_POINT('',(2.25,1.5,-7.2));
#4265=DIRECTION('',(0.0,0.0,-1.0));
#4266=DIRECTION('',(-1.0,0.0,0.0));
#4267=DIRECTION('',(-0.316227766016808,-2.31417290250406E-10,0.948683298050524));
#4268=CARTESIAN_POINT('',(2.25,1.5,-7.2));
#4269=DIRECTION('',(0.0,0.0,-1.0));
#4270=DIRECTION('',(1.0,0.0,0.0));
ENDSEC;
END-ISO-10303-21;
