ISO-10303-21;
HEADER;
FILE_DESCRIPTION(('STEP AP242'),'1');
FILE_NAME('x1502wv-08k-n0sn.stp','2022-12-10T04:10:57',('TraceParts'),('TraceParts S.A.'),'Spatial InterOp 3D',' ',' ');
FILE_SCHEMA(('AP242_MANAGED_MODEL_BASED_3D_ENGINEERING_MIM_LF  {1 0 10303 442 1 1 4}'));
ENDSEC;
DATA;
#1=PRODUCT_DEFINITION_CONTEXT('',#9,'design');
#2=APPLICATION_PROTOCOL_DEFINITION('INTERNATIONAL STANDARD','ap242_managed_model_based_3d_engineering',2014,#9);
#3=PRODUCT_CATEGORY_RELATIONSHIP('NONE','NONE',#10,#11);
#4=SHAPE_DEFINITION_REPRESENTATION(#12,#13);
#5= (GEOMETRIC_REPRESENTATION_CONTEXT(3)GLOBAL_UNCERTAINTY_ASSIGNED_CONTEXT((#16))GLOBAL_UNIT_ASSIGNED_CONTEXT((#18,#19,#20))REPRESENTATION_CONTEXT('NONE','WORKSPACE'));
#9=APPLICATION_CONTEXT('managed model based 3d engineering');
#10=PRODUCT_CATEGORY('part','NONE');
#11=PRODUCT_RELATED_PRODUCT_CATEGORY('detail',' ',(#22));
#12=PRODUCT_DEFINITION_SHAPE('NONE','NONE',#23);
#13=ADVANCED_BREP_SHAPE_REPRESENTATION('x1502wv-08k-n0sn',(#24,#25),#5);
#16=UNCERTAINTY_MEASURE_WITH_UNIT(LENGTH_MEASURE(1.0E-06),#18,'','');
#18= (CONVERSION_BASED_UNIT('MILLIMETRE',#28)LENGTH_UNIT()NAMED_UNIT(#31));
#19= (NAMED_UNIT(#33)PLANE_ANGLE_UNIT()SI_UNIT($,.RADIAN.));
#20= (NAMED_UNIT(#33)SOLID_ANGLE_UNIT()SI_UNIT($,.STERADIAN.));
#22=PRODUCT('x1502wv-08k-n0sn','x1502wv-08k-n0sn','PART-x1502wv-08k-n0sn-DESC',(#39));
#23=PRODUCT_DEFINITION('','NONE',#40,#1);
#24=MANIFOLD_SOLID_BREP('x1502wv-08k-n0sn',#41);
#25=AXIS2_PLACEMENT_3D('',#42,#43,#44);
#28=LENGTH_MEASURE_WITH_UNIT(LENGTH_MEASURE(1.0),#45);
#31=DIMENSIONAL_EXPONENTS(1.0,0.0,0.0,0.0,0.0,0.0,0.0);
#33=DIMENSIONAL_EXPONENTS(0.0,0.0,0.0,0.0,0.0,0.0,0.0);
#39=PRODUCT_CONTEXT('',#9,'mechanical');
#40=PRODUCT_DEFINITION_FORMATION_WITH_SPECIFIED_SOURCE(' ','NONE',#22,.NOT_KNOWN.);
#41=CLOSED_SHELL('',(#46,#47,#48,#49,#50,#51,#52,#53,#54,#55,#56,#57,#58,#59,#60,#61,#62,#63,#64,#65,#66,#67,#68,#69,#70,#71,#72,#73,#74,#75,#76,#77,#78,#79,#80,#81,#82,#83,#84,#85,#86,#87,#88,#89,#90,#91,#92,#93,#94,#95,#96,#97,#98,#99,#100,#101,#102,#103,#104,#105,#106,#107,#108,#109,#110,#111,#112,#113,#114,#115,#116,#117,#118,#119,#120,#121,#122,#123,#124,#125,#126,#127,#128,#129,#130,#131,#132,#133,#134,#135,#136,#137,#138,#139,#140,#141,#142,#143,#144,#145,#146,#147,#148,#149,#150,#151,#152,#153,#154,#155,#156,#157,#158,#159,#160,#161,#162,#163,#164,#165,#166,#167,#168,#169,#170,#171,#172,#173,#174,#175,#176,#177,#178,#179,#180,#181,#182,#183,#184,#185,#186,#187,#188,#189,#190,#191,#192,#193,#194,#195,#196,#197,#198,#199,#200,#201,#202,#203,#204,#205,#206,#207,#208,#209,#210,#211,#212,#213,#214,#215,#216,#217,#218,#219,#220,#221,#222,#223,#224,#225,#226,#227,#228,#229,#230,#231,#232,#233,#234,#235,#236,#237,#238,#239,#240,#241,#242,#243,#244,#245,#246,#247,#248,#249,#250,#251,#252,#253,#254,#255,#256,#257,#258));
#42=CARTESIAN_POINT('',(0.0,0.0,0.0));
#43=DIRECTION('',(0.0,0.0,1.0));
#44=DIRECTION('',(1.0,0.0,0.0));
#45= (NAMED_UNIT(#31)LENGTH_UNIT()SI_UNIT(.MILLI.,.METRE.));
#46=ADVANCED_FACE('',(#260),#261,.T.);
#47=ADVANCED_FACE('',(#262),#263,.T.);
#48=ADVANCED_FACE('',(#264),#265,.T.);
#49=ADVANCED_FACE('',(#266),#267,.T.);
#50=ADVANCED_FACE('',(#268),#269,.T.);
#51=ADVANCED_FACE('',(#270),#271,.T.);
#52=ADVANCED_FACE('',(#272),#273,.T.);
#53=ADVANCED_FACE('',(#274),#275,.T.);
#54=ADVANCED_FACE('',(#276),#277,.T.);
#55=ADVANCED_FACE('',(#278),#279,.T.);
#56=ADVANCED_FACE('',(#280),#281,.T.);
#57=ADVANCED_FACE('',(#282),#283,.T.);
#58=ADVANCED_FACE('',(#284),#285,.T.);
#59=ADVANCED_FACE('',(#286),#287,.T.);
#60=ADVANCED_FACE('',(#288),#289,.T.);
#61=ADVANCED_FACE('',(#290),#291,.T.);
#62=ADVANCED_FACE('',(#292),#293,.T.);
#63=ADVANCED_FACE('',(#294),#295,.T.);
#64=ADVANCED_FACE('',(#296),#297,.T.);
#65=ADVANCED_FACE('',(#298),#299,.T.);
#66=ADVANCED_FACE('',(#300),#301,.T.);
#67=ADVANCED_FACE('',(#302),#303,.T.);
#68=ADVANCED_FACE('',(#304),#305,.T.);
#69=ADVANCED_FACE('',(#306),#307,.T.);
#70=ADVANCED_FACE('',(#308),#309,.T.);
#71=ADVANCED_FACE('',(#310),#311,.T.);
#72=ADVANCED_FACE('',(#312),#313,.T.);
#73=ADVANCED_FACE('',(#314),#315,.T.);
#74=ADVANCED_FACE('',(#316),#317,.T.);
#75=ADVANCED_FACE('',(#318),#319,.T.);
#76=ADVANCED_FACE('',(#320),#321,.T.);
#77=ADVANCED_FACE('',(#322),#323,.T.);
#78=ADVANCED_FACE('',(#324),#325,.T.);
#79=ADVANCED_FACE('',(#326),#327,.T.);
#80=ADVANCED_FACE('',(#328),#329,.T.);
#81=ADVANCED_FACE('',(#330),#331,.T.);
#82=ADVANCED_FACE('',(#332),#333,.T.);
#83=ADVANCED_FACE('',(#334),#335,.T.);
#84=ADVANCED_FACE('',(#336),#337,.T.);
#85=ADVANCED_FACE('',(#338),#339,.T.);
#86=ADVANCED_FACE('',(#340),#341,.T.);
#87=ADVANCED_FACE('',(#342),#343,.T.);
#88=ADVANCED_FACE('',(#344),#345,.F.);
#89=ADVANCED_FACE('',(#346),#347,.T.);
#90=ADVANCED_FACE('',(#348),#349,.F.);
#91=ADVANCED_FACE('',(#350,#351),#352,.F.);
#92=ADVANCED_FACE('',(#353),#354,.F.);
#93=ADVANCED_FACE('',(#355),#356,.T.);
#94=ADVANCED_FACE('',(#357),#358,.T.);
#95=ADVANCED_FACE('',(#359),#360,.T.);
#96=ADVANCED_FACE('',(#361),#362,.T.);
#97=ADVANCED_FACE('',(#363),#364,.T.);
#98=ADVANCED_FACE('',(#365),#366,.T.);
#99=ADVANCED_FACE('',(#367),#368,.T.);
#100=ADVANCED_FACE('',(#369),#370,.T.);
#101=ADVANCED_FACE('',(#371),#372,.T.);
#102=ADVANCED_FACE('',(#373),#374,.F.);
#103=ADVANCED_FACE('',(#375),#376,.T.);
#104=ADVANCED_FACE('',(#377),#378,.T.);
#105=ADVANCED_FACE('',(#379,#380),#381,.F.);
#106=ADVANCED_FACE('',(#382),#383,.F.);
#107=ADVANCED_FACE('',(#384),#385,.F.);
#108=ADVANCED_FACE('',(#386,#387,#388,#389,#390,#391,#392,#393,#394),#395,.T.);
#109=ADVANCED_FACE('',(#396),#397,.F.);
#110=ADVANCED_FACE('',(#398),#399,.T.);
#111=ADVANCED_FACE('',(#400),#401,.F.);
#112=ADVANCED_FACE('',(#402),#403,.T.);
#113=ADVANCED_FACE('',(#404),#405,.T.);
#114=ADVANCED_FACE('',(#406),#407,.T.);
#115=ADVANCED_FACE('',(#408),#409,.T.);
#116=ADVANCED_FACE('',(#410),#411,.T.);
#117=ADVANCED_FACE('',(#412),#413,.T.);
#118=ADVANCED_FACE('',(#414),#415,.T.);
#119=ADVANCED_FACE('',(#416),#417,.T.);
#120=ADVANCED_FACE('',(#418),#419,.T.);
#121=ADVANCED_FACE('',(#420),#421,.T.);
#122=ADVANCED_FACE('',(#422),#423,.T.);
#123=ADVANCED_FACE('',(#424),#425,.T.);
#124=ADVANCED_FACE('',(#426),#427,.T.);
#125=ADVANCED_FACE('',(#428),#429,.F.);
#126=ADVANCED_FACE('',(#430),#431,.T.);
#127=ADVANCED_FACE('',(#432),#433,.T.);
#128=ADVANCED_FACE('',(#434),#435,.T.);
#129=ADVANCED_FACE('',(#436),#437,.T.);
#130=ADVANCED_FACE('',(#438),#439,.F.);
#131=ADVANCED_FACE('',(#440,#441),#442,.F.);
#132=ADVANCED_FACE('',(#443),#444,.F.);
#133=ADVANCED_FACE('',(#445),#446,.T.);
#134=ADVANCED_FACE('',(#447),#448,.T.);
#135=ADVANCED_FACE('',(#449),#450,.T.);
#136=ADVANCED_FACE('',(#451),#452,.T.);
#137=ADVANCED_FACE('',(#453),#454,.T.);
#138=ADVANCED_FACE('',(#455),#456,.T.);
#139=ADVANCED_FACE('',(#457),#458,.T.);
#140=ADVANCED_FACE('',(#459),#460,.F.);
#141=ADVANCED_FACE('',(#461),#462,.T.);
#142=ADVANCED_FACE('',(#463),#464,.T.);
#143=ADVANCED_FACE('',(#465),#466,.T.);
#144=ADVANCED_FACE('',(#467),#468,.T.);
#145=ADVANCED_FACE('',(#469),#470,.T.);
#146=ADVANCED_FACE('',(#471),#472,.T.);
#147=ADVANCED_FACE('',(#473),#474,.T.);
#148=ADVANCED_FACE('',(#475),#476,.T.);
#149=ADVANCED_FACE('',(#477),#478,.T.);
#150=ADVANCED_FACE('',(#479),#480,.T.);
#151=ADVANCED_FACE('',(#481),#482,.T.);
#152=ADVANCED_FACE('',(#483),#484,.T.);
#153=ADVANCED_FACE('',(#485),#486,.T.);
#154=ADVANCED_FACE('',(#487),#488,.T.);
#155=ADVANCED_FACE('',(#489),#490,.F.);
#156=ADVANCED_FACE('',(#491,#492),#493,.F.);
#157=ADVANCED_FACE('',(#494),#495,.F.);
#158=ADVANCED_FACE('',(#496),#497,.T.);
#159=ADVANCED_FACE('',(#498),#499,.T.);
#160=ADVANCED_FACE('',(#500),#501,.T.);
#161=ADVANCED_FACE('',(#502),#503,.F.);
#162=ADVANCED_FACE('',(#504),#505,.T.);
#163=ADVANCED_FACE('',(#506),#507,.T.);
#164=ADVANCED_FACE('',(#508),#509,.T.);
#165=ADVANCED_FACE('',(#510),#511,.T.);
#166=ADVANCED_FACE('',(#512),#513,.T.);
#167=ADVANCED_FACE('',(#514),#515,.T.);
#168=ADVANCED_FACE('',(#516),#517,.F.);
#169=ADVANCED_FACE('',(#518,#519),#520,.F.);
#170=ADVANCED_FACE('',(#521),#522,.F.);
#171=ADVANCED_FACE('',(#523),#524,.T.);
#172=ADVANCED_FACE('',(#525),#526,.T.);
#173=ADVANCED_FACE('',(#527),#528,.T.);
#174=ADVANCED_FACE('',(#529),#530,.F.);
#175=ADVANCED_FACE('',(#531),#532,.T.);
#176=ADVANCED_FACE('',(#533),#534,.T.);
#177=ADVANCED_FACE('',(#535),#536,.T.);
#178=ADVANCED_FACE('',(#537),#538,.T.);
#179=ADVANCED_FACE('',(#539),#540,.T.);
#180=ADVANCED_FACE('',(#541),#542,.T.);
#181=ADVANCED_FACE('',(#543),#544,.F.);
#182=ADVANCED_FACE('',(#545,#546),#547,.F.);
#183=ADVANCED_FACE('',(#548),#549,.F.);
#184=ADVANCED_FACE('',(#550),#551,.T.);
#185=ADVANCED_FACE('',(#552),#553,.T.);
#186=ADVANCED_FACE('',(#554),#555,.T.);
#187=ADVANCED_FACE('',(#556),#557,.F.);
#188=ADVANCED_FACE('',(#558),#559,.T.);
#189=ADVANCED_FACE('',(#560),#561,.T.);
#190=ADVANCED_FACE('',(#562),#563,.T.);
#191=ADVANCED_FACE('',(#564),#565,.T.);
#192=ADVANCED_FACE('',(#566),#567,.T.);
#193=ADVANCED_FACE('',(#568),#569,.T.);
#194=ADVANCED_FACE('',(#570),#571,.F.);
#195=ADVANCED_FACE('',(#572,#573),#574,.F.);
#196=ADVANCED_FACE('',(#575),#576,.F.);
#197=ADVANCED_FACE('',(#577),#578,.T.);
#198=ADVANCED_FACE('',(#579),#580,.T.);
#199=ADVANCED_FACE('',(#581),#582,.T.);
#200=ADVANCED_FACE('',(#583),#584,.F.);
#201=ADVANCED_FACE('',(#585),#586,.T.);
#202=ADVANCED_FACE('',(#587),#588,.T.);
#203=ADVANCED_FACE('',(#589),#590,.T.);
#204=ADVANCED_FACE('',(#591),#592,.T.);
#205=ADVANCED_FACE('',(#593),#594,.T.);
#206=ADVANCED_FACE('',(#595),#596,.T.);
#207=ADVANCED_FACE('',(#597),#598,.F.);
#208=ADVANCED_FACE('',(#599,#600),#601,.F.);
#209=ADVANCED_FACE('',(#602),#603,.F.);
#210=ADVANCED_FACE('',(#604),#605,.T.);
#211=ADVANCED_FACE('',(#606),#607,.T.);
#212=ADVANCED_FACE('',(#608),#609,.T.);
#213=ADVANCED_FACE('',(#610),#611,.T.);
#214=ADVANCED_FACE('',(#612),#613,.F.);
#215=ADVANCED_FACE('',(#614),#615,.T.);
#216=ADVANCED_FACE('',(#616),#617,.T.);
#217=ADVANCED_FACE('',(#618),#619,.T.);
#218=ADVANCED_FACE('',(#620),#621,.T.);
#219=ADVANCED_FACE('',(#622),#623,.T.);
#220=ADVANCED_FACE('',(#624),#625,.T.);
#221=ADVANCED_FACE('',(#626),#627,.T.);
#222=ADVANCED_FACE('',(#628),#629,.T.);
#223=ADVANCED_FACE('',(#630),#631,.T.);
#224=ADVANCED_FACE('',(#632),#633,.T.);
#225=ADVANCED_FACE('',(#634),#635,.T.);
#226=ADVANCED_FACE('',(#636),#637,.T.);
#227=ADVANCED_FACE('',(#638),#639,.T.);
#228=ADVANCED_FACE('',(#640),#641,.T.);
#229=ADVANCED_FACE('',(#642),#643,.T.);
#230=ADVANCED_FACE('',(#644),#645,.T.);
#231=ADVANCED_FACE('',(#646),#647,.T.);
#232=ADVANCED_FACE('',(#648),#649,.T.);
#233=ADVANCED_FACE('',(#650),#651,.F.);
#234=ADVANCED_FACE('',(#652),#653,.F.);
#235=ADVANCED_FACE('',(#654),#655,.F.);
#236=ADVANCED_FACE('',(#656),#657,.F.);
#237=ADVANCED_FACE('',(#658),#659,.F.);
#238=ADVANCED_FACE('',(#660),#661,.F.);
#239=ADVANCED_FACE('',(#662),#663,.T.);
#240=ADVANCED_FACE('',(#664),#665,.T.);
#241=ADVANCED_FACE('',(#666),#667,.T.);
#242=ADVANCED_FACE('',(#668),#669,.F.);
#243=ADVANCED_FACE('',(#670),#671,.T.);
#244=ADVANCED_FACE('',(#672),#673,.T.);
#245=ADVANCED_FACE('',(#674),#675,.T.);
#246=ADVANCED_FACE('',(#676),#677,.T.);
#247=ADVANCED_FACE('',(#678),#679,.T.);
#248=ADVANCED_FACE('',(#680),#681,.T.);
#249=ADVANCED_FACE('',(#682),#683,.T.);
#250=ADVANCED_FACE('',(#684),#685,.T.);
#251=ADVANCED_FACE('',(#686),#687,.T.);
#252=ADVANCED_FACE('',(#688),#689,.F.);
#253=ADVANCED_FACE('',(#690),#691,.T.);
#254=ADVANCED_FACE('',(#692),#693,.T.);
#255=ADVANCED_FACE('',(#694),#695,.T.);
#256=ADVANCED_FACE('',(#696),#697,.T.);
#257=ADVANCED_FACE('',(#698),#699,.T.);
#258=ADVANCED_FACE('',(#700),#701,.T.);
#260=FACE_OUTER_BOUND('',#702,.T.);
#261=CONICAL_SURFACE('',#703,0.1999999998958,0.321750554396546);
#262=FACE_OUTER_BOUND('',#704,.T.);
#263=CONICAL_SURFACE('',#705,0.1999999998958,0.321750554396546);
#264=FACE_OUTER_BOUND('',#706,.T.);
#265=CONICAL_SURFACE('',#707,0.1999999998958,0.321750554396546);
#266=FACE_OUTER_BOUND('',#708,.T.);
#267=CONICAL_SURFACE('',#709,0.1999999998958,0.321750554396546);
#268=FACE_OUTER_BOUND('',#710,.T.);
#269=CONICAL_SURFACE('',#711,0.1999999998958,0.321750554396546);
#270=FACE_OUTER_BOUND('',#712,.T.);
#271=CONICAL_SURFACE('',#713,0.1999999998958,0.321750554396546);
#272=FACE_OUTER_BOUND('',#714,.T.);
#273=CONICAL_SURFACE('',#715,0.1999999998958,0.321750554396546);
#274=FACE_OUTER_BOUND('',#716,.T.);
#275=CONICAL_SURFACE('',#717,0.1999999998958,0.321750554396546);
#276=FACE_OUTER_BOUND('',#718,.T.);
#277=CONICAL_SURFACE('',#719,0.1999999998958,0.321750554396546);
#278=FACE_OUTER_BOUND('',#720,.T.);
#279=CONICAL_SURFACE('',#721,0.1999999998958,0.321750554396546);
#280=FACE_OUTER_BOUND('',#722,.T.);
#281=CYLINDRICAL_SURFACE('',#723,0.25);
#282=FACE_OUTER_BOUND('',#724,.T.);
#283=CYLINDRICAL_SURFACE('',#725,0.25);
#284=FACE_OUTER_BOUND('',#726,.T.);
#285=CONICAL_SURFACE('',#727,0.1999999998958,0.321750554396546);
#286=FACE_OUTER_BOUND('',#728,.T.);
#287=CONICAL_SURFACE('',#729,0.1999999998958,0.321750554396546);
#288=FACE_OUTER_BOUND('',#730,.T.);
#289=CYLINDRICAL_SURFACE('',#731,0.25);
#290=FACE_OUTER_BOUND('',#732,.T.);
#291=CYLINDRICAL_SURFACE('',#733,0.25);
#292=FACE_OUTER_BOUND('',#734,.T.);
#293=CONICAL_SURFACE('',#735,0.1999999998958,0.321750554396546);
#294=FACE_OUTER_BOUND('',#736,.T.);
#295=CONICAL_SURFACE('',#737,0.1999999998958,0.321750554396546);
#296=FACE_OUTER_BOUND('',#738,.T.);
#297=CONICAL_SURFACE('',#739,0.1999999998958,0.321750554396546);
#298=FACE_OUTER_BOUND('',#740,.T.);
#299=CONICAL_SURFACE('',#741,0.1999999998958,0.321750554396546);
#300=FACE_OUTER_BOUND('',#742,.T.);
#301=CONICAL_SURFACE('',#743,0.1999999998958,0.321750554396546);
#302=FACE_OUTER_BOUND('',#744,.T.);
#303=CONICAL_SURFACE('',#745,0.1999999998958,0.321750554396546);
#304=FACE_OUTER_BOUND('',#746,.T.);
#305=CONICAL_SURFACE('',#747,0.1999999998958,0.321750554396546);
#306=FACE_OUTER_BOUND('',#748,.T.);
#307=CONICAL_SURFACE('',#749,0.1999999998958,0.321750554396546);
#308=FACE_OUTER_BOUND('',#750,.T.);
#309=CONICAL_SURFACE('',#751,0.1999999998958,0.321750554396546);
#310=FACE_OUTER_BOUND('',#752,.T.);
#311=CONICAL_SURFACE('',#753,0.1999999998958,0.321750554396546);
#312=FACE_OUTER_BOUND('',#754,.T.);
#313=CONICAL_SURFACE('',#755,0.1999999998958,0.321750554396546);
#314=FACE_OUTER_BOUND('',#756,.T.);
#315=CONICAL_SURFACE('',#757,0.1999999998958,0.321750554396546);
#316=FACE_OUTER_BOUND('',#758,.T.);
#317=CONICAL_SURFACE('',#759,0.1999999998958,0.321750554396546);
#318=FACE_OUTER_BOUND('',#760,.T.);
#319=CONICAL_SURFACE('',#761,0.1999999998958,0.321750554396546);
#320=FACE_OUTER_BOUND('',#762,.T.);
#321=CONICAL_SURFACE('',#763,0.1999999998958,0.321750554396546);
#322=FACE_OUTER_BOUND('',#764,.T.);
#323=CONICAL_SURFACE('',#765,0.1999999998958,0.321750554396546);
#324=FACE_OUTER_BOUND('',#766,.T.);
#325=CONICAL_SURFACE('',#767,0.1999999998958,0.321750554396546);
#326=FACE_OUTER_BOUND('',#768,.T.);
#327=CONICAL_SURFACE('',#769,0.1999999998958,0.321750554396546);
#328=FACE_OUTER_BOUND('',#770,.T.);
#329=CONICAL_SURFACE('',#771,0.1999999998958,0.321750554396546);
#330=FACE_OUTER_BOUND('',#772,.T.);
#331=CONICAL_SURFACE('',#773,0.1999999998958,0.321750554396546);
#332=FACE_OUTER_BOUND('',#774,.T.);
#333=CYLINDRICAL_SURFACE('',#775,0.25);
#334=FACE_OUTER_BOUND('',#776,.T.);
#335=CYLINDRICAL_SURFACE('',#777,0.25);
#336=FACE_OUTER_BOUND('',#778,.T.);
#337=CYLINDRICAL_SURFACE('',#779,0.25);
#338=FACE_OUTER_BOUND('',#780,.T.);
#339=CYLINDRICAL_SURFACE('',#781,0.25);
#340=FACE_OUTER_BOUND('',#782,.T.);
#341=CYLINDRICAL_SURFACE('',#783,0.25);
#342=FACE_OUTER_BOUND('',#784,.T.);
#343=CYLINDRICAL_SURFACE('',#785,0.25);
#344=FACE_OUTER_BOUND('',#786,.T.);
#345=PLANE('',#787);
#346=FACE_OUTER_BOUND('',#788,.T.);
#347=PLANE('',#789);
#348=FACE_OUTER_BOUND('',#790,.T.);
#349=PLANE('',#791);
#350=FACE_OUTER_BOUND('',#792,.T.);
#351=FACE_BOUND('',#793,.T.);
#352=PLANE('',#794);
#353=FACE_OUTER_BOUND('',#795,.T.);
#354=PLANE('',#796);
#355=FACE_OUTER_BOUND('',#797,.T.);
#356=PLANE('',#798);
#357=FACE_OUTER_BOUND('',#799,.T.);
#358=PLANE('',#800);
#359=FACE_OUTER_BOUND('',#801,.T.);
#360=PLANE('',#802);
#361=FACE_OUTER_BOUND('',#803,.T.);
#362=PLANE('',#804);
#363=FACE_OUTER_BOUND('',#805,.T.);
#364=PLANE('',#806);
#365=FACE_OUTER_BOUND('',#807,.T.);
#366=PLANE('',#808);
#367=FACE_OUTER_BOUND('',#809,.T.);
#368=PLANE('',#810);
#369=FACE_OUTER_BOUND('',#811,.T.);
#370=PLANE('',#812);
#371=FACE_OUTER_BOUND('',#813,.T.);
#372=PLANE('',#814);
#373=FACE_OUTER_BOUND('',#815,.T.);
#374=PLANE('',#816);
#375=FACE_OUTER_BOUND('',#817,.T.);
#376=PLANE('',#818);
#377=FACE_OUTER_BOUND('',#819,.T.);
#378=PLANE('',#820);
#379=FACE_OUTER_BOUND('',#821,.T.);
#380=FACE_BOUND('',#822,.T.);
#381=PLANE('',#823);
#382=FACE_OUTER_BOUND('',#824,.T.);
#383=PLANE('',#825);
#384=FACE_OUTER_BOUND('',#826,.T.);
#385=PLANE('',#827);
#386=FACE_OUTER_BOUND('',#828,.T.);
#387=FACE_BOUND('',#829,.T.);
#388=FACE_BOUND('',#830,.T.);
#389=FACE_BOUND('',#831,.T.);
#390=FACE_BOUND('',#832,.T.);
#391=FACE_BOUND('',#833,.T.);
#392=FACE_BOUND('',#834,.T.);
#393=FACE_BOUND('',#835,.T.);
#394=FACE_BOUND('',#836,.T.);
#395=PLANE('',#837);
#396=FACE_OUTER_BOUND('',#838,.T.);
#397=PLANE('',#839);
#398=FACE_OUTER_BOUND('',#840,.T.);
#399=PLANE('',#841);
#400=FACE_OUTER_BOUND('',#842,.T.);
#401=PLANE('',#843);
#402=FACE_OUTER_BOUND('',#844,.T.);
#403=PLANE('',#845);
#404=FACE_OUTER_BOUND('',#846,.T.);
#405=PLANE('',#847);
#406=FACE_OUTER_BOUND('',#848,.T.);
#407=PLANE('',#849);
#408=FACE_OUTER_BOUND('',#850,.T.);
#409=PLANE('',#851);
#410=FACE_OUTER_BOUND('',#852,.T.);
#411=PLANE('',#853);
#412=FACE_OUTER_BOUND('',#854,.T.);
#413=PLANE('',#855);
#414=FACE_OUTER_BOUND('',#856,.T.);
#415=PLANE('',#857);
#416=FACE_OUTER_BOUND('',#858,.T.);
#417=PLANE('',#859);
#418=FACE_OUTER_BOUND('',#860,.T.);
#419=PLANE('',#861);
#420=FACE_OUTER_BOUND('',#862,.T.);
#421=PLANE('',#863);
#422=FACE_OUTER_BOUND('',#864,.T.);
#423=PLANE('',#865);
#424=FACE_OUTER_BOUND('',#866,.T.);
#425=PLANE('',#867);
#426=FACE_OUTER_BOUND('',#868,.T.);
#427=PLANE('',#869);
#428=FACE_OUTER_BOUND('',#870,.T.);
#429=PLANE('',#871);
#430=FACE_OUTER_BOUND('',#872,.T.);
#431=PLANE('',#873);
#432=FACE_OUTER_BOUND('',#874,.T.);
#433=PLANE('',#875);
#434=FACE_OUTER_BOUND('',#876,.T.);
#435=PLANE('',#877);
#436=FACE_OUTER_BOUND('',#878,.T.);
#437=PLANE('',#879);
#438=FACE_OUTER_BOUND('',#880,.T.);
#439=PLANE('',#881);
#440=FACE_OUTER_BOUND('',#882,.T.);
#441=FACE_BOUND('',#883,.T.);
#442=PLANE('',#884);
#443=FACE_OUTER_BOUND('',#885,.T.);
#444=PLANE('',#886);
#445=FACE_OUTER_BOUND('',#887,.T.);
#446=CYLINDRICAL_SURFACE('',#888,0.25);
#447=FACE_OUTER_BOUND('',#889,.T.);
#448=CYLINDRICAL_SURFACE('',#890,0.25);
#449=FACE_OUTER_BOUND('',#891,.T.);
#450=CYLINDRICAL_SURFACE('',#892,0.25);
#451=FACE_OUTER_BOUND('',#893,.T.);
#452=CYLINDRICAL_SURFACE('',#894,0.25);
#453=FACE_OUTER_BOUND('',#895,.T.);
#454=CYLINDRICAL_SURFACE('',#896,0.25);
#455=FACE_OUTER_BOUND('',#897,.T.);
#456=CYLINDRICAL_SURFACE('',#898,0.25);
#457=FACE_OUTER_BOUND('',#899,.T.);
#458=CONICAL_SURFACE('',#900,0.1999999998958,0.321750554396546);
#459=FACE_OUTER_BOUND('',#901,.T.);
#460=PLANE('',#902);
#461=FACE_OUTER_BOUND('',#903,.T.);
#462=CONICAL_SURFACE('',#904,0.1999999998958,0.321750554396546);
#463=FACE_OUTER_BOUND('',#905,.T.);
#464=TOROIDAL_SURFACE('',#906,0.5,0.25);
#465=FACE_OUTER_BOUND('',#907,.T.);
#466=CYLINDRICAL_SURFACE('',#908,0.25);
#467=FACE_OUTER_BOUND('',#909,.T.);
#468=TOROIDAL_SURFACE('',#910,0.5,0.25);
#469=FACE_OUTER_BOUND('',#911,.T.);
#470=CYLINDRICAL_SURFACE('',#912,0.25);
#471=FACE_OUTER_BOUND('',#913,.T.);
#472=TOROIDAL_SURFACE('',#914,0.5,0.25);
#473=FACE_OUTER_BOUND('',#915,.T.);
#474=TOROIDAL_SURFACE('',#916,0.5,0.25);
#475=FACE_OUTER_BOUND('',#917,.T.);
#476=CYLINDRICAL_SURFACE('',#918,0.25);
#477=FACE_OUTER_BOUND('',#919,.T.);
#478=TOROIDAL_SURFACE('',#920,0.5,0.25);
#479=FACE_OUTER_BOUND('',#921,.T.);
#480=CYLINDRICAL_SURFACE('',#922,0.25);
#481=FACE_OUTER_BOUND('',#923,.T.);
#482=TOROIDAL_SURFACE('',#924,0.5,0.25);
#483=FACE_OUTER_BOUND('',#925,.T.);
#484=CONICAL_SURFACE('',#926,0.1999999998958,0.321750554396546);
#485=FACE_OUTER_BOUND('',#927,.T.);
#486=PLANE('',#928);
#487=FACE_OUTER_BOUND('',#929,.T.);
#488=CONICAL_SURFACE('',#930,0.1999999998958,0.321750554396546);
#489=FACE_OUTER_BOUND('',#931,.T.);
#490=PLANE('',#932);
#491=FACE_OUTER_BOUND('',#933,.T.);
#492=FACE_BOUND('',#934,.T.);
#493=PLANE('',#935);
#494=FACE_OUTER_BOUND('',#936,.T.);
#495=PLANE('',#937);
#496=FACE_OUTER_BOUND('',#938,.T.);
#497=CYLINDRICAL_SURFACE('',#939,0.25);
#498=FACE_OUTER_BOUND('',#940,.T.);
#499=CYLINDRICAL_SURFACE('',#941,0.25);
#500=FACE_OUTER_BOUND('',#942,.T.);
#501=CONICAL_SURFACE('',#943,0.1999999998958,0.321750554396546);
#502=FACE_OUTER_BOUND('',#944,.T.);
#503=PLANE('',#945);
#504=FACE_OUTER_BOUND('',#946,.T.);
#505=CONICAL_SURFACE('',#947,0.1999999998958,0.321750554396546);
#506=FACE_OUTER_BOUND('',#948,.T.);
#507=CYLINDRICAL_SURFACE('',#949,0.25);
#508=FACE_OUTER_BOUND('',#950,.T.);
#509=CYLINDRICAL_SURFACE('',#951,0.25);
#510=FACE_OUTER_BOUND('',#952,.T.);
#511=CONICAL_SURFACE('',#953,0.1999999998958,0.321750554396546);
#512=FACE_OUTER_BOUND('',#954,.T.);
#513=PLANE('',#955);
#514=FACE_OUTER_BOUND('',#956,.T.);
#515=CONICAL_SURFACE('',#957,0.1999999998958,0.321750554396546);
#516=FACE_OUTER_BOUND('',#958,.T.);
#517=PLANE('',#959);
#518=FACE_OUTER_BOUND('',#960,.T.);
#519=FACE_BOUND('',#961,.T.);
#520=PLANE('',#962);
#521=FACE_OUTER_BOUND('',#963,.T.);
#522=PLANE('',#964);
#523=FACE_OUTER_BOUND('',#965,.T.);
#524=CYLINDRICAL_SURFACE('',#966,0.25);
#525=FACE_OUTER_BOUND('',#967,.T.);
#526=CYLINDRICAL_SURFACE('',#968,0.25);
#527=FACE_OUTER_BOUND('',#969,.T.);
#528=CONICAL_SURFACE('',#970,0.1999999998958,0.321750554396546);
#529=FACE_OUTER_BOUND('',#971,.T.);
#530=PLANE('',#972);
#531=FACE_OUTER_BOUND('',#973,.T.);
#532=CONICAL_SURFACE('',#974,0.1999999998958,0.321750554396546);
#533=FACE_OUTER_BOUND('',#975,.T.);
#534=CYLINDRICAL_SURFACE('',#976,0.25);
#535=FACE_OUTER_BOUND('',#977,.T.);
#536=CYLINDRICAL_SURFACE('',#978,0.25);
#537=FACE_OUTER_BOUND('',#979,.T.);
#538=CONICAL_SURFACE('',#980,0.1999999998958,0.321750554396546);
#539=FACE_OUTER_BOUND('',#981,.T.);
#540=PLANE('',#982);
#541=FACE_OUTER_BOUND('',#983,.T.);
#542=CONICAL_SURFACE('',#984,0.1999999998958,0.321750554396546);
#543=FACE_OUTER_BOUND('',#985,.T.);
#544=PLANE('',#986);
#545=FACE_OUTER_BOUND('',#987,.T.);
#546=FACE_BOUND('',#988,.T.);
#547=PLANE('',#989);
#548=FACE_OUTER_BOUND('',#990,.T.);
#549=PLANE('',#991);
#550=FACE_OUTER_BOUND('',#992,.T.);
#551=CYLINDRICAL_SURFACE('',#993,0.25);
#552=FACE_OUTER_BOUND('',#994,.T.);
#553=CYLINDRICAL_SURFACE('',#995,0.25);
#554=FACE_OUTER_BOUND('',#996,.T.);
#555=CONICAL_SURFACE('',#997,0.1999999998958,0.321750554396546);
#556=FACE_OUTER_BOUND('',#998,.T.);
#557=PLANE('',#999);
#558=FACE_OUTER_BOUND('',#1000,.T.);
#559=CONICAL_SURFACE('',#1001,0.1999999998958,0.321750554396546);
#560=FACE_OUTER_BOUND('',#1002,.T.);
#561=CYLINDRICAL_SURFACE('',#1003,0.25);
#562=FACE_OUTER_BOUND('',#1004,.T.);
#563=CYLINDRICAL_SURFACE('',#1005,0.25);
#564=FACE_OUTER_BOUND('',#1006,.T.);
#565=CONICAL_SURFACE('',#1007,0.1999999998958,0.321750554396546);
#566=FACE_OUTER_BOUND('',#1008,.T.);
#567=PLANE('',#1009);
#568=FACE_OUTER_BOUND('',#1010,.T.);
#569=CONICAL_SURFACE('',#1011,0.1999999998958,0.321750554396546);
#570=FACE_OUTER_BOUND('',#1012,.T.);
#571=PLANE('',#1013);
#572=FACE_OUTER_BOUND('',#1014,.T.);
#573=FACE_BOUND('',#1015,.T.);
#574=PLANE('',#1016);
#575=FACE_OUTER_BOUND('',#1017,.T.);
#576=PLANE('',#1018);
#577=FACE_OUTER_BOUND('',#1019,.T.);
#578=CYLINDRICAL_SURFACE('',#1020,0.25);
#579=FACE_OUTER_BOUND('',#1021,.T.);
#580=CYLINDRICAL_SURFACE('',#1022,0.25);
#581=FACE_OUTER_BOUND('',#1023,.T.);
#582=CONICAL_SURFACE('',#1024,0.1999999998958,0.321750554396546);
#583=FACE_OUTER_BOUND('',#1025,.T.);
#584=PLANE('',#1026);
#585=FACE_OUTER_BOUND('',#1027,.T.);
#586=CONICAL_SURFACE('',#1028,0.1999999998958,0.321750554396546);
#587=FACE_OUTER_BOUND('',#1029,.T.);
#588=CYLINDRICAL_SURFACE('',#1030,0.25);
#589=FACE_OUTER_BOUND('',#1031,.T.);
#590=CYLINDRICAL_SURFACE('',#1032,0.25);
#591=FACE_OUTER_BOUND('',#1033,.T.);
#592=CONICAL_SURFACE('',#1034,0.1999999998958,0.321750554396546);
#593=FACE_OUTER_BOUND('',#1035,.T.);
#594=PLANE('',#1036);
#595=FACE_OUTER_BOUND('',#1037,.T.);
#596=CONICAL_SURFACE('',#1038,0.1999999998958,0.321750554396546);
#597=FACE_OUTER_BOUND('',#1039,.T.);
#598=PLANE('',#1040);
#599=FACE_OUTER_BOUND('',#1041,.T.);
#600=FACE_BOUND('',#1042,.T.);
#601=PLANE('',#1043);
#602=FACE_OUTER_BOUND('',#1044,.T.);
#603=PLANE('',#1045);
#604=FACE_OUTER_BOUND('',#1046,.T.);
#605=CYLINDRICAL_SURFACE('',#1047,0.25);
#606=FACE_OUTER_BOUND('',#1048,.T.);
#607=CYLINDRICAL_SURFACE('',#1049,0.25);
#608=FACE_OUTER_BOUND('',#1050,.T.);
#609=CYLINDRICAL_SURFACE('',#1051,0.25);
#610=FACE_OUTER_BOUND('',#1052,.T.);
#611=CONICAL_SURFACE('',#1053,0.1999999998958,0.321750554396546);
#612=FACE_OUTER_BOUND('',#1054,.T.);
#613=PLANE('',#1055);
#614=FACE_OUTER_BOUND('',#1056,.T.);
#615=CONICAL_SURFACE('',#1057,0.1999999998958,0.321750554396546);
#616=FACE_OUTER_BOUND('',#1058,.T.);
#617=CYLINDRICAL_SURFACE('',#1059,0.25);
#618=FACE_OUTER_BOUND('',#1060,.T.);
#619=CYLINDRICAL_SURFACE('',#1061,0.25);
#620=FACE_OUTER_BOUND('',#1062,.T.);
#621=CYLINDRICAL_SURFACE('',#1063,0.25);
#622=FACE_OUTER_BOUND('',#1064,.T.);
#623=CYLINDRICAL_SURFACE('',#1065,0.25);
#624=FACE_OUTER_BOUND('',#1066,.T.);
#625=TOROIDAL_SURFACE('',#1067,0.5,0.25);
#626=FACE_OUTER_BOUND('',#1068,.T.);
#627=TOROIDAL_SURFACE('',#1069,0.5,0.25);
#628=FACE_OUTER_BOUND('',#1070,.T.);
#629=CYLINDRICAL_SURFACE('',#1071,0.25);
#630=FACE_OUTER_BOUND('',#1072,.T.);
#631=CYLINDRICAL_SURFACE('',#1073,0.25);
#632=FACE_OUTER_BOUND('',#1074,.T.);
#633=TOROIDAL_SURFACE('',#1075,0.5,0.25);
#634=FACE_OUTER_BOUND('',#1076,.T.);
#635=TOROIDAL_SURFACE('',#1077,0.5,0.25);
#636=FACE_OUTER_BOUND('',#1078,.T.);
#637=CYLINDRICAL_SURFACE('',#1079,0.25);
#638=FACE_OUTER_BOUND('',#1080,.T.);
#639=CYLINDRICAL_SURFACE('',#1081,0.25);
#640=FACE_OUTER_BOUND('',#1082,.T.);
#641=TOROIDAL_SURFACE('',#1083,0.5,0.25);
#642=FACE_OUTER_BOUND('',#1084,.T.);
#643=TOROIDAL_SURFACE('',#1085,0.5,0.25);
#644=FACE_OUTER_BOUND('',#1086,.T.);
#645=CONICAL_SURFACE('',#1087,0.1999999998958,0.321750554396546);
#646=FACE_OUTER_BOUND('',#1088,.T.);
#647=PLANE('',#1089);
#648=FACE_OUTER_BOUND('',#1090,.T.);
#649=CONICAL_SURFACE('',#1091,0.1999999998958,0.321750554396546);
#650=FACE_OUTER_BOUND('',#1092,.T.);
#651=PLANE('',#1093);
#652=FACE_OUTER_BOUND('',#1094,.T.);
#653=PLANE('',#1095);
#654=FACE_OUTER_BOUND('',#1096,.T.);
#655=PLANE('',#1097);
#656=FACE_OUTER_BOUND('',#1098,.T.);
#657=PLANE('',#1099);
#658=FACE_OUTER_BOUND('',#1100,.T.);
#659=PLANE('',#1101);
#660=FACE_OUTER_BOUND('',#1102,.T.);
#661=PLANE('',#1103);
#662=FACE_OUTER_BOUND('',#1104,.T.);
#663=CYLINDRICAL_SURFACE('',#1105,0.25);
#664=FACE_OUTER_BOUND('',#1106,.T.);
#665=CYLINDRICAL_SURFACE('',#1107,0.25);
#666=FACE_OUTER_BOUND('',#1108,.T.);
#667=CONICAL_SURFACE('',#1109,0.1999999998958,0.321750554396546);
#668=FACE_OUTER_BOUND('',#1110,.T.);
#669=PLANE('',#1111);
#670=FACE_OUTER_BOUND('',#1112,.T.);
#671=CONICAL_SURFACE('',#1113,0.1999999998958,0.321750554396546);
#672=FACE_OUTER_BOUND('',#1114,.T.);
#673=CYLINDRICAL_SURFACE('',#1115,0.25);
#674=FACE_OUTER_BOUND('',#1116,.T.);
#675=CYLINDRICAL_SURFACE('',#1117,0.25);
#676=FACE_OUTER_BOUND('',#1118,.T.);
#677=CONICAL_SURFACE('',#1119,0.1999999998958,0.321750554396546);
#678=FACE_OUTER_BOUND('',#1120,.T.);
#679=PLANE('',#1121);
#680=FACE_OUTER_BOUND('',#1122,.T.);
#681=CONICAL_SURFACE('',#1123,0.1999999998958,0.321750554396546);
#682=FACE_OUTER_BOUND('',#1124,.T.);
#683=CYLINDRICAL_SURFACE('',#1125,0.25);
#684=FACE_OUTER_BOUND('',#1126,.T.);
#685=CYLINDRICAL_SURFACE('',#1127,0.25);
#686=FACE_OUTER_BOUND('',#1128,.T.);
#687=CONICAL_SURFACE('',#1129,0.1999999998958,0.321750554396546);
#688=FACE_OUTER_BOUND('',#1130,.T.);
#689=PLANE('',#1131);
#690=FACE_OUTER_BOUND('',#1132,.T.);
#691=CONICAL_SURFACE('',#1133,0.1999999998958,0.321750554396546);
#692=FACE_OUTER_BOUND('',#1134,.T.);
#693=CYLINDRICAL_SURFACE('',#1135,0.25);
#694=FACE_OUTER_BOUND('',#1136,.T.);
#695=CYLINDRICAL_SURFACE('',#1137,0.25);
#696=FACE_OUTER_BOUND('',#1138,.T.);
#697=CONICAL_SURFACE('',#1139,0.1999999998958,0.321750554396546);
#698=FACE_OUTER_BOUND('',#1140,.T.);
#699=PLANE('',#1141);
#700=FACE_OUTER_BOUND('',#1142,.T.);
#701=CONICAL_SURFACE('',#1143,0.1999999998958,0.321750554396546);
#702=EDGE_LOOP('',(#1144,#1145,#1146,#1147));
#703=AXIS2_PLACEMENT_3D('',#1148,#1149,#1150);
#704=EDGE_LOOP('',(#1151,#1152,#1153,#1154));
#705=AXIS2_PLACEMENT_3D('',#1155,#1156,#1157);
#706=EDGE_LOOP('',(#1158,#1159,#1160,#1161));
#707=AXIS2_PLACEMENT_3D('',#1162,#1163,#1164);
#708=EDGE_LOOP('',(#1165,#1166,#1167,#1168));
#709=AXIS2_PLACEMENT_3D('',#1169,#1170,#1171);
#710=EDGE_LOOP('',(#1172,#1173,#1174,#1175));
#711=AXIS2_PLACEMENT_3D('',#1176,#1177,#1178);
#712=EDGE_LOOP('',(#1179,#1180,#1181,#1182));
#713=AXIS2_PLACEMENT_3D('',#1183,#1184,#1185);
#714=EDGE_LOOP('',(#1186,#1187,#1188,#1189));
#715=AXIS2_PLACEMENT_3D('',#1190,#1191,#1192);
#716=EDGE_LOOP('',(#1193,#1194,#1195,#1196));
#717=AXIS2_PLACEMENT_3D('',#1197,#1198,#1199);
#718=EDGE_LOOP('',(#1200,#1201,#1202,#1203));
#719=AXIS2_PLACEMENT_3D('',#1204,#1205,#1206);
#720=EDGE_LOOP('',(#1207,#1208,#1209,#1210));
#721=AXIS2_PLACEMENT_3D('',#1211,#1212,#1213);
#722=EDGE_LOOP('',(#1214,#1215,#1216,#1217,#1218,#1219,#1220,#1221));
#723=AXIS2_PLACEMENT_3D('',#1222,#1223,#1224);
#724=EDGE_LOOP('',(#1225,#1226,#1227,#1228));
#725=AXIS2_PLACEMENT_3D('',#1229,#1230,#1231);
#726=EDGE_LOOP('',(#1232,#1233,#1234,#1235));
#727=AXIS2_PLACEMENT_3D('',#1236,#1237,#1238);
#728=EDGE_LOOP('',(#1239,#1240,#1241,#1242));
#729=AXIS2_PLACEMENT_3D('',#1243,#1244,#1245);
#730=EDGE_LOOP('',(#1246,#1247,#1248,#1249));
#731=AXIS2_PLACEMENT_3D('',#1250,#1251,#1252);
#732=EDGE_LOOP('',(#1253,#1254,#1255,#1256));
#733=AXIS2_PLACEMENT_3D('',#1257,#1258,#1259);
#734=EDGE_LOOP('',(#1260,#1261,#1262,#1263));
#735=AXIS2_PLACEMENT_3D('',#1264,#1265,#1266);
#736=EDGE_LOOP('',(#1267,#1268,#1269,#1270));
#737=AXIS2_PLACEMENT_3D('',#1271,#1272,#1273);
#738=EDGE_LOOP('',(#1274,#1275,#1276,#1277));
#739=AXIS2_PLACEMENT_3D('',#1278,#1279,#1280);
#740=EDGE_LOOP('',(#1281,#1282,#1283,#1284));
#741=AXIS2_PLACEMENT_3D('',#1285,#1286,#1287);
#742=EDGE_LOOP('',(#1288,#1289,#1290,#1291));
#743=AXIS2_PLACEMENT_3D('',#1292,#1293,#1294);
#744=EDGE_LOOP('',(#1295,#1296,#1297,#1298));
#745=AXIS2_PLACEMENT_3D('',#1299,#1300,#1301);
#746=EDGE_LOOP('',(#1302,#1303,#1304,#1305));
#747=AXIS2_PLACEMENT_3D('',#1306,#1307,#1308);
#748=EDGE_LOOP('',(#1309,#1310,#1311,#1312));
#749=AXIS2_PLACEMENT_3D('',#1313,#1314,#1315);
#750=EDGE_LOOP('',(#1316,#1317,#1318,#1319));
#751=AXIS2_PLACEMENT_3D('',#1320,#1321,#1322);
#752=EDGE_LOOP('',(#1323,#1324,#1325,#1326));
#753=AXIS2_PLACEMENT_3D('',#1327,#1328,#1329);
#754=EDGE_LOOP('',(#1330,#1331,#1332,#1333));
#755=AXIS2_PLACEMENT_3D('',#1334,#1335,#1336);
#756=EDGE_LOOP('',(#1337,#1338,#1339,#1340));
#757=AXIS2_PLACEMENT_3D('',#1341,#1342,#1343);
#758=EDGE_LOOP('',(#1344,#1345,#1346,#1347));
#759=AXIS2_PLACEMENT_3D('',#1348,#1349,#1350);
#760=EDGE_LOOP('',(#1351,#1352,#1353,#1354));
#761=AXIS2_PLACEMENT_3D('',#1355,#1356,#1357);
#762=EDGE_LOOP('',(#1358,#1359,#1360,#1361));
#763=AXIS2_PLACEMENT_3D('',#1362,#1363,#1364);
#764=EDGE_LOOP('',(#1365,#1366,#1367,#1368));
#765=AXIS2_PLACEMENT_3D('',#1369,#1370,#1371);
#766=EDGE_LOOP('',(#1372,#1373,#1374,#1375));
#767=AXIS2_PLACEMENT_3D('',#1376,#1377,#1378);
#768=EDGE_LOOP('',(#1379,#1380,#1381,#1382));
#769=AXIS2_PLACEMENT_3D('',#1383,#1384,#1385);
#770=EDGE_LOOP('',(#1386,#1387,#1388,#1389));
#771=AXIS2_PLACEMENT_3D('',#1390,#1391,#1392);
#772=EDGE_LOOP('',(#1393,#1394,#1395,#1396));
#773=AXIS2_PLACEMENT_3D('',#1397,#1398,#1399);
#774=EDGE_LOOP('',(#1400,#1401,#1402,#1403,#1404,#1405,#1406));
#775=AXIS2_PLACEMENT_3D('',#1407,#1408,#1409);
#776=EDGE_LOOP('',(#1410,#1411,#1412,#1413,#1414,#1415,#1416));
#777=AXIS2_PLACEMENT_3D('',#1417,#1418,#1419);
#778=EDGE_LOOP('',(#1420,#1421,#1422,#1423));
#779=AXIS2_PLACEMENT_3D('',#1424,#1425,#1426);
#780=EDGE_LOOP('',(#1427,#1428,#1429,#1430));
#781=AXIS2_PLACEMENT_3D('',#1431,#1432,#1433);
#782=EDGE_LOOP('',(#1434,#1435,#1436,#1437));
#783=AXIS2_PLACEMENT_3D('',#1438,#1439,#1440);
#784=EDGE_LOOP('',(#1441,#1442,#1443,#1444));
#785=AXIS2_PLACEMENT_3D('',#1445,#1446,#1447);
#786=EDGE_LOOP('',(#1448,#1449,#1450,#1451,#1452,#1453,#1454,#1455));
#787=AXIS2_PLACEMENT_3D('',#1456,#1457,#1458);
#788=EDGE_LOOP('',(#1459,#1460,#1461,#1462,#1463,#1464,#1465,#1466,#1467,#1468,#1469,#1470,#1471,#1472,#1473,#1474,#1475,#1476,#1477,#1478,#1479,#1480,#1481,#1482,#1483,#1484,#1485,#1486,#1487,#1488,#1489,#1490,#1491,#1492,#1493,#1494));
#789=AXIS2_PLACEMENT_3D('',#1495,#1496,#1497);
#790=EDGE_LOOP('',(#1498,#1499,#1500,#1501));
#791=AXIS2_PLACEMENT_3D('',#1502,#1503,#1504);
#792=EDGE_LOOP('',(#1505,#1506,#1507,#1508,#1509,#1510));
#793=EDGE_LOOP('',(#1511,#1512));
#794=AXIS2_PLACEMENT_3D('',#1513,#1514,#1515);
#795=EDGE_LOOP('',(#1516,#1517,#1518,#1519));
#796=AXIS2_PLACEMENT_3D('',#1520,#1521,#1522);
#797=EDGE_LOOP('',(#1523,#1524,#1525,#1526,#1527,#1528));
#798=AXIS2_PLACEMENT_3D('',#1529,#1530,#1531);
#799=EDGE_LOOP('',(#1532,#1533,#1534,#1535));
#800=AXIS2_PLACEMENT_3D('',#1536,#1537,#1538);
#801=EDGE_LOOP('',(#1539,#1540,#1541,#1542));
#802=AXIS2_PLACEMENT_3D('',#1543,#1544,#1545);
#803=EDGE_LOOP('',(#1546,#1547,#1548,#1549));
#804=AXIS2_PLACEMENT_3D('',#1550,#1551,#1552);
#805=EDGE_LOOP('',(#1553,#1554,#1555,#1556));
#806=AXIS2_PLACEMENT_3D('',#1557,#1558,#1559);
#807=EDGE_LOOP('',(#1560,#1561,#1562,#1563));
#808=AXIS2_PLACEMENT_3D('',#1564,#1565,#1566);
#809=EDGE_LOOP('',(#1567,#1568,#1569,#1570));
#810=AXIS2_PLACEMENT_3D('',#1571,#1572,#1573);
#811=EDGE_LOOP('',(#1574,#1575,#1576,#1577,#1578,#1579));
#812=AXIS2_PLACEMENT_3D('',#1580,#1581,#1582);
#813=EDGE_LOOP('',(#1583,#1584,#1585,#1586));
#814=AXIS2_PLACEMENT_3D('',#1587,#1588,#1589);
#815=EDGE_LOOP('',(#1590,#1591,#1592,#1593));
#816=AXIS2_PLACEMENT_3D('',#1594,#1595,#1596);
#817=EDGE_LOOP('',(#1597,#1598,#1599,#1600,#1601,#1602));
#818=AXIS2_PLACEMENT_3D('',#1603,#1604,#1605);
#819=EDGE_LOOP('',(#1606,#1607,#1608,#1609,#1610,#1611));
#820=AXIS2_PLACEMENT_3D('',#1612,#1613,#1614);
#821=EDGE_LOOP('',(#1615,#1616,#1617,#1618,#1619,#1620));
#822=EDGE_LOOP('',(#1621,#1622));
#823=AXIS2_PLACEMENT_3D('',#1623,#1624,#1625);
#824=EDGE_LOOP('',(#1626,#1627,#1628,#1629,#1630));
#825=AXIS2_PLACEMENT_3D('',#1631,#1632,#1633);
#826=EDGE_LOOP('',(#1634,#1635,#1636,#1637,#1638,#1639,#1640,#1641,#1642,#1643,#1644,#1645));
#827=AXIS2_PLACEMENT_3D('',#1646,#1647,#1648);
#828=EDGE_LOOP('',(#1649,#1650,#1651,#1652,#1653,#1654,#1655,#1656));
#829=EDGE_LOOP('',(#1657,#1658));
#830=EDGE_LOOP('',(#1659,#1660,#1661));
#831=EDGE_LOOP('',(#1662,#1663));
#832=EDGE_LOOP('',(#1664,#1665));
#833=EDGE_LOOP('',(#1666,#1667));
#834=EDGE_LOOP('',(#1668,#1669));
#835=EDGE_LOOP('',(#1670,#1671,#1672,#1673));
#836=EDGE_LOOP('',(#1674,#1675));
#837=AXIS2_PLACEMENT_3D('',#1676,#1677,#1678);
#838=EDGE_LOOP('',(#1679,#1680,#1681,#1682,#1683,#1684,#1685,#1686,#1687,#1688));
#839=AXIS2_PLACEMENT_3D('',#1689,#1690,#1691);
#840=EDGE_LOOP('',(#1692,#1693,#1694,#1695));
#841=AXIS2_PLACEMENT_3D('',#1696,#1697,#1698);
#842=EDGE_LOOP('',(#1699,#1700,#1701,#1702));
#843=AXIS2_PLACEMENT_3D('',#1703,#1704,#1705);
#844=EDGE_LOOP('',(#1706,#1707,#1708,#1709));
#845=AXIS2_PLACEMENT_3D('',#1710,#1711,#1712);
#846=EDGE_LOOP('',(#1713,#1714,#1715,#1716,#1717,#1718,#1719,#1720));
#847=AXIS2_PLACEMENT_3D('',#1721,#1722,#1723);
#848=EDGE_LOOP('',(#1724,#1725,#1726,#1727));
#849=AXIS2_PLACEMENT_3D('',#1728,#1729,#1730);
#850=EDGE_LOOP('',(#1731,#1732,#1733,#1734,#1735));
#851=AXIS2_PLACEMENT_3D('',#1736,#1737,#1738);
#852=EDGE_LOOP('',(#1739,#1740,#1741,#1742,#1743));
#853=AXIS2_PLACEMENT_3D('',#1744,#1745,#1746);
#854=EDGE_LOOP('',(#1747,#1748,#1749,#1750));
#855=AXIS2_PLACEMENT_3D('',#1751,#1752,#1753);
#856=EDGE_LOOP('',(#1754,#1755,#1756,#1757));
#857=AXIS2_PLACEMENT_3D('',#1758,#1759,#1760);
#858=EDGE_LOOP('',(#1761,#1762,#1763,#1764,#1765));
#859=AXIS2_PLACEMENT_3D('',#1766,#1767,#1768);
#860=EDGE_LOOP('',(#1769,#1770,#1771,#1772,#1773));
#861=AXIS2_PLACEMENT_3D('',#1774,#1775,#1776);
#862=EDGE_LOOP('',(#1777,#1778,#1779,#1780));
#863=AXIS2_PLACEMENT_3D('',#1781,#1782,#1783);
#864=EDGE_LOOP('',(#1784,#1785,#1786,#1787,#1788,#1789,#1790,#1791));
#865=AXIS2_PLACEMENT_3D('',#1792,#1793,#1794);
#866=EDGE_LOOP('',(#1795,#1796,#1797,#1798));
#867=AXIS2_PLACEMENT_3D('',#1799,#1800,#1801);
#868=EDGE_LOOP('',(#1802,#1803,#1804,#1805));
#869=AXIS2_PLACEMENT_3D('',#1806,#1807,#1808);
#870=EDGE_LOOP('',(#1809,#1810,#1811,#1812,#1813,#1814,#1815,#1816,#1817,#1818));
#871=AXIS2_PLACEMENT_3D('',#1819,#1820,#1821);
#872=EDGE_LOOP('',(#1822,#1823,#1824,#1825));
#873=AXIS2_PLACEMENT_3D('',#1826,#1827,#1828);
#874=EDGE_LOOP('',(#1829,#1830,#1831,#1832));
#875=AXIS2_PLACEMENT_3D('',#1833,#1834,#1835);
#876=EDGE_LOOP('',(#1836,#1837,#1838,#1839,#1840,#1841,#1842,#1843));
#877=AXIS2_PLACEMENT_3D('',#1844,#1845,#1846);
#878=EDGE_LOOP('',(#1847,#1848,#1849,#1850,#1851,#1852,#1853,#1854,#1855,#1856,#1857,#1858,#1859,#1860,#1861,#1862,#1863,#1864,#1865,#1866,#1867,#1868,#1869,#1870,#1871,#1872,#1873,#1874,#1875,#1876,#1877,#1878,#1879,#1880,#1881,#1882,#1883,#1884,#1885,#1886));
#879=AXIS2_PLACEMENT_3D('',#1887,#1888,#1889);
#880=EDGE_LOOP('',(#1890,#1891,#1892,#1893));
#881=AXIS2_PLACEMENT_3D('',#1894,#1895,#1896);
#882=EDGE_LOOP('',(#1897,#1898,#1899,#1900));
#883=EDGE_LOOP('',(#1901,#1902,#1903,#1904));
#884=AXIS2_PLACEMENT_3D('',#1905,#1906,#1907);
#885=EDGE_LOOP('',(#1908,#1909,#1910,#1911));
#886=AXIS2_PLACEMENT_3D('',#1912,#1913,#1914);
#887=EDGE_LOOP('',(#1915,#1916,#1917,#1918,#1919,#1920,#1921));
#888=AXIS2_PLACEMENT_3D('',#1922,#1923,#1924);
#889=EDGE_LOOP('',(#1925,#1926,#1927,#1928));
#890=AXIS2_PLACEMENT_3D('',#1929,#1930,#1931);
#891=EDGE_LOOP('',(#1932,#1933,#1934,#1935,#1936,#1937,#1938));
#892=AXIS2_PLACEMENT_3D('',#1939,#1940,#1941);
#893=EDGE_LOOP('',(#1942,#1943,#1944,#1945));
#894=AXIS2_PLACEMENT_3D('',#1946,#1947,#1948);
#895=EDGE_LOOP('',(#1949,#1950,#1951,#1952));
#896=AXIS2_PLACEMENT_3D('',#1953,#1954,#1955);
#897=EDGE_LOOP('',(#1956,#1957,#1958,#1959));
#898=AXIS2_PLACEMENT_3D('',#1960,#1961,#1962);
#899=EDGE_LOOP('',(#1963,#1964,#1965,#1966));
#900=AXIS2_PLACEMENT_3D('',#1967,#1968,#1969);
#901=EDGE_LOOP('',(#1970,#1971,#1972,#1973));
#902=AXIS2_PLACEMENT_3D('',#1974,#1975,#1976);
#903=EDGE_LOOP('',(#1977,#1978,#1979,#1980));
#904=AXIS2_PLACEMENT_3D('',#1981,#1982,#1983);
#905=EDGE_LOOP('',(#1984,#1985,#1986,#1987));
#906=AXIS2_PLACEMENT_3D('',#1988,#1989,#1990);
#907=EDGE_LOOP('',(#1991,#1992,#1993,#1994));
#908=AXIS2_PLACEMENT_3D('',#1995,#1996,#1997);
#909=EDGE_LOOP('',(#1998,#1999,#2000,#2001));
#910=AXIS2_PLACEMENT_3D('',#2002,#2003,#2004);
#911=EDGE_LOOP('',(#2005,#2006,#2007,#2008));
#912=AXIS2_PLACEMENT_3D('',#2009,#2010,#2011);
#913=EDGE_LOOP('',(#2012,#2013,#2014,#2015));
#914=AXIS2_PLACEMENT_3D('',#2016,#2017,#2018);
#915=EDGE_LOOP('',(#2019,#2020,#2021,#2022));
#916=AXIS2_PLACEMENT_3D('',#2023,#2024,#2025);
#917=EDGE_LOOP('',(#2026,#2027,#2028,#2029));
#918=AXIS2_PLACEMENT_3D('',#2030,#2031,#2032);
#919=EDGE_LOOP('',(#2033,#2034,#2035,#2036));
#920=AXIS2_PLACEMENT_3D('',#2037,#2038,#2039);
#921=EDGE_LOOP('',(#2040,#2041,#2042,#2043));
#922=AXIS2_PLACEMENT_3D('',#2044,#2045,#2046);
#923=EDGE_LOOP('',(#2047,#2048,#2049,#2050));
#924=AXIS2_PLACEMENT_3D('',#2051,#2052,#2053);
#925=EDGE_LOOP('',(#2054,#2055,#2056,#2057));
#926=AXIS2_PLACEMENT_3D('',#2058,#2059,#2060);
#927=EDGE_LOOP('',(#2061,#2062,#2063,#2064));
#928=AXIS2_PLACEMENT_3D('',#2065,#2066,#2067);
#929=EDGE_LOOP('',(#2068,#2069,#2070,#2071));
#930=AXIS2_PLACEMENT_3D('',#2072,#2073,#2074);
#931=EDGE_LOOP('',(#2075,#2076,#2077,#2078));
#932=AXIS2_PLACEMENT_3D('',#2079,#2080,#2081);
#933=EDGE_LOOP('',(#2082,#2083,#2084,#2085));
#934=EDGE_LOOP('',(#2086,#2087));
#935=AXIS2_PLACEMENT_3D('',#2088,#2089,#2090);
#936=EDGE_LOOP('',(#2091,#2092,#2093,#2094));
#937=AXIS2_PLACEMENT_3D('',#2095,#2096,#2097);
#938=EDGE_LOOP('',(#2098,#2099,#2100,#2101,#2102));
#939=AXIS2_PLACEMENT_3D('',#2103,#2104,#2105);
#940=EDGE_LOOP('',(#2106,#2107,#2108,#2109,#2110));
#941=AXIS2_PLACEMENT_3D('',#2111,#2112,#2113);
#942=EDGE_LOOP('',(#2114,#2115,#2116,#2117));
#943=AXIS2_PLACEMENT_3D('',#2118,#2119,#2120);
#944=EDGE_LOOP('',(#2121,#2122,#2123,#2124));
#945=AXIS2_PLACEMENT_3D('',#2125,#2126,#2127);
#946=EDGE_LOOP('',(#2128,#2129,#2130,#2131));
#947=AXIS2_PLACEMENT_3D('',#2132,#2133,#2134);
#948=EDGE_LOOP('',(#2135,#2136,#2137,#2138,#2139));
#949=AXIS2_PLACEMENT_3D('',#2140,#2141,#2142);
#950=EDGE_LOOP('',(#2143,#2144,#2145,#2146,#2147));
#951=AXIS2_PLACEMENT_3D('',#2148,#2149,#2150);
#952=EDGE_LOOP('',(#2151,#2152,#2153,#2154));
#953=AXIS2_PLACEMENT_3D('',#2155,#2156,#2157);
#954=EDGE_LOOP('',(#2158,#2159,#2160,#2161));
#955=AXIS2_PLACEMENT_3D('',#2162,#2163,#2164);
#956=EDGE_LOOP('',(#2165,#2166,#2167,#2168));
#957=AXIS2_PLACEMENT_3D('',#2169,#2170,#2171);
#958=EDGE_LOOP('',(#2172,#2173,#2174,#2175));
#959=AXIS2_PLACEMENT_3D('',#2176,#2177,#2178);
#960=EDGE_LOOP('',(#2179,#2180,#2181,#2182));
#961=EDGE_LOOP('',(#2183,#2184));
#962=AXIS2_PLACEMENT_3D('',#2185,#2186,#2187);
#963=EDGE_LOOP('',(#2188,#2189,#2190,#2191));
#964=AXIS2_PLACEMENT_3D('',#2192,#2193,#2194);
#965=EDGE_LOOP('',(#2195,#2196,#2197,#2198,#2199));
#966=AXIS2_PLACEMENT_3D('',#2200,#2201,#2202);
#967=EDGE_LOOP('',(#2203,#2204,#2205,#2206,#2207));
#968=AXIS2_PLACEMENT_3D('',#2208,#2209,#2210);
#969=EDGE_LOOP('',(#2211,#2212,#2213,#2214));
#970=AXIS2_PLACEMENT_3D('',#2215,#2216,#2217);
#971=EDGE_LOOP('',(#2218,#2219,#2220,#2221));
#972=AXIS2_PLACEMENT_3D('',#2222,#2223,#2224);
#973=EDGE_LOOP('',(#2225,#2226,#2227,#2228));
#974=AXIS2_PLACEMENT_3D('',#2229,#2230,#2231);
#975=EDGE_LOOP('',(#2232,#2233,#2234,#2235,#2236));
#976=AXIS2_PLACEMENT_3D('',#2237,#2238,#2239);
#977=EDGE_LOOP('',(#2240,#2241,#2242,#2243,#2244));
#978=AXIS2_PLACEMENT_3D('',#2245,#2246,#2247);
#979=EDGE_LOOP('',(#2248,#2249,#2250,#2251));
#980=AXIS2_PLACEMENT_3D('',#2252,#2253,#2254);
#981=EDGE_LOOP('',(#2255,#2256,#2257,#2258));
#982=AXIS2_PLACEMENT_3D('',#2259,#2260,#2261);
#983=EDGE_LOOP('',(#2262,#2263,#2264,#2265));
#984=AXIS2_PLACEMENT_3D('',#2266,#2267,#2268);
#985=EDGE_LOOP('',(#2269,#2270,#2271,#2272));
#986=AXIS2_PLACEMENT_3D('',#2273,#2274,#2275);
#987=EDGE_LOOP('',(#2276,#2277,#2278,#2279));
#988=EDGE_LOOP('',(#2280,#2281));
#989=AXIS2_PLACEMENT_3D('',#2282,#2283,#2284);
#990=EDGE_LOOP('',(#2285,#2286,#2287,#2288));
#991=AXIS2_PLACEMENT_3D('',#2289,#2290,#2291);
#992=EDGE_LOOP('',(#2292,#2293,#2294,#2295,#2296));
#993=AXIS2_PLACEMENT_3D('',#2297,#2298,#2299);
#994=EDGE_LOOP('',(#2300,#2301,#2302,#2303,#2304));
#995=AXIS2_PLACEMENT_3D('',#2305,#2306,#2307);
#996=EDGE_LOOP('',(#2308,#2309,#2310,#2311));
#997=AXIS2_PLACEMENT_3D('',#2312,#2313,#2314);
#998=EDGE_LOOP('',(#2315,#2316,#2317,#2318));
#999=AXIS2_PLACEMENT_3D('',#2319,#2320,#2321);
#1000=EDGE_LOOP('',(#2322,#2323,#2324,#2325));
#1001=AXIS2_PLACEMENT_3D('',#2326,#2327,#2328);
#1002=EDGE_LOOP('',(#2329,#2330,#2331,#2332,#2333));
#1003=AXIS2_PLACEMENT_3D('',#2334,#2335,#2336);
#1004=EDGE_LOOP('',(#2337,#2338,#2339,#2340,#2341));
#1005=AXIS2_PLACEMENT_3D('',#2342,#2343,#2344);
#1006=EDGE_LOOP('',(#2345,#2346,#2347,#2348));
#1007=AXIS2_PLACEMENT_3D('',#2349,#2350,#2351);
#1008=EDGE_LOOP('',(#2352,#2353,#2354,#2355));
#1009=AXIS2_PLACEMENT_3D('',#2356,#2357,#2358);
#1010=EDGE_LOOP('',(#2359,#2360,#2361,#2362));
#1011=AXIS2_PLACEMENT_3D('',#2363,#2364,#2365);
#1012=EDGE_LOOP('',(#2366,#2367,#2368,#2369));
#1013=AXIS2_PLACEMENT_3D('',#2370,#2371,#2372);
#1014=EDGE_LOOP('',(#2373,#2374,#2375,#2376));
#1015=EDGE_LOOP('',(#2377,#2378));
#1016=AXIS2_PLACEMENT_3D('',#2379,#2380,#2381);
#1017=EDGE_LOOP('',(#2382,#2383,#2384,#2385));
#1018=AXIS2_PLACEMENT_3D('',#2386,#2387,#2388);
#1019=EDGE_LOOP('',(#2389,#2390,#2391,#2392,#2393));
#1020=AXIS2_PLACEMENT_3D('',#2394,#2395,#2396);
#1021=EDGE_LOOP('',(#2397,#2398,#2399,#2400,#2401));
#1022=AXIS2_PLACEMENT_3D('',#2402,#2403,#2404);
#1023=EDGE_LOOP('',(#2405,#2406,#2407,#2408));
#1024=AXIS2_PLACEMENT_3D('',#2409,#2410,#2411);
#1025=EDGE_LOOP('',(#2412,#2413,#2414,#2415));
#1026=AXIS2_PLACEMENT_3D('',#2416,#2417,#2418);
#1027=EDGE_LOOP('',(#2419,#2420,#2421,#2422));
#1028=AXIS2_PLACEMENT_3D('',#2423,#2424,#2425);
#1029=EDGE_LOOP('',(#2426,#2427,#2428,#2429,#2430));
#1030=AXIS2_PLACEMENT_3D('',#2431,#2432,#2433);
#1031=EDGE_LOOP('',(#2434,#2435,#2436,#2437,#2438));
#1032=AXIS2_PLACEMENT_3D('',#2439,#2440,#2441);
#1033=EDGE_LOOP('',(#2442,#2443,#2444,#2445));
#1034=AXIS2_PLACEMENT_3D('',#2446,#2447,#2448);
#1035=EDGE_LOOP('',(#2449,#2450,#2451,#2452));
#1036=AXIS2_PLACEMENT_3D('',#2453,#2454,#2455);
#1037=EDGE_LOOP('',(#2456,#2457,#2458,#2459));
#1038=AXIS2_PLACEMENT_3D('',#2460,#2461,#2462);
#1039=EDGE_LOOP('',(#2463,#2464,#2465,#2466));
#1040=AXIS2_PLACEMENT_3D('',#2467,#2468,#2469);
#1041=EDGE_LOOP('',(#2470,#2471,#2472,#2473));
#1042=EDGE_LOOP('',(#2474,#2475,#2476));
#1043=AXIS2_PLACEMENT_3D('',#2477,#2478,#2479);
#1044=EDGE_LOOP('',(#2480,#2481,#2482,#2483));
#1045=AXIS2_PLACEMENT_3D('',#2484,#2485,#2486);
#1046=EDGE_LOOP('',(#2487,#2488,#2489,#2490));
#1047=AXIS2_PLACEMENT_3D('',#2491,#2492,#2493);
#1048=EDGE_LOOP('',(#2494,#2495,#2496,#2497,#2498,#2499,#2500));
#1049=AXIS2_PLACEMENT_3D('',#2501,#2502,#2503);
#1050=EDGE_LOOP('',(#2504,#2505,#2506,#2507,#2508));
#1051=AXIS2_PLACEMENT_3D('',#2509,#2510,#2511);
#1052=EDGE_LOOP('',(#2512,#2513,#2514,#2515));
#1053=AXIS2_PLACEMENT_3D('',#2516,#2517,#2518);
#1054=EDGE_LOOP('',(#2519,#2520,#2521,#2522));
#1055=AXIS2_PLACEMENT_3D('',#2523,#2524,#2525);
#1056=EDGE_LOOP('',(#2526,#2527,#2528,#2529));
#1057=AXIS2_PLACEMENT_3D('',#2530,#2531,#2532);
#1058=EDGE_LOOP('',(#2533,#2534,#2535,#2536,#2537));
#1059=AXIS2_PLACEMENT_3D('',#2538,#2539,#2540);
#1060=EDGE_LOOP('',(#2541,#2542,#2543,#2544,#2545,#2546));
#1061=AXIS2_PLACEMENT_3D('',#2547,#2548,#2549);
#1062=EDGE_LOOP('',(#2550,#2551,#2552,#2553,#2554,#2555,#2556));
#1063=AXIS2_PLACEMENT_3D('',#2557,#2558,#2559);
#1064=EDGE_LOOP('',(#2560,#2561,#2562,#2563));
#1065=AXIS2_PLACEMENT_3D('',#2564,#2565,#2566);
#1066=EDGE_LOOP('',(#2567,#2568,#2569,#2570,#2571));
#1067=AXIS2_PLACEMENT_3D('',#2572,#2573,#2574);
#1068=EDGE_LOOP('',(#2575,#2576,#2577,#2578));
#1069=AXIS2_PLACEMENT_3D('',#2579,#2580,#2581);
#1070=EDGE_LOOP('',(#2582,#2583,#2584,#2585));
#1071=AXIS2_PLACEMENT_3D('',#2586,#2587,#2588);
#1072=EDGE_LOOP('',(#2589,#2590,#2591,#2592));
#1073=AXIS2_PLACEMENT_3D('',#2593,#2594,#2595);
#1074=EDGE_LOOP('',(#2596,#2597,#2598,#2599));
#1075=AXIS2_PLACEMENT_3D('',#2600,#2601,#2602);
#1076=EDGE_LOOP('',(#2603,#2604,#2605,#2606));
#1077=AXIS2_PLACEMENT_3D('',#2607,#2608,#2609);
#1078=EDGE_LOOP('',(#2610,#2611,#2612,#2613));
#1079=AXIS2_PLACEMENT_3D('',#2614,#2615,#2616);
#1080=EDGE_LOOP('',(#2617,#2618,#2619,#2620));
#1081=AXIS2_PLACEMENT_3D('',#2621,#2622,#2623);
#1082=EDGE_LOOP('',(#2624,#2625,#2626,#2627,#2628));
#1083=AXIS2_PLACEMENT_3D('',#2629,#2630,#2631);
#1084=EDGE_LOOP('',(#2632,#2633,#2634,#2635));
#1085=AXIS2_PLACEMENT_3D('',#2636,#2637,#2638);
#1086=EDGE_LOOP('',(#2639,#2640,#2641,#2642));
#1087=AXIS2_PLACEMENT_3D('',#2643,#2644,#2645);
#1088=EDGE_LOOP('',(#2646,#2647,#2648,#2649));
#1089=AXIS2_PLACEMENT_3D('',#2650,#2651,#2652);
#1090=EDGE_LOOP('',(#2653,#2654,#2655,#2656));
#1091=AXIS2_PLACEMENT_3D('',#2657,#2658,#2659);
#1092=EDGE_LOOP('',(#2660,#2661,#2662,#2663));
#1093=AXIS2_PLACEMENT_3D('',#2664,#2665,#2666);
#1094=EDGE_LOOP('',(#2667,#2668,#2669,#2670));
#1095=AXIS2_PLACEMENT_3D('',#2671,#2672,#2673);
#1096=EDGE_LOOP('',(#2674,#2675,#2676,#2677,#2678));
#1097=AXIS2_PLACEMENT_3D('',#2679,#2680,#2681);
#1098=EDGE_LOOP('',(#2682,#2683,#2684,#2685,#2686));
#1099=AXIS2_PLACEMENT_3D('',#2687,#2688,#2689);
#1100=EDGE_LOOP('',(#2690,#2691,#2692,#2693));
#1101=AXIS2_PLACEMENT_3D('',#2694,#2695,#2696);
#1102=EDGE_LOOP('',(#2697,#2698,#2699,#2700,#2701));
#1103=AXIS2_PLACEMENT_3D('',#2702,#2703,#2704);
#1104=EDGE_LOOP('',(#2705,#2706,#2707,#2708,#2709));
#1105=AXIS2_PLACEMENT_3D('',#2710,#2711,#2712);
#1106=EDGE_LOOP('',(#2713,#2714,#2715,#2716,#2717));
#1107=AXIS2_PLACEMENT_3D('',#2718,#2719,#2720);
#1108=EDGE_LOOP('',(#2721,#2722,#2723,#2724));
#1109=AXIS2_PLACEMENT_3D('',#2725,#2726,#2727);
#1110=EDGE_LOOP('',(#2728,#2729,#2730,#2731));
#1111=AXIS2_PLACEMENT_3D('',#2732,#2733,#2734);
#1112=EDGE_LOOP('',(#2735,#2736,#2737,#2738));
#1113=AXIS2_PLACEMENT_3D('',#2739,#2740,#2741);
#1114=EDGE_LOOP('',(#2742,#2743,#2744,#2745,#2746));
#1115=AXIS2_PLACEMENT_3D('',#2747,#2748,#2749);
#1116=EDGE_LOOP('',(#2750,#2751,#2752,#2753,#2754));
#1117=AXIS2_PLACEMENT_3D('',#2755,#2756,#2757);
#1118=EDGE_LOOP('',(#2758,#2759,#2760,#2761));
#1119=AXIS2_PLACEMENT_3D('',#2762,#2763,#2764);
#1120=EDGE_LOOP('',(#2765,#2766,#2767,#2768));
#1121=AXIS2_PLACEMENT_3D('',#2769,#2770,#2771);
#1122=EDGE_LOOP('',(#2772,#2773,#2774,#2775));
#1123=AXIS2_PLACEMENT_3D('',#2776,#2777,#2778);
#1124=EDGE_LOOP('',(#2779,#2780,#2781,#2782,#2783));
#1125=AXIS2_PLACEMENT_3D('',#2784,#2785,#2786);
#1126=EDGE_LOOP('',(#2787,#2788,#2789,#2790,#2791));
#1127=AXIS2_PLACEMENT_3D('',#2792,#2793,#2794);
#1128=EDGE_LOOP('',(#2795,#2796,#2797,#2798));
#1129=AXIS2_PLACEMENT_3D('',#2799,#2800,#2801);
#1130=EDGE_LOOP('',(#2802,#2803,#2804,#2805));
#1131=AXIS2_PLACEMENT_3D('',#2806,#2807,#2808);
#1132=EDGE_LOOP('',(#2809,#2810,#2811,#2812));
#1133=AXIS2_PLACEMENT_3D('',#2813,#2814,#2815);
#1134=EDGE_LOOP('',(#2816,#2817,#2818,#2819,#2820));
#1135=AXIS2_PLACEMENT_3D('',#2821,#2822,#2823);
#1136=EDGE_LOOP('',(#2824,#2825,#2826,#2827,#2828));
#1137=AXIS2_PLACEMENT_3D('',#2829,#2830,#2831);
#1138=EDGE_LOOP('',(#2832,#2833,#2834,#2835));
#1139=AXIS2_PLACEMENT_3D('',#2836,#2837,#2838);
#1140=EDGE_LOOP('',(#2839,#2840,#2841,#2842));
#1141=AXIS2_PLACEMENT_3D('',#2843,#2844,#2845);
#1142=EDGE_LOOP('',(#2846,#2847,#2848,#2849));
#1143=AXIS2_PLACEMENT_3D('',#2850,#2851,#2852);
#1144=ORIENTED_EDGE('',*,*,#2853,.F.);
#1145=ORIENTED_EDGE('',*,*,#2854,.F.);
#1146=ORIENTED_EDGE('',*,*,#2855,.T.);
#1147=ORIENTED_EDGE('',*,*,#2856,.T.);
#1148=CARTESIAN_POINT('',(5.25,1.5,-7.050000000313));
#1149=DIRECTION('',(-0.0,0.0,1.0));
#1150=DIRECTION('',(0.0,-1.0,0.0));
#1151=ORIENTED_EDGE('',*,*,#2857,.F.);
#1152=ORIENTED_EDGE('',*,*,#2858,.T.);
#1153=ORIENTED_EDGE('',*,*,#2855,.F.);
#1154=ORIENTED_EDGE('',*,*,#2859,.F.);
#1155=CARTESIAN_POINT('',(5.25,1.5,-7.050000000313));
#1156=DIRECTION('',(-0.0,0.0,1.0));
#1157=DIRECTION('',(0.0,-1.0,0.0));
#1158=ORIENTED_EDGE('',*,*,#2860,.F.);
#1159=ORIENTED_EDGE('',*,*,#2861,.T.);
#1160=ORIENTED_EDGE('',*,*,#2862,.F.);
#1161=ORIENTED_EDGE('',*,*,#2863,.F.);
#1162=CARTESIAN_POINT('',(5.25,1.5,-0.3999999996873));
#1163=DIRECTION('',(0.0,-0.0,-1.0));
#1164=DIRECTION('',(0.0,-1.0,0.0));
#1165=ORIENTED_EDGE('',*,*,#2864,.F.);
#1166=ORIENTED_EDGE('',*,*,#2865,.F.);
#1167=ORIENTED_EDGE('',*,*,#2862,.T.);
#1168=ORIENTED_EDGE('',*,*,#2866,.T.);
#1169=CARTESIAN_POINT('',(5.25,1.5,-0.3999999996873));
#1170=DIRECTION('',(0.0,-0.0,-1.0));
#1171=DIRECTION('',(0.0,-1.0,0.0));
#1172=ORIENTED_EDGE('',*,*,#2867,.F.);
#1173=ORIENTED_EDGE('',*,*,#2868,.F.);
#1174=ORIENTED_EDGE('',*,*,#2869,.T.);
#1175=ORIENTED_EDGE('',*,*,#2870,.T.);
#1176=CARTESIAN_POINT('',(-5.25,1.5,-7.050000000313));
#1177=DIRECTION('',(-0.0,0.0,1.0));
#1178=DIRECTION('',(0.0,-1.0,0.0));
#1179=ORIENTED_EDGE('',*,*,#2871,.F.);
#1180=ORIENTED_EDGE('',*,*,#2872,.T.);
#1181=ORIENTED_EDGE('',*,*,#2869,.F.);
#1182=ORIENTED_EDGE('',*,*,#2873,.F.);
#1183=CARTESIAN_POINT('',(-5.25,1.5,-7.050000000313));
#1184=DIRECTION('',(-0.0,0.0,1.0));
#1185=DIRECTION('',(0.0,-1.0,0.0));
#1186=ORIENTED_EDGE('',*,*,#2874,.F.);
#1187=ORIENTED_EDGE('',*,*,#2875,.T.);
#1188=ORIENTED_EDGE('',*,*,#2876,.F.);
#1189=ORIENTED_EDGE('',*,*,#2877,.F.);
#1190=CARTESIAN_POINT('',(-5.25,1.5,-0.3999999996873));
#1191=DIRECTION('',(0.0,-0.0,-1.0));
#1192=DIRECTION('',(0.0,-1.0,0.0));
#1193=ORIENTED_EDGE('',*,*,#2878,.F.);
#1194=ORIENTED_EDGE('',*,*,#2879,.F.);
#1195=ORIENTED_EDGE('',*,*,#2876,.T.);
#1196=ORIENTED_EDGE('',*,*,#2880,.T.);
#1197=CARTESIAN_POINT('',(-5.25,1.5,-0.3999999996873));
#1198=DIRECTION('',(0.0,-0.0,-1.0));
#1199=DIRECTION('',(0.0,-1.0,0.0));
#1200=ORIENTED_EDGE('',*,*,#2881,.F.);
#1201=ORIENTED_EDGE('',*,*,#2882,.T.);
#1202=ORIENTED_EDGE('',*,*,#2883,.F.);
#1203=ORIENTED_EDGE('',*,*,#2884,.F.);
#1204=CARTESIAN_POINT('',(-3.75,1.5,-7.050000000313));
#1205=DIRECTION('',(-0.0,0.0,1.0));
#1206=DIRECTION('',(0.0,-1.0,0.0));
#1207=ORIENTED_EDGE('',*,*,#2885,.F.);
#1208=ORIENTED_EDGE('',*,*,#2886,.F.);
#1209=ORIENTED_EDGE('',*,*,#2883,.T.);
#1210=ORIENTED_EDGE('',*,*,#2887,.T.);
#1211=CARTESIAN_POINT('',(-3.75,1.5,-7.050000000313));
#1212=DIRECTION('',(-0.0,0.0,1.0));
#1213=DIRECTION('',(0.0,-1.0,0.0));
#1214=ORIENTED_EDGE('',*,*,#2888,.F.);
#1215=ORIENTED_EDGE('',*,*,#2889,.F.);
#1216=ORIENTED_EDGE('',*,*,#2890,.F.);
#1217=ORIENTED_EDGE('',*,*,#2891,.T.);
#1218=ORIENTED_EDGE('',*,*,#2892,.F.);
#1219=ORIENTED_EDGE('',*,*,#2893,.F.);
#1220=ORIENTED_EDGE('',*,*,#2887,.F.);
#1221=ORIENTED_EDGE('',*,*,#2894,.T.);
#1222=CARTESIAN_POINT('',(-3.75,1.5,-7.2));
#1223=DIRECTION('',(-0.0,0.0,1.0));
#1224=DIRECTION('',(1.0,0.0,0.0));
#1225=ORIENTED_EDGE('',*,*,#2895,.F.);
#1226=ORIENTED_EDGE('',*,*,#2896,.T.);
#1227=ORIENTED_EDGE('',*,*,#2897,.F.);
#1228=ORIENTED_EDGE('',*,*,#2898,.T.);
#1229=CARTESIAN_POINT('',(-3.75,1.5,-7.2));
#1230=DIRECTION('',(-0.0,0.0,1.0));
#1231=DIRECTION('',(1.0,0.0,0.0));
#1232=ORIENTED_EDGE('',*,*,#2899,.F.);
#1233=ORIENTED_EDGE('',*,*,#2900,.T.);
#1234=ORIENTED_EDGE('',*,*,#2901,.F.);
#1235=ORIENTED_EDGE('',*,*,#2902,.F.);
#1236=CARTESIAN_POINT('',(-3.75,1.5,-0.3999999996873));
#1237=DIRECTION('',(0.0,-0.0,-1.0));
#1238=DIRECTION('',(0.0,-1.0,0.0));
#1239=ORIENTED_EDGE('',*,*,#2903,.F.);
#1240=ORIENTED_EDGE('',*,*,#2904,.F.);
#1241=ORIENTED_EDGE('',*,*,#2901,.T.);
#1242=ORIENTED_EDGE('',*,*,#2905,.T.);
#1243=CARTESIAN_POINT('',(-3.75,1.5,-0.3999999996873));
#1244=DIRECTION('',(0.0,-0.0,-1.0));
#1245=DIRECTION('',(0.0,-1.0,0.0));
#1246=ORIENTED_EDGE('',*,*,#2906,.F.);
#1247=ORIENTED_EDGE('',*,*,#2896,.F.);
#1248=ORIENTED_EDGE('',*,*,#2907,.T.);
#1249=ORIENTED_EDGE('',*,*,#2908,.T.);
#1250=CARTESIAN_POINT('',(-3.75,1.5,-6.7));
#1251=DIRECTION('',(0.0,-0.0,-1.0));
#1252=DIRECTION('',(0.0,-1.0,0.0));
#1253=ORIENTED_EDGE('',*,*,#2909,.F.);
#1254=ORIENTED_EDGE('',*,*,#2910,.F.);
#1255=ORIENTED_EDGE('',*,*,#2911,.T.);
#1256=ORIENTED_EDGE('',*,*,#2912,.F.);
#1257=CARTESIAN_POINT('',(-3.75,1.5,-6.7));
#1258=DIRECTION('',(0.0,-0.0,-1.0));
#1259=DIRECTION('',(0.0,-1.0,0.0));
#1260=ORIENTED_EDGE('',*,*,#2913,.F.);
#1261=ORIENTED_EDGE('',*,*,#2914,.F.);
#1262=ORIENTED_EDGE('',*,*,#2915,.T.);
#1263=ORIENTED_EDGE('',*,*,#2916,.T.);
#1264=CARTESIAN_POINT('',(-2.25,1.5,-7.050000000313));
#1265=DIRECTION('',(-0.0,0.0,1.0));
#1266=DIRECTION('',(0.0,-1.0,0.0));
#1267=ORIENTED_EDGE('',*,*,#2917,.F.);
#1268=ORIENTED_EDGE('',*,*,#2918,.T.);
#1269=ORIENTED_EDGE('',*,*,#2915,.F.);
#1270=ORIENTED_EDGE('',*,*,#2919,.F.);
#1271=CARTESIAN_POINT('',(-2.25,1.5,-7.050000000313));
#1272=DIRECTION('',(-0.0,0.0,1.0));
#1273=DIRECTION('',(0.0,-1.0,0.0));
#1274=ORIENTED_EDGE('',*,*,#2920,.F.);
#1275=ORIENTED_EDGE('',*,*,#2921,.T.);
#1276=ORIENTED_EDGE('',*,*,#2922,.F.);
#1277=ORIENTED_EDGE('',*,*,#2923,.F.);
#1278=CARTESIAN_POINT('',(-2.25,1.5,-0.3999999996873));
#1279=DIRECTION('',(0.0,-0.0,-1.0));
#1280=DIRECTION('',(0.0,-1.0,0.0));
#1281=ORIENTED_EDGE('',*,*,#2924,.F.);
#1282=ORIENTED_EDGE('',*,*,#2925,.F.);
#1283=ORIENTED_EDGE('',*,*,#2922,.T.);
#1284=ORIENTED_EDGE('',*,*,#2926,.T.);
#1285=CARTESIAN_POINT('',(-2.25,1.5,-0.3999999996873));
#1286=DIRECTION('',(0.0,-0.0,-1.0));
#1287=DIRECTION('',(0.0,-1.0,0.0));
#1288=ORIENTED_EDGE('',*,*,#2927,.F.);
#1289=ORIENTED_EDGE('',*,*,#2928,.F.);
#1290=ORIENTED_EDGE('',*,*,#2929,.T.);
#1291=ORIENTED_EDGE('',*,*,#2930,.T.);
#1292=CARTESIAN_POINT('',(-0.75,1.5,-7.050000000313));
#1293=DIRECTION('',(-0.0,0.0,1.0));
#1294=DIRECTION('',(0.0,-1.0,0.0));
#1295=ORIENTED_EDGE('',*,*,#2931,.F.);
#1296=ORIENTED_EDGE('',*,*,#2932,.T.);
#1297=ORIENTED_EDGE('',*,*,#2929,.F.);
#1298=ORIENTED_EDGE('',*,*,#2933,.F.);
#1299=CARTESIAN_POINT('',(-0.75,1.5,-7.050000000313));
#1300=DIRECTION('',(-0.0,0.0,1.0));
#1301=DIRECTION('',(0.0,-1.0,0.0));
#1302=ORIENTED_EDGE('',*,*,#2934,.F.);
#1303=ORIENTED_EDGE('',*,*,#2935,.T.);
#1304=ORIENTED_EDGE('',*,*,#2936,.F.);
#1305=ORIENTED_EDGE('',*,*,#2937,.F.);
#1306=CARTESIAN_POINT('',(-0.75,1.5,-0.3999999996873));
#1307=DIRECTION('',(0.0,-0.0,-1.0));
#1308=DIRECTION('',(0.0,-1.0,0.0));
#1309=ORIENTED_EDGE('',*,*,#2938,.F.);
#1310=ORIENTED_EDGE('',*,*,#2939,.F.);
#1311=ORIENTED_EDGE('',*,*,#2936,.T.);
#1312=ORIENTED_EDGE('',*,*,#2940,.T.);
#1313=CARTESIAN_POINT('',(-0.75,1.5,-0.3999999996873));
#1314=DIRECTION('',(0.0,-0.0,-1.0));
#1315=DIRECTION('',(0.0,-1.0,0.0));
#1316=ORIENTED_EDGE('',*,*,#2941,.F.);
#1317=ORIENTED_EDGE('',*,*,#2942,.F.);
#1318=ORIENTED_EDGE('',*,*,#2943,.T.);
#1319=ORIENTED_EDGE('',*,*,#2944,.T.);
#1320=CARTESIAN_POINT('',(0.75,1.5,-7.050000000313));
#1321=DIRECTION('',(-0.0,0.0,1.0));
#1322=DIRECTION('',(0.0,-1.0,0.0));
#1323=ORIENTED_EDGE('',*,*,#2945,.F.);
#1324=ORIENTED_EDGE('',*,*,#2946,.T.);
#1325=ORIENTED_EDGE('',*,*,#2943,.F.);
#1326=ORIENTED_EDGE('',*,*,#2947,.F.);
#1327=CARTESIAN_POINT('',(0.75,1.5,-7.050000000313));
#1328=DIRECTION('',(-0.0,0.0,1.0));
#1329=DIRECTION('',(0.0,-1.0,0.0));
#1330=ORIENTED_EDGE('',*,*,#2948,.F.);
#1331=ORIENTED_EDGE('',*,*,#2949,.T.);
#1332=ORIENTED_EDGE('',*,*,#2950,.F.);
#1333=ORIENTED_EDGE('',*,*,#2951,.F.);
#1334=CARTESIAN_POINT('',(0.75,1.5,-0.3999999996873));
#1335=DIRECTION('',(0.0,-0.0,-1.0));
#1336=DIRECTION('',(0.0,-1.0,0.0));
#1337=ORIENTED_EDGE('',*,*,#2952,.F.);
#1338=ORIENTED_EDGE('',*,*,#2953,.F.);
#1339=ORIENTED_EDGE('',*,*,#2950,.T.);
#1340=ORIENTED_EDGE('',*,*,#2954,.T.);
#1341=CARTESIAN_POINT('',(0.75,1.5,-0.3999999996873));
#1342=DIRECTION('',(0.0,-0.0,-1.0));
#1343=DIRECTION('',(0.0,-1.0,0.0));
#1344=ORIENTED_EDGE('',*,*,#2955,.F.);
#1345=ORIENTED_EDGE('',*,*,#2956,.F.);
#1346=ORIENTED_EDGE('',*,*,#2957,.T.);
#1347=ORIENTED_EDGE('',*,*,#2958,.T.);
#1348=CARTESIAN_POINT('',(2.25,1.5,-7.050000000313));
#1349=DIRECTION('',(-0.0,0.0,1.0));
#1350=DIRECTION('',(0.0,-1.0,0.0));
#1351=ORIENTED_EDGE('',*,*,#2959,.F.);
#1352=ORIENTED_EDGE('',*,*,#2960,.T.);
#1353=ORIENTED_EDGE('',*,*,#2957,.F.);
#1354=ORIENTED_EDGE('',*,*,#2961,.F.);
#1355=CARTESIAN_POINT('',(2.25,1.5,-7.050000000313));
#1356=DIRECTION('',(-0.0,0.0,1.0));
#1357=DIRECTION('',(0.0,-1.0,0.0));
#1358=ORIENTED_EDGE('',*,*,#2962,.F.);
#1359=ORIENTED_EDGE('',*,*,#2963,.T.);
#1360=ORIENTED_EDGE('',*,*,#2964,.F.);
#1361=ORIENTED_EDGE('',*,*,#2965,.F.);
#1362=CARTESIAN_POINT('',(2.25,1.5,-0.3999999996873));
#1363=DIRECTION('',(0.0,-0.0,-1.0));
#1364=DIRECTION('',(0.0,-1.0,0.0));
#1365=ORIENTED_EDGE('',*,*,#2966,.F.);
#1366=ORIENTED_EDGE('',*,*,#2967,.F.);
#1367=ORIENTED_EDGE('',*,*,#2964,.T.);
#1368=ORIENTED_EDGE('',*,*,#2968,.T.);
#1369=CARTESIAN_POINT('',(2.25,1.5,-0.3999999996873));
#1370=DIRECTION('',(0.0,-0.0,-1.0));
#1371=DIRECTION('',(0.0,-1.0,0.0));
#1372=ORIENTED_EDGE('',*,*,#2969,.F.);
#1373=ORIENTED_EDGE('',*,*,#2970,.F.);
#1374=ORIENTED_EDGE('',*,*,#2971,.T.);
#1375=ORIENTED_EDGE('',*,*,#2972,.T.);
#1376=CARTESIAN_POINT('',(3.75,1.5,-7.050000000313));
#1377=DIRECTION('',(-0.0,0.0,1.0));
#1378=DIRECTION('',(0.0,-1.0,0.0));
#1379=ORIENTED_EDGE('',*,*,#2973,.F.);
#1380=ORIENTED_EDGE('',*,*,#2974,.T.);
#1381=ORIENTED_EDGE('',*,*,#2971,.F.);
#1382=ORIENTED_EDGE('',*,*,#2975,.F.);
#1383=CARTESIAN_POINT('',(3.75,1.5,-7.050000000313));
#1384=DIRECTION('',(-0.0,0.0,1.0));
#1385=DIRECTION('',(0.0,-1.0,0.0));
#1386=ORIENTED_EDGE('',*,*,#2976,.F.);
#1387=ORIENTED_EDGE('',*,*,#2977,.F.);
#1388=ORIENTED_EDGE('',*,*,#2978,.T.);
#1389=ORIENTED_EDGE('',*,*,#2979,.T.);
#1390=CARTESIAN_POINT('',(3.75,1.5,-0.3999999996873));
#1391=DIRECTION('',(0.0,-0.0,-1.0));
#1392=DIRECTION('',(0.0,-1.0,0.0));
#1393=ORIENTED_EDGE('',*,*,#2980,.F.);
#1394=ORIENTED_EDGE('',*,*,#2981,.T.);
#1395=ORIENTED_EDGE('',*,*,#2978,.F.);
#1396=ORIENTED_EDGE('',*,*,#2982,.F.);
#1397=CARTESIAN_POINT('',(3.75,1.5,-0.3999999996873));
#1398=DIRECTION('',(0.0,-0.0,-1.0));
#1399=DIRECTION('',(0.0,-1.0,0.0));
#1400=ORIENTED_EDGE('',*,*,#2983,.F.);
#1401=ORIENTED_EDGE('',*,*,#2984,.F.);
#1402=ORIENTED_EDGE('',*,*,#2985,.T.);
#1403=ORIENTED_EDGE('',*,*,#2986,.F.);
#1404=ORIENTED_EDGE('',*,*,#2987,.T.);
#1405=ORIENTED_EDGE('',*,*,#2988,.T.);
#1406=ORIENTED_EDGE('',*,*,#2989,.F.);
#1407=CARTESIAN_POINT('',(3.75,1.5,-6.7));
#1408=DIRECTION('',(-0.0,0.0,1.0));
#1409=DIRECTION('',(0.0,-1.0,0.0));
#1410=ORIENTED_EDGE('',*,*,#2990,.F.);
#1411=ORIENTED_EDGE('',*,*,#2991,.F.);
#1412=ORIENTED_EDGE('',*,*,#2992,.F.);
#1413=ORIENTED_EDGE('',*,*,#2993,.T.);
#1414=ORIENTED_EDGE('',*,*,#2994,.T.);
#1415=ORIENTED_EDGE('',*,*,#2995,.T.);
#1416=ORIENTED_EDGE('',*,*,#2996,.T.);
#1417=CARTESIAN_POINT('',(3.75,1.5,-6.7));
#1418=DIRECTION('',(-0.0,0.0,1.0));
#1419=DIRECTION('',(0.0,-1.0,0.0));
#1420=ORIENTED_EDGE('',*,*,#2997,.F.);
#1421=ORIENTED_EDGE('',*,*,#2998,.F.);
#1422=ORIENTED_EDGE('',*,*,#2999,.T.);
#1423=ORIENTED_EDGE('',*,*,#2981,.F.);
#1424=CARTESIAN_POINT('',(3.75,1.5,-6.7));
#1425=DIRECTION('',(-0.0,0.0,1.0));
#1426=DIRECTION('',(0.0,-1.0,0.0));
#1427=ORIENTED_EDGE('',*,*,#3000,.F.);
#1428=ORIENTED_EDGE('',*,*,#2986,.T.);
#1429=ORIENTED_EDGE('',*,*,#2985,.F.);
#1430=ORIENTED_EDGE('',*,*,#3001,.F.);
#1431=CARTESIAN_POINT('',(3.75,1.5,-6.7));
#1432=DIRECTION('',(-0.0,0.0,1.0));
#1433=DIRECTION('',(0.0,-1.0,0.0));
#1434=ORIENTED_EDGE('',*,*,#3002,.F.);
#1435=ORIENTED_EDGE('',*,*,#2979,.F.);
#1436=ORIENTED_EDGE('',*,*,#2999,.F.);
#1437=ORIENTED_EDGE('',*,*,#3003,.F.);
#1438=CARTESIAN_POINT('',(3.75,1.5,-6.7));
#1439=DIRECTION('',(-0.0,0.0,1.0));
#1440=DIRECTION('',(0.0,-1.0,0.0));
#1441=ORIENTED_EDGE('',*,*,#3004,.F.);
#1442=ORIENTED_EDGE('',*,*,#3005,.T.);
#1443=ORIENTED_EDGE('',*,*,#2995,.F.);
#1444=ORIENTED_EDGE('',*,*,#2994,.F.);
#1445=CARTESIAN_POINT('',(3.75,1.5,-6.7));
#1446=DIRECTION('',(-0.0,0.0,1.0));
#1447=DIRECTION('',(0.0,-1.0,0.0));
#1448=ORIENTED_EDGE('',*,*,#3006,.F.);
#1449=ORIENTED_EDGE('',*,*,#3007,.F.);
#1450=ORIENTED_EDGE('',*,*,#3008,.F.);
#1451=ORIENTED_EDGE('',*,*,#3009,.F.);
#1452=ORIENTED_EDGE('',*,*,#3010,.F.);
#1453=ORIENTED_EDGE('',*,*,#3011,.F.);
#1454=ORIENTED_EDGE('',*,*,#3012,.F.);
#1455=ORIENTED_EDGE('',*,*,#3013,.F.);
#1456=CARTESIAN_POINT('',(-6.75,0.0,0.0));
#1457=DIRECTION('',(1.0,0.0,0.0));
#1458=DIRECTION('',(0.0,1.0,0.0));
#1459=ORIENTED_EDGE('',*,*,#3014,.T.);
#1460=ORIENTED_EDGE('',*,*,#3015,.F.);
#1461=ORIENTED_EDGE('',*,*,#3016,.F.);
#1462=ORIENTED_EDGE('',*,*,#3017,.T.);
#1463=ORIENTED_EDGE('',*,*,#3018,.T.);
#1464=ORIENTED_EDGE('',*,*,#3019,.F.);
#1465=ORIENTED_EDGE('',*,*,#3020,.F.);
#1466=ORIENTED_EDGE('',*,*,#3021,.T.);
#1467=ORIENTED_EDGE('',*,*,#3022,.T.);
#1468=ORIENTED_EDGE('',*,*,#3023,.F.);
#1469=ORIENTED_EDGE('',*,*,#3024,.F.);
#1470=ORIENTED_EDGE('',*,*,#3025,.T.);
#1471=ORIENTED_EDGE('',*,*,#3026,.T.);
#1472=ORIENTED_EDGE('',*,*,#3027,.F.);
#1473=ORIENTED_EDGE('',*,*,#3028,.F.);
#1474=ORIENTED_EDGE('',*,*,#3029,.T.);
#1475=ORIENTED_EDGE('',*,*,#3030,.T.);
#1476=ORIENTED_EDGE('',*,*,#3031,.F.);
#1477=ORIENTED_EDGE('',*,*,#3032,.F.);
#1478=ORIENTED_EDGE('',*,*,#3033,.T.);
#1479=ORIENTED_EDGE('',*,*,#3034,.T.);
#1480=ORIENTED_EDGE('',*,*,#3035,.F.);
#1481=ORIENTED_EDGE('',*,*,#3036,.F.);
#1482=ORIENTED_EDGE('',*,*,#3037,.T.);
#1483=ORIENTED_EDGE('',*,*,#3038,.T.);
#1484=ORIENTED_EDGE('',*,*,#3039,.F.);
#1485=ORIENTED_EDGE('',*,*,#3040,.F.);
#1486=ORIENTED_EDGE('',*,*,#3041,.T.);
#1487=ORIENTED_EDGE('',*,*,#3042,.T.);
#1488=ORIENTED_EDGE('',*,*,#3043,.F.);
#1489=ORIENTED_EDGE('',*,*,#3044,.F.);
#1490=ORIENTED_EDGE('',*,*,#3013,.T.);
#1491=ORIENTED_EDGE('',*,*,#3045,.T.);
#1492=ORIENTED_EDGE('',*,*,#3046,.F.);
#1493=ORIENTED_EDGE('',*,*,#3047,.F.);
#1494=ORIENTED_EDGE('',*,*,#3048,.T.);
#1495=CARTESIAN_POINT('',(-6.75,3.7,-4.5));
#1496=DIRECTION('',(-0.0,1.0,0.0));
#1497=DIRECTION('',(1.0,0.0,0.0));
#1498=ORIENTED_EDGE('',*,*,#3048,.F.);
#1499=ORIENTED_EDGE('',*,*,#3049,.F.);
#1500=ORIENTED_EDGE('',*,*,#3050,.T.);
#1501=ORIENTED_EDGE('',*,*,#3051,.T.);
#1502=CARTESIAN_POINT('',(5.725,0.0,-4.5));
#1503=DIRECTION('',(1.0,0.0,0.0));
#1504=DIRECTION('',(0.0,1.0,0.0));
#1505=ORIENTED_EDGE('',*,*,#3052,.T.);
#1506=ORIENTED_EDGE('',*,*,#3053,.T.);
#1507=ORIENTED_EDGE('',*,*,#3054,.T.);
#1508=ORIENTED_EDGE('',*,*,#3055,.T.);
#1509=ORIENTED_EDGE('',*,*,#3014,.F.);
#1510=ORIENTED_EDGE('',*,*,#3051,.F.);
#1511=ORIENTED_EDGE('',*,*,#3056,.F.);
#1512=ORIENTED_EDGE('',*,*,#3057,.F.);
#1513=CARTESIAN_POINT('',(5.725,0.0,-4.35));
#1514=DIRECTION('',(0.0,0.0,1.0));
#1515=DIRECTION('',(1.0,0.0,0.0));
#1516=ORIENTED_EDGE('',*,*,#3058,.F.);
#1517=ORIENTED_EDGE('',*,*,#3059,.T.);
#1518=ORIENTED_EDGE('',*,*,#3015,.T.);
#1519=ORIENTED_EDGE('',*,*,#3055,.F.);
#1520=CARTESIAN_POINT('',(4.775,0.0,-4.35));
#1521=DIRECTION('',(-1.0,0.0,0.0));
#1522=DIRECTION('',(0.0,0.0,1.0));
#1523=ORIENTED_EDGE('',*,*,#3060,.F.);
#1524=ORIENTED_EDGE('',*,*,#3061,.T.);
#1525=ORIENTED_EDGE('',*,*,#3062,.F.);
#1526=ORIENTED_EDGE('',*,*,#3006,.T.);
#1527=ORIENTED_EDGE('',*,*,#3044,.T.);
#1528=ORIENTED_EDGE('',*,*,#3063,.F.);
#1529=CARTESIAN_POINT('',(-6.75,0.0,-4.5));
#1530=DIRECTION('',(0.0,0.0,-1.0));
#1531=DIRECTION('',(0.0,-1.0,0.0));
#1532=ORIENTED_EDGE('',*,*,#3064,.F.);
#1533=ORIENTED_EDGE('',*,*,#3065,.T.);
#1534=ORIENTED_EDGE('',*,*,#3040,.T.);
#1535=ORIENTED_EDGE('',*,*,#3066,.F.);
#1536=CARTESIAN_POINT('',(-6.75,0.0,-4.5));
#1537=DIRECTION('',(0.0,0.0,-1.0));
#1538=DIRECTION('',(0.0,-1.0,0.0));
#1539=ORIENTED_EDGE('',*,*,#3067,.F.);
#1540=ORIENTED_EDGE('',*,*,#3068,.T.);
#1541=ORIENTED_EDGE('',*,*,#3036,.T.);
#1542=ORIENTED_EDGE('',*,*,#3069,.F.);
#1543=CARTESIAN_POINT('',(-6.75,0.0,-4.5));
#1544=DIRECTION('',(0.0,0.0,-1.0));
#1545=DIRECTION('',(0.0,-1.0,0.0));
#1546=ORIENTED_EDGE('',*,*,#3070,.F.);
#1547=ORIENTED_EDGE('',*,*,#3071,.T.);
#1548=ORIENTED_EDGE('',*,*,#3032,.T.);
#1549=ORIENTED_EDGE('',*,*,#3072,.F.);
#1550=CARTESIAN_POINT('',(-6.75,0.0,-4.5));
#1551=DIRECTION('',(0.0,0.0,-1.0));
#1552=DIRECTION('',(0.0,-1.0,0.0));
#1553=ORIENTED_EDGE('',*,*,#3073,.F.);
#1554=ORIENTED_EDGE('',*,*,#3074,.T.);
#1555=ORIENTED_EDGE('',*,*,#3028,.T.);
#1556=ORIENTED_EDGE('',*,*,#3075,.F.);
#1557=CARTESIAN_POINT('',(-6.75,0.0,-4.5));
#1558=DIRECTION('',(0.0,0.0,-1.0));
#1559=DIRECTION('',(0.0,-1.0,0.0));
#1560=ORIENTED_EDGE('',*,*,#3076,.F.);
#1561=ORIENTED_EDGE('',*,*,#3077,.T.);
#1562=ORIENTED_EDGE('',*,*,#3024,.T.);
#1563=ORIENTED_EDGE('',*,*,#3078,.F.);
#1564=CARTESIAN_POINT('',(-6.75,0.0,-4.5));
#1565=DIRECTION('',(0.0,0.0,-1.0));
#1566=DIRECTION('',(0.0,-1.0,0.0));
#1567=ORIENTED_EDGE('',*,*,#3079,.F.);
#1568=ORIENTED_EDGE('',*,*,#3080,.T.);
#1569=ORIENTED_EDGE('',*,*,#3020,.T.);
#1570=ORIENTED_EDGE('',*,*,#3081,.F.);
#1571=CARTESIAN_POINT('',(-6.75,0.0,-4.5));
#1572=DIRECTION('',(0.0,0.0,-1.0));
#1573=DIRECTION('',(0.0,-1.0,0.0));
#1574=ORIENTED_EDGE('',*,*,#3047,.T.);
#1575=ORIENTED_EDGE('',*,*,#3082,.F.);
#1576=ORIENTED_EDGE('',*,*,#3083,.F.);
#1577=ORIENTED_EDGE('',*,*,#3084,.F.);
#1578=ORIENTED_EDGE('',*,*,#3085,.F.);
#1579=ORIENTED_EDGE('',*,*,#3049,.T.);
#1580=CARTESIAN_POINT('',(-6.75,0.0,-4.5));
#1581=DIRECTION('',(0.0,0.0,-1.0));
#1582=DIRECTION('',(0.0,-1.0,0.0));
#1583=ORIENTED_EDGE('',*,*,#3086,.F.);
#1584=ORIENTED_EDGE('',*,*,#3087,.T.);
#1585=ORIENTED_EDGE('',*,*,#3016,.T.);
#1586=ORIENTED_EDGE('',*,*,#3059,.F.);
#1587=CARTESIAN_POINT('',(-6.75,0.0,-4.5));
#1588=DIRECTION('',(0.0,0.0,-1.0));
#1589=DIRECTION('',(0.0,-1.0,0.0));
#1590=ORIENTED_EDGE('',*,*,#3088,.F.);
#1591=ORIENTED_EDGE('',*,*,#3089,.F.);
#1592=ORIENTED_EDGE('',*,*,#3063,.T.);
#1593=ORIENTED_EDGE('',*,*,#3043,.T.);
#1594=CARTESIAN_POINT('',(-5.725,0.0,-4.35));
#1595=DIRECTION('',(-1.0,0.0,0.0));
#1596=DIRECTION('',(0.0,0.0,1.0));
#1597=ORIENTED_EDGE('',*,*,#3090,.T.);
#1598=ORIENTED_EDGE('',*,*,#3091,.F.);
#1599=ORIENTED_EDGE('',*,*,#3092,.T.);
#1600=ORIENTED_EDGE('',*,*,#3060,.T.);
#1601=ORIENTED_EDGE('',*,*,#3089,.T.);
#1602=ORIENTED_EDGE('',*,*,#3093,.F.);
#1603=CARTESIAN_POINT('',(-6.35,0.55,0.0));
#1604=DIRECTION('',(0.0,-1.0,0.0));
#1605=DIRECTION('',(0.0,0.0,-1.0));
#1606=ORIENTED_EDGE('',*,*,#3085,.T.);
#1607=ORIENTED_EDGE('',*,*,#3094,.T.);
#1608=ORIENTED_EDGE('',*,*,#3095,.F.);
#1609=ORIENTED_EDGE('',*,*,#3096,.T.);
#1610=ORIENTED_EDGE('',*,*,#3052,.F.);
#1611=ORIENTED_EDGE('',*,*,#3050,.F.);
#1612=CARTESIAN_POINT('',(-6.35,0.55,0.0));
#1613=DIRECTION('',(0.0,-1.0,0.0));
#1614=DIRECTION('',(0.0,0.0,-1.0));
#1615=ORIENTED_EDGE('',*,*,#3097,.F.);
#1616=ORIENTED_EDGE('',*,*,#3098,.T.);
#1617=ORIENTED_EDGE('',*,*,#3099,.F.);
#1618=ORIENTED_EDGE('',*,*,#3093,.T.);
#1619=ORIENTED_EDGE('',*,*,#3088,.T.);
#1620=ORIENTED_EDGE('',*,*,#3042,.F.);
#1621=ORIENTED_EDGE('',*,*,#3100,.F.);
#1622=ORIENTED_EDGE('',*,*,#3101,.F.);
#1623=CARTESIAN_POINT('',(-4.775,0.0,-4.35));
#1624=DIRECTION('',(0.0,0.0,1.0));
#1625=DIRECTION('',(1.0,0.0,0.0));
#1626=ORIENTED_EDGE('',*,*,#3102,.T.);
#1627=ORIENTED_EDGE('',*,*,#3103,.T.);
#1628=ORIENTED_EDGE('',*,*,#3104,.F.);
#1629=ORIENTED_EDGE('',*,*,#3090,.F.);
#1630=ORIENTED_EDGE('',*,*,#3099,.T.);
#1631=CARTESIAN_POINT('',(-5.55,0.0,-4.5));
#1632=DIRECTION('',(1.0,0.0,0.0));
#1633=DIRECTION('',(0.0,1.0,0.0));
#1634=ORIENTED_EDGE('',*,*,#3105,.T.);
#1635=ORIENTED_EDGE('',*,*,#3106,.F.);
#1636=ORIENTED_EDGE('',*,*,#3107,.F.);
#1637=ORIENTED_EDGE('',*,*,#3108,.F.);
#1638=ORIENTED_EDGE('',*,*,#3109,.F.);
#1639=ORIENTED_EDGE('',*,*,#3110,.T.);
#1640=ORIENTED_EDGE('',*,*,#3111,.F.);
#1641=ORIENTED_EDGE('',*,*,#3112,.T.);
#1642=ORIENTED_EDGE('',*,*,#3113,.T.);
#1643=ORIENTED_EDGE('',*,*,#3114,.F.);
#1644=ORIENTED_EDGE('',*,*,#3115,.F.);
#1645=ORIENTED_EDGE('',*,*,#3104,.T.);
#1646=CARTESIAN_POINT('',(-6.35,0.55,0.0));
#1647=DIRECTION('',(0.0,-1.0,0.0));
#1648=DIRECTION('',(0.0,0.0,-1.0));
#1649=ORIENTED_EDGE('',*,*,#3115,.T.);
#1650=ORIENTED_EDGE('',*,*,#3095,.T.);
#1651=ORIENTED_EDGE('',*,*,#3111,.T.);
#1652=ORIENTED_EDGE('',*,*,#3116,.T.);
#1653=ORIENTED_EDGE('',*,*,#3117,.T.);
#1654=ORIENTED_EDGE('',*,*,#3118,.F.);
#1655=ORIENTED_EDGE('',*,*,#3107,.T.);
#1656=ORIENTED_EDGE('',*,*,#3091,.T.);
#1657=ORIENTED_EDGE('',*,*,#3119,.T.);
#1658=ORIENTED_EDGE('',*,*,#3120,.T.);
#1659=ORIENTED_EDGE('',*,*,#3121,.T.);
#1660=ORIENTED_EDGE('',*,*,#2910,.T.);
#1661=ORIENTED_EDGE('',*,*,#3122,.T.);
#1662=ORIENTED_EDGE('',*,*,#3123,.T.);
#1663=ORIENTED_EDGE('',*,*,#3124,.T.);
#1664=ORIENTED_EDGE('',*,*,#3125,.T.);
#1665=ORIENTED_EDGE('',*,*,#3126,.T.);
#1666=ORIENTED_EDGE('',*,*,#3127,.T.);
#1667=ORIENTED_EDGE('',*,*,#3128,.T.);
#1668=ORIENTED_EDGE('',*,*,#3129,.T.);
#1669=ORIENTED_EDGE('',*,*,#3130,.T.);
#1670=ORIENTED_EDGE('',*,*,#2998,.T.);
#1671=ORIENTED_EDGE('',*,*,#3131,.T.);
#1672=ORIENTED_EDGE('',*,*,#3132,.T.);
#1673=ORIENTED_EDGE('',*,*,#3003,.T.);
#1674=ORIENTED_EDGE('',*,*,#3133,.T.);
#1675=ORIENTED_EDGE('',*,*,#3134,.T.);
#1676=CARTESIAN_POINT('',(0.0,0.0,-2.9));
#1677=DIRECTION('',(0.0,0.0,1.0));
#1678=DIRECTION('',(1.0,0.0,0.0));
#1679=ORIENTED_EDGE('',*,*,#3135,.F.);
#1680=ORIENTED_EDGE('',*,*,#3136,.T.);
#1681=ORIENTED_EDGE('',*,*,#3137,.T.);
#1682=ORIENTED_EDGE('',*,*,#3138,.T.);
#1683=ORIENTED_EDGE('',*,*,#3139,.T.);
#1684=ORIENTED_EDGE('',*,*,#3140,.T.);
#1685=ORIENTED_EDGE('',*,*,#3108,.T.);
#1686=ORIENTED_EDGE('',*,*,#3118,.T.);
#1687=ORIENTED_EDGE('',*,*,#3141,.T.);
#1688=ORIENTED_EDGE('',*,*,#3142,.F.);
#1689=CARTESIAN_POINT('',(-6.35,3.3,0.0));
#1690=DIRECTION('',(-1.0,0.0,0.0));
#1691=DIRECTION('',(0.0,0.0,1.0));
#1692=ORIENTED_EDGE('',*,*,#3143,.F.);
#1693=ORIENTED_EDGE('',*,*,#3144,.T.);
#1694=ORIENTED_EDGE('',*,*,#3145,.T.);
#1695=ORIENTED_EDGE('',*,*,#3142,.T.);
#1696=CARTESIAN_POINT('',(0.0,0.0,-3.5));
#1697=DIRECTION('',(0.0,0.0,1.0));
#1698=DIRECTION('',(1.0,0.0,0.0));
#1699=ORIENTED_EDGE('',*,*,#3135,.T.);
#1700=ORIENTED_EDGE('',*,*,#3145,.F.);
#1701=ORIENTED_EDGE('',*,*,#3146,.F.);
#1702=ORIENTED_EDGE('',*,*,#3147,.F.);
#1703=CARTESIAN_POINT('',(6.35,3.3,0.0));
#1704=DIRECTION('',(-0.0,1.0,0.0));
#1705=DIRECTION('',(1.0,0.0,0.0));
#1706=ORIENTED_EDGE('',*,*,#3148,.T.);
#1707=ORIENTED_EDGE('',*,*,#3147,.T.);
#1708=ORIENTED_EDGE('',*,*,#3149,.T.);
#1709=ORIENTED_EDGE('',*,*,#3150,.F.);
#1710=CARTESIAN_POINT('',(0.0,3.375,-0.125));
#1711=DIRECTION('',(0.0,-0.857492925712544,0.514495755427527));
#1712=DIRECTION('',(-1.0,0.0,0.0));
#1713=ORIENTED_EDGE('',*,*,#3150,.T.);
#1714=ORIENTED_EDGE('',*,*,#3151,.F.);
#1715=ORIENTED_EDGE('',*,*,#3152,.T.);
#1716=ORIENTED_EDGE('',*,*,#3153,.F.);
#1717=ORIENTED_EDGE('',*,*,#3045,.F.);
#1718=ORIENTED_EDGE('',*,*,#3012,.T.);
#1719=ORIENTED_EDGE('',*,*,#3154,.T.);
#1720=ORIENTED_EDGE('',*,*,#3155,.F.);
#1721=CARTESIAN_POINT('',(-6.75,3.7,0.0));
#1722=DIRECTION('',(0.0,0.0,1.0));
#1723=DIRECTION('',(1.0,0.0,0.0));
#1724=ORIENTED_EDGE('',*,*,#3136,.F.);
#1725=ORIENTED_EDGE('',*,*,#3148,.F.);
#1726=ORIENTED_EDGE('',*,*,#3155,.T.);
#1727=ORIENTED_EDGE('',*,*,#3156,.F.);
#1728=CARTESIAN_POINT('',(-6.475,2.6,-0.125));
#1729=DIRECTION('',(0.707106781186548,0.0,0.707106781186548));
#1730=DIRECTION('',(0.0,-1.0,0.0));
#1731=ORIENTED_EDGE('',*,*,#3154,.F.);
#1732=ORIENTED_EDGE('',*,*,#3011,.T.);
#1733=ORIENTED_EDGE('',*,*,#3157,.T.);
#1734=ORIENTED_EDGE('',*,*,#3137,.F.);
#1735=ORIENTED_EDGE('',*,*,#3156,.T.);
#1736=CARTESIAN_POINT('',(-6.75,1.9,0.0));
#1737=DIRECTION('',(0.0,-1.0,0.0));
#1738=DIRECTION('',(0.0,0.0,-1.0));
#1739=ORIENTED_EDGE('',*,*,#3158,.T.);
#1740=ORIENTED_EDGE('',*,*,#3159,.T.);
#1741=ORIENTED_EDGE('',*,*,#3160,.F.);
#1742=ORIENTED_EDGE('',*,*,#3152,.F.);
#1743=ORIENTED_EDGE('',*,*,#3161,.T.);
#1744=CARTESIAN_POINT('',(-6.75,1.9,0.0));
#1745=DIRECTION('',(0.0,-1.0,0.0));
#1746=DIRECTION('',(0.0,0.0,-1.0));
#1747=ORIENTED_EDGE('',*,*,#3157,.F.);
#1748=ORIENTED_EDGE('',*,*,#3010,.T.);
#1749=ORIENTED_EDGE('',*,*,#3162,.T.);
#1750=ORIENTED_EDGE('',*,*,#3138,.F.);
#1751=CARTESIAN_POINT('',(-6.75,1.9,-2.3));
#1752=DIRECTION('',(0.0,0.0,1.0));
#1753=DIRECTION('',(1.0,0.0,0.0));
#1754=ORIENTED_EDGE('',*,*,#3163,.T.);
#1755=ORIENTED_EDGE('',*,*,#3164,.F.);
#1756=ORIENTED_EDGE('',*,*,#3159,.F.);
#1757=ORIENTED_EDGE('',*,*,#3165,.T.);
#1758=CARTESIAN_POINT('',(-6.75,1.9,-2.3));
#1759=DIRECTION('',(0.0,0.0,1.0));
#1760=DIRECTION('',(1.0,0.0,0.0));
#1761=ORIENTED_EDGE('',*,*,#3139,.F.);
#1762=ORIENTED_EDGE('',*,*,#3162,.F.);
#1763=ORIENTED_EDGE('',*,*,#3009,.T.);
#1764=ORIENTED_EDGE('',*,*,#3166,.T.);
#1765=ORIENTED_EDGE('',*,*,#3167,.T.);
#1766=CARTESIAN_POINT('',(-6.75,0.9,-2.3));
#1767=DIRECTION('',(-0.0,1.0,0.0));
#1768=DIRECTION('',(1.0,0.0,0.0));
#1769=ORIENTED_EDGE('',*,*,#3168,.T.);
#1770=ORIENTED_EDGE('',*,*,#3169,.F.);
#1771=ORIENTED_EDGE('',*,*,#3163,.F.);
#1772=ORIENTED_EDGE('',*,*,#3170,.T.);
#1773=ORIENTED_EDGE('',*,*,#3171,.T.);
#1774=CARTESIAN_POINT('',(-6.75,0.9,-2.3));
#1775=DIRECTION('',(-0.0,1.0,0.0));
#1776=DIRECTION('',(1.0,0.0,0.0));
#1777=ORIENTED_EDGE('',*,*,#3172,.F.);
#1778=ORIENTED_EDGE('',*,*,#3140,.F.);
#1779=ORIENTED_EDGE('',*,*,#3167,.F.);
#1780=ORIENTED_EDGE('',*,*,#3173,.T.);
#1781=CARTESIAN_POINT('',(-6.475,0.725,-0.125));
#1782=DIRECTION('',(0.707106781186548,0.0,0.707106781186548));
#1783=DIRECTION('',(0.0,-1.0,0.0));
#1784=ORIENTED_EDGE('',*,*,#3166,.F.);
#1785=ORIENTED_EDGE('',*,*,#3008,.T.);
#1786=ORIENTED_EDGE('',*,*,#3174,.T.);
#1787=ORIENTED_EDGE('',*,*,#3175,.F.);
#1788=ORIENTED_EDGE('',*,*,#3168,.F.);
#1789=ORIENTED_EDGE('',*,*,#3176,.F.);
#1790=ORIENTED_EDGE('',*,*,#3177,.T.);
#1791=ORIENTED_EDGE('',*,*,#3173,.F.);
#1792=CARTESIAN_POINT('',(-6.75,0.9,0.0));
#1793=DIRECTION('',(0.0,0.0,1.0));
#1794=DIRECTION('',(1.0,0.0,0.0));
#1795=ORIENTED_EDGE('',*,*,#3172,.T.);
#1796=ORIENTED_EDGE('',*,*,#3177,.F.);
#1797=ORIENTED_EDGE('',*,*,#3178,.T.);
#1798=ORIENTED_EDGE('',*,*,#3109,.T.);
#1799=CARTESIAN_POINT('',(0.0,0.475,-0.125));
#1800=DIRECTION('',(0.0,0.857492925712544,0.514495755427527));
#1801=DIRECTION('',(1.0,0.0,-0.0));
#1802=ORIENTED_EDGE('',*,*,#3179,.F.);
#1803=ORIENTED_EDGE('',*,*,#3178,.F.);
#1804=ORIENTED_EDGE('',*,*,#3176,.T.);
#1805=ORIENTED_EDGE('',*,*,#3171,.F.);
#1806=CARTESIAN_POINT('',(6.475,0.725,-0.125));
#1807=DIRECTION('',(-0.707106781186548,0.0,0.707106781186548));
#1808=DIRECTION('',(0.0,1.0,0.0));
#1809=ORIENTED_EDGE('',*,*,#3110,.F.);
#1810=ORIENTED_EDGE('',*,*,#3179,.T.);
#1811=ORIENTED_EDGE('',*,*,#3170,.F.);
#1812=ORIENTED_EDGE('',*,*,#3165,.F.);
#1813=ORIENTED_EDGE('',*,*,#3158,.F.);
#1814=ORIENTED_EDGE('',*,*,#3180,.T.);
#1815=ORIENTED_EDGE('',*,*,#3146,.T.);
#1816=ORIENTED_EDGE('',*,*,#3144,.F.);
#1817=ORIENTED_EDGE('',*,*,#3181,.T.);
#1818=ORIENTED_EDGE('',*,*,#3116,.F.);
#1819=CARTESIAN_POINT('',(6.35,0.55,0.0));
#1820=DIRECTION('',(1.0,0.0,0.0));
#1821=DIRECTION('',(0.0,1.0,0.0));
#1822=ORIENTED_EDGE('',*,*,#3143,.T.);
#1823=ORIENTED_EDGE('',*,*,#3141,.F.);
#1824=ORIENTED_EDGE('',*,*,#3117,.F.);
#1825=ORIENTED_EDGE('',*,*,#3181,.F.);
#1826=CARTESIAN_POINT('',(0.0,2.125,-3.2));
#1827=DIRECTION('',(0.0,0.863778900898419,0.503871025524111));
#1828=DIRECTION('',(1.0,0.0,-0.0));
#1829=ORIENTED_EDGE('',*,*,#3149,.F.);
#1830=ORIENTED_EDGE('',*,*,#3180,.F.);
#1831=ORIENTED_EDGE('',*,*,#3161,.F.);
#1832=ORIENTED_EDGE('',*,*,#3151,.T.);
#1833=CARTESIAN_POINT('',(6.475,2.6,-0.125));
#1834=DIRECTION('',(-0.707106781186548,0.0,0.707106781186548));
#1835=DIRECTION('',(0.0,1.0,0.0));
#1836=ORIENTED_EDGE('',*,*,#3153,.T.);
#1837=ORIENTED_EDGE('',*,*,#3160,.T.);
#1838=ORIENTED_EDGE('',*,*,#3164,.T.);
#1839=ORIENTED_EDGE('',*,*,#3169,.T.);
#1840=ORIENTED_EDGE('',*,*,#3175,.T.);
#1841=ORIENTED_EDGE('',*,*,#3182,.T.);
#1842=ORIENTED_EDGE('',*,*,#3082,.T.);
#1843=ORIENTED_EDGE('',*,*,#3046,.T.);
#1844=CARTESIAN_POINT('',(6.75,0.0,0.0));
#1845=DIRECTION('',(1.0,0.0,0.0));
#1846=DIRECTION('',(0.0,1.0,0.0));
#1847=ORIENTED_EDGE('',*,*,#3183,.T.);
#1848=ORIENTED_EDGE('',*,*,#3184,.F.);
#1849=ORIENTED_EDGE('',*,*,#3185,.F.);
#1850=ORIENTED_EDGE('',*,*,#3083,.T.);
#1851=ORIENTED_EDGE('',*,*,#3182,.F.);
#1852=ORIENTED_EDGE('',*,*,#3174,.F.);
#1853=ORIENTED_EDGE('',*,*,#3007,.T.);
#1854=ORIENTED_EDGE('',*,*,#3062,.T.);
#1855=ORIENTED_EDGE('',*,*,#3186,.T.);
#1856=ORIENTED_EDGE('',*,*,#3187,.F.);
#1857=ORIENTED_EDGE('',*,*,#3102,.F.);
#1858=ORIENTED_EDGE('',*,*,#3098,.F.);
#1859=ORIENTED_EDGE('',*,*,#3188,.F.);
#1860=ORIENTED_EDGE('',*,*,#3064,.T.);
#1861=ORIENTED_EDGE('',*,*,#3189,.T.);
#1862=ORIENTED_EDGE('',*,*,#3190,.F.);
#1863=ORIENTED_EDGE('',*,*,#3191,.F.);
#1864=ORIENTED_EDGE('',*,*,#3067,.T.);
#1865=ORIENTED_EDGE('',*,*,#3192,.T.);
#1866=ORIENTED_EDGE('',*,*,#3193,.F.);
#1867=ORIENTED_EDGE('',*,*,#3194,.F.);
#1868=ORIENTED_EDGE('',*,*,#3070,.T.);
#1869=ORIENTED_EDGE('',*,*,#3195,.T.);
#1870=ORIENTED_EDGE('',*,*,#3196,.F.);
#1871=ORIENTED_EDGE('',*,*,#3197,.F.);
#1872=ORIENTED_EDGE('',*,*,#3073,.T.);
#1873=ORIENTED_EDGE('',*,*,#3198,.T.);
#1874=ORIENTED_EDGE('',*,*,#3199,.F.);
#1875=ORIENTED_EDGE('',*,*,#3200,.F.);
#1876=ORIENTED_EDGE('',*,*,#3076,.T.);
#1877=ORIENTED_EDGE('',*,*,#3201,.T.);
#1878=ORIENTED_EDGE('',*,*,#3202,.F.);
#1879=ORIENTED_EDGE('',*,*,#3203,.F.);
#1880=ORIENTED_EDGE('',*,*,#3079,.T.);
#1881=ORIENTED_EDGE('',*,*,#3204,.T.);
#1882=ORIENTED_EDGE('',*,*,#3205,.F.);
#1883=ORIENTED_EDGE('',*,*,#3206,.F.);
#1884=ORIENTED_EDGE('',*,*,#3086,.T.);
#1885=ORIENTED_EDGE('',*,*,#3058,.T.);
#1886=ORIENTED_EDGE('',*,*,#3054,.F.);
#1887=CARTESIAN_POINT('',(-6.75,0.0,0.0));
#1888=DIRECTION('',(0.0,-1.0,0.0));
#1889=DIRECTION('',(0.0,0.0,-1.0));
#1890=ORIENTED_EDGE('',*,*,#3017,.F.);
#1891=ORIENTED_EDGE('',*,*,#3087,.F.);
#1892=ORIENTED_EDGE('',*,*,#3206,.T.);
#1893=ORIENTED_EDGE('',*,*,#3207,.T.);
#1894=CARTESIAN_POINT('',(4.225,0.0,-4.5));
#1895=DIRECTION('',(1.0,0.0,0.0));
#1896=DIRECTION('',(0.0,1.0,0.0));
#1897=ORIENTED_EDGE('',*,*,#3205,.T.);
#1898=ORIENTED_EDGE('',*,*,#3208,.T.);
#1899=ORIENTED_EDGE('',*,*,#3018,.F.);
#1900=ORIENTED_EDGE('',*,*,#3207,.F.);
#1901=ORIENTED_EDGE('',*,*,#2996,.F.);
#1902=ORIENTED_EDGE('',*,*,#3005,.F.);
#1903=ORIENTED_EDGE('',*,*,#3209,.F.);
#1904=ORIENTED_EDGE('',*,*,#3210,.F.);
#1905=CARTESIAN_POINT('',(4.225,0.0,-4.35));
#1906=DIRECTION('',(0.0,0.0,1.0));
#1907=DIRECTION('',(1.0,0.0,0.0));
#1908=ORIENTED_EDGE('',*,*,#3204,.F.);
#1909=ORIENTED_EDGE('',*,*,#3081,.T.);
#1910=ORIENTED_EDGE('',*,*,#3019,.T.);
#1911=ORIENTED_EDGE('',*,*,#3208,.F.);
#1912=CARTESIAN_POINT('',(3.275,0.0,-4.35));
#1913=DIRECTION('',(-1.0,0.0,0.0));
#1914=DIRECTION('',(0.0,0.0,1.0));
#1915=ORIENTED_EDGE('',*,*,#3004,.T.);
#1916=ORIENTED_EDGE('',*,*,#2993,.F.);
#1917=ORIENTED_EDGE('',*,*,#3211,.F.);
#1918=ORIENTED_EDGE('',*,*,#2991,.T.);
#1919=ORIENTED_EDGE('',*,*,#3212,.T.);
#1920=ORIENTED_EDGE('',*,*,#3213,.T.);
#1921=ORIENTED_EDGE('',*,*,#3209,.T.);
#1922=CARTESIAN_POINT('',(3.75,1.5,-6.7));
#1923=DIRECTION('',(-0.0,0.0,1.0));
#1924=DIRECTION('',(0.0,-1.0,0.0));
#1925=ORIENTED_EDGE('',*,*,#3002,.T.);
#1926=ORIENTED_EDGE('',*,*,#3132,.F.);
#1927=ORIENTED_EDGE('',*,*,#3214,.T.);
#1928=ORIENTED_EDGE('',*,*,#3215,.F.);
#1929=CARTESIAN_POINT('',(3.75,1.5,-6.7));
#1930=DIRECTION('',(-0.0,0.0,1.0));
#1931=DIRECTION('',(0.0,-1.0,0.0));
#1932=ORIENTED_EDGE('',*,*,#3000,.T.);
#1933=ORIENTED_EDGE('',*,*,#2972,.F.);
#1934=ORIENTED_EDGE('',*,*,#3216,.T.);
#1935=ORIENTED_EDGE('',*,*,#3217,.F.);
#1936=ORIENTED_EDGE('',*,*,#2989,.T.);
#1937=ORIENTED_EDGE('',*,*,#3218,.T.);
#1938=ORIENTED_EDGE('',*,*,#2987,.F.);
#1939=CARTESIAN_POINT('',(3.75,1.5,-6.7));
#1940=DIRECTION('',(-0.0,0.0,1.0));
#1941=DIRECTION('',(0.0,-1.0,0.0));
#1942=ORIENTED_EDGE('',*,*,#2997,.T.);
#1943=ORIENTED_EDGE('',*,*,#3219,.F.);
#1944=ORIENTED_EDGE('',*,*,#3214,.F.);
#1945=ORIENTED_EDGE('',*,*,#3131,.F.);
#1946=CARTESIAN_POINT('',(3.75,1.5,-6.7));
#1947=DIRECTION('',(-0.0,0.0,1.0));
#1948=DIRECTION('',(0.0,-1.0,0.0));
#1949=ORIENTED_EDGE('',*,*,#2990,.T.);
#1950=ORIENTED_EDGE('',*,*,#3210,.T.);
#1951=ORIENTED_EDGE('',*,*,#3213,.F.);
#1952=ORIENTED_EDGE('',*,*,#3212,.F.);
#1953=CARTESIAN_POINT('',(3.75,1.5,-6.7));
#1954=DIRECTION('',(-0.0,0.0,1.0));
#1955=DIRECTION('',(0.0,-1.0,0.0));
#1956=ORIENTED_EDGE('',*,*,#2983,.T.);
#1957=ORIENTED_EDGE('',*,*,#3217,.T.);
#1958=ORIENTED_EDGE('',*,*,#3216,.F.);
#1959=ORIENTED_EDGE('',*,*,#2974,.F.);
#1960=CARTESIAN_POINT('',(3.75,1.5,-6.7));
#1961=DIRECTION('',(-0.0,0.0,1.0));
#1962=DIRECTION('',(0.0,-1.0,0.0));
#1963=ORIENTED_EDGE('',*,*,#2980,.T.);
#1964=ORIENTED_EDGE('',*,*,#3220,.F.);
#1965=ORIENTED_EDGE('',*,*,#3221,.T.);
#1966=ORIENTED_EDGE('',*,*,#3219,.T.);
#1967=CARTESIAN_POINT('',(3.75,1.5,-0.3999999996873));
#1968=DIRECTION('',(0.0,-0.0,-1.0));
#1969=DIRECTION('',(0.0,-1.0,0.0));
#1970=ORIENTED_EDGE('',*,*,#2977,.T.);
#1971=ORIENTED_EDGE('',*,*,#3222,.T.);
#1972=ORIENTED_EDGE('',*,*,#3220,.T.);
#1973=ORIENTED_EDGE('',*,*,#2982,.T.);
#1974=CARTESIAN_POINT('',(2.25,0.0,-0.25));
#1975=DIRECTION('',(0.0,0.0,-1.0));
#1976=DIRECTION('',(0.0,-1.0,0.0));
#1977=ORIENTED_EDGE('',*,*,#2976,.T.);
#1978=ORIENTED_EDGE('',*,*,#3215,.T.);
#1979=ORIENTED_EDGE('',*,*,#3221,.F.);
#1980=ORIENTED_EDGE('',*,*,#3222,.F.);
#1981=CARTESIAN_POINT('',(3.75,1.5,-0.3999999996873));
#1982=DIRECTION('',(0.0,-0.0,-1.0));
#1983=DIRECTION('',(0.0,-1.0,0.0));
#1984=ORIENTED_EDGE('',*,*,#3223,.T.);
#1985=ORIENTED_EDGE('',*,*,#2992,.T.);
#1986=ORIENTED_EDGE('',*,*,#3224,.F.);
#1987=ORIENTED_EDGE('',*,*,#3225,.F.);
#1988=CARTESIAN_POINT('',(3.75,2.0,-4.779426859651));
#1989=DIRECTION('',(-1.0,0.0,0.0));
#1990=DIRECTION('',(0.0,0.972573269631963,0.232596722241291));
#1991=ORIENTED_EDGE('',*,*,#3226,.T.);
#1992=ORIENTED_EDGE('',*,*,#3225,.T.);
#1993=ORIENTED_EDGE('',*,*,#3227,.F.);
#1994=ORIENTED_EDGE('',*,*,#3228,.F.);
#1995=CARTESIAN_POINT('',(3.75,1.686286634816,-5.617318145555));
#1996=DIRECTION('',(0.0,-0.232596722241291,0.972573269631963));
#1997=DIRECTION('',(0.0,-0.972573269631963,-0.232596722241291));
#1998=ORIENTED_EDGE('',*,*,#3229,.T.);
#1999=ORIENTED_EDGE('',*,*,#3228,.T.);
#2000=ORIENTED_EDGE('',*,*,#3230,.F.);
#2001=ORIENTED_EDGE('',*,*,#3231,.F.);
#2002=CARTESIAN_POINT('',(3.75,1.2,-5.733616506675));
#2003=DIRECTION('',(1.0,0.0,0.0));
#2004=DIRECTION('',(0.0,-0.967379489245405,0.253331647820201));
#2005=ORIENTED_EDGE('',*,*,#3232,.T.);
#2006=ORIENTED_EDGE('',*,*,#3231,.T.);
#2007=ORIENTED_EDGE('',*,*,#3233,.F.);
#2008=ORIENTED_EDGE('',*,*,#3234,.F.);
#2009=CARTESIAN_POINT('',(3.75,1.516310255377,-6.499442444253));
#2010=DIRECTION('',(0.0,0.253331647820201,0.967379489245405));
#2011=DIRECTION('',(0.0,-0.967379489245405,0.253331647820201));
#2012=ORIENTED_EDGE('',*,*,#3235,.T.);
#2013=ORIENTED_EDGE('',*,*,#3234,.T.);
#2014=ORIENTED_EDGE('',*,*,#3236,.F.);
#2015=ORIENTED_EDGE('',*,*,#2988,.F.);
#2016=CARTESIAN_POINT('',(3.75,2.0,-6.626108268163));
#2017=DIRECTION('',(-1.0,0.0,0.0));
#2018=DIRECTION('',(0.0,1.0,0.0));
#2019=ORIENTED_EDGE('',*,*,#3236,.T.);
#2020=ORIENTED_EDGE('',*,*,#3237,.T.);
#2021=ORIENTED_EDGE('',*,*,#3235,.F.);
#2022=ORIENTED_EDGE('',*,*,#3218,.F.);
#2023=CARTESIAN_POINT('',(3.75,2.0,-6.626108268163));
#2024=DIRECTION('',(-1.0,0.0,0.0));
#2025=DIRECTION('',(0.0,1.0,0.0));
#2026=ORIENTED_EDGE('',*,*,#3233,.T.);
#2027=ORIENTED_EDGE('',*,*,#3238,.T.);
#2028=ORIENTED_EDGE('',*,*,#3232,.F.);
#2029=ORIENTED_EDGE('',*,*,#3237,.F.);
#2030=CARTESIAN_POINT('',(3.75,1.516310255377,-6.499442444253));
#2031=DIRECTION('',(0.0,0.253331647820201,0.967379489245405));
#2032=DIRECTION('',(0.0,-0.967379489245405,0.253331647820201));
#2033=ORIENTED_EDGE('',*,*,#3230,.T.);
#2034=ORIENTED_EDGE('',*,*,#3239,.T.);
#2035=ORIENTED_EDGE('',*,*,#3229,.F.);
#2036=ORIENTED_EDGE('',*,*,#3238,.F.);
#2037=CARTESIAN_POINT('',(3.75,1.2,-5.733616506675));
#2038=DIRECTION('',(1.0,0.0,0.0));
#2039=DIRECTION('',(0.0,-0.967379489245405,0.253331647820201));
#2040=ORIENTED_EDGE('',*,*,#3227,.T.);
#2041=ORIENTED_EDGE('',*,*,#3240,.T.);
#2042=ORIENTED_EDGE('',*,*,#3226,.F.);
#2043=ORIENTED_EDGE('',*,*,#3239,.F.);
#2044=CARTESIAN_POINT('',(3.75,1.686286634816,-5.617318145555));
#2045=DIRECTION('',(0.0,-0.232596722241291,0.972573269631963));
#2046=DIRECTION('',(0.0,-0.972573269631963,-0.232596722241291));
#2047=ORIENTED_EDGE('',*,*,#3224,.T.);
#2048=ORIENTED_EDGE('',*,*,#3211,.T.);
#2049=ORIENTED_EDGE('',*,*,#3223,.F.);
#2050=ORIENTED_EDGE('',*,*,#3240,.F.);
#2051=CARTESIAN_POINT('',(3.75,2.0,-4.779426859651));
#2052=DIRECTION('',(-1.0,0.0,0.0));
#2053=DIRECTION('',(0.0,0.972573269631963,0.232596722241291));
#2054=ORIENTED_EDGE('',*,*,#2973,.T.);
#2055=ORIENTED_EDGE('',*,*,#3241,.F.);
#2056=ORIENTED_EDGE('',*,*,#3242,.T.);
#2057=ORIENTED_EDGE('',*,*,#2984,.T.);
#2058=CARTESIAN_POINT('',(3.75,1.5,-7.050000000313));
#2059=DIRECTION('',(-0.0,0.0,1.0));
#2060=DIRECTION('',(0.0,-1.0,0.0));
#2061=ORIENTED_EDGE('',*,*,#2970,.T.);
#2062=ORIENTED_EDGE('',*,*,#3243,.T.);
#2063=ORIENTED_EDGE('',*,*,#3241,.T.);
#2064=ORIENTED_EDGE('',*,*,#2975,.T.);
#2065=CARTESIAN_POINT('',(2.25,0.0,-7.2));
#2066=DIRECTION('',(0.0,0.0,-1.0));
#2067=DIRECTION('',(0.0,-1.0,0.0));
#2068=ORIENTED_EDGE('',*,*,#2969,.T.);
#2069=ORIENTED_EDGE('',*,*,#3001,.T.);
#2070=ORIENTED_EDGE('',*,*,#3242,.F.);
#2071=ORIENTED_EDGE('',*,*,#3243,.F.);
#2072=CARTESIAN_POINT('',(3.75,1.5,-7.050000000313));
#2073=DIRECTION('',(-0.0,0.0,1.0));
#2074=DIRECTION('',(0.0,-1.0,0.0));
#2075=ORIENTED_EDGE('',*,*,#3021,.F.);
#2076=ORIENTED_EDGE('',*,*,#3080,.F.);
#2077=ORIENTED_EDGE('',*,*,#3203,.T.);
#2078=ORIENTED_EDGE('',*,*,#3244,.T.);
#2079=CARTESIAN_POINT('',(2.725,0.0,-4.5));
#2080=DIRECTION('',(1.0,0.0,0.0));
#2081=DIRECTION('',(0.0,1.0,0.0));
#2082=ORIENTED_EDGE('',*,*,#3202,.T.);
#2083=ORIENTED_EDGE('',*,*,#3245,.T.);
#2084=ORIENTED_EDGE('',*,*,#3022,.F.);
#2085=ORIENTED_EDGE('',*,*,#3244,.F.);
#2086=ORIENTED_EDGE('',*,*,#3246,.F.);
#2087=ORIENTED_EDGE('',*,*,#3247,.F.);
#2088=CARTESIAN_POINT('',(2.725,0.0,-4.35));
#2089=DIRECTION('',(0.0,0.0,1.0));
#2090=DIRECTION('',(1.0,0.0,0.0));
#2091=ORIENTED_EDGE('',*,*,#3201,.F.);
#2092=ORIENTED_EDGE('',*,*,#3078,.T.);
#2093=ORIENTED_EDGE('',*,*,#3023,.T.);
#2094=ORIENTED_EDGE('',*,*,#3245,.F.);
#2095=CARTESIAN_POINT('',(1.775,0.0,-4.35));
#2096=DIRECTION('',(-1.0,0.0,0.0));
#2097=DIRECTION('',(0.0,0.0,1.0));
#2098=ORIENTED_EDGE('',*,*,#3248,.F.);
#2099=ORIENTED_EDGE('',*,*,#3130,.F.);
#2100=ORIENTED_EDGE('',*,*,#3249,.T.);
#2101=ORIENTED_EDGE('',*,*,#3250,.F.);
#2102=ORIENTED_EDGE('',*,*,#2968,.F.);
#2103=CARTESIAN_POINT('',(2.25,1.5,-7.2));
#2104=DIRECTION('',(-0.0,0.0,1.0));
#2105=DIRECTION('',(1.0,0.0,0.0));
#2106=ORIENTED_EDGE('',*,*,#3251,.T.);
#2107=ORIENTED_EDGE('',*,*,#3247,.T.);
#2108=ORIENTED_EDGE('',*,*,#3252,.F.);
#2109=ORIENTED_EDGE('',*,*,#3253,.F.);
#2110=ORIENTED_EDGE('',*,*,#2958,.F.);
#2111=CARTESIAN_POINT('',(2.25,1.5,-7.2));
#2112=DIRECTION('',(-0.0,0.0,1.0));
#2113=DIRECTION('',(1.0,0.0,0.0));
#2114=ORIENTED_EDGE('',*,*,#2966,.T.);
#2115=ORIENTED_EDGE('',*,*,#3250,.T.);
#2116=ORIENTED_EDGE('',*,*,#3254,.F.);
#2117=ORIENTED_EDGE('',*,*,#3255,.F.);
#2118=CARTESIAN_POINT('',(2.25,1.5,-0.3999999996873));
#2119=DIRECTION('',(0.0,-0.0,-1.0));
#2120=DIRECTION('',(0.0,-1.0,0.0));
#2121=ORIENTED_EDGE('',*,*,#2967,.T.);
#2122=ORIENTED_EDGE('',*,*,#3255,.T.);
#2123=ORIENTED_EDGE('',*,*,#3256,.T.);
#2124=ORIENTED_EDGE('',*,*,#2965,.T.);
#2125=CARTESIAN_POINT('',(0.75,0.0,-0.25));
#2126=DIRECTION('',(0.0,0.0,-1.0));
#2127=DIRECTION('',(0.0,-1.0,0.0));
#2128=ORIENTED_EDGE('',*,*,#2962,.T.);
#2129=ORIENTED_EDGE('',*,*,#3256,.F.);
#2130=ORIENTED_EDGE('',*,*,#3254,.T.);
#2131=ORIENTED_EDGE('',*,*,#3257,.T.);
#2132=CARTESIAN_POINT('',(2.25,1.5,-0.3999999996873));
#2133=DIRECTION('',(0.0,-0.0,-1.0));
#2134=DIRECTION('',(0.0,-1.0,0.0));
#2135=ORIENTED_EDGE('',*,*,#3249,.F.);
#2136=ORIENTED_EDGE('',*,*,#3129,.F.);
#2137=ORIENTED_EDGE('',*,*,#3248,.T.);
#2138=ORIENTED_EDGE('',*,*,#2963,.F.);
#2139=ORIENTED_EDGE('',*,*,#3257,.F.);
#2140=CARTESIAN_POINT('',(2.25,1.5,-7.2));
#2141=DIRECTION('',(-0.0,0.0,1.0));
#2142=DIRECTION('',(1.0,0.0,0.0));
#2143=ORIENTED_EDGE('',*,*,#3252,.T.);
#2144=ORIENTED_EDGE('',*,*,#3246,.T.);
#2145=ORIENTED_EDGE('',*,*,#3251,.F.);
#2146=ORIENTED_EDGE('',*,*,#2960,.F.);
#2147=ORIENTED_EDGE('',*,*,#3258,.F.);
#2148=CARTESIAN_POINT('',(2.25,1.5,-7.2));
#2149=DIRECTION('',(-0.0,0.0,1.0));
#2150=DIRECTION('',(1.0,0.0,0.0));
#2151=ORIENTED_EDGE('',*,*,#2959,.T.);
#2152=ORIENTED_EDGE('',*,*,#3259,.F.);
#2153=ORIENTED_EDGE('',*,*,#3260,.T.);
#2154=ORIENTED_EDGE('',*,*,#3258,.T.);
#2155=CARTESIAN_POINT('',(2.25,1.5,-7.050000000313));
#2156=DIRECTION('',(-0.0,0.0,1.0));
#2157=DIRECTION('',(0.0,-1.0,0.0));
#2158=ORIENTED_EDGE('',*,*,#2956,.T.);
#2159=ORIENTED_EDGE('',*,*,#3261,.T.);
#2160=ORIENTED_EDGE('',*,*,#3259,.T.);
#2161=ORIENTED_EDGE('',*,*,#2961,.T.);
#2162=CARTESIAN_POINT('',(0.75,0.0,-7.2));
#2163=DIRECTION('',(0.0,0.0,-1.0));
#2164=DIRECTION('',(0.0,-1.0,0.0));
#2165=ORIENTED_EDGE('',*,*,#2955,.T.);
#2166=ORIENTED_EDGE('',*,*,#3253,.T.);
#2167=ORIENTED_EDGE('',*,*,#3260,.F.);
#2168=ORIENTED_EDGE('',*,*,#3261,.F.);
#2169=CARTESIAN_POINT('',(2.25,1.5,-7.050000000313));
#2170=DIRECTION('',(-0.0,0.0,1.0));
#2171=DIRECTION('',(0.0,-1.0,0.0));
#2172=ORIENTED_EDGE('',*,*,#3025,.F.);
#2173=ORIENTED_EDGE('',*,*,#3077,.F.);
#2174=ORIENTED_EDGE('',*,*,#3200,.T.);
#2175=ORIENTED_EDGE('',*,*,#3262,.T.);
#2176=CARTESIAN_POINT('',(1.225,0.0,-4.5));
#2177=DIRECTION('',(1.0,0.0,0.0));
#2178=DIRECTION('',(0.0,1.0,0.0));
#2179=ORIENTED_EDGE('',*,*,#3199,.T.);
#2180=ORIENTED_EDGE('',*,*,#3263,.T.);
#2181=ORIENTED_EDGE('',*,*,#3026,.F.);
#2182=ORIENTED_EDGE('',*,*,#3262,.F.);
#2183=ORIENTED_EDGE('',*,*,#3264,.F.);
#2184=ORIENTED_EDGE('',*,*,#3265,.F.);
#2185=CARTESIAN_POINT('',(1.225,0.0,-4.35));
#2186=DIRECTION('',(0.0,0.0,1.0));
#2187=DIRECTION('',(1.0,0.0,0.0));
#2188=ORIENTED_EDGE('',*,*,#3198,.F.);
#2189=ORIENTED_EDGE('',*,*,#3075,.T.);
#2190=ORIENTED_EDGE('',*,*,#3027,.T.);
#2191=ORIENTED_EDGE('',*,*,#3263,.F.);
#2192=CARTESIAN_POINT('',(0.275,0.0,-4.35));
#2193=DIRECTION('',(-1.0,0.0,0.0));
#2194=DIRECTION('',(0.0,0.0,1.0));
#2195=ORIENTED_EDGE('',*,*,#3266,.F.);
#2196=ORIENTED_EDGE('',*,*,#3128,.F.);
#2197=ORIENTED_EDGE('',*,*,#3267,.T.);
#2198=ORIENTED_EDGE('',*,*,#3268,.F.);
#2199=ORIENTED_EDGE('',*,*,#2954,.F.);
#2200=CARTESIAN_POINT('',(0.75,1.5,-7.2));
#2201=DIRECTION('',(-0.0,0.0,1.0));
#2202=DIRECTION('',(1.0,0.0,0.0));
#2203=ORIENTED_EDGE('',*,*,#3269,.T.);
#2204=ORIENTED_EDGE('',*,*,#3265,.T.);
#2205=ORIENTED_EDGE('',*,*,#3270,.F.);
#2206=ORIENTED_EDGE('',*,*,#3271,.F.);
#2207=ORIENTED_EDGE('',*,*,#2944,.F.);
#2208=CARTESIAN_POINT('',(0.75,1.5,-7.2));
#2209=DIRECTION('',(-0.0,0.0,1.0));
#2210=DIRECTION('',(1.0,0.0,0.0));
#2211=ORIENTED_EDGE('',*,*,#2952,.T.);
#2212=ORIENTED_EDGE('',*,*,#3268,.T.);
#2213=ORIENTED_EDGE('',*,*,#3272,.F.);
#2214=ORIENTED_EDGE('',*,*,#3273,.F.);
#2215=CARTESIAN_POINT('',(0.75,1.5,-0.3999999996873));
#2216=DIRECTION('',(0.0,-0.0,-1.0));
#2217=DIRECTION('',(0.0,-1.0,0.0));
#2218=ORIENTED_EDGE('',*,*,#2953,.T.);
#2219=ORIENTED_EDGE('',*,*,#3273,.T.);
#2220=ORIENTED_EDGE('',*,*,#3274,.T.);
#2221=ORIENTED_EDGE('',*,*,#2951,.T.);
#2222=CARTESIAN_POINT('',(-0.75,0.0,-0.25));
#2223=DIRECTION('',(0.0,0.0,-1.0));
#2224=DIRECTION('',(0.0,-1.0,0.0));
#2225=ORIENTED_EDGE('',*,*,#2948,.T.);
#2226=ORIENTED_EDGE('',*,*,#3274,.F.);
#2227=ORIENTED_EDGE('',*,*,#3272,.T.);
#2228=ORIENTED_EDGE('',*,*,#3275,.T.);
#2229=CARTESIAN_POINT('',(0.75,1.5,-0.3999999996873));
#2230=DIRECTION('',(0.0,-0.0,-1.0));
#2231=DIRECTION('',(0.0,-1.0,0.0));
#2232=ORIENTED_EDGE('',*,*,#3267,.F.);
#2233=ORIENTED_EDGE('',*,*,#3127,.F.);
#2234=ORIENTED_EDGE('',*,*,#3266,.T.);
#2235=ORIENTED_EDGE('',*,*,#2949,.F.);
#2236=ORIENTED_EDGE('',*,*,#3275,.F.);
#2237=CARTESIAN_POINT('',(0.75,1.5,-7.2));
#2238=DIRECTION('',(-0.0,0.0,1.0));
#2239=DIRECTION('',(1.0,0.0,0.0));
#2240=ORIENTED_EDGE('',*,*,#3270,.T.);
#2241=ORIENTED_EDGE('',*,*,#3264,.T.);
#2242=ORIENTED_EDGE('',*,*,#3269,.F.);
#2243=ORIENTED_EDGE('',*,*,#2946,.F.);
#2244=ORIENTED_EDGE('',*,*,#3276,.F.);
#2245=CARTESIAN_POINT('',(0.75,1.5,-7.2));
#2246=DIRECTION('',(-0.0,0.0,1.0));
#2247=DIRECTION('',(1.0,0.0,0.0));
#2248=ORIENTED_EDGE('',*,*,#2945,.T.);
#2249=ORIENTED_EDGE('',*,*,#3277,.F.);
#2250=ORIENTED_EDGE('',*,*,#3278,.T.);
#2251=ORIENTED_EDGE('',*,*,#3276,.T.);
#2252=CARTESIAN_POINT('',(0.75,1.5,-7.050000000313));
#2253=DIRECTION('',(-0.0,0.0,1.0));
#2254=DIRECTION('',(0.0,-1.0,0.0));
#2255=ORIENTED_EDGE('',*,*,#2942,.T.);
#2256=ORIENTED_EDGE('',*,*,#3279,.T.);
#2257=ORIENTED_EDGE('',*,*,#3277,.T.);
#2258=ORIENTED_EDGE('',*,*,#2947,.T.);
#2259=CARTESIAN_POINT('',(-0.75,0.0,-7.2));
#2260=DIRECTION('',(0.0,0.0,-1.0));
#2261=DIRECTION('',(0.0,-1.0,0.0));
#2262=ORIENTED_EDGE('',*,*,#2941,.T.);
#2263=ORIENTED_EDGE('',*,*,#3271,.T.);
#2264=ORIENTED_EDGE('',*,*,#3278,.F.);
#2265=ORIENTED_EDGE('',*,*,#3279,.F.);
#2266=CARTESIAN_POINT('',(0.75,1.5,-7.050000000313));
#2267=DIRECTION('',(-0.0,0.0,1.0));
#2268=DIRECTION('',(0.0,-1.0,0.0));
#2269=ORIENTED_EDGE('',*,*,#3029,.F.);
#2270=ORIENTED_EDGE('',*,*,#3074,.F.);
#2271=ORIENTED_EDGE('',*,*,#3197,.T.);
#2272=ORIENTED_EDGE('',*,*,#3280,.T.);
#2273=CARTESIAN_POINT('',(-0.275,0.0,-4.5));
#2274=DIRECTION('',(1.0,0.0,0.0));
#2275=DIRECTION('',(0.0,1.0,0.0));
#2276=ORIENTED_EDGE('',*,*,#3196,.T.);
#2277=ORIENTED_EDGE('',*,*,#3281,.T.);
#2278=ORIENTED_EDGE('',*,*,#3030,.F.);
#2279=ORIENTED_EDGE('',*,*,#3280,.F.);
#2280=ORIENTED_EDGE('',*,*,#3282,.F.);
#2281=ORIENTED_EDGE('',*,*,#3283,.F.);
#2282=CARTESIAN_POINT('',(-0.275,0.0,-4.35));
#2283=DIRECTION('',(0.0,0.0,1.0));
#2284=DIRECTION('',(1.0,0.0,0.0));
#2285=ORIENTED_EDGE('',*,*,#3195,.F.);
#2286=ORIENTED_EDGE('',*,*,#3072,.T.);
#2287=ORIENTED_EDGE('',*,*,#3031,.T.);
#2288=ORIENTED_EDGE('',*,*,#3281,.F.);
#2289=CARTESIAN_POINT('',(-1.225,0.0,-4.35));
#2290=DIRECTION('',(-1.0,0.0,0.0));
#2291=DIRECTION('',(0.0,0.0,1.0));
#2292=ORIENTED_EDGE('',*,*,#3284,.F.);
#2293=ORIENTED_EDGE('',*,*,#3126,.F.);
#2294=ORIENTED_EDGE('',*,*,#3285,.T.);
#2295=ORIENTED_EDGE('',*,*,#3286,.F.);
#2296=ORIENTED_EDGE('',*,*,#2940,.F.);
#2297=CARTESIAN_POINT('',(-0.75,1.5,-7.2));
#2298=DIRECTION('',(-0.0,0.0,1.0));
#2299=DIRECTION('',(1.0,0.0,0.0));
#2300=ORIENTED_EDGE('',*,*,#3287,.T.);
#2301=ORIENTED_EDGE('',*,*,#3283,.T.);
#2302=ORIENTED_EDGE('',*,*,#3288,.F.);
#2303=ORIENTED_EDGE('',*,*,#3289,.F.);
#2304=ORIENTED_EDGE('',*,*,#2930,.F.);
#2305=CARTESIAN_POINT('',(-0.75,1.5,-7.2));
#2306=DIRECTION('',(-0.0,0.0,1.0));
#2307=DIRECTION('',(1.0,0.0,0.0));
#2308=ORIENTED_EDGE('',*,*,#2938,.T.);
#2309=ORIENTED_EDGE('',*,*,#3286,.T.);
#2310=ORIENTED_EDGE('',*,*,#3290,.F.);
#2311=ORIENTED_EDGE('',*,*,#3291,.F.);
#2312=CARTESIAN_POINT('',(-0.75,1.5,-0.3999999996873));
#2313=DIRECTION('',(0.0,-0.0,-1.0));
#2314=DIRECTION('',(0.0,-1.0,0.0));
#2315=ORIENTED_EDGE('',*,*,#2939,.T.);
#2316=ORIENTED_EDGE('',*,*,#3291,.T.);
#2317=ORIENTED_EDGE('',*,*,#3292,.T.);
#2318=ORIENTED_EDGE('',*,*,#2937,.T.);
#2319=CARTESIAN_POINT('',(-2.25,0.0,-0.25));
#2320=DIRECTION('',(0.0,0.0,-1.0));
#2321=DIRECTION('',(0.0,-1.0,0.0));
#2322=ORIENTED_EDGE('',*,*,#2934,.T.);
#2323=ORIENTED_EDGE('',*,*,#3292,.F.);
#2324=ORIENTED_EDGE('',*,*,#3290,.T.);
#2325=ORIENTED_EDGE('',*,*,#3293,.T.);
#2326=CARTESIAN_POINT('',(-0.75,1.5,-0.3999999996873));
#2327=DIRECTION('',(0.0,-0.0,-1.0));
#2328=DIRECTION('',(0.0,-1.0,0.0));
#2329=ORIENTED_EDGE('',*,*,#3285,.F.);
#2330=ORIENTED_EDGE('',*,*,#3125,.F.);
#2331=ORIENTED_EDGE('',*,*,#3284,.T.);
#2332=ORIENTED_EDGE('',*,*,#2935,.F.);
#2333=ORIENTED_EDGE('',*,*,#3293,.F.);
#2334=CARTESIAN_POINT('',(-0.75,1.5,-7.2));
#2335=DIRECTION('',(-0.0,0.0,1.0));
#2336=DIRECTION('',(1.0,0.0,0.0));
#2337=ORIENTED_EDGE('',*,*,#3288,.T.);
#2338=ORIENTED_EDGE('',*,*,#3282,.T.);
#2339=ORIENTED_EDGE('',*,*,#3287,.F.);
#2340=ORIENTED_EDGE('',*,*,#2932,.F.);
#2341=ORIENTED_EDGE('',*,*,#3294,.F.);
#2342=CARTESIAN_POINT('',(-0.75,1.5,-7.2));
#2343=DIRECTION('',(-0.0,0.0,1.0));
#2344=DIRECTION('',(1.0,0.0,0.0));
#2345=ORIENTED_EDGE('',*,*,#2931,.T.);
#2346=ORIENTED_EDGE('',*,*,#3295,.F.);
#2347=ORIENTED_EDGE('',*,*,#3296,.T.);
#2348=ORIENTED_EDGE('',*,*,#3294,.T.);
#2349=CARTESIAN_POINT('',(-0.75,1.5,-7.050000000313));
#2350=DIRECTION('',(-0.0,0.0,1.0));
#2351=DIRECTION('',(0.0,-1.0,0.0));
#2352=ORIENTED_EDGE('',*,*,#2928,.T.);
#2353=ORIENTED_EDGE('',*,*,#3297,.T.);
#2354=ORIENTED_EDGE('',*,*,#3295,.T.);
#2355=ORIENTED_EDGE('',*,*,#2933,.T.);
#2356=CARTESIAN_POINT('',(-2.25,0.0,-7.2));
#2357=DIRECTION('',(0.0,0.0,-1.0));
#2358=DIRECTION('',(0.0,-1.0,0.0));
#2359=ORIENTED_EDGE('',*,*,#2927,.T.);
#2360=ORIENTED_EDGE('',*,*,#3289,.T.);
#2361=ORIENTED_EDGE('',*,*,#3296,.F.);
#2362=ORIENTED_EDGE('',*,*,#3297,.F.);
#2363=CARTESIAN_POINT('',(-0.75,1.5,-7.050000000313));
#2364=DIRECTION('',(-0.0,0.0,1.0));
#2365=DIRECTION('',(0.0,-1.0,0.0));
#2366=ORIENTED_EDGE('',*,*,#3033,.F.);
#2367=ORIENTED_EDGE('',*,*,#3071,.F.);
#2368=ORIENTED_EDGE('',*,*,#3194,.T.);
#2369=ORIENTED_EDGE('',*,*,#3298,.T.);
#2370=CARTESIAN_POINT('',(-1.775,0.0,-4.5));
#2371=DIRECTION('',(1.0,0.0,0.0));
#2372=DIRECTION('',(0.0,1.0,0.0));
#2373=ORIENTED_EDGE('',*,*,#3193,.T.);
#2374=ORIENTED_EDGE('',*,*,#3299,.T.);
#2375=ORIENTED_EDGE('',*,*,#3034,.F.);
#2376=ORIENTED_EDGE('',*,*,#3298,.F.);
#2377=ORIENTED_EDGE('',*,*,#3300,.F.);
#2378=ORIENTED_EDGE('',*,*,#3301,.F.);
#2379=CARTESIAN_POINT('',(-1.775,0.0,-4.35));
#2380=DIRECTION('',(0.0,0.0,1.0));
#2381=DIRECTION('',(1.0,0.0,0.0));
#2382=ORIENTED_EDGE('',*,*,#3192,.F.);
#2383=ORIENTED_EDGE('',*,*,#3069,.T.);
#2384=ORIENTED_EDGE('',*,*,#3035,.T.);
#2385=ORIENTED_EDGE('',*,*,#3299,.F.);
#2386=CARTESIAN_POINT('',(-2.725,0.0,-4.35));
#2387=DIRECTION('',(-1.0,0.0,0.0));
#2388=DIRECTION('',(0.0,0.0,1.0));
#2389=ORIENTED_EDGE('',*,*,#3302,.F.);
#2390=ORIENTED_EDGE('',*,*,#3124,.F.);
#2391=ORIENTED_EDGE('',*,*,#3303,.T.);
#2392=ORIENTED_EDGE('',*,*,#3304,.F.);
#2393=ORIENTED_EDGE('',*,*,#2926,.F.);
#2394=CARTESIAN_POINT('',(-2.25,1.5,-7.2));
#2395=DIRECTION('',(-0.0,0.0,1.0));
#2396=DIRECTION('',(1.0,0.0,0.0));
#2397=ORIENTED_EDGE('',*,*,#3305,.T.);
#2398=ORIENTED_EDGE('',*,*,#3301,.T.);
#2399=ORIENTED_EDGE('',*,*,#3306,.F.);
#2400=ORIENTED_EDGE('',*,*,#3307,.F.);
#2401=ORIENTED_EDGE('',*,*,#2916,.F.);
#2402=CARTESIAN_POINT('',(-2.25,1.5,-7.2));
#2403=DIRECTION('',(-0.0,0.0,1.0));
#2404=DIRECTION('',(1.0,0.0,0.0));
#2405=ORIENTED_EDGE('',*,*,#2924,.T.);
#2406=ORIENTED_EDGE('',*,*,#3304,.T.);
#2407=ORIENTED_EDGE('',*,*,#3308,.F.);
#2408=ORIENTED_EDGE('',*,*,#3309,.F.);
#2409=CARTESIAN_POINT('',(-2.25,1.5,-0.3999999996873));
#2410=DIRECTION('',(0.0,-0.0,-1.0));
#2411=DIRECTION('',(0.0,-1.0,0.0));
#2412=ORIENTED_EDGE('',*,*,#2925,.T.);
#2413=ORIENTED_EDGE('',*,*,#3309,.T.);
#2414=ORIENTED_EDGE('',*,*,#3310,.T.);
#2415=ORIENTED_EDGE('',*,*,#2923,.T.);
#2416=CARTESIAN_POINT('',(-3.75,0.0,-0.25));
#2417=DIRECTION('',(0.0,0.0,-1.0));
#2418=DIRECTION('',(0.0,-1.0,0.0));
#2419=ORIENTED_EDGE('',*,*,#2920,.T.);
#2420=ORIENTED_EDGE('',*,*,#3310,.F.);
#2421=ORIENTED_EDGE('',*,*,#3308,.T.);
#2422=ORIENTED_EDGE('',*,*,#3311,.T.);
#2423=CARTESIAN_POINT('',(-2.25,1.5,-0.3999999996873));
#2424=DIRECTION('',(0.0,-0.0,-1.0));
#2425=DIRECTION('',(0.0,-1.0,0.0));
#2426=ORIENTED_EDGE('',*,*,#3303,.F.);
#2427=ORIENTED_EDGE('',*,*,#3123,.F.);
#2428=ORIENTED_EDGE('',*,*,#3302,.T.);
#2429=ORIENTED_EDGE('',*,*,#2921,.F.);
#2430=ORIENTED_EDGE('',*,*,#3311,.F.);
#2431=CARTESIAN_POINT('',(-2.25,1.5,-7.2));
#2432=DIRECTION('',(-0.0,0.0,1.0));
#2433=DIRECTION('',(1.0,0.0,0.0));
#2434=ORIENTED_EDGE('',*,*,#3306,.T.);
#2435=ORIENTED_EDGE('',*,*,#3300,.T.);
#2436=ORIENTED_EDGE('',*,*,#3305,.F.);
#2437=ORIENTED_EDGE('',*,*,#2918,.F.);
#2438=ORIENTED_EDGE('',*,*,#3312,.F.);
#2439=CARTESIAN_POINT('',(-2.25,1.5,-7.2));
#2440=DIRECTION('',(-0.0,0.0,1.0));
#2441=DIRECTION('',(1.0,0.0,0.0));
#2442=ORIENTED_EDGE('',*,*,#2917,.T.);
#2443=ORIENTED_EDGE('',*,*,#3313,.F.);
#2444=ORIENTED_EDGE('',*,*,#3314,.T.);
#2445=ORIENTED_EDGE('',*,*,#3312,.T.);
#2446=CARTESIAN_POINT('',(-2.25,1.5,-7.050000000313));
#2447=DIRECTION('',(-0.0,0.0,1.0));
#2448=DIRECTION('',(0.0,-1.0,0.0));
#2449=ORIENTED_EDGE('',*,*,#2914,.T.);
#2450=ORIENTED_EDGE('',*,*,#3315,.T.);
#2451=ORIENTED_EDGE('',*,*,#3313,.T.);
#2452=ORIENTED_EDGE('',*,*,#2919,.T.);
#2453=CARTESIAN_POINT('',(-3.75,0.0,-7.2));
#2454=DIRECTION('',(0.0,0.0,-1.0));
#2455=DIRECTION('',(0.0,-1.0,0.0));
#2456=ORIENTED_EDGE('',*,*,#2913,.T.);
#2457=ORIENTED_EDGE('',*,*,#3307,.T.);
#2458=ORIENTED_EDGE('',*,*,#3314,.F.);
#2459=ORIENTED_EDGE('',*,*,#3315,.F.);
#2460=CARTESIAN_POINT('',(-2.25,1.5,-7.050000000313));
#2461=DIRECTION('',(-0.0,0.0,1.0));
#2462=DIRECTION('',(0.0,-1.0,0.0));
#2463=ORIENTED_EDGE('',*,*,#3037,.F.);
#2464=ORIENTED_EDGE('',*,*,#3068,.F.);
#2465=ORIENTED_EDGE('',*,*,#3191,.T.);
#2466=ORIENTED_EDGE('',*,*,#3316,.T.);
#2467=CARTESIAN_POINT('',(-3.275,0.0,-4.5));
#2468=DIRECTION('',(1.0,0.0,0.0));
#2469=DIRECTION('',(0.0,1.0,0.0));
#2470=ORIENTED_EDGE('',*,*,#3190,.T.);
#2471=ORIENTED_EDGE('',*,*,#3317,.T.);
#2472=ORIENTED_EDGE('',*,*,#3038,.F.);
#2473=ORIENTED_EDGE('',*,*,#3316,.F.);
#2474=ORIENTED_EDGE('',*,*,#3318,.F.);
#2475=ORIENTED_EDGE('',*,*,#3319,.F.);
#2476=ORIENTED_EDGE('',*,*,#2908,.F.);
#2477=CARTESIAN_POINT('',(-3.275,0.0,-4.35));
#2478=DIRECTION('',(0.0,0.0,1.0));
#2479=DIRECTION('',(1.0,0.0,0.0));
#2480=ORIENTED_EDGE('',*,*,#3189,.F.);
#2481=ORIENTED_EDGE('',*,*,#3066,.T.);
#2482=ORIENTED_EDGE('',*,*,#3039,.T.);
#2483=ORIENTED_EDGE('',*,*,#3317,.F.);
#2484=CARTESIAN_POINT('',(-4.225,0.0,-4.35));
#2485=DIRECTION('',(-1.0,0.0,0.0));
#2486=DIRECTION('',(0.0,0.0,1.0));
#2487=ORIENTED_EDGE('',*,*,#2909,.T.);
#2488=ORIENTED_EDGE('',*,*,#2905,.F.);
#2489=ORIENTED_EDGE('',*,*,#3320,.F.);
#2490=ORIENTED_EDGE('',*,*,#3122,.F.);
#2491=CARTESIAN_POINT('',(-3.75,1.5,-6.7));
#2492=DIRECTION('',(0.0,-0.0,-1.0));
#2493=DIRECTION('',(0.0,-1.0,0.0));
#2494=ORIENTED_EDGE('',*,*,#2906,.T.);
#2495=ORIENTED_EDGE('',*,*,#3319,.T.);
#2496=ORIENTED_EDGE('',*,*,#3321,.F.);
#2497=ORIENTED_EDGE('',*,*,#3322,.T.);
#2498=ORIENTED_EDGE('',*,*,#3323,.F.);
#2499=ORIENTED_EDGE('',*,*,#3324,.T.);
#2500=ORIENTED_EDGE('',*,*,#2897,.T.);
#2501=CARTESIAN_POINT('',(-3.75,1.5,-6.7));
#2502=DIRECTION('',(0.0,-0.0,-1.0));
#2503=DIRECTION('',(0.0,-1.0,0.0));
#2504=ORIENTED_EDGE('',*,*,#2890,.T.);
#2505=ORIENTED_EDGE('',*,*,#3325,.F.);
#2506=ORIENTED_EDGE('',*,*,#3326,.F.);
#2507=ORIENTED_EDGE('',*,*,#3327,.F.);
#2508=ORIENTED_EDGE('',*,*,#2891,.F.);
#2509=CARTESIAN_POINT('',(-3.75,1.5,-6.7));
#2510=DIRECTION('',(0.0,-0.0,-1.0));
#2511=DIRECTION('',(0.0,-1.0,0.0));
#2512=ORIENTED_EDGE('',*,*,#2903,.T.);
#2513=ORIENTED_EDGE('',*,*,#2912,.T.);
#2514=ORIENTED_EDGE('',*,*,#3328,.F.);
#2515=ORIENTED_EDGE('',*,*,#3329,.F.);
#2516=CARTESIAN_POINT('',(-3.75,1.5,-0.3999999996873));
#2517=DIRECTION('',(0.0,-0.0,-1.0));
#2518=DIRECTION('',(0.0,-1.0,0.0));
#2519=ORIENTED_EDGE('',*,*,#2904,.T.);
#2520=ORIENTED_EDGE('',*,*,#3329,.T.);
#2521=ORIENTED_EDGE('',*,*,#3330,.T.);
#2522=ORIENTED_EDGE('',*,*,#2902,.T.);
#2523=CARTESIAN_POINT('',(-5.25,0.0,-0.25));
#2524=DIRECTION('',(0.0,0.0,-1.0));
#2525=DIRECTION('',(0.0,-1.0,0.0));
#2526=ORIENTED_EDGE('',*,*,#2899,.T.);
#2527=ORIENTED_EDGE('',*,*,#3330,.F.);
#2528=ORIENTED_EDGE('',*,*,#3328,.T.);
#2529=ORIENTED_EDGE('',*,*,#3331,.T.);
#2530=CARTESIAN_POINT('',(-3.75,1.5,-0.3999999996873));
#2531=DIRECTION('',(0.0,-0.0,-1.0));
#2532=DIRECTION('',(0.0,-1.0,0.0));
#2533=ORIENTED_EDGE('',*,*,#2911,.F.);
#2534=ORIENTED_EDGE('',*,*,#3121,.F.);
#2535=ORIENTED_EDGE('',*,*,#3320,.T.);
#2536=ORIENTED_EDGE('',*,*,#2900,.F.);
#2537=ORIENTED_EDGE('',*,*,#3331,.F.);
#2538=CARTESIAN_POINT('',(-3.75,1.5,-7.2));
#2539=DIRECTION('',(-0.0,0.0,1.0));
#2540=DIRECTION('',(1.0,0.0,0.0));
#2541=ORIENTED_EDGE('',*,*,#3327,.T.);
#2542=ORIENTED_EDGE('',*,*,#3332,.T.);
#2543=ORIENTED_EDGE('',*,*,#2894,.F.);
#2544=ORIENTED_EDGE('',*,*,#2882,.F.);
#2545=ORIENTED_EDGE('',*,*,#3333,.F.);
#2546=ORIENTED_EDGE('',*,*,#2892,.T.);
#2547=CARTESIAN_POINT('',(-3.75,1.5,-7.2));
#2548=DIRECTION('',(-0.0,0.0,1.0));
#2549=DIRECTION('',(1.0,0.0,0.0));
#2550=ORIENTED_EDGE('',*,*,#2895,.T.);
#2551=ORIENTED_EDGE('',*,*,#3334,.T.);
#2552=ORIENTED_EDGE('',*,*,#3323,.T.);
#2553=ORIENTED_EDGE('',*,*,#3322,.F.);
#2554=ORIENTED_EDGE('',*,*,#3321,.T.);
#2555=ORIENTED_EDGE('',*,*,#3318,.T.);
#2556=ORIENTED_EDGE('',*,*,#2907,.F.);
#2557=CARTESIAN_POINT('',(-3.75,1.5,-7.2));
#2558=DIRECTION('',(-0.0,0.0,1.0));
#2559=DIRECTION('',(1.0,0.0,0.0));
#2560=ORIENTED_EDGE('',*,*,#2888,.T.);
#2561=ORIENTED_EDGE('',*,*,#3332,.F.);
#2562=ORIENTED_EDGE('',*,*,#3326,.T.);
#2563=ORIENTED_EDGE('',*,*,#3335,.F.);
#2564=CARTESIAN_POINT('',(-3.75,1.5,-7.2));
#2565=DIRECTION('',(-0.0,0.0,1.0));
#2566=DIRECTION('',(1.0,0.0,0.0));
#2567=ORIENTED_EDGE('',*,*,#3336,.T.);
#2568=ORIENTED_EDGE('',*,*,#3337,.F.);
#2569=ORIENTED_EDGE('',*,*,#3338,.F.);
#2570=ORIENTED_EDGE('',*,*,#2889,.T.);
#2571=ORIENTED_EDGE('',*,*,#3335,.T.);
#2572=CARTESIAN_POINT('',(-3.75,2.0,-6.626108268163));
#2573=DIRECTION('',(-1.0,0.0,0.0));
#2574=DIRECTION('',(0.0,1.0,0.0));
#2575=ORIENTED_EDGE('',*,*,#3338,.T.);
#2576=ORIENTED_EDGE('',*,*,#3339,.F.);
#2577=ORIENTED_EDGE('',*,*,#3336,.F.);
#2578=ORIENTED_EDGE('',*,*,#3325,.T.);
#2579=CARTESIAN_POINT('',(-3.75,2.0,-6.626108268163));
#2580=DIRECTION('',(-1.0,0.0,0.0));
#2581=DIRECTION('',(0.0,1.0,0.0));
#2582=ORIENTED_EDGE('',*,*,#3340,.T.);
#2583=ORIENTED_EDGE('',*,*,#3341,.F.);
#2584=ORIENTED_EDGE('',*,*,#3342,.F.);
#2585=ORIENTED_EDGE('',*,*,#3339,.T.);
#2586=CARTESIAN_POINT('',(-3.75,1.516310255377,-6.499442444253));
#2587=DIRECTION('',(0.0,-0.253331647820201,-0.967379489245405));
#2588=DIRECTION('',(0.0,-0.967379489245405,0.253331647820201));
#2589=ORIENTED_EDGE('',*,*,#3342,.T.);
#2590=ORIENTED_EDGE('',*,*,#3343,.F.);
#2591=ORIENTED_EDGE('',*,*,#3340,.F.);
#2592=ORIENTED_EDGE('',*,*,#3337,.T.);
#2593=CARTESIAN_POINT('',(-3.75,1.516310255377,-6.499442444253));
#2594=DIRECTION('',(0.0,-0.253331647820201,-0.967379489245405));
#2595=DIRECTION('',(0.0,-0.967379489245405,0.253331647820201));
#2596=ORIENTED_EDGE('',*,*,#3344,.T.);
#2597=ORIENTED_EDGE('',*,*,#3345,.F.);
#2598=ORIENTED_EDGE('',*,*,#3346,.F.);
#2599=ORIENTED_EDGE('',*,*,#3343,.T.);
#2600=CARTESIAN_POINT('',(-3.75,1.2,-5.733616506675));
#2601=DIRECTION('',(1.0,0.0,0.0));
#2602=DIRECTION('',(0.0,-0.967379489245405,0.253331647820201));
#2603=ORIENTED_EDGE('',*,*,#3346,.T.);
#2604=ORIENTED_EDGE('',*,*,#3347,.F.);
#2605=ORIENTED_EDGE('',*,*,#3344,.F.);
#2606=ORIENTED_EDGE('',*,*,#3341,.T.);
#2607=CARTESIAN_POINT('',(-3.75,1.2,-5.733616506675));
#2608=DIRECTION('',(1.0,0.0,0.0));
#2609=DIRECTION('',(0.0,-0.967379489245405,0.253331647820201));
#2610=ORIENTED_EDGE('',*,*,#3348,.T.);
#2611=ORIENTED_EDGE('',*,*,#3349,.F.);
#2612=ORIENTED_EDGE('',*,*,#3350,.F.);
#2613=ORIENTED_EDGE('',*,*,#3347,.T.);
#2614=CARTESIAN_POINT('',(-3.75,1.686286634816,-5.617318145555));
#2615=DIRECTION('',(0.0,0.232596722241291,-0.972573269631963));
#2616=DIRECTION('',(0.0,-0.972573269631963,-0.232596722241291));
#2617=ORIENTED_EDGE('',*,*,#3350,.T.);
#2618=ORIENTED_EDGE('',*,*,#3351,.F.);
#2619=ORIENTED_EDGE('',*,*,#3348,.F.);
#2620=ORIENTED_EDGE('',*,*,#3345,.T.);
#2621=CARTESIAN_POINT('',(-3.75,1.686286634816,-5.617318145555));
#2622=DIRECTION('',(0.0,0.232596722241291,-0.972573269631963));
#2623=DIRECTION('',(0.0,-0.972573269631963,-0.232596722241291));
#2624=ORIENTED_EDGE('',*,*,#3352,.T.);
#2625=ORIENTED_EDGE('',*,*,#3334,.F.);
#2626=ORIENTED_EDGE('',*,*,#2898,.F.);
#2627=ORIENTED_EDGE('',*,*,#3353,.F.);
#2628=ORIENTED_EDGE('',*,*,#3351,.T.);
#2629=CARTESIAN_POINT('',(-3.75,2.0,-4.779426859651));
#2630=DIRECTION('',(-1.0,0.0,0.0));
#2631=DIRECTION('',(0.0,0.972573269631963,0.232596722241291));
#2632=ORIENTED_EDGE('',*,*,#3353,.T.);
#2633=ORIENTED_EDGE('',*,*,#3324,.F.);
#2634=ORIENTED_EDGE('',*,*,#3352,.F.);
#2635=ORIENTED_EDGE('',*,*,#3349,.T.);
#2636=CARTESIAN_POINT('',(-3.75,2.0,-4.779426859651));
#2637=DIRECTION('',(-1.0,0.0,0.0));
#2638=DIRECTION('',(0.0,0.972573269631963,0.232596722241291));
#2639=ORIENTED_EDGE('',*,*,#2885,.T.);
#2640=ORIENTED_EDGE('',*,*,#2893,.T.);
#2641=ORIENTED_EDGE('',*,*,#3354,.F.);
#2642=ORIENTED_EDGE('',*,*,#3355,.F.);
#2643=CARTESIAN_POINT('',(-3.75,1.5,-7.050000000313));
#2644=DIRECTION('',(-0.0,0.0,1.0));
#2645=DIRECTION('',(0.0,-1.0,0.0));
#2646=ORIENTED_EDGE('',*,*,#2886,.T.);
#2647=ORIENTED_EDGE('',*,*,#3355,.T.);
#2648=ORIENTED_EDGE('',*,*,#3356,.T.);
#2649=ORIENTED_EDGE('',*,*,#2884,.T.);
#2650=CARTESIAN_POINT('',(-5.25,0.0,-7.2));
#2651=DIRECTION('',(0.0,0.0,-1.0));
#2652=DIRECTION('',(0.0,-1.0,0.0));
#2653=ORIENTED_EDGE('',*,*,#2881,.T.);
#2654=ORIENTED_EDGE('',*,*,#3356,.F.);
#2655=ORIENTED_EDGE('',*,*,#3354,.T.);
#2656=ORIENTED_EDGE('',*,*,#3333,.T.);
#2657=CARTESIAN_POINT('',(-3.75,1.5,-7.050000000313));
#2658=DIRECTION('',(-0.0,0.0,1.0));
#2659=DIRECTION('',(0.0,-1.0,0.0));
#2660=ORIENTED_EDGE('',*,*,#3065,.F.);
#2661=ORIENTED_EDGE('',*,*,#3188,.T.);
#2662=ORIENTED_EDGE('',*,*,#3097,.T.);
#2663=ORIENTED_EDGE('',*,*,#3041,.F.);
#2664=CARTESIAN_POINT('',(-4.775,0.0,-4.5));
#2665=DIRECTION('',(1.0,0.0,0.0));
#2666=DIRECTION('',(0.0,1.0,0.0));
#2667=ORIENTED_EDGE('',*,*,#3103,.F.);
#2668=ORIENTED_EDGE('',*,*,#3187,.T.);
#2669=ORIENTED_EDGE('',*,*,#3357,.T.);
#2670=ORIENTED_EDGE('',*,*,#3105,.F.);
#2671=CARTESIAN_POINT('',(-5.55,0.0,-1.698818597561));
#2672=DIRECTION('',(0.0,0.0,1.0));
#2673=DIRECTION('',(1.0,0.0,0.0));
#2674=ORIENTED_EDGE('',*,*,#3092,.F.);
#2675=ORIENTED_EDGE('',*,*,#3106,.T.);
#2676=ORIENTED_EDGE('',*,*,#3357,.F.);
#2677=ORIENTED_EDGE('',*,*,#3186,.F.);
#2678=ORIENTED_EDGE('',*,*,#3061,.F.);
#2679=CARTESIAN_POINT('',(-6.25,0.0,-1.698818597561));
#2680=DIRECTION('',(-1.0,0.0,0.0));
#2681=DIRECTION('',(0.0,0.0,1.0));
#2682=ORIENTED_EDGE('',*,*,#3185,.T.);
#2683=ORIENTED_EDGE('',*,*,#3358,.T.);
#2684=ORIENTED_EDGE('',*,*,#3112,.F.);
#2685=ORIENTED_EDGE('',*,*,#3094,.F.);
#2686=ORIENTED_EDGE('',*,*,#3084,.T.);
#2687=CARTESIAN_POINT('',(6.25,0.0,-4.5));
#2688=DIRECTION('',(1.0,0.0,0.0));
#2689=DIRECTION('',(0.0,1.0,0.0));
#2690=ORIENTED_EDGE('',*,*,#3358,.F.);
#2691=ORIENTED_EDGE('',*,*,#3184,.T.);
#2692=ORIENTED_EDGE('',*,*,#3359,.T.);
#2693=ORIENTED_EDGE('',*,*,#3113,.F.);
#2694=CARTESIAN_POINT('',(6.25,0.0,-1.698818597561));
#2695=DIRECTION('',(0.0,0.0,1.0));
#2696=DIRECTION('',(1.0,0.0,0.0));
#2697=ORIENTED_EDGE('',*,*,#3096,.F.);
#2698=ORIENTED_EDGE('',*,*,#3114,.T.);
#2699=ORIENTED_EDGE('',*,*,#3359,.F.);
#2700=ORIENTED_EDGE('',*,*,#3183,.F.);
#2701=ORIENTED_EDGE('',*,*,#3053,.F.);
#2702=CARTESIAN_POINT('',(5.55,0.0,-1.698818597561));
#2703=DIRECTION('',(-1.0,0.0,0.0));
#2704=DIRECTION('',(0.0,0.0,1.0));
#2705=ORIENTED_EDGE('',*,*,#3360,.F.);
#2706=ORIENTED_EDGE('',*,*,#3120,.F.);
#2707=ORIENTED_EDGE('',*,*,#3361,.T.);
#2708=ORIENTED_EDGE('',*,*,#3362,.F.);
#2709=ORIENTED_EDGE('',*,*,#2880,.F.);
#2710=CARTESIAN_POINT('',(-5.25,1.5,-7.2));
#2711=DIRECTION('',(-0.0,0.0,1.0));
#2712=DIRECTION('',(1.0,0.0,0.0));
#2713=ORIENTED_EDGE('',*,*,#3363,.T.);
#2714=ORIENTED_EDGE('',*,*,#3101,.T.);
#2715=ORIENTED_EDGE('',*,*,#3364,.F.);
#2716=ORIENTED_EDGE('',*,*,#3365,.F.);
#2717=ORIENTED_EDGE('',*,*,#2870,.F.);
#2718=CARTESIAN_POINT('',(-5.25,1.5,-7.2));
#2719=DIRECTION('',(-0.0,0.0,1.0));
#2720=DIRECTION('',(1.0,0.0,0.0));
#2721=ORIENTED_EDGE('',*,*,#2878,.T.);
#2722=ORIENTED_EDGE('',*,*,#3362,.T.);
#2723=ORIENTED_EDGE('',*,*,#3366,.F.);
#2724=ORIENTED_EDGE('',*,*,#3367,.F.);
#2725=CARTESIAN_POINT('',(-5.25,1.5,-0.3999999996873));
#2726=DIRECTION('',(0.0,-0.0,-1.0));
#2727=DIRECTION('',(0.0,-1.0,0.0));
#2728=ORIENTED_EDGE('',*,*,#2879,.T.);
#2729=ORIENTED_EDGE('',*,*,#3367,.T.);
#2730=ORIENTED_EDGE('',*,*,#3368,.T.);
#2731=ORIENTED_EDGE('',*,*,#2877,.T.);
#2732=CARTESIAN_POINT('',(-6.75,0.0,-0.25));
#2733=DIRECTION('',(0.0,0.0,-1.0));
#2734=DIRECTION('',(0.0,-1.0,0.0));
#2735=ORIENTED_EDGE('',*,*,#2874,.T.);
#2736=ORIENTED_EDGE('',*,*,#3368,.F.);
#2737=ORIENTED_EDGE('',*,*,#3366,.T.);
#2738=ORIENTED_EDGE('',*,*,#3369,.T.);
#2739=CARTESIAN_POINT('',(-5.25,1.5,-0.3999999996873));
#2740=DIRECTION('',(0.0,-0.0,-1.0));
#2741=DIRECTION('',(0.0,-1.0,0.0));
#2742=ORIENTED_EDGE('',*,*,#3361,.F.);
#2743=ORIENTED_EDGE('',*,*,#3119,.F.);
#2744=ORIENTED_EDGE('',*,*,#3360,.T.);
#2745=ORIENTED_EDGE('',*,*,#2875,.F.);
#2746=ORIENTED_EDGE('',*,*,#3369,.F.);
#2747=CARTESIAN_POINT('',(-5.25,1.5,-7.2));
#2748=DIRECTION('',(-0.0,0.0,1.0));
#2749=DIRECTION('',(1.0,0.0,0.0));
#2750=ORIENTED_EDGE('',*,*,#3364,.T.);
#2751=ORIENTED_EDGE('',*,*,#3100,.T.);
#2752=ORIENTED_EDGE('',*,*,#3363,.F.);
#2753=ORIENTED_EDGE('',*,*,#2872,.F.);
#2754=ORIENTED_EDGE('',*,*,#3370,.F.);
#2755=CARTESIAN_POINT('',(-5.25,1.5,-7.2));
#2756=DIRECTION('',(-0.0,0.0,1.0));
#2757=DIRECTION('',(1.0,0.0,0.0));
#2758=ORIENTED_EDGE('',*,*,#2871,.T.);
#2759=ORIENTED_EDGE('',*,*,#3371,.F.);
#2760=ORIENTED_EDGE('',*,*,#3372,.T.);
#2761=ORIENTED_EDGE('',*,*,#3370,.T.);
#2762=CARTESIAN_POINT('',(-5.25,1.5,-7.050000000313));
#2763=DIRECTION('',(-0.0,0.0,1.0));
#2764=DIRECTION('',(0.0,-1.0,0.0));
#2765=ORIENTED_EDGE('',*,*,#2868,.T.);
#2766=ORIENTED_EDGE('',*,*,#3373,.T.);
#2767=ORIENTED_EDGE('',*,*,#3371,.T.);
#2768=ORIENTED_EDGE('',*,*,#2873,.T.);
#2769=CARTESIAN_POINT('',(-6.75,0.0,-7.2));
#2770=DIRECTION('',(0.0,0.0,-1.0));
#2771=DIRECTION('',(0.0,-1.0,0.0));
#2772=ORIENTED_EDGE('',*,*,#2867,.T.);
#2773=ORIENTED_EDGE('',*,*,#3365,.T.);
#2774=ORIENTED_EDGE('',*,*,#3372,.F.);
#2775=ORIENTED_EDGE('',*,*,#3373,.F.);
#2776=CARTESIAN_POINT('',(-5.25,1.5,-7.050000000313));
#2777=DIRECTION('',(-0.0,0.0,1.0));
#2778=DIRECTION('',(0.0,-1.0,0.0));
#2779=ORIENTED_EDGE('',*,*,#3374,.F.);
#2780=ORIENTED_EDGE('',*,*,#3134,.F.);
#2781=ORIENTED_EDGE('',*,*,#3375,.T.);
#2782=ORIENTED_EDGE('',*,*,#3376,.F.);
#2783=ORIENTED_EDGE('',*,*,#2866,.F.);
#2784=CARTESIAN_POINT('',(5.25,1.5,-7.2));
#2785=DIRECTION('',(-0.0,0.0,1.0));
#2786=DIRECTION('',(1.0,0.0,0.0));
#2787=ORIENTED_EDGE('',*,*,#3377,.T.);
#2788=ORIENTED_EDGE('',*,*,#3057,.T.);
#2789=ORIENTED_EDGE('',*,*,#3378,.F.);
#2790=ORIENTED_EDGE('',*,*,#3379,.F.);
#2791=ORIENTED_EDGE('',*,*,#2856,.F.);
#2792=CARTESIAN_POINT('',(5.25,1.5,-7.2));
#2793=DIRECTION('',(-0.0,0.0,1.0));
#2794=DIRECTION('',(1.0,0.0,0.0));
#2795=ORIENTED_EDGE('',*,*,#2864,.T.);
#2796=ORIENTED_EDGE('',*,*,#3376,.T.);
#2797=ORIENTED_EDGE('',*,*,#3380,.F.);
#2798=ORIENTED_EDGE('',*,*,#3381,.F.);
#2799=CARTESIAN_POINT('',(5.25,1.5,-0.3999999996873));
#2800=DIRECTION('',(0.0,-0.0,-1.0));
#2801=DIRECTION('',(0.0,-1.0,0.0));
#2802=ORIENTED_EDGE('',*,*,#2865,.T.);
#2803=ORIENTED_EDGE('',*,*,#3381,.T.);
#2804=ORIENTED_EDGE('',*,*,#3382,.T.);
#2805=ORIENTED_EDGE('',*,*,#2863,.T.);
#2806=CARTESIAN_POINT('',(3.75,0.0,-0.25));
#2807=DIRECTION('',(0.0,0.0,-1.0));
#2808=DIRECTION('',(0.0,-1.0,0.0));
#2809=ORIENTED_EDGE('',*,*,#2860,.T.);
#2810=ORIENTED_EDGE('',*,*,#3382,.F.);
#2811=ORIENTED_EDGE('',*,*,#3380,.T.);
#2812=ORIENTED_EDGE('',*,*,#3383,.T.);
#2813=CARTESIAN_POINT('',(5.25,1.5,-0.3999999996873));
#2814=DIRECTION('',(0.0,-0.0,-1.0));
#2815=DIRECTION('',(0.0,-1.0,0.0));
#2816=ORIENTED_EDGE('',*,*,#3375,.F.);
#2817=ORIENTED_EDGE('',*,*,#3133,.F.);
#2818=ORIENTED_EDGE('',*,*,#3374,.T.);
#2819=ORIENTED_EDGE('',*,*,#2861,.F.);
#2820=ORIENTED_EDGE('',*,*,#3383,.F.);
#2821=CARTESIAN_POINT('',(5.25,1.5,-7.2));
#2822=DIRECTION('',(-0.0,0.0,1.0));
#2823=DIRECTION('',(1.0,0.0,0.0));
#2824=ORIENTED_EDGE('',*,*,#3378,.T.);
#2825=ORIENTED_EDGE('',*,*,#3056,.T.);
#2826=ORIENTED_EDGE('',*,*,#3377,.F.);
#2827=ORIENTED_EDGE('',*,*,#2858,.F.);
#2828=ORIENTED_EDGE('',*,*,#3384,.F.);
#2829=CARTESIAN_POINT('',(5.25,1.5,-7.2));
#2830=DIRECTION('',(-0.0,0.0,1.0));
#2831=DIRECTION('',(1.0,0.0,0.0));
#2832=ORIENTED_EDGE('',*,*,#2857,.T.);
#2833=ORIENTED_EDGE('',*,*,#3385,.F.);
#2834=ORIENTED_EDGE('',*,*,#3386,.T.);
#2835=ORIENTED_EDGE('',*,*,#3384,.T.);
#2836=CARTESIAN_POINT('',(5.25,1.5,-7.050000000313));
#2837=DIRECTION('',(-0.0,0.0,1.0));
#2838=DIRECTION('',(0.0,-1.0,0.0));
#2839=ORIENTED_EDGE('',*,*,#2854,.T.);
#2840=ORIENTED_EDGE('',*,*,#3387,.T.);
#2841=ORIENTED_EDGE('',*,*,#3385,.T.);
#2842=ORIENTED_EDGE('',*,*,#2859,.T.);
#2843=CARTESIAN_POINT('',(3.75,0.0,-7.2));
#2844=DIRECTION('',(0.0,0.0,-1.0));
#2845=DIRECTION('',(0.0,-1.0,0.0));
#2846=ORIENTED_EDGE('',*,*,#2853,.T.);
#2847=ORIENTED_EDGE('',*,*,#3379,.T.);
#2848=ORIENTED_EDGE('',*,*,#3386,.F.);
#2849=ORIENTED_EDGE('',*,*,#3387,.F.);
#2850=CARTESIAN_POINT('',(5.25,1.5,-7.050000000313));
#2851=DIRECTION('',(-0.0,0.0,1.0));
#2852=DIRECTION('',(0.0,-1.0,0.0));
#2853=EDGE_CURVE('',#3388,#3389,#3390,.T.);
#2854=EDGE_CURVE('',#3391,#3388,#3392,.T.);
#2855=EDGE_CURVE('',#3391,#3393,#3394,.T.);
#2856=EDGE_CURVE('',#3393,#3389,#3395,.T.);
#2857=EDGE_CURVE('',#3396,#3397,#3398,.T.);
#2858=EDGE_CURVE('',#3396,#3393,#3399,.T.);
#2859=EDGE_CURVE('',#3397,#3391,#3400,.T.);
#2860=EDGE_CURVE('',#3401,#3402,#3403,.T.);
#2861=EDGE_CURVE('',#3401,#3404,#3405,.T.);
#2862=EDGE_CURVE('',#3406,#3404,#3407,.T.);
#2863=EDGE_CURVE('',#3402,#3406,#3408,.T.);
#2864=EDGE_CURVE('',#3409,#3410,#3411,.T.);
#2865=EDGE_CURVE('',#3406,#3409,#3412,.T.);
#2866=EDGE_CURVE('',#3404,#3410,#3413,.T.);
#2867=EDGE_CURVE('',#3414,#3415,#3416,.T.);
#2868=EDGE_CURVE('',#3417,#3414,#3418,.T.);
#2869=EDGE_CURVE('',#3417,#3419,#3420,.T.);
#2870=EDGE_CURVE('',#3419,#3415,#3421,.T.);
#2871=EDGE_CURVE('',#3422,#3423,#3424,.T.);
#2872=EDGE_CURVE('',#3422,#3419,#3425,.T.);
#2873=EDGE_CURVE('',#3423,#3417,#3426,.T.);
#2874=EDGE_CURVE('',#3427,#3428,#3429,.T.);
#2875=EDGE_CURVE('',#3427,#3430,#3431,.T.);
#2876=EDGE_CURVE('',#3432,#3430,#3433,.T.);
#2877=EDGE_CURVE('',#3428,#3432,#3434,.T.);
#2878=EDGE_CURVE('',#3435,#3436,#3437,.T.);
#2879=EDGE_CURVE('',#3432,#3435,#3438,.T.);
#2880=EDGE_CURVE('',#3430,#3436,#3439,.T.);
#2881=EDGE_CURVE('',#3440,#3441,#3442,.T.);
#2882=EDGE_CURVE('',#3440,#3443,#3444,.T.);
#2883=EDGE_CURVE('',#3445,#3443,#3446,.T.);
#2884=EDGE_CURVE('',#3441,#3445,#3447,.T.);
#2885=EDGE_CURVE('',#3448,#3449,#3450,.T.);
#2886=EDGE_CURVE('',#3445,#3448,#3451,.T.);
#2887=EDGE_CURVE('',#3443,#3449,#3452,.T.);
#2888=EDGE_CURVE('',#3453,#3454,#3455,.T.);
#2889=EDGE_CURVE('',#3456,#3453,#3457,.T.);
#2890=EDGE_CURVE('',#3458,#3456,#3459,.T.);
#2891=EDGE_CURVE('',#3458,#3460,#3461,.T.);
#2892=EDGE_CURVE('',#3462,#3460,#3463,.T.);
#2893=EDGE_CURVE('',#3449,#3462,#3464,.T.);
#2894=EDGE_CURVE('',#3443,#3454,#3465,.T.);
#2895=EDGE_CURVE('',#3466,#3467,#3468,.T.);
#2896=EDGE_CURVE('',#3466,#3469,#3470,.T.);
#2897=EDGE_CURVE('',#3471,#3469,#3472,.T.);
#2898=EDGE_CURVE('',#3471,#3467,#3473,.T.);
#2899=EDGE_CURVE('',#3474,#3475,#3476,.T.);
#2900=EDGE_CURVE('',#3474,#3477,#3478,.T.);
#2901=EDGE_CURVE('',#3479,#3477,#3480,.T.);
#2902=EDGE_CURVE('',#3475,#3479,#3481,.T.);
#2903=EDGE_CURVE('',#3482,#3483,#3484,.T.);
#2904=EDGE_CURVE('',#3479,#3482,#3485,.T.);
#2905=EDGE_CURVE('',#3477,#3483,#3486,.T.);
#2906=EDGE_CURVE('',#3469,#3487,#3488,.T.);
#2907=EDGE_CURVE('',#3466,#3489,#3490,.T.);
#2908=EDGE_CURVE('',#3489,#3487,#3491,.T.);
#2909=EDGE_CURVE('',#3492,#3483,#3493,.T.);
#2910=EDGE_CURVE('',#3494,#3492,#3495,.T.);
#2911=EDGE_CURVE('',#3494,#3496,#3497,.T.);
#2912=EDGE_CURVE('',#3483,#3496,#3498,.T.);
#2913=EDGE_CURVE('',#3499,#3500,#3501,.T.);
#2914=EDGE_CURVE('',#3502,#3499,#3503,.T.);
#2915=EDGE_CURVE('',#3502,#3504,#3505,.T.);
#2916=EDGE_CURVE('',#3504,#3500,#3506,.T.);
#2917=EDGE_CURVE('',#3507,#3508,#3509,.T.);
#2918=EDGE_CURVE('',#3507,#3504,#3510,.T.);
#2919=EDGE_CURVE('',#3508,#3502,#3511,.T.);
#2920=EDGE_CURVE('',#3512,#3513,#3514,.T.);
#2921=EDGE_CURVE('',#3512,#3515,#3516,.T.);
#2922=EDGE_CURVE('',#3517,#3515,#3518,.T.);
#2923=EDGE_CURVE('',#3513,#3517,#3519,.T.);
#2924=EDGE_CURVE('',#3520,#3521,#3522,.T.);
#2925=EDGE_CURVE('',#3517,#3520,#3523,.T.);
#2926=EDGE_CURVE('',#3515,#3521,#3524,.T.);
#2927=EDGE_CURVE('',#3525,#3526,#3527,.T.);
#2928=EDGE_CURVE('',#3528,#3525,#3529,.T.);
#2929=EDGE_CURVE('',#3528,#3530,#3531,.T.);
#2930=EDGE_CURVE('',#3530,#3526,#3532,.T.);
#2931=EDGE_CURVE('',#3533,#3534,#3535,.T.);
#2932=EDGE_CURVE('',#3533,#3530,#3536,.T.);
#2933=EDGE_CURVE('',#3534,#3528,#3537,.T.);
#2934=EDGE_CURVE('',#3538,#3539,#3540,.T.);
#2935=EDGE_CURVE('',#3538,#3541,#3542,.T.);
#2936=EDGE_CURVE('',#3543,#3541,#3544,.T.);
#2937=EDGE_CURVE('',#3539,#3543,#3545,.T.);
#2938=EDGE_CURVE('',#3546,#3547,#3548,.T.);
#2939=EDGE_CURVE('',#3543,#3546,#3549,.T.);
#2940=EDGE_CURVE('',#3541,#3547,#3550,.T.);
#2941=EDGE_CURVE('',#3551,#3552,#3553,.T.);
#2942=EDGE_CURVE('',#3554,#3551,#3555,.T.);
#2943=EDGE_CURVE('',#3554,#3556,#3557,.T.);
#2944=EDGE_CURVE('',#3556,#3552,#3558,.T.);
#2945=EDGE_CURVE('',#3559,#3560,#3561,.T.);
#2946=EDGE_CURVE('',#3559,#3556,#3562,.T.);
#2947=EDGE_CURVE('',#3560,#3554,#3563,.T.);
#2948=EDGE_CURVE('',#3564,#3565,#3566,.T.);
#2949=EDGE_CURVE('',#3564,#3567,#3568,.T.);
#2950=EDGE_CURVE('',#3569,#3567,#3570,.T.);
#2951=EDGE_CURVE('',#3565,#3569,#3571,.T.);
#2952=EDGE_CURVE('',#3572,#3573,#3574,.T.);
#2953=EDGE_CURVE('',#3569,#3572,#3575,.T.);
#2954=EDGE_CURVE('',#3567,#3573,#3576,.T.);
#2955=EDGE_CURVE('',#3577,#3578,#3579,.T.);
#2956=EDGE_CURVE('',#3580,#3577,#3581,.T.);
#2957=EDGE_CURVE('',#3580,#3582,#3583,.T.);
#2958=EDGE_CURVE('',#3582,#3578,#3584,.T.);
#2959=EDGE_CURVE('',#3585,#3586,#3587,.T.);
#2960=EDGE_CURVE('',#3585,#3582,#3588,.T.);
#2961=EDGE_CURVE('',#3586,#3580,#3589,.T.);
#2962=EDGE_CURVE('',#3590,#3591,#3592,.T.);
#2963=EDGE_CURVE('',#3590,#3593,#3594,.T.);
#2964=EDGE_CURVE('',#3595,#3593,#3596,.T.);
#2965=EDGE_CURVE('',#3591,#3595,#3597,.T.);
#2966=EDGE_CURVE('',#3598,#3599,#3600,.T.);
#2967=EDGE_CURVE('',#3595,#3598,#3601,.T.);
#2968=EDGE_CURVE('',#3593,#3599,#3602,.T.);
#2969=EDGE_CURVE('',#3603,#3604,#3605,.T.);
#2970=EDGE_CURVE('',#3606,#3603,#3607,.T.);
#2971=EDGE_CURVE('',#3606,#3608,#3609,.T.);
#2972=EDGE_CURVE('',#3608,#3604,#3610,.T.);
#2973=EDGE_CURVE('',#3611,#3612,#3613,.T.);
#2974=EDGE_CURVE('',#3611,#3608,#3614,.T.);
#2975=EDGE_CURVE('',#3612,#3606,#3615,.T.);
#2976=EDGE_CURVE('',#3616,#3617,#3618,.T.);
#2977=EDGE_CURVE('',#3619,#3616,#3620,.T.);
#2978=EDGE_CURVE('',#3619,#3621,#3622,.T.);
#2979=EDGE_CURVE('',#3621,#3617,#3623,.T.);
#2980=EDGE_CURVE('',#3624,#3625,#3626,.T.);
#2981=EDGE_CURVE('',#3624,#3621,#3627,.T.);
#2982=EDGE_CURVE('',#3625,#3619,#3628,.T.);
#2983=EDGE_CURVE('',#3611,#3629,#3630,.T.);
#2984=EDGE_CURVE('',#3631,#3611,#3632,.T.);
#2985=EDGE_CURVE('',#3631,#3633,#3634,.T.);
#2986=EDGE_CURVE('',#3635,#3633,#3636,.T.);
#2987=EDGE_CURVE('',#3635,#3637,#3638,.T.);
#2988=EDGE_CURVE('',#3637,#3639,#3640,.T.);
#2989=EDGE_CURVE('',#3629,#3639,#3641,.T.);
#2990=EDGE_CURVE('',#3642,#3643,#3644,.T.);
#2991=EDGE_CURVE('',#3645,#3642,#3646,.T.);
#2992=EDGE_CURVE('',#3647,#3645,#3648,.T.);
#2993=EDGE_CURVE('',#3647,#3649,#3650,.T.);
#2994=EDGE_CURVE('',#3649,#3651,#3652,.T.);
#2995=EDGE_CURVE('',#3651,#3653,#3654,.T.);
#2996=EDGE_CURVE('',#3653,#3643,#3655,.T.);
#2997=EDGE_CURVE('',#3656,#3624,#3657,.T.);
#2998=EDGE_CURVE('',#3658,#3656,#3659,.T.);
#2999=EDGE_CURVE('',#3658,#3621,#3660,.T.);
#3000=EDGE_CURVE('',#3635,#3604,#3661,.T.);
#3001=EDGE_CURVE('',#3604,#3631,#3662,.T.);
#3002=EDGE_CURVE('',#3617,#3663,#3664,.T.);
#3003=EDGE_CURVE('',#3663,#3658,#3665,.T.);
#3004=EDGE_CURVE('',#3666,#3649,#3667,.T.);
#3005=EDGE_CURVE('',#3666,#3653,#3668,.T.);
#3006=EDGE_CURVE('',#3669,#3670,#3671,.T.);
#3007=EDGE_CURVE('',#3672,#3669,#3673,.T.);
#3008=EDGE_CURVE('',#3674,#3672,#3675,.T.);
#3009=EDGE_CURVE('',#3676,#3674,#3677,.T.);
#3010=EDGE_CURVE('',#3678,#3676,#3679,.T.);
#3011=EDGE_CURVE('',#3680,#3678,#3681,.T.);
#3012=EDGE_CURVE('',#3682,#3680,#3683,.T.);
#3013=EDGE_CURVE('',#3670,#3682,#3684,.T.);
#3014=EDGE_CURVE('',#3685,#3686,#3687,.T.);
#3015=EDGE_CURVE('',#3688,#3686,#3689,.T.);
#3016=EDGE_CURVE('',#3690,#3688,#3691,.T.);
#3017=EDGE_CURVE('',#3690,#3692,#3693,.T.);
#3018=EDGE_CURVE('',#3692,#3694,#3695,.T.);
#3019=EDGE_CURVE('',#3696,#3694,#3697,.T.);
#3020=EDGE_CURVE('',#3698,#3696,#3699,.T.);
#3021=EDGE_CURVE('',#3698,#3700,#3701,.T.);
#3022=EDGE_CURVE('',#3700,#3702,#3703,.T.);
#3023=EDGE_CURVE('',#3704,#3702,#3705,.T.);
#3024=EDGE_CURVE('',#3706,#3704,#3707,.T.);
#3025=EDGE_CURVE('',#3706,#3708,#3709,.T.);
#3026=EDGE_CURVE('',#3708,#3710,#3711,.T.);
#3027=EDGE_CURVE('',#3712,#3710,#3713,.T.);
#3028=EDGE_CURVE('',#3714,#3712,#3715,.T.);
#3029=EDGE_CURVE('',#3714,#3716,#3717,.T.);
#3030=EDGE_CURVE('',#3716,#3718,#3719,.T.);
#3031=EDGE_CURVE('',#3720,#3718,#3721,.T.);
#3032=EDGE_CURVE('',#3722,#3720,#3723,.T.);
#3033=EDGE_CURVE('',#3722,#3724,#3725,.T.);
#3034=EDGE_CURVE('',#3724,#3726,#3727,.T.);
#3035=EDGE_CURVE('',#3728,#3726,#3729,.T.);
#3036=EDGE_CURVE('',#3730,#3728,#3731,.T.);
#3037=EDGE_CURVE('',#3730,#3732,#3733,.T.);
#3038=EDGE_CURVE('',#3732,#3734,#3735,.T.);
#3039=EDGE_CURVE('',#3736,#3734,#3737,.T.);
#3040=EDGE_CURVE('',#3738,#3736,#3739,.T.);
#3041=EDGE_CURVE('',#3738,#3740,#3741,.T.);
#3042=EDGE_CURVE('',#3740,#3742,#3743,.T.);
#3043=EDGE_CURVE('',#3744,#3742,#3745,.T.);
#3044=EDGE_CURVE('',#3670,#3744,#3746,.T.);
#3045=EDGE_CURVE('',#3682,#3747,#3748,.T.);
#3046=EDGE_CURVE('',#3749,#3747,#3750,.T.);
#3047=EDGE_CURVE('',#3751,#3749,#3752,.T.);
#3048=EDGE_CURVE('',#3751,#3685,#3753,.T.);
#3049=EDGE_CURVE('',#3754,#3751,#3755,.T.);
#3050=EDGE_CURVE('',#3754,#3756,#3757,.T.);
#3051=EDGE_CURVE('',#3756,#3685,#3758,.T.);
#3052=EDGE_CURVE('',#3756,#3759,#3760,.T.);
#3053=EDGE_CURVE('',#3759,#3761,#3762,.T.);
#3054=EDGE_CURVE('',#3761,#3763,#3764,.T.);
#3055=EDGE_CURVE('',#3763,#3686,#3765,.T.);
#3056=EDGE_CURVE('',#3766,#3767,#3768,.T.);
#3057=EDGE_CURVE('',#3767,#3766,#3769,.T.);
#3058=EDGE_CURVE('',#3770,#3763,#3771,.T.);
#3059=EDGE_CURVE('',#3770,#3688,#3772,.T.);
#3060=EDGE_CURVE('',#3773,#3774,#3775,.T.);
#3061=EDGE_CURVE('',#3773,#3776,#3777,.T.);
#3062=EDGE_CURVE('',#3669,#3776,#3778,.T.);
#3063=EDGE_CURVE('',#3774,#3744,#3779,.T.);
#3064=EDGE_CURVE('',#3780,#3781,#3782,.T.);
#3065=EDGE_CURVE('',#3780,#3738,#3783,.T.);
#3066=EDGE_CURVE('',#3781,#3736,#3784,.T.);
#3067=EDGE_CURVE('',#3785,#3786,#3787,.T.);
#3068=EDGE_CURVE('',#3785,#3730,#3788,.T.);
#3069=EDGE_CURVE('',#3786,#3728,#3789,.T.);
#3070=EDGE_CURVE('',#3790,#3791,#3792,.T.);
#3071=EDGE_CURVE('',#3790,#3722,#3793,.T.);
#3072=EDGE_CURVE('',#3791,#3720,#3794,.T.);
#3073=EDGE_CURVE('',#3795,#3796,#3797,.T.);
#3074=EDGE_CURVE('',#3795,#3714,#3798,.T.);
#3075=EDGE_CURVE('',#3796,#3712,#3799,.T.);
#3076=EDGE_CURVE('',#3800,#3801,#3802,.T.);
#3077=EDGE_CURVE('',#3800,#3706,#3803,.T.);
#3078=EDGE_CURVE('',#3801,#3704,#3804,.T.);
#3079=EDGE_CURVE('',#3805,#3806,#3807,.T.);
#3080=EDGE_CURVE('',#3805,#3698,#3808,.T.);
#3081=EDGE_CURVE('',#3806,#3696,#3809,.T.);
#3082=EDGE_CURVE('',#3810,#3749,#3811,.T.);
#3083=EDGE_CURVE('',#3812,#3810,#3813,.T.);
#3084=EDGE_CURVE('',#3814,#3812,#3815,.T.);
#3085=EDGE_CURVE('',#3754,#3814,#3816,.T.);
#3086=EDGE_CURVE('',#3817,#3770,#3818,.T.);
#3087=EDGE_CURVE('',#3817,#3690,#3819,.T.);
#3088=EDGE_CURVE('',#3820,#3742,#3821,.T.);
#3089=EDGE_CURVE('',#3774,#3820,#3822,.T.);
#3090=EDGE_CURVE('',#3823,#3824,#3825,.T.);
#3091=EDGE_CURVE('',#3826,#3824,#3827,.T.);
#3092=EDGE_CURVE('',#3826,#3773,#3828,.T.);
#3093=EDGE_CURVE('',#3823,#3820,#3829,.T.);
#3094=EDGE_CURVE('',#3814,#3830,#3831,.T.);
#3095=EDGE_CURVE('',#3832,#3830,#3833,.T.);
#3096=EDGE_CURVE('',#3832,#3759,#3834,.T.);
#3097=EDGE_CURVE('',#3835,#3740,#3836,.T.);
#3098=EDGE_CURVE('',#3835,#3837,#3838,.T.);
#3099=EDGE_CURVE('',#3823,#3837,#3839,.T.);
#3100=EDGE_CURVE('',#3840,#3841,#3842,.T.);
#3101=EDGE_CURVE('',#3841,#3840,#3843,.T.);
#3102=EDGE_CURVE('',#3837,#3844,#3845,.T.);
#3103=EDGE_CURVE('',#3844,#3846,#3847,.T.);
#3104=EDGE_CURVE('',#3824,#3846,#3848,.T.);
#3105=EDGE_CURVE('',#3846,#3849,#3850,.T.);
#3106=EDGE_CURVE('',#3826,#3849,#3851,.T.);
#3107=EDGE_CURVE('',#3852,#3826,#3853,.T.);
#3108=EDGE_CURVE('',#3854,#3852,#3855,.T.);
#3109=EDGE_CURVE('',#3856,#3854,#3857,.T.);
#3110=EDGE_CURVE('',#3856,#3858,#3859,.T.);
#3111=EDGE_CURVE('',#3830,#3858,#3860,.T.);
#3112=EDGE_CURVE('',#3830,#3861,#3862,.T.);
#3113=EDGE_CURVE('',#3861,#3863,#3864,.T.);
#3114=EDGE_CURVE('',#3832,#3863,#3865,.T.);
#3115=EDGE_CURVE('',#3824,#3832,#3866,.T.);
#3116=EDGE_CURVE('',#3858,#3867,#3868,.T.);
#3117=EDGE_CURVE('',#3867,#3869,#3870,.T.);
#3118=EDGE_CURVE('',#3852,#3869,#3871,.T.);
#3119=EDGE_CURVE('',#3872,#3873,#3874,.T.);
#3120=EDGE_CURVE('',#3873,#3872,#3875,.T.);
#3121=EDGE_CURVE('',#3876,#3494,#3877,.T.);
#3122=EDGE_CURVE('',#3492,#3876,#3878,.T.);
#3123=EDGE_CURVE('',#3879,#3880,#3881,.T.);
#3124=EDGE_CURVE('',#3880,#3879,#3882,.T.);
#3125=EDGE_CURVE('',#3883,#3884,#3885,.T.);
#3126=EDGE_CURVE('',#3884,#3883,#3886,.T.);
#3127=EDGE_CURVE('',#3887,#3888,#3889,.T.);
#3128=EDGE_CURVE('',#3888,#3887,#3890,.T.);
#3129=EDGE_CURVE('',#3891,#3892,#3893,.T.);
#3130=EDGE_CURVE('',#3892,#3891,#3894,.T.);
#3131=EDGE_CURVE('',#3656,#3895,#3896,.T.);
#3132=EDGE_CURVE('',#3895,#3663,#3897,.T.);
#3133=EDGE_CURVE('',#3898,#3899,#3900,.T.);
#3134=EDGE_CURVE('',#3899,#3898,#3901,.T.);
#3135=EDGE_CURVE('',#3902,#3903,#3904,.T.);
#3136=EDGE_CURVE('',#3902,#3905,#3906,.T.);
#3137=EDGE_CURVE('',#3905,#3907,#3908,.T.);
#3138=EDGE_CURVE('',#3907,#3909,#3910,.T.);
#3139=EDGE_CURVE('',#3909,#3911,#3912,.T.);
#3140=EDGE_CURVE('',#3911,#3854,#3913,.T.);
#3141=EDGE_CURVE('',#3869,#3914,#3915,.T.);
#3142=EDGE_CURVE('',#3903,#3914,#3916,.T.);
#3143=EDGE_CURVE('',#3917,#3914,#3918,.T.);
#3144=EDGE_CURVE('',#3917,#3919,#3920,.T.);
#3145=EDGE_CURVE('',#3919,#3903,#3921,.T.);
#3146=EDGE_CURVE('',#3922,#3919,#3923,.T.);
#3147=EDGE_CURVE('',#3902,#3922,#3924,.T.);
#3148=EDGE_CURVE('',#3925,#3902,#3926,.T.);
#3149=EDGE_CURVE('',#3922,#3927,#3928,.T.);
#3150=EDGE_CURVE('',#3925,#3927,#3929,.T.);
#3151=EDGE_CURVE('',#3930,#3927,#3931,.T.);
#3152=EDGE_CURVE('',#3930,#3932,#3933,.T.);
#3153=EDGE_CURVE('',#3747,#3932,#3934,.T.);
#3154=EDGE_CURVE('',#3680,#3935,#3936,.T.);
#3155=EDGE_CURVE('',#3925,#3935,#3937,.T.);
#3156=EDGE_CURVE('',#3905,#3935,#3938,.T.);
#3157=EDGE_CURVE('',#3678,#3907,#3939,.T.);
#3158=EDGE_CURVE('',#3940,#3941,#3942,.T.);
#3159=EDGE_CURVE('',#3941,#3943,#3944,.T.);
#3160=EDGE_CURVE('',#3932,#3943,#3945,.T.);
#3161=EDGE_CURVE('',#3930,#3940,#3946,.T.);
#3162=EDGE_CURVE('',#3676,#3909,#3947,.T.);
#3163=EDGE_CURVE('',#3948,#3949,#3950,.T.);
#3164=EDGE_CURVE('',#3943,#3949,#3951,.T.);
#3165=EDGE_CURVE('',#3941,#3948,#3952,.T.);
#3166=EDGE_CURVE('',#3674,#3953,#3954,.T.);
#3167=EDGE_CURVE('',#3953,#3911,#3955,.T.);
#3168=EDGE_CURVE('',#3956,#3957,#3958,.T.);
#3169=EDGE_CURVE('',#3949,#3957,#3959,.T.);
#3170=EDGE_CURVE('',#3948,#3960,#3961,.T.);
#3171=EDGE_CURVE('',#3960,#3956,#3962,.T.);
#3172=EDGE_CURVE('',#3854,#3963,#3964,.T.);
#3173=EDGE_CURVE('',#3953,#3963,#3965,.T.);
#3174=EDGE_CURVE('',#3672,#3966,#3967,.T.);
#3175=EDGE_CURVE('',#3957,#3966,#3968,.T.);
#3176=EDGE_CURVE('',#3969,#3956,#3970,.T.);
#3177=EDGE_CURVE('',#3969,#3963,#3971,.T.);
#3178=EDGE_CURVE('',#3969,#3856,#3972,.T.);
#3179=EDGE_CURVE('',#3856,#3960,#3973,.T.);
#3180=EDGE_CURVE('',#3940,#3922,#3974,.T.);
#3181=EDGE_CURVE('',#3917,#3867,#3975,.T.);
#3182=EDGE_CURVE('',#3966,#3810,#3976,.T.);
#3183=EDGE_CURVE('',#3761,#3977,#3978,.T.);
#3184=EDGE_CURVE('',#3979,#3977,#3980,.T.);
#3185=EDGE_CURVE('',#3812,#3979,#3981,.T.);
#3186=EDGE_CURVE('',#3776,#3982,#3983,.T.);
#3187=EDGE_CURVE('',#3844,#3982,#3984,.T.);
#3188=EDGE_CURVE('',#3780,#3835,#3985,.T.);
#3189=EDGE_CURVE('',#3781,#3986,#3987,.T.);
#3190=EDGE_CURVE('',#3988,#3986,#3989,.T.);
#3191=EDGE_CURVE('',#3785,#3988,#3990,.T.);
#3192=EDGE_CURVE('',#3786,#3991,#3992,.T.);
#3193=EDGE_CURVE('',#3993,#3991,#3994,.T.);
#3194=EDGE_CURVE('',#3790,#3993,#3995,.T.);
#3195=EDGE_CURVE('',#3791,#3996,#3997,.T.);
#3196=EDGE_CURVE('',#3998,#3996,#3999,.T.);
#3197=EDGE_CURVE('',#3795,#3998,#4000,.T.);
#3198=EDGE_CURVE('',#3796,#4001,#4002,.T.);
#3199=EDGE_CURVE('',#4003,#4001,#4004,.T.);
#3200=EDGE_CURVE('',#3800,#4003,#4005,.T.);
#3201=EDGE_CURVE('',#3801,#4006,#4007,.T.);
#3202=EDGE_CURVE('',#4008,#4006,#4009,.T.);
#3203=EDGE_CURVE('',#3805,#4008,#4010,.T.);
#3204=EDGE_CURVE('',#3806,#4011,#4012,.T.);
#3205=EDGE_CURVE('',#4013,#4011,#4014,.T.);
#3206=EDGE_CURVE('',#3817,#4013,#4015,.T.);
#3207=EDGE_CURVE('',#4013,#3692,#4016,.T.);
#3208=EDGE_CURVE('',#4011,#3694,#4017,.T.);
#3209=EDGE_CURVE('',#4018,#3666,#4019,.T.);
#3210=EDGE_CURVE('',#3643,#4018,#4020,.T.);
#3211=EDGE_CURVE('',#3645,#3647,#4021,.T.);
#3212=EDGE_CURVE('',#3642,#4022,#4023,.T.);
#3213=EDGE_CURVE('',#4022,#4018,#4024,.T.);
#3214=EDGE_CURVE('',#3895,#4025,#4026,.T.);
#3215=EDGE_CURVE('',#3617,#4025,#4027,.T.);
#3216=EDGE_CURVE('',#3608,#4028,#4029,.T.);
#3217=EDGE_CURVE('',#3629,#4028,#4030,.T.);
#3218=EDGE_CURVE('',#3639,#3637,#4031,.T.);
#3219=EDGE_CURVE('',#4025,#3624,#4032,.T.);
#3220=EDGE_CURVE('',#4033,#3625,#4034,.T.);
#3221=EDGE_CURVE('',#4033,#4025,#4035,.T.);
#3222=EDGE_CURVE('',#3616,#4033,#4036,.T.);
#3223=EDGE_CURVE('',#4037,#3647,#4038,.T.);
#3224=EDGE_CURVE('',#4039,#3645,#4040,.T.);
#3225=EDGE_CURVE('',#4037,#4039,#4041,.T.);
#3226=EDGE_CURVE('',#4042,#4037,#4043,.T.);
#3227=EDGE_CURVE('',#4044,#4039,#4045,.T.);
#3228=EDGE_CURVE('',#4042,#4044,#4046,.T.);
#3229=EDGE_CURVE('',#4047,#4042,#4048,.T.);
#3230=EDGE_CURVE('',#4049,#4044,#4050,.T.);
#3231=EDGE_CURVE('',#4047,#4049,#4051,.T.);
#3232=EDGE_CURVE('',#4052,#4047,#4053,.T.);
#3233=EDGE_CURVE('',#4054,#4049,#4055,.T.);
#3234=EDGE_CURVE('',#4052,#4054,#4056,.T.);
#3235=EDGE_CURVE('',#3637,#4052,#4057,.T.);
#3236=EDGE_CURVE('',#3639,#4054,#4058,.T.);
#3237=EDGE_CURVE('',#4054,#4052,#4059,.T.);
#3238=EDGE_CURVE('',#4049,#4047,#4060,.T.);
#3239=EDGE_CURVE('',#4044,#4042,#4061,.T.);
#3240=EDGE_CURVE('',#4039,#4037,#4062,.T.);
#3241=EDGE_CURVE('',#4063,#3612,#4064,.T.);
#3242=EDGE_CURVE('',#4063,#3631,#4065,.T.);
#3243=EDGE_CURVE('',#3603,#4063,#4066,.T.);
#3244=EDGE_CURVE('',#4008,#3700,#4067,.T.);
#3245=EDGE_CURVE('',#4006,#3702,#4068,.T.);
#3246=EDGE_CURVE('',#4069,#4070,#4071,.T.);
#3247=EDGE_CURVE('',#4070,#4069,#4072,.T.);
#3248=EDGE_CURVE('',#3891,#3593,#4073,.T.);
#3249=EDGE_CURVE('',#3892,#4074,#4075,.T.);
#3250=EDGE_CURVE('',#3599,#4074,#4076,.T.);
#3251=EDGE_CURVE('',#3582,#4070,#4077,.T.);
#3252=EDGE_CURVE('',#4078,#4069,#4079,.T.);
#3253=EDGE_CURVE('',#3578,#4078,#4080,.T.);
#3254=EDGE_CURVE('',#4081,#4074,#4082,.T.);
#3255=EDGE_CURVE('',#3598,#4081,#4083,.T.);
#3256=EDGE_CURVE('',#4081,#3591,#4084,.T.);
#3257=EDGE_CURVE('',#4074,#3590,#4085,.T.);
#3258=EDGE_CURVE('',#4078,#3585,#4086,.T.);
#3259=EDGE_CURVE('',#4087,#3586,#4088,.T.);
#3260=EDGE_CURVE('',#4087,#4078,#4089,.T.);
#3261=EDGE_CURVE('',#3577,#4087,#4090,.T.);
#3262=EDGE_CURVE('',#4003,#3708,#4091,.T.);
#3263=EDGE_CURVE('',#4001,#3710,#4092,.T.);
#3264=EDGE_CURVE('',#4093,#4094,#4095,.T.);
#3265=EDGE_CURVE('',#4094,#4093,#4096,.T.);
#3266=EDGE_CURVE('',#3887,#3567,#4097,.T.);
#3267=EDGE_CURVE('',#3888,#4098,#4099,.T.);
#3268=EDGE_CURVE('',#3573,#4098,#4100,.T.);
#3269=EDGE_CURVE('',#3556,#4094,#4101,.T.);
#3270=EDGE_CURVE('',#4102,#4093,#4103,.T.);
#3271=EDGE_CURVE('',#3552,#4102,#4104,.T.);
#3272=EDGE_CURVE('',#4105,#4098,#4106,.T.);
#3273=EDGE_CURVE('',#3572,#4105,#4107,.T.);
#3274=EDGE_CURVE('',#4105,#3565,#4108,.T.);
#3275=EDGE_CURVE('',#4098,#3564,#4109,.T.);
#3276=EDGE_CURVE('',#4102,#3559,#4110,.T.);
#3277=EDGE_CURVE('',#4111,#3560,#4112,.T.);
#3278=EDGE_CURVE('',#4111,#4102,#4113,.T.);
#3279=EDGE_CURVE('',#3551,#4111,#4114,.T.);
#3280=EDGE_CURVE('',#3998,#3716,#4115,.T.);
#3281=EDGE_CURVE('',#3996,#3718,#4116,.T.);
#3282=EDGE_CURVE('',#4117,#4118,#4119,.T.);
#3283=EDGE_CURVE('',#4118,#4117,#4120,.T.);
#3284=EDGE_CURVE('',#3883,#3541,#4121,.T.);
#3285=EDGE_CURVE('',#3884,#4122,#4123,.T.);
#3286=EDGE_CURVE('',#3547,#4122,#4124,.T.);
#3287=EDGE_CURVE('',#3530,#4118,#4125,.T.);
#3288=EDGE_CURVE('',#4126,#4117,#4127,.T.);
#3289=EDGE_CURVE('',#3526,#4126,#4128,.T.);
#3290=EDGE_CURVE('',#4129,#4122,#4130,.T.);
#3291=EDGE_CURVE('',#3546,#4129,#4131,.T.);
#3292=EDGE_CURVE('',#4129,#3539,#4132,.T.);
#3293=EDGE_CURVE('',#4122,#3538,#4133,.T.);
#3294=EDGE_CURVE('',#4126,#3533,#4134,.T.);
#3295=EDGE_CURVE('',#4135,#3534,#4136,.T.);
#3296=EDGE_CURVE('',#4135,#4126,#4137,.T.);
#3297=EDGE_CURVE('',#3525,#4135,#4138,.T.);
#3298=EDGE_CURVE('',#3993,#3724,#4139,.T.);
#3299=EDGE_CURVE('',#3991,#3726,#4140,.T.);
#3300=EDGE_CURVE('',#4141,#4142,#4143,.T.);
#3301=EDGE_CURVE('',#4142,#4141,#4144,.T.);
#3302=EDGE_CURVE('',#3879,#3515,#4145,.T.);
#3303=EDGE_CURVE('',#3880,#4146,#4147,.T.);
#3304=EDGE_CURVE('',#3521,#4146,#4148,.T.);
#3305=EDGE_CURVE('',#3504,#4142,#4149,.T.);
#3306=EDGE_CURVE('',#4150,#4141,#4151,.T.);
#3307=EDGE_CURVE('',#3500,#4150,#4152,.T.);
#3308=EDGE_CURVE('',#4153,#4146,#4154,.T.);
#3309=EDGE_CURVE('',#3520,#4153,#4155,.T.);
#3310=EDGE_CURVE('',#4153,#3513,#4156,.T.);
#3311=EDGE_CURVE('',#4146,#3512,#4157,.T.);
#3312=EDGE_CURVE('',#4150,#3507,#4158,.T.);
#3313=EDGE_CURVE('',#4159,#3508,#4160,.T.);
#3314=EDGE_CURVE('',#4159,#4150,#4161,.T.);
#3315=EDGE_CURVE('',#3499,#4159,#4162,.T.);
#3316=EDGE_CURVE('',#3988,#3732,#4163,.T.);
#3317=EDGE_CURVE('',#3986,#3734,#4164,.T.);
#3318=EDGE_CURVE('',#4165,#3489,#4166,.T.);
#3319=EDGE_CURVE('',#3487,#4165,#4167,.T.);
#3320=EDGE_CURVE('',#3876,#3477,#4168,.T.);
#3321=EDGE_CURVE('',#4169,#4165,#4170,.T.);
#3322=EDGE_CURVE('',#4169,#4171,#4172,.T.);
#3323=EDGE_CURVE('',#4173,#4171,#4174,.T.);
#3324=EDGE_CURVE('',#4173,#3471,#4175,.T.);
#3325=EDGE_CURVE('',#4176,#3456,#4177,.T.);
#3326=EDGE_CURVE('',#4178,#4176,#4179,.T.);
#3327=EDGE_CURVE('',#3460,#4178,#4180,.T.);
#3328=EDGE_CURVE('',#4181,#3496,#4182,.T.);
#3329=EDGE_CURVE('',#3482,#4181,#4183,.T.);
#3330=EDGE_CURVE('',#4181,#3475,#4184,.T.);
#3331=EDGE_CURVE('',#3496,#3474,#4185,.T.);
#3332=EDGE_CURVE('',#4178,#3454,#4186,.T.);
#3333=EDGE_CURVE('',#3462,#3440,#4187,.T.);
#3334=EDGE_CURVE('',#3467,#4173,#4188,.T.);
#3335=EDGE_CURVE('',#3453,#4176,#4189,.T.);
#3336=EDGE_CURVE('',#4176,#4190,#4191,.T.);
#3337=EDGE_CURVE('',#4192,#4190,#4193,.T.);
#3338=EDGE_CURVE('',#3456,#4192,#4194,.T.);
#3339=EDGE_CURVE('',#4190,#4192,#4195,.T.);
#3340=EDGE_CURVE('',#4192,#4196,#4197,.T.);
#3341=EDGE_CURVE('',#4198,#4196,#4199,.T.);
#3342=EDGE_CURVE('',#4190,#4198,#4200,.T.);
#3343=EDGE_CURVE('',#4196,#4198,#4201,.T.);
#3344=EDGE_CURVE('',#4198,#4202,#4203,.T.);
#3345=EDGE_CURVE('',#4204,#4202,#4205,.T.);
#3346=EDGE_CURVE('',#4196,#4204,#4206,.T.);
#3347=EDGE_CURVE('',#4202,#4204,#4207,.T.);
#3348=EDGE_CURVE('',#4204,#4208,#4209,.T.);
#3349=EDGE_CURVE('',#4210,#4208,#4211,.T.);
#3350=EDGE_CURVE('',#4202,#4210,#4212,.T.);
#3351=EDGE_CURVE('',#4208,#4210,#4213,.T.);
#3352=EDGE_CURVE('',#4210,#4173,#4214,.T.);
#3353=EDGE_CURVE('',#4208,#3471,#4215,.T.);
#3354=EDGE_CURVE('',#4216,#3462,#4217,.T.);
#3355=EDGE_CURVE('',#3448,#4216,#4218,.T.);
#3356=EDGE_CURVE('',#4216,#3441,#4219,.T.);
#3357=EDGE_CURVE('',#3982,#3849,#4220,.T.);
#3358=EDGE_CURVE('',#3979,#3861,#4221,.T.);
#3359=EDGE_CURVE('',#3977,#3863,#4222,.T.);
#3360=EDGE_CURVE('',#3872,#3430,#4223,.T.);
#3361=EDGE_CURVE('',#3873,#4224,#4225,.T.);
#3362=EDGE_CURVE('',#3436,#4224,#4226,.T.);
#3363=EDGE_CURVE('',#3419,#3841,#4227,.T.);
#3364=EDGE_CURVE('',#4228,#3840,#4229,.T.);
#3365=EDGE_CURVE('',#3415,#4228,#4230,.T.);
#3366=EDGE_CURVE('',#4231,#4224,#4232,.T.);
#3367=EDGE_CURVE('',#3435,#4231,#4233,.T.);
#3368=EDGE_CURVE('',#4231,#3428,#4234,.T.);
#3369=EDGE_CURVE('',#4224,#3427,#4235,.T.);
#3370=EDGE_CURVE('',#4228,#3422,#4236,.T.);
#3371=EDGE_CURVE('',#4237,#3423,#4238,.T.);
#3372=EDGE_CURVE('',#4237,#4228,#4239,.T.);
#3373=EDGE_CURVE('',#3414,#4237,#4240,.T.);
#3374=EDGE_CURVE('',#3898,#3404,#4241,.T.);
#3375=EDGE_CURVE('',#3899,#4242,#4243,.T.);
#3376=EDGE_CURVE('',#3410,#4242,#4244,.T.);
#3377=EDGE_CURVE('',#3393,#3767,#4245,.T.);
#3378=EDGE_CURVE('',#4246,#3766,#4247,.T.);
#3379=EDGE_CURVE('',#3389,#4246,#4248,.T.);
#3380=EDGE_CURVE('',#4249,#4242,#4250,.T.);
#3381=EDGE_CURVE('',#3409,#4249,#4251,.T.);
#3382=EDGE_CURVE('',#4249,#3402,#4252,.T.);
#3383=EDGE_CURVE('',#4242,#3401,#4253,.T.);
#3384=EDGE_CURVE('',#4246,#3396,#4254,.T.);
#3385=EDGE_CURVE('',#4255,#3397,#4256,.T.);
#3386=EDGE_CURVE('',#4255,#4246,#4257,.T.);
#3387=EDGE_CURVE('',#3388,#4255,#4258,.T.);
#3388=VERTEX_POINT('',#4259);
#3389=VERTEX_POINT('',#4260);
#3390=LINE('',#4261,#4262);
#3391=VERTEX_POINT('',#4263);
#3392=CIRCLE('',#4264,0.15);
#3393=VERTEX_POINT('',#4265);
#3394=LINE('',#4266,#4267);
#3395=CIRCLE('',#4268,0.25);
#3396=VERTEX_POINT('',#4269);
#3397=VERTEX_POINT('',#4270);
#3398=LINE('',#4271,#4272);
#3399=CIRCLE('',#4273,0.25);
#3400=CIRCLE('',#4274,0.15);
#3401=VERTEX_POINT('',#4275);
#3402=VERTEX_POINT('',#4276);
#3403=LINE('',#4277,#4278);
#3404=VERTEX_POINT('',#4279);
#3405=CIRCLE('',#4280,0.25);
#3406=VERTEX_POINT('',#4281);
#3407=LINE('',#4282,#4283);
#3408=CIRCLE('',#4284,0.15);
#3409=VERTEX_POINT('',#4285);
#3410=VERTEX_POINT('',#4286);
#3411=LINE('',#4287,#4288);
#3412=CIRCLE('',#4289,0.15);
#3413=CIRCLE('',#4290,0.25);
#3414=VERTEX_POINT('',#4291);
#3415=VERTEX_POINT('',#4292);
#3416=LINE('',#4293,#4294);
#3417=VERTEX_POINT('',#4295);
#3418=CIRCLE('',#4296,0.15);
#3419=VERTEX_POINT('',#4297);
#3420=LINE('',#4298,#4299);
#3421=CIRCLE('',#4300,0.25);
#3422=VERTEX_POINT('',#4301);
#3423=VERTEX_POINT('',#4302);
#3424=LINE('',#4303,#4304);
#3425=CIRCLE('',#4305,0.25);
#3426=CIRCLE('',#4306,0.15);
#3427=VERTEX_POINT('',#4307);
#3428=VERTEX_POINT('',#4308);
#3429=LINE('',#4309,#4310);
#3430=VERTEX_POINT('',#4311);
#3431=CIRCLE('',#4312,0.25);
#3432=VERTEX_POINT('',#4313);
#3433=LINE('',#4314,#4315);
#3434=CIRCLE('',#4316,0.15);
#3435=VERTEX_POINT('',#4317);
#3436=VERTEX_POINT('',#4318);
#3437=LINE('',#4319,#4320);
#3438=CIRCLE('',#4321,0.15);
#3439=CIRCLE('',#4322,0.25);
#3440=VERTEX_POINT('',#4323);
#3441=VERTEX_POINT('',#4324);
#3442=LINE('',#4325,#4326);
#3443=VERTEX_POINT('',#4327);
#3444=CIRCLE('',#4328,0.25);
#3445=VERTEX_POINT('',#4329);
#3446=LINE('',#4330,#4331);
#3447=CIRCLE('',#4332,0.15);
#3448=VERTEX_POINT('',#4333);
#3449=VERTEX_POINT('',#4334);
#3450=LINE('',#4335,#4336);
#3451=CIRCLE('',#4337,0.15);
#3452=CIRCLE('',#4338,0.25);
#3453=VERTEX_POINT('',#4339);
#3454=VERTEX_POINT('',#4340);
#3455=LINE('',#4341,#4342);
#3456=VERTEX_POINT('',#4343);
#3457=CIRCLE('',#4344,0.25);
#3458=VERTEX_POINT('',#4345);
#3459=LINE('',#4346,#4347);
#3460=VERTEX_POINT('',#4348);
#3461=CIRCLE('',#4349,0.25);
#3462=VERTEX_POINT('',#4350);
#3463=LINE('',#4351,#4352);
#3464=CIRCLE('',#4353,0.25);
#3465=LINE('',#4354,#4355);
#3466=VERTEX_POINT('',#4356);
#3467=VERTEX_POINT('',#4357);
#3468=LINE('',#4358,#4359);
#3469=VERTEX_POINT('',#4360);
#3470=CIRCLE('',#4361,0.25);
#3471=VERTEX_POINT('',#4362);
#3472=LINE('',#4363,#4364);
#3473=CIRCLE('',#4365,0.25);
#3474=VERTEX_POINT('',#4366);
#3475=VERTEX_POINT('',#4367);
#3476=LINE('',#4368,#4369);
#3477=VERTEX_POINT('',#4370);
#3478=CIRCLE('',#4371,0.25);
#3479=VERTEX_POINT('',#4372);
#3480=LINE('',#4373,#4374);
#3481=CIRCLE('',#4375,0.15);
#3482=VERTEX_POINT('',#4376);
#3483=VERTEX_POINT('',#4377);
#3484=LINE('',#4378,#4379);
#3485=CIRCLE('',#4380,0.15);
#3486=CIRCLE('',#4381,0.25);
#3487=VERTEX_POINT('',#4382);
#3488=LINE('',#4383,#4384);
#3489=VERTEX_POINT('',#4385);
#3490=LINE('',#4386,#4387);
#3491=CIRCLE('',#4388,0.25);
#3492=VERTEX_POINT('',#4389);
#3493=LINE('',#4390,#4391);
#3494=VERTEX_POINT('',#4392);
#3495=CIRCLE('',#4393,0.25);
#3496=VERTEX_POINT('',#4394);
#3497=LINE('',#4395,#4396);
#3498=CIRCLE('',#4397,0.25);
#3499=VERTEX_POINT('',#4398);
#3500=VERTEX_POINT('',#4399);
#3501=LINE('',#4400,#4401);
#3502=VERTEX_POINT('',#4402);
#3503=CIRCLE('',#4403,0.15);
#3504=VERTEX_POINT('',#4404);
#3505=LINE('',#4405,#4406);
#3506=CIRCLE('',#4407,0.25);
#3507=VERTEX_POINT('',#4408);
#3508=VERTEX_POINT('',#4409);
#3509=LINE('',#4410,#4411);
#3510=CIRCLE('',#4412,0.25);
#3511=CIRCLE('',#4413,0.15);
#3512=VERTEX_POINT('',#4414);
#3513=VERTEX_POINT('',#4415);
#3514=LINE('',#4416,#4417);
#3515=VERTEX_POINT('',#4418);
#3516=CIRCLE('',#4419,0.25);
#3517=VERTEX_POINT('',#4420);
#3518=LINE('',#4421,#4422);
#3519=CIRCLE('',#4423,0.15);
#3520=VERTEX_POINT('',#4424);
#3521=VERTEX_POINT('',#4425);
#3522=LINE('',#4426,#4427);
#3523=CIRCLE('',#4428,0.15);
#3524=CIRCLE('',#4429,0.25);
#3525=VERTEX_POINT('',#4430);
#3526=VERTEX_POINT('',#4431);
#3527=LINE('',#4432,#4433);
#3528=VERTEX_POINT('',#4434);
#3529=CIRCLE('',#4435,0.15);
#3530=VERTEX_POINT('',#4436);
#3531=LINE('',#4437,#4438);
#3532=CIRCLE('',#4439,0.25);
#3533=VERTEX_POINT('',#4440);
#3534=VERTEX_POINT('',#4441);
#3535=LINE('',#4442,#4443);
#3536=CIRCLE('',#4444,0.25);
#3537=CIRCLE('',#4445,0.15);
#3538=VERTEX_POINT('',#4446);
#3539=VERTEX_POINT('',#4447);
#3540=LINE('',#4448,#4449);
#3541=VERTEX_POINT('',#4450);
#3542=CIRCLE('',#4451,0.25);
#3543=VERTEX_POINT('',#4452);
#3544=LINE('',#4453,#4454);
#3545=CIRCLE('',#4455,0.15);
#3546=VERTEX_POINT('',#4456);
#3547=VERTEX_POINT('',#4457);
#3548=LINE('',#4458,#4459);
#3549=CIRCLE('',#4460,0.15);
#3550=CIRCLE('',#4461,0.25);
#3551=VERTEX_POINT('',#4462);
#3552=VERTEX_POINT('',#4463);
#3553=LINE('',#4464,#4465);
#3554=VERTEX_POINT('',#4466);
#3555=CIRCLE('',#4467,0.15);
#3556=VERTEX_POINT('',#4468);
#3557=LINE('',#4469,#4470);
#3558=CIRCLE('',#4471,0.25);
#3559=VERTEX_POINT('',#4472);
#3560=VERTEX_POINT('',#4473);
#3561=LINE('',#4474,#4475);
#3562=CIRCLE('',#4476,0.25);
#3563=CIRCLE('',#4477,0.15);
#3564=VERTEX_POINT('',#4478);
#3565=VERTEX_POINT('',#4479);
#3566=LINE('',#4480,#4481);
#3567=VERTEX_POINT('',#4482);
#3568=CIRCLE('',#4483,0.25);
#3569=VERTEX_POINT('',#4484);
#3570=LINE('',#4485,#4486);
#3571=CIRCLE('',#4487,0.15);
#3572=VERTEX_POINT('',#4488);
#3573=VERTEX_POINT('',#4489);
#3574=LINE('',#4490,#4491);
#3575=CIRCLE('',#4492,0.15);
#3576=CIRCLE('',#4493,0.25);
#3577=VERTEX_POINT('',#4494);
#3578=VERTEX_POINT('',#4495);
#3579=LINE('',#4496,#4497);
#3580=VERTEX_POINT('',#4498);
#3581=CIRCLE('',#4499,0.15);
#3582=VERTEX_POINT('',#4500);
#3583=LINE('',#4501,#4502);
#3584=CIRCLE('',#4503,0.25);
#3585=VERTEX_POINT('',#4504);
#3586=VERTEX_POINT('',#4505);
#3587=LINE('',#4506,#4507);
#3588=CIRCLE('',#4508,0.25);
#3589=CIRCLE('',#4509,0.15);
#3590=VERTEX_POINT('',#4510);
#3591=VERTEX_POINT('',#4511);
#3592=LINE('',#4512,#4513);
#3593=VERTEX_POINT('',#4514);
#3594=CIRCLE('',#4515,0.25);
#3595=VERTEX_POINT('',#4516);
#3596=LINE('',#4517,#4518);
#3597=CIRCLE('',#4519,0.15);
#3598=VERTEX_POINT('',#4520);
#3599=VERTEX_POINT('',#4521);
#3600=LINE('',#4522,#4523);
#3601=CIRCLE('',#4524,0.15);
#3602=CIRCLE('',#4525,0.25);
#3603=VERTEX_POINT('',#4526);
#3604=VERTEX_POINT('',#4527);
#3605=LINE('',#4528,#4529);
#3606=VERTEX_POINT('',#4530);
#3607=CIRCLE('',#4531,0.15);
#3608=VERTEX_POINT('',#4532);
#3609=LINE('',#4533,#4534);
#3610=CIRCLE('',#4535,0.25);
#3611=VERTEX_POINT('',#4536);
#3612=VERTEX_POINT('',#4537);
#3613=LINE('',#4538,#4539);
#3614=CIRCLE('',#4540,0.25);
#3615=CIRCLE('',#4541,0.15);
#3616=VERTEX_POINT('',#4542);
#3617=VERTEX_POINT('',#4543);
#3618=LINE('',#4544,#4545);
#3619=VERTEX_POINT('',#4546);
#3620=CIRCLE('',#4547,0.15);
#3621=VERTEX_POINT('',#4548);
#3622=LINE('',#4549,#4550);
#3623=CIRCLE('',#4551,0.25);
#3624=VERTEX_POINT('',#4552);
#3625=VERTEX_POINT('',#4553);
#3626=LINE('',#4554,#4555);
#3627=CIRCLE('',#4556,0.25);
#3628=CIRCLE('',#4557,0.15);
#3629=VERTEX_POINT('',#4558);
#3630=LINE('',#4559,#4560);
#3631=VERTEX_POINT('',#4561);
#3632=CIRCLE('',#4562,0.25);
#3633=VERTEX_POINT('',#4563);
#3634=LINE('',#4564,#4565);
#3635=VERTEX_POINT('',#4566);
#3636=CIRCLE('',#4567,0.25);
#3637=VERTEX_POINT('',#4568);
#3638=LINE('',#4569,#4570);
#3639=VERTEX_POINT('',#4571);
#3640=CIRCLE('',#4572,0.25);
#3641=LINE('',#4573,#4574);
#3642=VERTEX_POINT('',#4575);
#3643=VERTEX_POINT('',#4576);
#3644=LINE('',#4577,#4578);
#3645=VERTEX_POINT('',#4579);
#3646=LINE('',#4580,#4581);
#3647=VERTEX_POINT('',#4582);
#3648=CIRCLE('',#4583,0.25);
#3649=VERTEX_POINT('',#4584);
#3650=LINE('',#4585,#4586);
#3651=VERTEX_POINT('',#4587);
#3652=CIRCLE('',#4588,0.25);
#3653=VERTEX_POINT('',#4589);
#3654=LINE('',#4590,#4591);
#3655=CIRCLE('',#4592,0.25);
#3656=VERTEX_POINT('',#4593);
#3657=LINE('',#4594,#4595);
#3658=VERTEX_POINT('',#4596);
#3659=CIRCLE('',#4597,0.25);
#3660=LINE('',#4598,#4599);
#3661=LINE('',#4600,#4601);
#3662=CIRCLE('',#4602,0.25);
#3663=VERTEX_POINT('',#4603);
#3664=LINE('',#4604,#4605);
#3665=CIRCLE('',#4606,0.25);
#3666=VERTEX_POINT('',#4607);
#3667=LINE('',#4608,#4609);
#3668=CIRCLE('',#4610,0.25);
#3669=VERTEX_POINT('',#4611);
#3670=VERTEX_POINT('',#4612);
#3671=LINE('',#4613,#4614);
#3672=VERTEX_POINT('',#4615);
#3673=LINE('',#4616,#4617);
#3674=VERTEX_POINT('',#4618);
#3675=LINE('',#4619,#4620);
#3676=VERTEX_POINT('',#4621);
#3677=LINE('',#4622,#4623);
#3678=VERTEX_POINT('',#4624);
#3679=LINE('',#4625,#4626);
#3680=VERTEX_POINT('',#4627);
#3681=LINE('',#4628,#4629);
#3682=VERTEX_POINT('',#4630);
#3683=LINE('',#4631,#4632);
#3684=LINE('',#4633,#4634);
#3685=VERTEX_POINT('',#4635);
#3686=VERTEX_POINT('',#4636);
#3687=LINE('',#4637,#4638);
#3688=VERTEX_POINT('',#4639);
#3689=LINE('',#4640,#4641);
#3690=VERTEX_POINT('',#4642);
#3691=LINE('',#4643,#4644);
#3692=VERTEX_POINT('',#4645);
#3693=LINE('',#4646,#4647);
#3694=VERTEX_POINT('',#4648);
#3695=LINE('',#4649,#4650);
#3696=VERTEX_POINT('',#4651);
#3697=LINE('',#4652,#4653);
#3698=VERTEX_POINT('',#4654);
#3699=LINE('',#4655,#4656);
#3700=VERTEX_POINT('',#4657);
#3701=LINE('',#4658,#4659);
#3702=VERTEX_POINT('',#4660);
#3703=LINE('',#4661,#4662);
#3704=VERTEX_POINT('',#4663);
#3705=LINE('',#4664,#4665);
#3706=VERTEX_POINT('',#4666);
#3707=LINE('',#4667,#4668);
#3708=VERTEX_POINT('',#4669);
#3709=LINE('',#4670,#4671);
#3710=VERTEX_POINT('',#4672);
#3711=LINE('',#4673,#4674);
#3712=VERTEX_POINT('',#4675);
#3713=LINE('',#4676,#4677);
#3714=VERTEX_POINT('',#4678);
#3715=LINE('',#4679,#4680);
#3716=VERTEX_POINT('',#4681);
#3717=LINE('',#4682,#4683);
#3718=VERTEX_POINT('',#4684);
#3719=LINE('',#4685,#4686);
#3720=VERTEX_POINT('',#4687);
#3721=LINE('',#4688,#4689);
#3722=VERTEX_POINT('',#4690);
#3723=LINE('',#4691,#4692);
#3724=VERTEX_POINT('',#4693);
#3725=LINE('',#4694,#4695);
#3726=VERTEX_POINT('',#4696);
#3727=LINE('',#4697,#4698);
#3728=VERTEX_POINT('',#4699);
#3729=LINE('',#4700,#4701);
#3730=VERTEX_POINT('',#4702);
#3731=LINE('',#4703,#4704);
#3732=VERTEX_POINT('',#4705);
#3733=LINE('',#4706,#4707);
#3734=VERTEX_POINT('',#4708);
#3735=LINE('',#4709,#4710);
#3736=VERTEX_POINT('',#4711);
#3737=LINE('',#4712,#4713);
#3738=VERTEX_POINT('',#4714);
#3739=LINE('',#4715,#4716);
#3740=VERTEX_POINT('',#4717);
#3741=LINE('',#4718,#4719);
#3742=VERTEX_POINT('',#4720);
#3743=LINE('',#4721,#4722);
#3744=VERTEX_POINT('',#4723);
#3745=LINE('',#4724,#4725);
#3746=LINE('',#4726,#4727);
#3747=VERTEX_POINT('',#4728);
#3748=LINE('',#4729,#4730);
#3749=VERTEX_POINT('',#4731);
#3750=LINE('',#4732,#4733);
#3751=VERTEX_POINT('',#4734);
#3752=LINE('',#4735,#4736);
#3753=LINE('',#4737,#4738);
#3754=VERTEX_POINT('',#4739);
#3755=LINE('',#4740,#4741);
#3756=VERTEX_POINT('',#4742);
#3757=LINE('',#4743,#4744);
#3758=LINE('',#4745,#4746);
#3759=VERTEX_POINT('',#4747);
#3760=LINE('',#4748,#4749);
#3761=VERTEX_POINT('',#4750);
#3762=LINE('',#4751,#4752);
#3763=VERTEX_POINT('',#4753);
#3764=LINE('',#4754,#4755);
#3765=LINE('',#4756,#4757);
#3766=VERTEX_POINT('',#4758);
#3767=VERTEX_POINT('',#4759);
#3768=CIRCLE('',#4760,0.25);
#3769=CIRCLE('',#4761,0.25);
#3770=VERTEX_POINT('',#4762);
#3771=LINE('',#4763,#4764);
#3772=LINE('',#4765,#4766);
#3773=VERTEX_POINT('',#4767);
#3774=VERTEX_POINT('',#4768);
#3775=LINE('',#4769,#4770);
#3776=VERTEX_POINT('',#4771);
#3777=LINE('',#4772,#4773);
#3778=LINE('',#4774,#4775);
#3779=LINE('',#4776,#4777);
#3780=VERTEX_POINT('',#4778);
#3781=VERTEX_POINT('',#4779);
#3782=LINE('',#4780,#4781);
#3783=LINE('',#4782,#4783);
#3784=LINE('',#4784,#4785);
#3785=VERTEX_POINT('',#4786);
#3786=VERTEX_POINT('',#4787);
#3787=LINE('',#4788,#4789);
#3788=LINE('',#4790,#4791);
#3789=LINE('',#4792,#4793);
#3790=VERTEX_POINT('',#4794);
#3791=VERTEX_POINT('',#4795);
#3792=LINE('',#4796,#4797);
#3793=LINE('',#4798,#4799);
#3794=LINE('',#4800,#4801);
#3795=VERTEX_POINT('',#4802);
#3796=VERTEX_POINT('',#4803);
#3797=LINE('',#4804,#4805);
#3798=LINE('',#4806,#4807);
#3799=LINE('',#4808,#4809);
#3800=VERTEX_POINT('',#4810);
#3801=VERTEX_POINT('',#4811);
#3802=LINE('',#4812,#4813);
#3803=LINE('',#4814,#4815);
#3804=LINE('',#4816,#4817);
#3805=VERTEX_POINT('',#4818);
#3806=VERTEX_POINT('',#4819);
#3807=LINE('',#4820,#4821);
#3808=LINE('',#4822,#4823);
#3809=LINE('',#4824,#4825);
#3810=VERTEX_POINT('',#4826);
#3811=LINE('',#4827,#4828);
#3812=VERTEX_POINT('',#4829);
#3813=LINE('',#4830,#4831);
#3814=VERTEX_POINT('',#4832);
#3815=LINE('',#4833,#4834);
#3816=LINE('',#4835,#4836);
#3817=VERTEX_POINT('',#4837);
#3818=LINE('',#4838,#4839);
#3819=LINE('',#4840,#4841);
#3820=VERTEX_POINT('',#4842);
#3821=LINE('',#4843,#4844);
#3822=LINE('',#4845,#4846);
#3823=VERTEX_POINT('',#4847);
#3824=VERTEX_POINT('',#4848);
#3825=LINE('',#4849,#4850);
#3826=VERTEX_POINT('',#4851);
#3827=LINE('',#4852,#4853);
#3828=LINE('',#4854,#4855);
#3829=LINE('',#4856,#4857);
#3830=VERTEX_POINT('',#4858);
#3831=LINE('',#4859,#4860);
#3832=VERTEX_POINT('',#4861);
#3833=LINE('',#4862,#4863);
#3834=LINE('',#4864,#4865);
#3835=VERTEX_POINT('',#4866);
#3836=LINE('',#4867,#4868);
#3837=VERTEX_POINT('',#4869);
#3838=LINE('',#4870,#4871);
#3839=LINE('',#4872,#4873);
#3840=VERTEX_POINT('',#4874);
#3841=VERTEX_POINT('',#4875);
#3842=CIRCLE('',#4876,0.25);
#3843=CIRCLE('',#4877,0.25);
#3844=VERTEX_POINT('',#4878);
#3845=LINE('',#4879,#4880);
#3846=VERTEX_POINT('',#4881);
#3847=LINE('',#4882,#4883);
#3848=LINE('',#4884,#4885);
#3849=VERTEX_POINT('',#4886);
#3850=LINE('',#4887,#4888);
#3851=LINE('',#4889,#4890);
#3852=VERTEX_POINT('',#4891);
#3853=LINE('',#4892,#4893);
#3854=VERTEX_POINT('',#4894);
#3855=LINE('',#4895,#4896);
#3856=VERTEX_POINT('',#4897);
#3857=LINE('',#4898,#4899);
#3858=VERTEX_POINT('',#4900);
#3859=LINE('',#4901,#4902);
#3860=LINE('',#4903,#4904);
#3861=VERTEX_POINT('',#4905);
#3862=LINE('',#4906,#4907);
#3863=VERTEX_POINT('',#4908);
#3864=LINE('',#4909,#4910);
#3865=LINE('',#4911,#4912);
#3866=LINE('',#4913,#4914);
#3867=VERTEX_POINT('',#4915);
#3868=LINE('',#4916,#4917);
#3869=VERTEX_POINT('',#4918);
#3870=LINE('',#4919,#4920);
#3871=LINE('',#4921,#4922);
#3872=VERTEX_POINT('',#4923);
#3873=VERTEX_POINT('',#4924);
#3874=CIRCLE('',#4925,0.25);
#3875=CIRCLE('',#4926,0.25);
#3876=VERTEX_POINT('',#4927);
#3877=CIRCLE('',#4928,0.25);
#3878=CIRCLE('',#4929,0.25);
#3879=VERTEX_POINT('',#4930);
#3880=VERTEX_POINT('',#4931);
#3881=CIRCLE('',#4932,0.25);
#3882=CIRCLE('',#4933,0.25);
#3883=VERTEX_POINT('',#4934);
#3884=VERTEX_POINT('',#4935);
#3885=CIRCLE('',#4936,0.25);
#3886=CIRCLE('',#4937,0.25);
#3887=VERTEX_POINT('',#4938);
#3888=VERTEX_POINT('',#4939);
#3889=CIRCLE('',#4940,0.25);
#3890=CIRCLE('',#4941,0.25);
#3891=VERTEX_POINT('',#4942);
#3892=VERTEX_POINT('',#4943);
#3893=CIRCLE('',#4944,0.25);
#3894=CIRCLE('',#4945,0.25);
#3895=VERTEX_POINT('',#4946);
#3896=CIRCLE('',#4947,0.25);
#3897=CIRCLE('',#4948,0.25);
#3898=VERTEX_POINT('',#4949);
#3899=VERTEX_POINT('',#4950);
#3900=CIRCLE('',#4951,0.25);
#3901=CIRCLE('',#4952,0.25);
#3902=VERTEX_POINT('',#4953);
#3903=VERTEX_POINT('',#4954);
#3904=LINE('',#4955,#4956);
#3905=VERTEX_POINT('',#4957);
#3906=LINE('',#4958,#4959);
#3907=VERTEX_POINT('',#4960);
#3908=LINE('',#4961,#4962);
#3909=VERTEX_POINT('',#4963);
#3910=LINE('',#4964,#4965);
#3911=VERTEX_POINT('',#4966);
#3912=LINE('',#4967,#4968);
#3913=LINE('',#4969,#4970);
#3914=VERTEX_POINT('',#4971);
#3915=LINE('',#4972,#4973);
#3916=LINE('',#4974,#4975);
#3917=VERTEX_POINT('',#4976);
#3918=LINE('',#4977,#4978);
#3919=VERTEX_POINT('',#4979);
#3920=LINE('',#4980,#4981);
#3921=LINE('',#4982,#4983);
#3922=VERTEX_POINT('',#4984);
#3923=LINE('',#4985,#4986);
#3924=LINE('',#4987,#4988);
#3925=VERTEX_POINT('',#4989);
#3926=LINE('',#4990,#4991);
#3927=VERTEX_POINT('',#4992);
#3928=LINE('',#4993,#4994);
#3929=LINE('',#4995,#4996);
#3930=VERTEX_POINT('',#4997);
#3931=LINE('',#4998,#4999);
#3932=VERTEX_POINT('',#5000);
#3933=LINE('',#5001,#5002);
#3934=LINE('',#5003,#5004);
#3935=VERTEX_POINT('',#5005);
#3936=LINE('',#5006,#5007);
#3937=LINE('',#5008,#5009);
#3938=LINE('',#5010,#5011);
#3939=LINE('',#5012,#5013);
#3940=VERTEX_POINT('',#5014);
#3941=VERTEX_POINT('',#5015);
#3942=LINE('',#5016,#5017);
#3943=VERTEX_POINT('',#5018);
#3944=LINE('',#5019,#5020);
#3945=LINE('',#5021,#5022);
#3946=LINE('',#5023,#5024);
#3947=LINE('',#5025,#5026);
#3948=VERTEX_POINT('',#5027);
#3949=VERTEX_POINT('',#5028);
#3950=LINE('',#5029,#5030);
#3951=LINE('',#5031,#5032);
#3952=LINE('',#5033,#5034);
#3953=VERTEX_POINT('',#5035);
#3954=LINE('',#5036,#5037);
#3955=LINE('',#5038,#5039);
#3956=VERTEX_POINT('',#5040);
#3957=VERTEX_POINT('',#5041);
#3958=LINE('',#5042,#5043);
#3959=LINE('',#5044,#5045);
#3960=VERTEX_POINT('',#5046);
#3961=LINE('',#5047,#5048);
#3962=LINE('',#5049,#5050);
#3963=VERTEX_POINT('',#5051);
#3964=LINE('',#5052,#5053);
#3965=LINE('',#5054,#5055);
#3966=VERTEX_POINT('',#5056);
#3967=LINE('',#5057,#5058);
#3968=LINE('',#5059,#5060);
#3969=VERTEX_POINT('',#5061);
#3970=LINE('',#5062,#5063);
#3971=LINE('',#5064,#5065);
#3972=LINE('',#5066,#5067);
#3973=LINE('',#5068,#5069);
#3974=LINE('',#5070,#5071);
#3975=LINE('',#5072,#5073);
#3976=LINE('',#5074,#5075);
#3977=VERTEX_POINT('',#5076);
#3978=LINE('',#5077,#5078);
#3979=VERTEX_POINT('',#5079);
#3980=LINE('',#5080,#5081);
#3981=LINE('',#5082,#5083);
#3982=VERTEX_POINT('',#5084);
#3983=LINE('',#5085,#5086);
#3984=LINE('',#5087,#5088);
#3985=LINE('',#5089,#5090);
#3986=VERTEX_POINT('',#5091);
#3987=LINE('',#5092,#5093);
#3988=VERTEX_POINT('',#5094);
#3989=LINE('',#5095,#5096);
#3990=LINE('',#5097,#5098);
#3991=VERTEX_POINT('',#5099);
#3992=LINE('',#5100,#5101);
#3993=VERTEX_POINT('',#5102);
#3994=LINE('',#5103,#5104);
#3995=LINE('',#5105,#5106);
#3996=VERTEX_POINT('',#5107);
#3997=LINE('',#5108,#5109);
#3998=VERTEX_POINT('',#5110);
#3999=LINE('',#5111,#5112);
#4000=LINE('',#5113,#5114);
#4001=VERTEX_POINT('',#5115);
#4002=LINE('',#5116,#5117);
#4003=VERTEX_POINT('',#5118);
#4004=LINE('',#5119,#5120);
#4005=LINE('',#5121,#5122);
#4006=VERTEX_POINT('',#5123);
#4007=LINE('',#5124,#5125);
#4008=VERTEX_POINT('',#5126);
#4009=LINE('',#5127,#5128);
#4010=LINE('',#5129,#5130);
#4011=VERTEX_POINT('',#5131);
#4012=LINE('',#5132,#5133);
#4013=VERTEX_POINT('',#5134);
#4014=LINE('',#5135,#5136);
#4015=LINE('',#5137,#5138);
#4016=LINE('',#5139,#5140);
#4017=LINE('',#5141,#5142);
#4018=VERTEX_POINT('',#5143);
#4019=CIRCLE('',#5144,0.25);
#4020=CIRCLE('',#5145,0.25);
#4021=CIRCLE('',#5146,0.25);
#4022=VERTEX_POINT('',#5147);
#4023=CIRCLE('',#5148,0.25);
#4024=LINE('',#5149,#5150);
#4025=VERTEX_POINT('',#5151);
#4026=LINE('',#5152,#5153);
#4027=CIRCLE('',#5154,0.25);
#4028=VERTEX_POINT('',#5155);
#4029=LINE('',#5156,#5157);
#4030=CIRCLE('',#5158,0.25);
#4031=CIRCLE('',#5159,0.25);
#4032=CIRCLE('',#5160,0.25);
#4033=VERTEX_POINT('',#5161);
#4034=CIRCLE('',#5162,0.15);
#4035=LINE('',#5163,#5164);
#4036=CIRCLE('',#5165,0.15);
#4037=VERTEX_POINT('',#5166);
#4038=CIRCLE('',#5167,0.75);
#4039=VERTEX_POINT('',#5168);
#4040=CIRCLE('',#5169,0.25);
#4041=CIRCLE('',#5170,0.25);
#4042=VERTEX_POINT('',#5171);
#4043=LINE('',#5172,#5173);
#4044=VERTEX_POINT('',#5174);
#4045=LINE('',#5175,#5176);
#4046=CIRCLE('',#5177,0.25);
#4047=VERTEX_POINT('',#5178);
#4048=CIRCLE('',#5179,0.25);
#4049=VERTEX_POINT('',#5180);
#4050=CIRCLE('',#5181,0.75);
#4051=CIRCLE('',#5182,0.25);
#4052=VERTEX_POINT('',#5183);
#4053=LINE('',#5184,#5185);
#4054=VERTEX_POINT('',#5186);
#4055=LINE('',#5187,#5188);
#4056=CIRCLE('',#5189,0.25);
#4057=CIRCLE('',#5190,0.75);
#4058=CIRCLE('',#5191,0.25);
#4059=CIRCLE('',#5192,0.25);
#4060=CIRCLE('',#5193,0.25);
#4061=CIRCLE('',#5194,0.25);
#4062=CIRCLE('',#5195,0.25);
#4063=VERTEX_POINT('',#5196);
#4064=CIRCLE('',#5197,0.15);
#4065=LINE('',#5198,#5199);
#4066=CIRCLE('',#5200,0.15);
#4067=LINE('',#5201,#5202);
#4068=LINE('',#5203,#5204);
#4069=VERTEX_POINT('',#5205);
#4070=VERTEX_POINT('',#5206);
#4071=CIRCLE('',#5207,0.25);
#4072=CIRCLE('',#5208,0.25);
#4073=LINE('',#5209,#5210);
#4074=VERTEX_POINT('',#5211);
#4075=LINE('',#5212,#5213);
#4076=CIRCLE('',#5214,0.25);
#4077=LINE('',#5215,#5216);
#4078=VERTEX_POINT('',#5217);
#4079=LINE('',#5218,#5219);
#4080=CIRCLE('',#5220,0.25);
#4081=VERTEX_POINT('',#5221);
#4082=LINE('',#5222,#5223);
#4083=CIRCLE('',#5224,0.15);
#4084=CIRCLE('',#5225,0.15);
#4085=CIRCLE('',#5226,0.25);
#4086=CIRCLE('',#5227,0.25);
#4087=VERTEX_POINT('',#5228);
#4088=CIRCLE('',#5229,0.15);
#4089=LINE('',#5230,#5231);
#4090=CIRCLE('',#5232,0.15);
#4091=LINE('',#5233,#5234);
#4092=LINE('',#5235,#5236);
#4093=VERTEX_POINT('',#5237);
#4094=VERTEX_POINT('',#5238);
#4095=CIRCLE('',#5239,0.25);
#4096=CIRCLE('',#5240,0.25);
#4097=LINE('',#5241,#5242);
#4098=VERTEX_POINT('',#5243);
#4099=LINE('',#5244,#5245);
#4100=CIRCLE('',#5246,0.25);
#4101=LINE('',#5247,#5248);
#4102=VERTEX_POINT('',#5249);
#4103=LINE('',#5250,#5251);
#4104=CIRCLE('',#5252,0.25);
#4105=VERTEX_POINT('',#5253);
#4106=LINE('',#5254,#5255);
#4107=CIRCLE('',#5256,0.15);
#4108=CIRCLE('',#5257,0.15);
#4109=CIRCLE('',#5258,0.25);
#4110=CIRCLE('',#5259,0.25);
#4111=VERTEX_POINT('',#5260);
#4112=CIRCLE('',#5261,0.15);
#4113=LINE('',#5262,#5263);
#4114=CIRCLE('',#5264,0.15);
#4115=LINE('',#5265,#5266);
#4116=LINE('',#5267,#5268);
#4117=VERTEX_POINT('',#5269);
#4118=VERTEX_POINT('',#5270);
#4119=CIRCLE('',#5271,0.25);
#4120=CIRCLE('',#5272,0.25);
#4121=LINE('',#5273,#5274);
#4122=VERTEX_POINT('',#5275);
#4123=LINE('',#5276,#5277);
#4124=CIRCLE('',#5278,0.25);
#4125=LINE('',#5279,#5280);
#4126=VERTEX_POINT('',#5281);
#4127=LINE('',#5282,#5283);
#4128=CIRCLE('',#5284,0.25);
#4129=VERTEX_POINT('',#5285);
#4130=LINE('',#5286,#5287);
#4131=CIRCLE('',#5288,0.15);
#4132=CIRCLE('',#5289,0.15);
#4133=CIRCLE('',#5290,0.25);
#4134=CIRCLE('',#5291,0.25);
#4135=VERTEX_POINT('',#5292);
#4136=CIRCLE('',#5293,0.15);
#4137=LINE('',#5294,#5295);
#4138=CIRCLE('',#5296,0.15);
#4139=LINE('',#5297,#5298);
#4140=LINE('',#5299,#5300);
#4141=VERTEX_POINT('',#5301);
#4142=VERTEX_POINT('',#5302);
#4143=CIRCLE('',#5303,0.25);
#4144=CIRCLE('',#5304,0.25);
#4145=LINE('',#5305,#5306);
#4146=VERTEX_POINT('',#5307);
#4147=LINE('',#5308,#5309);
#4148=CIRCLE('',#5310,0.25);
#4149=LINE('',#5311,#5312);
#4150=VERTEX_POINT('',#5313);
#4151=LINE('',#5314,#5315);
#4152=CIRCLE('',#5316,0.25);
#4153=VERTEX_POINT('',#5317);
#4154=LINE('',#5318,#5319);
#4155=CIRCLE('',#5320,0.15);
#4156=CIRCLE('',#5321,0.15);
#4157=CIRCLE('',#5322,0.25);
#4158=CIRCLE('',#5323,0.25);
#4159=VERTEX_POINT('',#5324);
#4160=CIRCLE('',#5325,0.15);
#4161=LINE('',#5326,#5327);
#4162=CIRCLE('',#5328,0.15);
#4163=LINE('',#5329,#5330);
#4164=LINE('',#5331,#5332);
#4165=VERTEX_POINT('',#5333);
#4166=CIRCLE('',#5334,0.25);
#4167=CIRCLE('',#5335,0.25);
#4168=LINE('',#5336,#5337);
#4169=VERTEX_POINT('',#5338);
#4170=LINE('',#5339,#5340);
#4171=VERTEX_POINT('',#5341);
#4172=CIRCLE('',#5342,0.25);
#4173=VERTEX_POINT('',#5343);
#4174=LINE('',#5344,#5345);
#4175=CIRCLE('',#5346,0.25);
#4176=VERTEX_POINT('',#5347);
#4177=CIRCLE('',#5348,0.25);
#4178=VERTEX_POINT('',#5349);
#4179=LINE('',#5350,#5351);
#4180=CIRCLE('',#5352,0.25);
#4181=VERTEX_POINT('',#5353);
#4182=LINE('',#5354,#5355);
#4183=CIRCLE('',#5356,0.15);
#4184=CIRCLE('',#5357,0.15);
#4185=CIRCLE('',#5358,0.25);
#4186=CIRCLE('',#5359,0.25);
#4187=CIRCLE('',#5360,0.25);
#4188=CIRCLE('',#5361,0.25);
#4189=CIRCLE('',#5362,0.25);
#4190=VERTEX_POINT('',#5363);
#4191=CIRCLE('',#5364,0.25);
#4192=VERTEX_POINT('',#5365);
#4193=CIRCLE('',#5366,0.25);
#4194=CIRCLE('',#5367,0.75);
#4195=CIRCLE('',#5368,0.25);
#4196=VERTEX_POINT('',#5369);
#4197=LINE('',#5370,#5371);
#4198=VERTEX_POINT('',#5372);
#4199=CIRCLE('',#5373,0.25);
#4200=LINE('',#5374,#5375);
#4201=CIRCLE('',#5376,0.25);
#4202=VERTEX_POINT('',#5377);
#4203=CIRCLE('',#5378,0.75);
#4204=VERTEX_POINT('',#5379);
#4205=CIRCLE('',#5380,0.25);
#4206=CIRCLE('',#5381,0.25);
#4207=CIRCLE('',#5382,0.25);
#4208=VERTEX_POINT('',#5383);
#4209=LINE('',#5384,#5385);
#4210=VERTEX_POINT('',#5386);
#4211=CIRCLE('',#5387,0.25);
#4212=LINE('',#5388,#5389);
#4213=CIRCLE('',#5390,0.25);
#4214=CIRCLE('',#5391,0.25);
#4215=CIRCLE('',#5392,0.75);
#4216=VERTEX_POINT('',#5393);
#4217=LINE('',#5394,#5395);
#4218=CIRCLE('',#5396,0.15);
#4219=CIRCLE('',#5397,0.15);
#4220=LINE('',#5398,#5399);
#4221=LINE('',#5400,#5401);
#4222=LINE('',#5402,#5403);
#4223=LINE('',#5404,#5405);
#4224=VERTEX_POINT('',#5406);
#4225=LINE('',#5407,#5408);
#4226=CIRCLE('',#5409,0.25);
#4227=LINE('',#5410,#5411);
#4228=VERTEX_POINT('',#5412);
#4229=LINE('',#5413,#5414);
#4230=CIRCLE('',#5415,0.25);
#4231=VERTEX_POINT('',#5416);
#4232=LINE('',#5417,#5418);
#4233=CIRCLE('',#5419,0.15);
#4234=CIRCLE('',#5420,0.15);
#4235=CIRCLE('',#5421,0.25);
#4236=CIRCLE('',#5422,0.25);
#4237=VERTEX_POINT('',#5423);
#4238=CIRCLE('',#5424,0.15);
#4239=LINE('',#5425,#5426);
#4240=CIRCLE('',#5427,0.15);
#4241=LINE('',#5428,#5429);
#4242=VERTEX_POINT('',#5430);
#4243=LINE('',#5431,#5432);
#4244=CIRCLE('',#5433,0.25);
#4245=LINE('',#5434,#5435);
#4246=VERTEX_POINT('',#5436);
#4247=LINE('',#5437,#5438);
#4248=CIRCLE('',#5439,0.25);
#4249=VERTEX_POINT('',#5440);
#4250=LINE('',#5441,#5442);
#4251=CIRCLE('',#5443,0.15);
#4252=CIRCLE('',#5444,0.15);
#4253=CIRCLE('',#5445,0.25);
#4254=CIRCLE('',#5446,0.25);
#4255=VERTEX_POINT('',#5447);
#4256=CIRCLE('',#5448,0.15);
#4257=LINE('',#5449,#5450);
#4258=CIRCLE('',#5451,0.15);
#4259=CARTESIAN_POINT('',(5.25,1.35,-7.2));
#4260=CARTESIAN_POINT('',(5.25,1.25,-6.9));
#4261=CARTESIAN_POINT('',(5.25,1.3000000001042,-7.050000000313));
#4262=VECTOR('',#5452,1.0);
#4263=CARTESIAN_POINT('',(5.4,1.5,-7.2));
#4264=AXIS2_PLACEMENT_3D('',#5453,#5454,#5455);
#4265=CARTESIAN_POINT('',(5.5,1.5,-6.9));
#4266=CARTESIAN_POINT('',(5.399999999873,1.500000002196,-7.20000000038));
#4267=VECTOR('',#5456,0.3162277659168);
#4268=AXIS2_PLACEMENT_3D('',#5457,#5458,#5459);
#4269=CARTESIAN_POINT('',(5.25,1.75,-6.9));
#4270=CARTESIAN_POINT('',(5.25,1.65,-7.2));
#4271=CARTESIAN_POINT('',(5.25,1.6999999998958,-7.050000000313));
#4272=VECTOR('',#5460,1.0);
#4273=AXIS2_PLACEMENT_3D('',#5461,#5462,#5463);
#4274=AXIS2_PLACEMENT_3D('',#5464,#5465,#5466);
#4275=CARTESIAN_POINT('',(5.25,1.75,-0.55));
#4276=CARTESIAN_POINT('',(5.25,1.65,-0.25));
#4277=CARTESIAN_POINT('',(5.25,1.6999999998958,-0.3999999996873));
#4278=VECTOR('',#5467,1.0);
#4279=CARTESIAN_POINT('',(5.0,1.5,-0.55));
#4280=AXIS2_PLACEMENT_3D('',#5468,#5469,#5470);
#4281=CARTESIAN_POINT('',(5.1,1.5,-0.25));
#4282=CARTESIAN_POINT('',(5.100000000127,1.499999997804,-0.2499999996203));
#4283=VECTOR('',#5471,0.3162277659168);
#4284=AXIS2_PLACEMENT_3D('',#5472,#5473,#5474);
#4285=CARTESIAN_POINT('',(5.25,1.35,-0.25));
#4286=CARTESIAN_POINT('',(5.25,1.25,-0.55));
#4287=CARTESIAN_POINT('',(5.25,1.3000000001042,-0.3999999996873));
#4288=VECTOR('',#5475,1.0);
#4289=AXIS2_PLACEMENT_3D('',#5476,#5477,#5478);
#4290=AXIS2_PLACEMENT_3D('',#5479,#5480,#5481);
#4291=CARTESIAN_POINT('',(-5.25,1.35,-7.2));
#4292=CARTESIAN_POINT('',(-5.25,1.25,-6.9));
#4293=CARTESIAN_POINT('',(-5.25,1.3000000001042,-7.050000000313));
#4294=VECTOR('',#5482,1.0);
#4295=CARTESIAN_POINT('',(-5.1,1.5,-7.2));
#4296=AXIS2_PLACEMENT_3D('',#5483,#5484,#5485);
#4297=CARTESIAN_POINT('',(-5.0,1.5,-6.9));
#4298=CARTESIAN_POINT('',(-5.100000000127,1.500000002196,-7.20000000038));
#4299=VECTOR('',#5486,0.3162277659168);
#4300=AXIS2_PLACEMENT_3D('',#5487,#5488,#5489);
#4301=CARTESIAN_POINT('',(-5.25,1.75,-6.9));
#4302=CARTESIAN_POINT('',(-5.25,1.65,-7.2));
#4303=CARTESIAN_POINT('',(-5.25,1.6999999998958,-7.050000000313));
#4304=VECTOR('',#5490,1.0);
#4305=AXIS2_PLACEMENT_3D('',#5491,#5492,#5493);
#4306=AXIS2_PLACEMENT_3D('',#5494,#5495,#5496);
#4307=CARTESIAN_POINT('',(-5.25,1.75,-0.55));
#4308=CARTESIAN_POINT('',(-5.25,1.65,-0.25));
#4309=CARTESIAN_POINT('',(-5.25,1.6999999998958,-0.3999999996873));
#4310=VECTOR('',#5497,1.0);
#4311=CARTESIAN_POINT('',(-5.5,1.5,-0.55));
#4312=AXIS2_PLACEMENT_3D('',#5498,#5499,#5500);
#4313=CARTESIAN_POINT('',(-5.4,1.5,-0.25));
#4314=CARTESIAN_POINT('',(-5.399999999873,1.499999997804,-0.2499999996203));
#4315=VECTOR('',#5501,0.3162277659168);
#4316=AXIS2_PLACEMENT_3D('',#5502,#5503,#5504);
#4317=CARTESIAN_POINT('',(-5.25,1.35,-0.25));
#4318=CARTESIAN_POINT('',(-5.25,1.25,-0.55));
#4319=CARTESIAN_POINT('',(-5.25,1.3000000001042,-0.3999999996873));
#4320=VECTOR('',#5505,1.0);
#4321=AXIS2_PLACEMENT_3D('',#5506,#5507,#5508);
#4322=AXIS2_PLACEMENT_3D('',#5509,#5510,#5511);
#4323=CARTESIAN_POINT('',(-3.75,1.75,-6.9));
#4324=CARTESIAN_POINT('',(-3.75,1.65,-7.2));
#4325=CARTESIAN_POINT('',(-3.75,1.6999999998958,-7.050000000313));
#4326=VECTOR('',#5512,1.0);
#4327=CARTESIAN_POINT('',(-3.5,1.5,-6.9));
#4328=AXIS2_PLACEMENT_3D('',#5513,#5514,#5515);
#4329=CARTESIAN_POINT('',(-3.6,1.5,-7.2));
#4330=CARTESIAN_POINT('',(-3.600000000127,1.500000002196,-7.20000000038));
#4331=VECTOR('',#5516,0.3162277659168);
#4332=AXIS2_PLACEMENT_3D('',#5517,#5518,#5519);
#4333=CARTESIAN_POINT('',(-3.75,1.35,-7.2));
#4334=CARTESIAN_POINT('',(-3.75,1.25,-6.9));
#4335=CARTESIAN_POINT('',(-3.75,1.3000000001042,-7.050000000313));
#4336=VECTOR('',#5520,1.0);
#4337=AXIS2_PLACEMENT_3D('',#5521,#5522,#5523);
#4338=AXIS2_PLACEMENT_3D('',#5524,#5525,#5526);
#4339=CARTESIAN_POINT('',(-3.5,1.5,-6.626108268163));
#4340=CARTESIAN_POINT('',(-3.5,1.5,-6.7));
#4341=CARTESIAN_POINT('',(-3.5,1.5,-6.7630541340815));
#4342=VECTOR('',#5527,1.0);
#4343=CARTESIAN_POINT('',(-3.75,1.25,-6.626108268163));
#4344=AXIS2_PLACEMENT_3D('',#5528,#5529,#5530);
#4345=CARTESIAN_POINT('',(-3.75,1.25,-6.7));
#4346=CARTESIAN_POINT('',(-3.75,1.25,-6.7));
#4347=VECTOR('',#5531,0.07389173183676);
#4348=CARTESIAN_POINT('',(-4.0,1.5,-6.7));
#4349=AXIS2_PLACEMENT_3D('',#5532,#5533,#5534);
#4350=CARTESIAN_POINT('',(-4.0,1.5,-6.9));
#4351=CARTESIAN_POINT('',(-3.999999999842,1.499999997255,-6.900000000475));
#4352=VECTOR('',#5535,0.2000000004746);
#4353=AXIS2_PLACEMENT_3D('',#5536,#5537,#5538);
#4354=CARTESIAN_POINT('',(-3.500000000158,1.500000002745,-6.900000000475));
#4355=VECTOR('',#5539,0.2000000004746);
#4356=CARTESIAN_POINT('',(-3.5,1.5,-4.7));
#4357=CARTESIAN_POINT('',(-3.5,1.5,-4.779426859651));
#4358=CARTESIAN_POINT('',(-3.5,1.5,-4.5647134298255));
#4359=VECTOR('',#5540,1.0);
#4360=CARTESIAN_POINT('',(-3.75,1.25,-4.7));
#4361=AXIS2_PLACEMENT_3D('',#5541,#5542,#5543);
#4362=CARTESIAN_POINT('',(-3.75,1.25,-4.779426859651));
#4363=CARTESIAN_POINT('',(-3.75,1.25,-4.779426859651));
#4364=VECTOR('',#5544,0.07942685965099);
#4365=AXIS2_PLACEMENT_3D('',#5545,#5546,#5547);
#4366=CARTESIAN_POINT('',(-3.75,1.75,-0.55));
#4367=CARTESIAN_POINT('',(-3.75,1.65,-0.25));
#4368=CARTESIAN_POINT('',(-3.75,1.6999999998958,-0.3999999996873));
#4369=VECTOR('',#5548,1.0);
#4370=CARTESIAN_POINT('',(-4.0,1.5,-0.55));
#4371=AXIS2_PLACEMENT_3D('',#5549,#5550,#5551);
#4372=CARTESIAN_POINT('',(-3.9,1.5,-0.25));
#4373=CARTESIAN_POINT('',(-3.899999999873,1.499999997804,-0.2499999996203));
#4374=VECTOR('',#5552,0.3162277659168);
#4375=AXIS2_PLACEMENT_3D('',#5553,#5554,#5555);
#4376=CARTESIAN_POINT('',(-3.75,1.35,-0.25));
#4377=CARTESIAN_POINT('',(-3.75,1.25,-0.55));
#4378=CARTESIAN_POINT('',(-3.75,1.3000000001042,-0.3999999996873));
#4379=VECTOR('',#5556,1.0);
#4380=AXIS2_PLACEMENT_3D('',#5557,#5558,#5559);
#4381=AXIS2_PLACEMENT_3D('',#5560,#5561,#5562);
#4382=CARTESIAN_POINT('',(-3.75,1.25,-4.35));
#4383=CARTESIAN_POINT('',(-3.75,1.25,-4.5647134298255));
#4384=VECTOR('',#5563,1.0);
#4385=CARTESIAN_POINT('',(-3.5,1.5,-4.35));
#4386=CARTESIAN_POINT('',(-3.5,1.5,-4.7));
#4387=VECTOR('',#5564,0.35);
#4388=AXIS2_PLACEMENT_3D('',#5565,#5566,#5567);
#4389=CARTESIAN_POINT('',(-3.75,1.25,-2.9));
#4390=CARTESIAN_POINT('',(-3.75,1.25,-1.725));
#4391=VECTOR('',#5568,1.0);
#4392=CARTESIAN_POINT('',(-3.5,1.5,-2.9));
#4393=AXIS2_PLACEMENT_3D('',#5569,#5570,#5571);
#4394=CARTESIAN_POINT('',(-3.5,1.5,-0.55));
#4395=CARTESIAN_POINT('',(-3.5,1.5,-2.9));
#4396=VECTOR('',#5572,2.350000000475);
#4397=AXIS2_PLACEMENT_3D('',#5573,#5574,#5575);
#4398=CARTESIAN_POINT('',(-2.25,1.35,-7.2));
#4399=CARTESIAN_POINT('',(-2.25,1.25,-6.9));
#4400=CARTESIAN_POINT('',(-2.25,1.3000000001042,-7.050000000313));
#4401=VECTOR('',#5576,1.0);
#4402=CARTESIAN_POINT('',(-2.1,1.5,-7.2));
#4403=AXIS2_PLACEMENT_3D('',#5577,#5578,#5579);
#4404=CARTESIAN_POINT('',(-2.0,1.5,-6.9));
#4405=CARTESIAN_POINT('',(-2.100000000127,1.500000002196,-7.20000000038));
#4406=VECTOR('',#5580,0.3162277659168);
#4407=AXIS2_PLACEMENT_3D('',#5581,#5582,#5583);
#4408=CARTESIAN_POINT('',(-2.25,1.75,-6.9));
#4409=CARTESIAN_POINT('',(-2.25,1.65,-7.2));
#4410=CARTESIAN_POINT('',(-2.25,1.6999999998958,-7.050000000313));
#4411=VECTOR('',#5584,1.0);
#4412=AXIS2_PLACEMENT_3D('',#5585,#5586,#5587);
#4413=AXIS2_PLACEMENT_3D('',#5588,#5589,#5590);
#4414=CARTESIAN_POINT('',(-2.25,1.75,-0.55));
#4415=CARTESIAN_POINT('',(-2.25,1.65,-0.25));
#4416=CARTESIAN_POINT('',(-2.25,1.6999999998958,-0.3999999996873));
#4417=VECTOR('',#5591,1.0);
#4418=CARTESIAN_POINT('',(-2.5,1.5,-0.55));
#4419=AXIS2_PLACEMENT_3D('',#5592,#5593,#5594);
#4420=CARTESIAN_POINT('',(-2.4,1.5,-0.25));
#4421=CARTESIAN_POINT('',(-2.399999999873,1.499999997804,-0.2499999996203));
#4422=VECTOR('',#5595,0.3162277659168);
#4423=AXIS2_PLACEMENT_3D('',#5596,#5597,#5598);
#4424=CARTESIAN_POINT('',(-2.25,1.35,-0.25));
#4425=CARTESIAN_POINT('',(-2.25,1.25,-0.55));
#4426=CARTESIAN_POINT('',(-2.25,1.3000000001042,-0.3999999996873));
#4427=VECTOR('',#5599,1.0);
#4428=AXIS2_PLACEMENT_3D('',#5600,#5601,#5602);
#4429=AXIS2_PLACEMENT_3D('',#5603,#5604,#5605);
#4430=CARTESIAN_POINT('',(-0.75,1.35,-7.2));
#4431=CARTESIAN_POINT('',(-0.75,1.25,-6.9));
#4432=CARTESIAN_POINT('',(-0.75,1.3000000001042,-7.050000000313));
#4433=VECTOR('',#5606,1.0);
#4434=CARTESIAN_POINT('',(-0.6,1.5,-7.2));
#4435=AXIS2_PLACEMENT_3D('',#5607,#5608,#5609);
#4436=CARTESIAN_POINT('',(-0.5,1.5,-6.9));
#4437=CARTESIAN_POINT('',(-0.6000000001266,1.500000002196,-7.20000000038));
#4438=VECTOR('',#5610,0.3162277659168);
#4439=AXIS2_PLACEMENT_3D('',#5611,#5612,#5613);
#4440=CARTESIAN_POINT('',(-0.75,1.75,-6.9));
#4441=CARTESIAN_POINT('',(-0.75,1.65,-7.2));
#4442=CARTESIAN_POINT('',(-0.75,1.6999999998958,-7.050000000313));
#4443=VECTOR('',#5614,1.0);
#4444=AXIS2_PLACEMENT_3D('',#5615,#5616,#5617);
#4445=AXIS2_PLACEMENT_3D('',#5618,#5619,#5620);
#4446=CARTESIAN_POINT('',(-0.75,1.75,-0.55));
#4447=CARTESIAN_POINT('',(-0.75,1.65,-0.25));
#4448=CARTESIAN_POINT('',(-0.75,1.6999999998958,-0.3999999996873));
#4449=VECTOR('',#5621,1.0);
#4450=CARTESIAN_POINT('',(-1.0,1.5,-0.55));
#4451=AXIS2_PLACEMENT_3D('',#5622,#5623,#5624);
#4452=CARTESIAN_POINT('',(-0.9,1.5,-0.25));
#4453=CARTESIAN_POINT('',(-0.8999999998734,1.499999997804,-0.2499999996203));
#4454=VECTOR('',#5625,0.3162277659168);
#4455=AXIS2_PLACEMENT_3D('',#5626,#5627,#5628);
#4456=CARTESIAN_POINT('',(-0.75,1.35,-0.25));
#4457=CARTESIAN_POINT('',(-0.75,1.25,-0.55));
#4458=CARTESIAN_POINT('',(-0.75,1.3000000001042,-0.3999999996873));
#4459=VECTOR('',#5629,1.0);
#4460=AXIS2_PLACEMENT_3D('',#5630,#5631,#5632);
#4461=AXIS2_PLACEMENT_3D('',#5633,#5634,#5635);
#4462=CARTESIAN_POINT('',(0.75,1.35,-7.2));
#4463=CARTESIAN_POINT('',(0.75,1.25,-6.9));
#4464=CARTESIAN_POINT('',(0.75,1.3000000001042,-7.050000000313));
#4465=VECTOR('',#5636,1.0);
#4466=CARTESIAN_POINT('',(0.9,1.5,-7.2));
#4467=AXIS2_PLACEMENT_3D('',#5637,#5638,#5639);
#4468=CARTESIAN_POINT('',(1.0,1.5,-6.9));
#4469=CARTESIAN_POINT('',(0.8999999998734,1.500000002196,-7.20000000038));
#4470=VECTOR('',#5640,0.3162277659168);
#4471=AXIS2_PLACEMENT_3D('',#5641,#5642,#5643);
#4472=CARTESIAN_POINT('',(0.75,1.75,-6.9));
#4473=CARTESIAN_POINT('',(0.75,1.65,-7.2));
#4474=CARTESIAN_POINT('',(0.75,1.6999999998958,-7.050000000313));
#4475=VECTOR('',#5644,1.0);
#4476=AXIS2_PLACEMENT_3D('',#5645,#5646,#5647);
#4477=AXIS2_PLACEMENT_3D('',#5648,#5649,#5650);
#4478=CARTESIAN_POINT('',(0.75,1.75,-0.55));
#4479=CARTESIAN_POINT('',(0.75,1.65,-0.25));
#4480=CARTESIAN_POINT('',(0.75,1.6999999998958,-0.3999999996873));
#4481=VECTOR('',#5651,1.0);
#4482=CARTESIAN_POINT('',(0.5,1.5,-0.55));
#4483=AXIS2_PLACEMENT_3D('',#5652,#5653,#5654);
#4484=CARTESIAN_POINT('',(0.6,1.5,-0.25));
#4485=CARTESIAN_POINT('',(0.6000000001266,1.499999997804,-0.2499999996203));
#4486=VECTOR('',#5655,0.3162277659168);
#4487=AXIS2_PLACEMENT_3D('',#5656,#5657,#5658);
#4488=CARTESIAN_POINT('',(0.75,1.35,-0.25));
#4489=CARTESIAN_POINT('',(0.75,1.25,-0.55));
#4490=CARTESIAN_POINT('',(0.75,1.3000000001042,-0.3999999996873));
#4491=VECTOR('',#5659,1.0);
#4492=AXIS2_PLACEMENT_3D('',#5660,#5661,#5662);
#4493=AXIS2_PLACEMENT_3D('',#5663,#5664,#5665);
#4494=CARTESIAN_POINT('',(2.25,1.35,-7.2));
#4495=CARTESIAN_POINT('',(2.25,1.25,-6.9));
#4496=CARTESIAN_POINT('',(2.25,1.3000000001042,-7.050000000313));
#4497=VECTOR('',#5666,1.0);
#4498=CARTESIAN_POINT('',(2.4,1.5,-7.2));
#4499=AXIS2_PLACEMENT_3D('',#5667,#5668,#5669);
#4500=CARTESIAN_POINT('',(2.5,1.5,-6.9));
#4501=CARTESIAN_POINT('',(2.399999999873,1.500000002196,-7.20000000038));
#4502=VECTOR('',#5670,0.3162277659168);
#4503=AXIS2_PLACEMENT_3D('',#5671,#5672,#5673);
#4504=CARTESIAN_POINT('',(2.25,1.75,-6.9));
#4505=CARTESIAN_POINT('',(2.25,1.65,-7.2));
#4506=CARTESIAN_POINT('',(2.25,1.6999999998958,-7.050000000313));
#4507=VECTOR('',#5674,1.0);
#4508=AXIS2_PLACEMENT_3D('',#5675,#5676,#5677);
#4509=AXIS2_PLACEMENT_3D('',#5678,#5679,#5680);
#4510=CARTESIAN_POINT('',(2.25,1.75,-0.55));
#4511=CARTESIAN_POINT('',(2.25,1.65,-0.25));
#4512=CARTESIAN_POINT('',(2.25,1.6999999998958,-0.3999999996873));
#4513=VECTOR('',#5681,1.0);
#4514=CARTESIAN_POINT('',(2.0,1.5,-0.55));
#4515=AXIS2_PLACEMENT_3D('',#5682,#5683,#5684);
#4516=CARTESIAN_POINT('',(2.1,1.5,-0.25));
#4517=CARTESIAN_POINT('',(2.100000000127,1.499999997804,-0.2499999996203));
#4518=VECTOR('',#5685,0.3162277659168);
#4519=AXIS2_PLACEMENT_3D('',#5686,#5687,#5688);
#4520=CARTESIAN_POINT('',(2.25,1.35,-0.25));
#4521=CARTESIAN_POINT('',(2.25,1.25,-0.55));
#4522=CARTESIAN_POINT('',(2.25,1.3000000001042,-0.3999999996873));
#4523=VECTOR('',#5689,1.0);
#4524=AXIS2_PLACEMENT_3D('',#5690,#5691,#5692);
#4525=AXIS2_PLACEMENT_3D('',#5693,#5694,#5695);
#4526=CARTESIAN_POINT('',(3.75,1.35,-7.2));
#4527=CARTESIAN_POINT('',(3.75,1.25,-6.9));
#4528=CARTESIAN_POINT('',(3.75,1.3000000001042,-7.050000000313));
#4529=VECTOR('',#5696,1.0);
#4530=CARTESIAN_POINT('',(3.9,1.5,-7.2));
#4531=AXIS2_PLACEMENT_3D('',#5697,#5698,#5699);
#4532=CARTESIAN_POINT('',(4.0,1.5,-6.9));
#4533=CARTESIAN_POINT('',(3.899999999873,1.500000002196,-7.20000000038));
#4534=VECTOR('',#5700,0.3162277659168);
#4535=AXIS2_PLACEMENT_3D('',#5701,#5702,#5703);
#4536=CARTESIAN_POINT('',(3.75,1.75,-6.9));
#4537=CARTESIAN_POINT('',(3.75,1.65,-7.2));
#4538=CARTESIAN_POINT('',(3.75,1.6999999998958,-7.050000000313));
#4539=VECTOR('',#5704,1.0);
#4540=AXIS2_PLACEMENT_3D('',#5705,#5706,#5707);
#4541=AXIS2_PLACEMENT_3D('',#5708,#5709,#5710);
#4542=CARTESIAN_POINT('',(3.75,1.35,-0.25));
#4543=CARTESIAN_POINT('',(3.75,1.25,-0.55));
#4544=CARTESIAN_POINT('',(3.75,1.3000000001042,-0.3999999996873));
#4545=VECTOR('',#5711,1.0);
#4546=CARTESIAN_POINT('',(3.6,1.5,-0.25));
#4547=AXIS2_PLACEMENT_3D('',#5712,#5713,#5714);
#4548=CARTESIAN_POINT('',(3.5,1.5,-0.55));
#4549=CARTESIAN_POINT('',(3.600000000127,1.499999997804,-0.2499999996203));
#4550=VECTOR('',#5715,0.3162277659168);
#4551=AXIS2_PLACEMENT_3D('',#5716,#5717,#5718);
#4552=CARTESIAN_POINT('',(3.75,1.75,-0.55));
#4553=CARTESIAN_POINT('',(3.75,1.65,-0.25));
#4554=CARTESIAN_POINT('',(3.75,1.6999999998958,-0.3999999996873));
#4555=VECTOR('',#5719,1.0);
#4556=AXIS2_PLACEMENT_3D('',#5720,#5721,#5722);
#4557=AXIS2_PLACEMENT_3D('',#5723,#5724,#5725);
#4558=CARTESIAN_POINT('',(3.75,1.75,-6.7));
#4559=CARTESIAN_POINT('',(3.75,1.75,-6.7));
#4560=VECTOR('',#5726,1.0);
#4561=CARTESIAN_POINT('',(3.5,1.5,-6.9));
#4562=AXIS2_PLACEMENT_3D('',#5727,#5728,#5729);
#4563=CARTESIAN_POINT('',(3.5,1.5,-6.7));
#4564=CARTESIAN_POINT('',(3.500000000158,1.499999997255,-6.900000000475));
#4565=VECTOR('',#5730,0.2000000004746);
#4566=CARTESIAN_POINT('',(3.75,1.25,-6.7));
#4567=AXIS2_PLACEMENT_3D('',#5731,#5732,#5733);
#4568=CARTESIAN_POINT('',(3.75,1.25,-6.626108268163));
#4569=CARTESIAN_POINT('',(3.75,1.25,-6.7));
#4570=VECTOR('',#5734,0.07389173183676);
#4571=CARTESIAN_POINT('',(3.75,1.75,-6.626108268163));
#4572=AXIS2_PLACEMENT_3D('',#5735,#5736,#5737);
#4573=CARTESIAN_POINT('',(3.75,1.75,-6.7));
#4574=VECTOR('',#5738,0.07389173183676);
#4575=CARTESIAN_POINT('',(3.75,1.75,-4.7));
#4576=CARTESIAN_POINT('',(3.75,1.75,-4.35));
#4577=CARTESIAN_POINT('',(3.75,1.75,-4.5647134298255));
#4578=VECTOR('',#5739,1.0);
#4579=CARTESIAN_POINT('',(3.75,1.75,-4.779426859651));
#4580=CARTESIAN_POINT('',(3.75,1.75,-4.779426859651));
#4581=VECTOR('',#5740,0.07942685965099);
#4582=CARTESIAN_POINT('',(3.75,1.25,-4.779426859651));
#4583=AXIS2_PLACEMENT_3D('',#5741,#5742,#5743);
#4584=CARTESIAN_POINT('',(3.75,1.25,-4.7));
#4585=CARTESIAN_POINT('',(3.75,1.25,-4.779426859651));
#4586=VECTOR('',#5744,0.07942685965099);
#4587=CARTESIAN_POINT('',(3.5,1.5,-4.7));
#4588=AXIS2_PLACEMENT_3D('',#5745,#5746,#5747);
#4589=CARTESIAN_POINT('',(3.5,1.5,-4.35));
#4590=CARTESIAN_POINT('',(3.5,1.5,-4.7));
#4591=VECTOR('',#5748,0.35);
#4592=AXIS2_PLACEMENT_3D('',#5749,#5750,#5751);
#4593=CARTESIAN_POINT('',(3.75,1.75,-2.9));
#4594=CARTESIAN_POINT('',(3.75,1.75,-1.725));
#4595=VECTOR('',#5752,1.0);
#4596=CARTESIAN_POINT('',(3.5,1.5,-2.9));
#4597=AXIS2_PLACEMENT_3D('',#5753,#5754,#5755);
#4598=CARTESIAN_POINT('',(3.5,1.5,-2.9));
#4599=VECTOR('',#5756,2.350000000475);
#4600=CARTESIAN_POINT('',(3.75,1.25,-6.7));
#4601=VECTOR('',#5757,1.0);
#4602=AXIS2_PLACEMENT_3D('',#5758,#5759,#5760);
#4603=CARTESIAN_POINT('',(3.75,1.25,-2.9));
#4604=CARTESIAN_POINT('',(3.75,1.25,-1.725));
#4605=VECTOR('',#5761,1.0);
#4606=AXIS2_PLACEMENT_3D('',#5762,#5763,#5764);
#4607=CARTESIAN_POINT('',(3.75,1.25,-4.35));
#4608=CARTESIAN_POINT('',(3.75,1.25,-4.5647134298255));
#4609=VECTOR('',#5765,1.0);
#4610=AXIS2_PLACEMENT_3D('',#5766,#5767,#5768);
#4611=CARTESIAN_POINT('',(-6.75,0.0,-4.5));
#4612=CARTESIAN_POINT('',(-6.75,3.7,-4.5));
#4613=CARTESIAN_POINT('',(-6.75,0.0,-4.5));
#4614=VECTOR('',#5769,3.7);
#4615=CARTESIAN_POINT('',(-6.75,0.0,0.0));
#4616=CARTESIAN_POINT('',(-6.75,0.0,0.0));
#4617=VECTOR('',#5770,4.5);
#4618=CARTESIAN_POINT('',(-6.75,0.9,0.0));
#4619=CARTESIAN_POINT('',(-6.75,0.9,0.0));
#4620=VECTOR('',#5771,0.9);
#4621=CARTESIAN_POINT('',(-6.75,0.9,-2.3));
#4622=CARTESIAN_POINT('',(-6.75,0.9,-2.3));
#4623=VECTOR('',#5772,2.3);
#4624=CARTESIAN_POINT('',(-6.75,1.9,-2.3));
#4625=CARTESIAN_POINT('',(-6.75,1.9,-2.3));
#4626=VECTOR('',#5773,1.0);
#4627=CARTESIAN_POINT('',(-6.75,1.9,0.0));
#4628=CARTESIAN_POINT('',(-6.75,1.9,0.0));
#4629=VECTOR('',#5774,2.3);
#4630=CARTESIAN_POINT('',(-6.75,3.7,0.0));
#4631=CARTESIAN_POINT('',(-6.75,3.7,0.0));
#4632=VECTOR('',#5775,1.8);
#4633=CARTESIAN_POINT('',(-6.75,3.7,-4.5));
#4634=VECTOR('',#5776,4.5);
#4635=CARTESIAN_POINT('',(5.725,3.7,-4.35));
#4636=CARTESIAN_POINT('',(4.775,3.7,-4.35));
#4637=CARTESIAN_POINT('',(5.725,3.7,-4.35));
#4638=VECTOR('',#5777,0.95);
#4639=CARTESIAN_POINT('',(4.775,3.7,-4.5));
#4640=CARTESIAN_POINT('',(4.775,3.7,-4.5));
#4641=VECTOR('',#5778,0.15);
#4642=CARTESIAN_POINT('',(4.225,3.7,-4.5));
#4643=CARTESIAN_POINT('',(4.225,3.7,-4.5));
#4644=VECTOR('',#5779,0.55);
#4645=CARTESIAN_POINT('',(4.225,3.7,-4.35));
#4646=CARTESIAN_POINT('',(4.225,3.7,-4.5));
#4647=VECTOR('',#5780,0.15);
#4648=CARTESIAN_POINT('',(3.275,3.7,-4.35));
#4649=CARTESIAN_POINT('',(4.225,3.7,-4.35));
#4650=VECTOR('',#5781,0.95);
#4651=CARTESIAN_POINT('',(3.275,3.7,-4.5));
#4652=CARTESIAN_POINT('',(3.275,3.7,-4.5));
#4653=VECTOR('',#5782,0.15);
#4654=CARTESIAN_POINT('',(2.725,3.7,-4.5));
#4655=CARTESIAN_POINT('',(2.725,3.7,-4.5));
#4656=VECTOR('',#5783,0.55);
#4657=CARTESIAN_POINT('',(2.725,3.7,-4.35));
#4658=CARTESIAN_POINT('',(2.725,3.7,-4.5));
#4659=VECTOR('',#5784,0.15);
#4660=CARTESIAN_POINT('',(1.775,3.7,-4.35));
#4661=CARTESIAN_POINT('',(2.725,3.7,-4.35));
#4662=VECTOR('',#5785,0.95);
#4663=CARTESIAN_POINT('',(1.775,3.7,-4.5));
#4664=CARTESIAN_POINT('',(1.775,3.7,-4.5));
#4665=VECTOR('',#5786,0.15);
#4666=CARTESIAN_POINT('',(1.225,3.7,-4.5));
#4667=CARTESIAN_POINT('',(1.225,3.7,-4.5));
#4668=VECTOR('',#5787,0.55);
#4669=CARTESIAN_POINT('',(1.225,3.7,-4.35));
#4670=CARTESIAN_POINT('',(1.225,3.7,-4.5));
#4671=VECTOR('',#5788,0.15);
#4672=CARTESIAN_POINT('',(0.275,3.7,-4.35));
#4673=CARTESIAN_POINT('',(1.225,3.7,-4.35));
#4674=VECTOR('',#5789,0.95);
#4675=CARTESIAN_POINT('',(0.275,3.7,-4.5));
#4676=CARTESIAN_POINT('',(0.275,3.7,-4.5));
#4677=VECTOR('',#5790,0.15);
#4678=CARTESIAN_POINT('',(-0.275,3.7,-4.5));
#4679=CARTESIAN_POINT('',(-0.275,3.7,-4.5));
#4680=VECTOR('',#5791,0.55);
#4681=CARTESIAN_POINT('',(-0.275,3.7,-4.35));
#4682=CARTESIAN_POINT('',(-0.275,3.7,-4.5));
#4683=VECTOR('',#5792,0.15);
#4684=CARTESIAN_POINT('',(-1.225,3.7,-4.35));
#4685=CARTESIAN_POINT('',(-0.275,3.7,-4.35));
#4686=VECTOR('',#5793,0.95);
#4687=CARTESIAN_POINT('',(-1.225,3.7,-4.5));
#4688=CARTESIAN_POINT('',(-1.225,3.7,-4.5));
#4689=VECTOR('',#5794,0.15);
#4690=CARTESIAN_POINT('',(-1.775,3.7,-4.5));
#4691=CARTESIAN_POINT('',(-1.775,3.7,-4.5));
#4692=VECTOR('',#5795,0.55);
#4693=CARTESIAN_POINT('',(-1.775,3.7,-4.35));
#4694=CARTESIAN_POINT('',(-1.775,3.7,-4.5));
#4695=VECTOR('',#5796,0.15);
#4696=CARTESIAN_POINT('',(-2.725,3.7,-4.35));
#4697=CARTESIAN_POINT('',(-1.775,3.7,-4.35));
#4698=VECTOR('',#5797,0.95);
#4699=CARTESIAN_POINT('',(-2.725,3.7,-4.5));
#4700=CARTESIAN_POINT('',(-2.725,3.7,-4.5));
#4701=VECTOR('',#5798,0.15);
#4702=CARTESIAN_POINT('',(-3.275,3.7,-4.5));
#4703=CARTESIAN_POINT('',(-3.275,3.7,-4.5));
#4704=VECTOR('',#5799,0.55);
#4705=CARTESIAN_POINT('',(-3.275,3.7,-4.35));
#4706=CARTESIAN_POINT('',(-3.275,3.7,-4.5));
#4707=VECTOR('',#5800,0.15);
#4708=CARTESIAN_POINT('',(-4.225,3.7,-4.35));
#4709=CARTESIAN_POINT('',(-3.275,3.7,-4.35));
#4710=VECTOR('',#5801,0.95);
#4711=CARTESIAN_POINT('',(-4.225,3.7,-4.5));
#4712=CARTESIAN_POINT('',(-4.225,3.7,-4.5));
#4713=VECTOR('',#5802,0.15);
#4714=CARTESIAN_POINT('',(-4.775,3.7,-4.5));
#4715=CARTESIAN_POINT('',(-4.775,3.7,-4.5));
#4716=VECTOR('',#5803,0.55);
#4717=CARTESIAN_POINT('',(-4.775,3.7,-4.35));
#4718=CARTESIAN_POINT('',(-4.775,3.7,-4.5));
#4719=VECTOR('',#5804,0.15);
#4720=CARTESIAN_POINT('',(-5.725,3.7,-4.35));
#4721=CARTESIAN_POINT('',(-4.775,3.7,-4.35));
#4722=VECTOR('',#5805,0.95);
#4723=CARTESIAN_POINT('',(-5.725,3.7,-4.5));
#4724=CARTESIAN_POINT('',(-5.725,3.7,-4.5));
#4725=VECTOR('',#5806,0.15);
#4726=CARTESIAN_POINT('',(-6.75,3.7,-4.5));
#4727=VECTOR('',#5807,1.025);
#4728=CARTESIAN_POINT('',(6.75,3.7,0.0));
#4729=CARTESIAN_POINT('',(-6.75,3.7,0.0));
#4730=VECTOR('',#5808,13.5);
#4731=CARTESIAN_POINT('',(6.75,3.7,-4.5));
#4732=CARTESIAN_POINT('',(6.75,3.7,-4.5));
#4733=VECTOR('',#5809,4.5);
#4734=CARTESIAN_POINT('',(5.725,3.7,-4.5));
#4735=CARTESIAN_POINT('',(5.725,3.7,-4.5));
#4736=VECTOR('',#5810,1.025);
#4737=CARTESIAN_POINT('',(5.725,3.7,-4.5));
#4738=VECTOR('',#5811,0.15);
#4739=CARTESIAN_POINT('',(5.725,0.55,-4.5));
#4740=CARTESIAN_POINT('',(5.725,0.55,-4.5));
#4741=VECTOR('',#5812,3.15);
#4742=CARTESIAN_POINT('',(5.725,0.55,-4.35));
#4743=CARTESIAN_POINT('',(5.725,0.55,-4.5));
#4744=VECTOR('',#5813,0.15);
#4745=CARTESIAN_POINT('',(5.725,0.55,-4.35));
#4746=VECTOR('',#5814,3.15);
#4747=CARTESIAN_POINT('',(5.55,0.55,-4.35));
#4748=CARTESIAN_POINT('',(5.725,0.55,-4.35));
#4749=VECTOR('',#5815,0.175);
#4750=CARTESIAN_POINT('',(5.55,0.0,-4.35));
#4751=CARTESIAN_POINT('',(5.55,0.55,-4.35));
#4752=VECTOR('',#5816,0.55);
#4753=CARTESIAN_POINT('',(4.775,0.0,-4.35));
#4754=CARTESIAN_POINT('',(5.55,0.0,-4.35));
#4755=VECTOR('',#5817,0.775);
#4756=CARTESIAN_POINT('',(4.775,0.0,-4.35));
#4757=VECTOR('',#5818,3.7);
#4758=CARTESIAN_POINT('',(5.0,1.5,-4.35));
#4759=CARTESIAN_POINT('',(5.5,1.5,-4.35));
#4760=AXIS2_PLACEMENT_3D('',#5819,#5820,#5821);
#4761=AXIS2_PLACEMENT_3D('',#5822,#5823,#5824);
#4762=CARTESIAN_POINT('',(4.775,0.0,-4.5));
#4763=CARTESIAN_POINT('',(4.775,0.0,-4.5));
#4764=VECTOR('',#5825,0.15);
#4765=CARTESIAN_POINT('',(4.775,0.0,-4.5));
#4766=VECTOR('',#5826,3.7);
#4767=CARTESIAN_POINT('',(-6.25,0.55,-4.5));
#4768=CARTESIAN_POINT('',(-5.725,0.55,-4.5));
#4769=CARTESIAN_POINT('',(-6.25,0.55,-4.5));
#4770=VECTOR('',#5827,0.525);
#4771=CARTESIAN_POINT('',(-6.25,0.0,-4.5));
#4772=CARTESIAN_POINT('',(-6.25,0.55,-4.5));
#4773=VECTOR('',#5828,0.55);
#4774=CARTESIAN_POINT('',(-6.75,0.0,-4.5));
#4775=VECTOR('',#5829,0.5);
#4776=CARTESIAN_POINT('',(-5.725,0.55,-4.5));
#4777=VECTOR('',#5830,3.15);
#4778=CARTESIAN_POINT('',(-4.775,0.0,-4.5));
#4779=CARTESIAN_POINT('',(-4.225,0.0,-4.5));
#4780=CARTESIAN_POINT('',(-4.775,0.0,-4.5));
#4781=VECTOR('',#5831,0.55);
#4782=CARTESIAN_POINT('',(-4.775,0.0,-4.5));
#4783=VECTOR('',#5832,3.7);
#4784=CARTESIAN_POINT('',(-4.225,0.0,-4.5));
#4785=VECTOR('',#5833,3.7);
#4786=CARTESIAN_POINT('',(-3.275,0.0,-4.5));
#4787=CARTESIAN_POINT('',(-2.725,0.0,-4.5));
#4788=CARTESIAN_POINT('',(-3.275,0.0,-4.5));
#4789=VECTOR('',#5834,0.55);
#4790=CARTESIAN_POINT('',(-3.275,0.0,-4.5));
#4791=VECTOR('',#5835,3.7);
#4792=CARTESIAN_POINT('',(-2.725,0.0,-4.5));
#4793=VECTOR('',#5836,3.7);
#4794=CARTESIAN_POINT('',(-1.775,0.0,-4.5));
#4795=CARTESIAN_POINT('',(-1.225,0.0,-4.5));
#4796=CARTESIAN_POINT('',(-1.775,0.0,-4.5));
#4797=VECTOR('',#5837,0.55);
#4798=CARTESIAN_POINT('',(-1.775,0.0,-4.5));
#4799=VECTOR('',#5838,3.7);
#4800=CARTESIAN_POINT('',(-1.225,0.0,-4.5));
#4801=VECTOR('',#5839,3.7);
#4802=CARTESIAN_POINT('',(-0.275,0.0,-4.5));
#4803=CARTESIAN_POINT('',(0.275,0.0,-4.5));
#4804=CARTESIAN_POINT('',(-0.275,0.0,-4.5));
#4805=VECTOR('',#5840,0.55);
#4806=CARTESIAN_POINT('',(-0.275,0.0,-4.5));
#4807=VECTOR('',#5841,3.7);
#4808=CARTESIAN_POINT('',(0.275,0.0,-4.5));
#4809=VECTOR('',#5842,3.7);
#4810=CARTESIAN_POINT('',(1.225,0.0,-4.5));
#4811=CARTESIAN_POINT('',(1.775,0.0,-4.5));
#4812=CARTESIAN_POINT('',(1.225,0.0,-4.5));
#4813=VECTOR('',#5843,0.55);
#4814=CARTESIAN_POINT('',(1.225,0.0,-4.5));
#4815=VECTOR('',#5844,3.7);
#4816=CARTESIAN_POINT('',(1.775,0.0,-4.5));
#4817=VECTOR('',#5845,3.7);
#4818=CARTESIAN_POINT('',(2.725,0.0,-4.5));
#4819=CARTESIAN_POINT('',(3.275,0.0,-4.5));
#4820=CARTESIAN_POINT('',(2.725,0.0,-4.5));
#4821=VECTOR('',#5846,0.55);
#4822=CARTESIAN_POINT('',(2.725,0.0,-4.5));
#4823=VECTOR('',#5847,3.7);
#4824=CARTESIAN_POINT('',(3.275,0.0,-4.5));
#4825=VECTOR('',#5848,3.7);
#4826=CARTESIAN_POINT('',(6.75,0.0,-4.5));
#4827=CARTESIAN_POINT('',(6.75,0.0,-4.5));
#4828=VECTOR('',#5849,3.7);
#4829=CARTESIAN_POINT('',(6.25,0.0,-4.5));
#4830=CARTESIAN_POINT('',(6.25,0.0,-4.5));
#4831=VECTOR('',#5850,0.5);
#4832=CARTESIAN_POINT('',(6.25,0.55,-4.5));
#4833=CARTESIAN_POINT('',(6.25,0.55,-4.5));
#4834=VECTOR('',#5851,0.55);
#4835=CARTESIAN_POINT('',(5.725,0.55,-4.5));
#4836=VECTOR('',#5852,0.525);
#4837=CARTESIAN_POINT('',(4.225,0.0,-4.5));
#4838=CARTESIAN_POINT('',(4.225,0.0,-4.5));
#4839=VECTOR('',#5853,0.55);
#4840=CARTESIAN_POINT('',(4.225,0.0,-4.5));
#4841=VECTOR('',#5854,3.7);
#4842=CARTESIAN_POINT('',(-5.725,0.55,-4.35));
#4843=CARTESIAN_POINT('',(-5.725,0.55,-4.35));
#4844=VECTOR('',#5855,3.15);
#4845=CARTESIAN_POINT('',(-5.725,0.55,-4.5));
#4846=VECTOR('',#5856,0.15);
#4847=CARTESIAN_POINT('',(-5.55,0.55,-4.35));
#4848=CARTESIAN_POINT('',(-5.55,0.55,-2.9));
#4849=CARTESIAN_POINT('',(-5.55,0.55,-4.35));
#4850=VECTOR('',#5857,1.45);
#4851=CARTESIAN_POINT('',(-6.25,0.55,-2.9));
#4852=CARTESIAN_POINT('',(-6.25,0.55,-2.9));
#4853=VECTOR('',#5858,0.7);
#4854=CARTESIAN_POINT('',(-6.25,0.55,-2.9));
#4855=VECTOR('',#5859,1.6);
#4856=CARTESIAN_POINT('',(-5.55,0.55,-4.35));
#4857=VECTOR('',#5860,0.175);
#4858=CARTESIAN_POINT('',(6.25,0.55,-2.9));
#4859=CARTESIAN_POINT('',(6.25,0.55,-4.5));
#4860=VECTOR('',#5861,1.6);
#4861=CARTESIAN_POINT('',(5.55,0.55,-2.9));
#4862=CARTESIAN_POINT('',(5.55,0.55,-2.9));
#4863=VECTOR('',#5862,0.7);
#4864=CARTESIAN_POINT('',(5.55,0.55,-2.9));
#4865=VECTOR('',#5863,1.45);
#4866=CARTESIAN_POINT('',(-4.775,0.0,-4.35));
#4867=CARTESIAN_POINT('',(-4.775,0.0,-4.35));
#4868=VECTOR('',#5864,3.7);
#4869=CARTESIAN_POINT('',(-5.55,0.0,-4.35));
#4870=CARTESIAN_POINT('',(-4.775,0.0,-4.35));
#4871=VECTOR('',#5865,0.775);
#4872=CARTESIAN_POINT('',(-5.55,0.55,-4.35));
#4873=VECTOR('',#5866,0.55);
#4874=CARTESIAN_POINT('',(-5.5,1.5,-4.35));
#4875=CARTESIAN_POINT('',(-5.0,1.5,-4.35));
#4876=AXIS2_PLACEMENT_3D('',#5867,#5868,#5869);
#4877=AXIS2_PLACEMENT_3D('',#5870,#5871,#5872);
#4878=CARTESIAN_POINT('',(-5.55,0.0,-1.698818597561));
#4879=CARTESIAN_POINT('',(-5.55,0.0,-4.35));
#4880=VECTOR('',#5873,2.651181402439);
#4881=CARTESIAN_POINT('',(-5.55,0.55,-1.698818597561));
#4882=CARTESIAN_POINT('',(-5.55,0.0,-1.698818597561));
#4883=VECTOR('',#5874,0.55);
#4884=CARTESIAN_POINT('',(-5.55,0.55,-2.9));
#4885=VECTOR('',#5875,1.201181402439);
#4886=CARTESIAN_POINT('',(-6.25,0.55,-1.698818597561));
#4887=CARTESIAN_POINT('',(-5.55,0.55,-1.698818597561));
#4888=VECTOR('',#5876,0.7);
#4889=CARTESIAN_POINT('',(-6.25,0.55,-2.9));
#4890=VECTOR('',#5877,1.201181402439);
#4891=CARTESIAN_POINT('',(-6.35,0.55,-2.9));
#4892=CARTESIAN_POINT('',(-6.35,0.55,-2.9));
#4893=VECTOR('',#5878,0.1);
#4894=CARTESIAN_POINT('',(-6.35,0.55,-0.25));
#4895=CARTESIAN_POINT('',(-6.35,0.55,-0.25));
#4896=VECTOR('',#5879,2.65);
#4897=CARTESIAN_POINT('',(6.35,0.55,-0.25));
#4898=CARTESIAN_POINT('',(6.35,0.55,-0.25));
#4899=VECTOR('',#5880,12.7);
#4900=CARTESIAN_POINT('',(6.35,0.55,-2.9));
#4901=CARTESIAN_POINT('',(6.35,0.55,-0.25));
#4902=VECTOR('',#5881,2.65);
#4903=CARTESIAN_POINT('',(6.25,0.55,-2.9));
#4904=VECTOR('',#5882,0.1);
#4905=CARTESIAN_POINT('',(6.25,0.55,-1.698818597561));
#4906=CARTESIAN_POINT('',(6.25,0.55,-2.9));
#4907=VECTOR('',#5883,1.201181402439);
#4908=CARTESIAN_POINT('',(5.55,0.55,-1.698818597561));
#4909=CARTESIAN_POINT('',(6.25,0.55,-1.698818597561));
#4910=VECTOR('',#5884,0.7);
#4911=CARTESIAN_POINT('',(5.55,0.55,-2.9));
#4912=VECTOR('',#5885,1.201181402439);
#4913=CARTESIAN_POINT('',(-5.55,0.55,-2.9));
#4914=VECTOR('',#5886,11.1);
#4915=CARTESIAN_POINT('',(6.35,1.95,-2.9));
#4916=CARTESIAN_POINT('',(6.35,0.55,-2.9));
#4917=VECTOR('',#5887,1.4);
#4918=CARTESIAN_POINT('',(-6.35,1.95,-2.9));
#4919=CARTESIAN_POINT('',(6.35,1.95,-2.9));
#4920=VECTOR('',#5888,12.7);
#4921=CARTESIAN_POINT('',(-6.35,0.55,-2.9));
#4922=VECTOR('',#5889,1.4);
#4923=CARTESIAN_POINT('',(-5.5,1.5,-2.9));
#4924=CARTESIAN_POINT('',(-5.0,1.5,-2.9));
#4925=AXIS2_PLACEMENT_3D('',#5890,#5891,#5892);
#4926=AXIS2_PLACEMENT_3D('',#5893,#5894,#5895);
#4927=CARTESIAN_POINT('',(-4.0,1.5,-2.9));
#4928=AXIS2_PLACEMENT_3D('',#5896,#5897,#5898);
#4929=AXIS2_PLACEMENT_3D('',#5899,#5900,#5901);
#4930=CARTESIAN_POINT('',(-2.5,1.5,-2.9));
#4931=CARTESIAN_POINT('',(-2.0,1.5,-2.9));
#4932=AXIS2_PLACEMENT_3D('',#5902,#5903,#5904);
#4933=AXIS2_PLACEMENT_3D('',#5905,#5906,#5907);
#4934=CARTESIAN_POINT('',(-1.0,1.5,-2.9));
#4935=CARTESIAN_POINT('',(-0.5,1.5,-2.9));
#4936=AXIS2_PLACEMENT_3D('',#5908,#5909,#5910);
#4937=AXIS2_PLACEMENT_3D('',#5911,#5912,#5913);
#4938=CARTESIAN_POINT('',(0.5,1.5,-2.9));
#4939=CARTESIAN_POINT('',(1.0,1.5,-2.9));
#4940=AXIS2_PLACEMENT_3D('',#5914,#5915,#5916);
#4941=AXIS2_PLACEMENT_3D('',#5917,#5918,#5919);
#4942=CARTESIAN_POINT('',(2.0,1.5,-2.9));
#4943=CARTESIAN_POINT('',(2.5,1.5,-2.9));
#4944=AXIS2_PLACEMENT_3D('',#5920,#5921,#5922);
#4945=AXIS2_PLACEMENT_3D('',#5923,#5924,#5925);
#4946=CARTESIAN_POINT('',(4.0,1.5,-2.9));
#4947=AXIS2_PLACEMENT_3D('',#5926,#5927,#5928);
#4948=AXIS2_PLACEMENT_3D('',#5929,#5930,#5931);
#4949=CARTESIAN_POINT('',(5.0,1.5,-2.9));
#4950=CARTESIAN_POINT('',(5.5,1.5,-2.9));
#4951=AXIS2_PLACEMENT_3D('',#5932,#5933,#5934);
#4952=AXIS2_PLACEMENT_3D('',#5935,#5936,#5937);
#4953=CARTESIAN_POINT('',(-6.35,3.3,-0.25));
#4954=CARTESIAN_POINT('',(-6.35,3.3,-3.5));
#4955=CARTESIAN_POINT('',(-6.35,3.3,-0.25));
#4956=VECTOR('',#5938,3.25);
#4957=CARTESIAN_POINT('',(-6.35,1.9,-0.25));
#4958=CARTESIAN_POINT('',(-6.35,3.3,-0.25));
#4959=VECTOR('',#5939,1.4);
#4960=CARTESIAN_POINT('',(-6.35,1.9,-2.3));
#4961=CARTESIAN_POINT('',(-6.35,1.9,-0.25));
#4962=VECTOR('',#5940,2.05);
#4963=CARTESIAN_POINT('',(-6.35,0.9,-2.3));
#4964=CARTESIAN_POINT('',(-6.35,1.9,-2.3));
#4965=VECTOR('',#5941,1.0);
#4966=CARTESIAN_POINT('',(-6.35,0.9,-0.25));
#4967=CARTESIAN_POINT('',(-6.35,0.9,-2.3));
#4968=VECTOR('',#5942,2.05);
#4969=CARTESIAN_POINT('',(-6.35,0.9,-0.25));
#4970=VECTOR('',#5943,0.35);
#4971=CARTESIAN_POINT('',(-6.35,2.3,-3.5));
#4972=CARTESIAN_POINT('',(-6.35,1.95,-2.9));
#4973=VECTOR('',#5944,0.6946221994725);
#4974=CARTESIAN_POINT('',(-6.35,3.3,-3.5));
#4975=VECTOR('',#5945,1.0);
#4976=CARTESIAN_POINT('',(6.35,2.3,-3.5));
#4977=CARTESIAN_POINT('',(6.35,2.3,-3.5));
#4978=VECTOR('',#5946,12.7);
#4979=CARTESIAN_POINT('',(6.35,3.3,-3.5));
#4980=CARTESIAN_POINT('',(6.35,2.3,-3.5));
#4981=VECTOR('',#5947,1.0);
#4982=CARTESIAN_POINT('',(6.35,3.3,-3.5));
#4983=VECTOR('',#5948,12.7);
#4984=CARTESIAN_POINT('',(6.35,3.3,-0.25));
#4985=CARTESIAN_POINT('',(6.35,3.3,-0.25));
#4986=VECTOR('',#5949,3.25);
#4987=CARTESIAN_POINT('',(-6.35,3.3,-0.25));
#4988=VECTOR('',#5950,12.7);
#4989=CARTESIAN_POINT('',(-6.6,3.45,0.0));
#4990=CARTESIAN_POINT('',(-6.6,3.45,0.0));
#4991=VECTOR('',#5951,0.3840572873934);
#4992=CARTESIAN_POINT('',(6.6,3.45,0.0));
#4993=CARTESIAN_POINT('',(6.35,3.3,-0.25));
#4994=VECTOR('',#5952,0.3840572873934);
#4995=CARTESIAN_POINT('',(-6.6,3.45,0.0));
#4996=VECTOR('',#5953,13.2);
#4997=CARTESIAN_POINT('',(6.6,1.9,0.0));
#4998=CARTESIAN_POINT('',(6.6,1.9,0.0));
#4999=VECTOR('',#5954,1.55);
#5000=CARTESIAN_POINT('',(6.75,1.9,0.0));
#5001=CARTESIAN_POINT('',(6.6,1.9,0.0));
#5002=VECTOR('',#5955,0.15);
#5003=CARTESIAN_POINT('',(6.75,3.7,0.0));
#5004=VECTOR('',#5956,1.8);
#5005=CARTESIAN_POINT('',(-6.6,1.9,0.0));
#5006=CARTESIAN_POINT('',(-6.75,1.9,0.0));
#5007=VECTOR('',#5957,0.15);
#5008=CARTESIAN_POINT('',(-6.6,3.45,0.0));
#5009=VECTOR('',#5958,1.55);
#5010=CARTESIAN_POINT('',(-6.35,1.9,-0.25));
#5011=VECTOR('',#5959,0.3535533905933);
#5012=CARTESIAN_POINT('',(-6.75,1.9,-2.3));
#5013=VECTOR('',#5960,0.4);
#5014=CARTESIAN_POINT('',(6.35,1.9,-0.25));
#5015=CARTESIAN_POINT('',(6.35,1.9,-2.3));
#5016=CARTESIAN_POINT('',(6.35,1.9,-0.25));
#5017=VECTOR('',#5961,2.05);
#5018=CARTESIAN_POINT('',(6.75,1.9,-2.3));
#5019=CARTESIAN_POINT('',(6.35,1.9,-2.3));
#5020=VECTOR('',#5962,0.4);
#5021=CARTESIAN_POINT('',(6.75,1.9,0.0));
#5022=VECTOR('',#5963,2.3);
#5023=CARTESIAN_POINT('',(6.6,1.9,0.0));
#5024=VECTOR('',#5964,0.3535533905933);
#5025=CARTESIAN_POINT('',(-6.75,0.9,-2.3));
#5026=VECTOR('',#5965,0.4);
#5027=CARTESIAN_POINT('',(6.35,0.9,-2.3));
#5028=CARTESIAN_POINT('',(6.75,0.9,-2.3));
#5029=CARTESIAN_POINT('',(6.35,0.9,-2.3));
#5030=VECTOR('',#5966,0.4);
#5031=CARTESIAN_POINT('',(6.75,1.9,-2.3));
#5032=VECTOR('',#5967,1.0);
#5033=CARTESIAN_POINT('',(6.35,1.9,-2.3));
#5034=VECTOR('',#5968,1.0);
#5035=CARTESIAN_POINT('',(-6.6,0.9,0.0));
#5036=CARTESIAN_POINT('',(-6.75,0.9,0.0));
#5037=VECTOR('',#5969,0.15);
#5038=CARTESIAN_POINT('',(-6.6,0.9,0.0));
#5039=VECTOR('',#5970,0.3535533905933);
#5040=CARTESIAN_POINT('',(6.6,0.9,0.0));
#5041=CARTESIAN_POINT('',(6.75,0.9,0.0));
#5042=CARTESIAN_POINT('',(6.6,0.9,0.0));
#5043=VECTOR('',#5971,0.15);
#5044=CARTESIAN_POINT('',(6.75,0.9,-2.3));
#5045=VECTOR('',#5972,2.3);
#5046=CARTESIAN_POINT('',(6.35,0.9,-0.25));
#5047=CARTESIAN_POINT('',(6.35,0.9,-2.3));
#5048=VECTOR('',#5973,2.05);
#5049=CARTESIAN_POINT('',(6.35,0.9,-0.25));
#5050=VECTOR('',#5974,0.3535533905933);
#5051=CARTESIAN_POINT('',(-6.6,0.4,0.0));
#5052=CARTESIAN_POINT('',(-6.35,0.55,-0.25));
#5053=VECTOR('',#5975,0.3840572873934);
#5054=CARTESIAN_POINT('',(-6.6,0.9,0.0));
#5055=VECTOR('',#5976,0.5);
#5056=CARTESIAN_POINT('',(6.75,0.0,0.0));
#5057=CARTESIAN_POINT('',(-6.75,0.0,0.0));
#5058=VECTOR('',#5977,13.5);
#5059=CARTESIAN_POINT('',(6.75,0.9,0.0));
#5060=VECTOR('',#5978,0.9);
#5061=CARTESIAN_POINT('',(6.6,0.4,0.0));
#5062=CARTESIAN_POINT('',(6.6,0.4,0.0));
#5063=VECTOR('',#5979,0.5);
#5064=CARTESIAN_POINT('',(6.6,0.4,0.0));
#5065=VECTOR('',#5980,13.2);
#5066=CARTESIAN_POINT('',(6.6,0.4,0.0));
#5067=VECTOR('',#5981,0.3840572873934);
#5068=CARTESIAN_POINT('',(6.35,0.55,-0.25));
#5069=VECTOR('',#5982,0.35);
#5070=CARTESIAN_POINT('',(6.35,1.9,-0.25));
#5071=VECTOR('',#5983,1.4);
#5072=CARTESIAN_POINT('',(6.35,2.3,-3.5));
#5073=VECTOR('',#5984,0.6946221994725);
#5074=CARTESIAN_POINT('',(6.75,0.0,0.0));
#5075=VECTOR('',#5985,4.5);
#5076=CARTESIAN_POINT('',(5.55,0.0,-1.698818597561));
#5077=CARTESIAN_POINT('',(5.55,0.0,-4.35));
#5078=VECTOR('',#5986,2.651181402439);
#5079=CARTESIAN_POINT('',(6.25,0.0,-1.698818597561));
#5080=CARTESIAN_POINT('',(6.25,0.0,-1.698818597561));
#5081=VECTOR('',#5987,0.7);
#5082=CARTESIAN_POINT('',(6.25,0.0,-4.5));
#5083=VECTOR('',#5988,2.801181402439);
#5084=CARTESIAN_POINT('',(-6.25,0.0,-1.698818597561));
#5085=CARTESIAN_POINT('',(-6.25,0.0,-4.5));
#5086=VECTOR('',#5989,2.801181402439);
#5087=CARTESIAN_POINT('',(-5.55,0.0,-1.698818597561));
#5088=VECTOR('',#5990,0.7);
#5089=CARTESIAN_POINT('',(-4.775,0.0,-4.5));
#5090=VECTOR('',#5991,0.15);
#5091=CARTESIAN_POINT('',(-4.225,0.0,-4.35));
#5092=CARTESIAN_POINT('',(-4.225,0.0,-4.5));
#5093=VECTOR('',#5992,0.15);
#5094=CARTESIAN_POINT('',(-3.275,0.0,-4.35));
#5095=CARTESIAN_POINT('',(-3.275,0.0,-4.35));
#5096=VECTOR('',#5993,0.95);
#5097=CARTESIAN_POINT('',(-3.275,0.0,-4.5));
#5098=VECTOR('',#5994,0.15);
#5099=CARTESIAN_POINT('',(-2.725,0.0,-4.35));
#5100=CARTESIAN_POINT('',(-2.725,0.0,-4.5));
#5101=VECTOR('',#5995,0.15);
#5102=CARTESIAN_POINT('',(-1.775,0.0,-4.35));
#5103=CARTESIAN_POINT('',(-1.775,0.0,-4.35));
#5104=VECTOR('',#5996,0.95);
#5105=CARTESIAN_POINT('',(-1.775,0.0,-4.5));
#5106=VECTOR('',#5997,0.15);
#5107=CARTESIAN_POINT('',(-1.225,0.0,-4.35));
#5108=CARTESIAN_POINT('',(-1.225,0.0,-4.5));
#5109=VECTOR('',#5998,0.15);
#5110=CARTESIAN_POINT('',(-0.275,0.0,-4.35));
#5111=CARTESIAN_POINT('',(-0.275,0.0,-4.35));
#5112=VECTOR('',#5999,0.95);
#5113=CARTESIAN_POINT('',(-0.275,0.0,-4.5));
#5114=VECTOR('',#6000,0.15);
#5115=CARTESIAN_POINT('',(0.275,0.0,-4.35));
#5116=CARTESIAN_POINT('',(0.275,0.0,-4.5));
#5117=VECTOR('',#6001,0.15);
#5118=CARTESIAN_POINT('',(1.225,0.0,-4.35));
#5119=CARTESIAN_POINT('',(1.225,0.0,-4.35));
#5120=VECTOR('',#6002,0.95);
#5121=CARTESIAN_POINT('',(1.225,0.0,-4.5));
#5122=VECTOR('',#6003,0.15);
#5123=CARTESIAN_POINT('',(1.775,0.0,-4.35));
#5124=CARTESIAN_POINT('',(1.775,0.0,-4.5));
#5125=VECTOR('',#6004,0.15);
#5126=CARTESIAN_POINT('',(2.725,0.0,-4.35));
#5127=CARTESIAN_POINT('',(2.725,0.0,-4.35));
#5128=VECTOR('',#6005,0.95);
#5129=CARTESIAN_POINT('',(2.725,0.0,-4.5));
#5130=VECTOR('',#6006,0.15);
#5131=CARTESIAN_POINT('',(3.275,0.0,-4.35));
#5132=CARTESIAN_POINT('',(3.275,0.0,-4.5));
#5133=VECTOR('',#6007,0.15);
#5134=CARTESIAN_POINT('',(4.225,0.0,-4.35));
#5135=CARTESIAN_POINT('',(4.225,0.0,-4.35));
#5136=VECTOR('',#6008,0.95);
#5137=CARTESIAN_POINT('',(4.225,0.0,-4.5));
#5138=VECTOR('',#6009,0.15);
#5139=CARTESIAN_POINT('',(4.225,0.0,-4.35));
#5140=VECTOR('',#6010,3.7);
#5141=CARTESIAN_POINT('',(3.275,0.0,-4.35));
#5142=VECTOR('',#6011,3.7);
#5143=CARTESIAN_POINT('',(4.0,1.5,-4.35));
#5144=AXIS2_PLACEMENT_3D('',#6012,#6013,#6014);
#5145=AXIS2_PLACEMENT_3D('',#6015,#6016,#6017);
#5146=AXIS2_PLACEMENT_3D('',#6018,#6019,#6020);
#5147=CARTESIAN_POINT('',(4.0,1.5,-4.7));
#5148=AXIS2_PLACEMENT_3D('',#6021,#6022,#6023);
#5149=CARTESIAN_POINT('',(4.0,1.5,-4.7));
#5150=VECTOR('',#6024,0.35);
#5151=CARTESIAN_POINT('',(4.0,1.5,-0.55));
#5152=CARTESIAN_POINT('',(4.0,1.5,-2.9));
#5153=VECTOR('',#6025,2.350000000475);
#5154=AXIS2_PLACEMENT_3D('',#6026,#6027,#6028);
#5155=CARTESIAN_POINT('',(4.0,1.5,-6.7));
#5156=CARTESIAN_POINT('',(3.999999999842,1.500000002745,-6.900000000475));
#5157=VECTOR('',#6029,0.2000000004746);
#5158=AXIS2_PLACEMENT_3D('',#6030,#6031,#6032);
#5159=AXIS2_PLACEMENT_3D('',#6033,#6034,#6035);
#5160=AXIS2_PLACEMENT_3D('',#6036,#6037,#6038);
#5161=CARTESIAN_POINT('',(3.9,1.5,-0.25));
#5162=AXIS2_PLACEMENT_3D('',#6039,#6040,#6041);
#5163=CARTESIAN_POINT('',(3.899999999873,1.500000002196,-0.2499999996203));
#5164=VECTOR('',#6042,0.3162277659168);
#5165=AXIS2_PLACEMENT_3D('',#6043,#6044,#6045);
#5166=CARTESIAN_POINT('',(3.75,1.270570047776,-4.953874401332));
#5167=AXIS2_PLACEMENT_3D('',#6046,#6047,#6048);
#5168=CARTESIAN_POINT('',(3.75,1.756856682592,-4.837576040211));
#5169=AXIS2_PLACEMENT_3D('',#6049,#6050,#6051);
#5170=AXIS2_PLACEMENT_3D('',#6052,#6053,#6054);
#5171=CARTESIAN_POINT('',(3.75,1.443143317408,-5.675467326115));
#5172=CARTESIAN_POINT('',(3.75,1.443143317408,-5.675467326115));
#5173=VECTOR('',#6055,0.7419419670623);
#5174=CARTESIAN_POINT('',(3.75,1.929429952224,-5.559168964994));
#5175=CARTESIAN_POINT('',(3.75,1.929429952224,-5.559168964994));
#5176=VECTOR('',#6056,0.7419419670623);
#5177=AXIS2_PLACEMENT_3D('',#6057,#6058,#6059);
#5178=CARTESIAN_POINT('',(3.75,1.441844872311,-5.79694941863));
#5179=AXIS2_PLACEMENT_3D('',#6060,#6061,#6062);
#5180=CARTESIAN_POINT('',(3.75,1.925534616934,-5.92361524254));
#5181=AXIS2_PLACEMENT_3D('',#6063,#6064,#6065);
#5182=AXIS2_PLACEMENT_3D('',#6066,#6067,#6068);
#5183=CARTESIAN_POINT('',(3.75,1.274465383066,-6.436109532298));
#5184=CARTESIAN_POINT('',(3.75,1.274465383066,-6.436109532298));
#5185=VECTOR('',#6069,0.6607129061278);
#5186=CARTESIAN_POINT('',(3.75,1.758155127689,-6.562775356208));
#5187=CARTESIAN_POINT('',(3.75,1.758155127689,-6.562775356208));
#5188=VECTOR('',#6070,0.6607129061278);
#5189=AXIS2_PLACEMENT_3D('',#6071,#6072,#6073);
#5190=AXIS2_PLACEMENT_3D('',#6074,#6075,#6076);
#5191=AXIS2_PLACEMENT_3D('',#6077,#6078,#6079);
#5192=AXIS2_PLACEMENT_3D('',#6080,#6081,#6082);
#5193=AXIS2_PLACEMENT_3D('',#6083,#6084,#6085);
#5194=AXIS2_PLACEMENT_3D('',#6086,#6087,#6088);
#5195=AXIS2_PLACEMENT_3D('',#6089,#6090,#6091);
#5196=CARTESIAN_POINT('',(3.6,1.5,-7.2));
#5197=AXIS2_PLACEMENT_3D('',#6092,#6093,#6094);
#5198=CARTESIAN_POINT('',(3.600000000127,1.499999997804,-7.20000000038));
#5199=VECTOR('',#6095,0.3162277659168);
#5200=AXIS2_PLACEMENT_3D('',#6096,#6097,#6098);
#5201=CARTESIAN_POINT('',(2.725,0.0,-4.35));
#5202=VECTOR('',#6099,3.7);
#5203=CARTESIAN_POINT('',(1.775,0.0,-4.35));
#5204=VECTOR('',#6100,3.7);
#5205=CARTESIAN_POINT('',(2.0,1.5,-4.35));
#5206=CARTESIAN_POINT('',(2.5,1.5,-4.35));
#5207=AXIS2_PLACEMENT_3D('',#6101,#6102,#6103);
#5208=AXIS2_PLACEMENT_3D('',#6104,#6105,#6106);
#5209=CARTESIAN_POINT('',(2.0,1.5,-2.9));
#5210=VECTOR('',#6107,2.350000000475);
#5211=CARTESIAN_POINT('',(2.5,1.5,-0.55));
#5212=CARTESIAN_POINT('',(2.5,1.5,-2.9));
#5213=VECTOR('',#6108,2.350000000475);
#5214=AXIS2_PLACEMENT_3D('',#6109,#6110,#6111);
#5215=CARTESIAN_POINT('',(2.499999999842,1.500000002745,-6.900000000475));
#5216=VECTOR('',#6112,2.550000000475);
#5217=CARTESIAN_POINT('',(2.0,1.5,-6.9));
#5218=CARTESIAN_POINT('',(2.000000000158,1.499999997255,-6.900000000475));
#5219=VECTOR('',#6113,2.550000000475);
#5220=AXIS2_PLACEMENT_3D('',#6114,#6115,#6116);
#5221=CARTESIAN_POINT('',(2.4,1.5,-0.25));
#5222=CARTESIAN_POINT('',(2.399999999873,1.500000002196,-0.2499999996203));
#5223=VECTOR('',#6117,0.3162277659168);
#5224=AXIS2_PLACEMENT_3D('',#6118,#6119,#6120);
#5225=AXIS2_PLACEMENT_3D('',#6121,#6122,#6123);
#5226=AXIS2_PLACEMENT_3D('',#6124,#6125,#6126);
#5227=AXIS2_PLACEMENT_3D('',#6127,#6128,#6129);
#5228=CARTESIAN_POINT('',(2.1,1.5,-7.2));
#5229=AXIS2_PLACEMENT_3D('',#6130,#6131,#6132);
#5230=CARTESIAN_POINT('',(2.100000000127,1.499999997804,-7.20000000038));
#5231=VECTOR('',#6133,0.3162277659168);
#5232=AXIS2_PLACEMENT_3D('',#6134,#6135,#6136);
#5233=CARTESIAN_POINT('',(1.225,0.0,-4.35));
#5234=VECTOR('',#6137,3.7);
#5235=CARTESIAN_POINT('',(0.275,0.0,-4.35));
#5236=VECTOR('',#6138,3.7);
#5237=CARTESIAN_POINT('',(0.5,1.5,-4.35));
#5238=CARTESIAN_POINT('',(1.0,1.5,-4.35));
#5239=AXIS2_PLACEMENT_3D('',#6139,#6140,#6141);
#5240=AXIS2_PLACEMENT_3D('',#6142,#6143,#6144);
#5241=CARTESIAN_POINT('',(0.5,1.5,-2.9));
#5242=VECTOR('',#6145,2.350000000475);
#5243=CARTESIAN_POINT('',(1.0,1.5,-0.55));
#5244=CARTESIAN_POINT('',(1.0,1.5,-2.9));
#5245=VECTOR('',#6146,2.350000000475);
#5246=AXIS2_PLACEMENT_3D('',#6147,#6148,#6149);
#5247=CARTESIAN_POINT('',(0.9999999998418,1.500000002745,-6.900000000475));
#5248=VECTOR('',#6150,2.550000000475);
#5249=CARTESIAN_POINT('',(0.5,1.5,-6.9));
#5250=CARTESIAN_POINT('',(0.5000000001582,1.499999997255,-6.900000000475));
#5251=VECTOR('',#6151,2.550000000475);
#5252=AXIS2_PLACEMENT_3D('',#6152,#6153,#6154);
#5253=CARTESIAN_POINT('',(0.9,1.5,-0.25));
#5254=CARTESIAN_POINT('',(0.8999999998734,1.500000002196,-0.2499999996203));
#5255=VECTOR('',#6155,0.3162277659168);
#5256=AXIS2_PLACEMENT_3D('',#6156,#6157,#6158);
#5257=AXIS2_PLACEMENT_3D('',#6159,#6160,#6161);
#5258=AXIS2_PLACEMENT_3D('',#6162,#6163,#6164);
#5259=AXIS2_PLACEMENT_3D('',#6165,#6166,#6167);
#5260=CARTESIAN_POINT('',(0.6,1.5,-7.2));
#5261=AXIS2_PLACEMENT_3D('',#6168,#6169,#6170);
#5262=CARTESIAN_POINT('',(0.6000000001266,1.499999997804,-7.20000000038));
#5263=VECTOR('',#6171,0.3162277659168);
#5264=AXIS2_PLACEMENT_3D('',#6172,#6173,#6174);
#5265=CARTESIAN_POINT('',(-0.275,0.0,-4.35));
#5266=VECTOR('',#6175,3.7);
#5267=CARTESIAN_POINT('',(-1.225,0.0,-4.35));
#5268=VECTOR('',#6176,3.7);
#5269=CARTESIAN_POINT('',(-1.0,1.5,-4.35));
#5270=CARTESIAN_POINT('',(-0.5,1.5,-4.35));
#5271=AXIS2_PLACEMENT_3D('',#6177,#6178,#6179);
#5272=AXIS2_PLACEMENT_3D('',#6180,#6181,#6182);
#5273=CARTESIAN_POINT('',(-1.0,1.5,-2.9));
#5274=VECTOR('',#6183,2.350000000475);
#5275=CARTESIAN_POINT('',(-0.5,1.5,-0.55));
#5276=CARTESIAN_POINT('',(-0.5,1.5,-2.9));
#5277=VECTOR('',#6184,2.350000000475);
#5278=AXIS2_PLACEMENT_3D('',#6185,#6186,#6187);
#5279=CARTESIAN_POINT('',(-0.5000000001582,1.500000002745,-6.900000000475));
#5280=VECTOR('',#6188,2.550000000475);
#5281=CARTESIAN_POINT('',(-1.0,1.5,-6.9));
#5282=CARTESIAN_POINT('',(-0.9999999998418,1.499999997255,-6.900000000475));
#5283=VECTOR('',#6189,2.550000000475);
#5284=AXIS2_PLACEMENT_3D('',#6190,#6191,#6192);
#5285=CARTESIAN_POINT('',(-0.6,1.5,-0.25));
#5286=CARTESIAN_POINT('',(-0.6000000001266,1.500000002196,-0.2499999996203));
#5287=VECTOR('',#6193,0.3162277659168);
#5288=AXIS2_PLACEMENT_3D('',#6194,#6195,#6196);
#5289=AXIS2_PLACEMENT_3D('',#6197,#6198,#6199);
#5290=AXIS2_PLACEMENT_3D('',#6200,#6201,#6202);
#5291=AXIS2_PLACEMENT_3D('',#6203,#6204,#6205);
#5292=CARTESIAN_POINT('',(-0.9,1.5,-7.2));
#5293=AXIS2_PLACEMENT_3D('',#6206,#6207,#6208);
#5294=CARTESIAN_POINT('',(-0.8999999998734,1.499999997804,-7.20000000038));
#5295=VECTOR('',#6209,0.3162277659168);
#5296=AXIS2_PLACEMENT_3D('',#6210,#6211,#6212);
#5297=CARTESIAN_POINT('',(-1.775,0.0,-4.35));
#5298=VECTOR('',#6213,3.7);
#5299=CARTESIAN_POINT('',(-2.725,0.0,-4.35));
#5300=VECTOR('',#6214,3.7);
#5301=CARTESIAN_POINT('',(-2.5,1.5,-4.35));
#5302=CARTESIAN_POINT('',(-2.0,1.5,-4.35));
#5303=AXIS2_PLACEMENT_3D('',#6215,#6216,#6217);
#5304=AXIS2_PLACEMENT_3D('',#6218,#6219,#6220);
#5305=CARTESIAN_POINT('',(-2.5,1.5,-2.9));
#5306=VECTOR('',#6221,2.350000000475);
#5307=CARTESIAN_POINT('',(-2.0,1.5,-0.55));
#5308=CARTESIAN_POINT('',(-2.0,1.5,-2.9));
#5309=VECTOR('',#6222,2.350000000475);
#5310=AXIS2_PLACEMENT_3D('',#6223,#6224,#6225);
#5311=CARTESIAN_POINT('',(-2.000000000158,1.500000002745,-6.900000000475));
#5312=VECTOR('',#6226,2.550000000475);
#5313=CARTESIAN_POINT('',(-2.5,1.5,-6.9));
#5314=CARTESIAN_POINT('',(-2.499999999842,1.499999997255,-6.900000000475));
#5315=VECTOR('',#6227,2.550000000475);
#5316=AXIS2_PLACEMENT_3D('',#6228,#6229,#6230);
#5317=CARTESIAN_POINT('',(-2.1,1.5,-0.25));
#5318=CARTESIAN_POINT('',(-2.100000000127,1.500000002196,-0.2499999996203));
#5319=VECTOR('',#6231,0.3162277659168);
#5320=AXIS2_PLACEMENT_3D('',#6232,#6233,#6234);
#5321=AXIS2_PLACEMENT_3D('',#6235,#6236,#6237);
#5322=AXIS2_PLACEMENT_3D('',#6238,#6239,#6240);
#5323=AXIS2_PLACEMENT_3D('',#6241,#6242,#6243);
#5324=CARTESIAN_POINT('',(-2.4,1.5,-7.2));
#5325=AXIS2_PLACEMENT_3D('',#6244,#6245,#6246);
#5326=CARTESIAN_POINT('',(-2.399999999873,1.499999997804,-7.20000000038));
#5327=VECTOR('',#6247,0.3162277659168);
#5328=AXIS2_PLACEMENT_3D('',#6248,#6249,#6250);
#5329=CARTESIAN_POINT('',(-3.275,0.0,-4.35));
#5330=VECTOR('',#6251,3.7);
#5331=CARTESIAN_POINT('',(-4.225,0.0,-4.35));
#5332=VECTOR('',#6252,3.7);
#5333=CARTESIAN_POINT('',(-4.0,1.5,-4.35));
#5334=AXIS2_PLACEMENT_3D('',#6253,#6254,#6255);
#5335=AXIS2_PLACEMENT_3D('',#6256,#6257,#6258);
#5336=CARTESIAN_POINT('',(-4.0,1.5,-2.9));
#5337=VECTOR('',#6259,2.350000000475);
#5338=CARTESIAN_POINT('',(-4.0,1.5,-4.7));
#5339=CARTESIAN_POINT('',(-4.0,1.5,-4.7));
#5340=VECTOR('',#6260,0.35);
#5341=CARTESIAN_POINT('',(-3.75,1.75,-4.7));
#5342=AXIS2_PLACEMENT_3D('',#6261,#6262,#6263);
#5343=CARTESIAN_POINT('',(-3.75,1.75,-4.779426859651));
#5344=CARTESIAN_POINT('',(-3.75,1.75,-4.779426859651));
#5345=VECTOR('',#6264,0.07942685965099);
#5346=AXIS2_PLACEMENT_3D('',#6265,#6266,#6267);
#5347=CARTESIAN_POINT('',(-3.75,1.75,-6.626108268163));
#5348=AXIS2_PLACEMENT_3D('',#6268,#6269,#6270);
#5349=CARTESIAN_POINT('',(-3.75,1.75,-6.7));
#5350=CARTESIAN_POINT('',(-3.75,1.75,-6.7));
#5351=VECTOR('',#6271,0.07389173183677);
#5352=AXIS2_PLACEMENT_3D('',#6272,#6273,#6274);
#5353=CARTESIAN_POINT('',(-3.6,1.5,-0.25));
#5354=CARTESIAN_POINT('',(-3.600000000127,1.500000002196,-0.2499999996203));
#5355=VECTOR('',#6275,0.3162277659168);
#5356=AXIS2_PLACEMENT_3D('',#6276,#6277,#6278);
#5357=AXIS2_PLACEMENT_3D('',#6279,#6280,#6281);
#5358=AXIS2_PLACEMENT_3D('',#6282,#6283,#6284);
#5359=AXIS2_PLACEMENT_3D('',#6285,#6286,#6287);
#5360=AXIS2_PLACEMENT_3D('',#6288,#6289,#6290);
#5361=AXIS2_PLACEMENT_3D('',#6291,#6292,#6293);
#5362=AXIS2_PLACEMENT_3D('',#6294,#6295,#6296);
#5363=CARTESIAN_POINT('',(-3.75,1.758155127689,-6.562775356208));
#5364=AXIS2_PLACEMENT_3D('',#6297,#6298,#6299);
#5365=CARTESIAN_POINT('',(-3.75,1.274465383066,-6.436109532298));
#5366=AXIS2_PLACEMENT_3D('',#6300,#6301,#6302);
#5367=AXIS2_PLACEMENT_3D('',#6303,#6304,#6305);
#5368=AXIS2_PLACEMENT_3D('',#6306,#6307,#6308);
#5369=CARTESIAN_POINT('',(-3.75,1.441844872311,-5.79694941863));
#5370=CARTESIAN_POINT('',(-3.75,1.274465383066,-6.436109532298));
#5371=VECTOR('',#6309,0.6607129061278);
#5372=CARTESIAN_POINT('',(-3.75,1.925534616934,-5.92361524254));
#5373=AXIS2_PLACEMENT_3D('',#6310,#6311,#6312);
#5374=CARTESIAN_POINT('',(-3.75,1.758155127689,-6.562775356208));
#5375=VECTOR('',#6313,0.6607129061278);
#5376=AXIS2_PLACEMENT_3D('',#6314,#6315,#6316);
#5377=CARTESIAN_POINT('',(-3.75,1.929429952224,-5.559168964994));
#5378=AXIS2_PLACEMENT_3D('',#6317,#6318,#6319);
#5379=CARTESIAN_POINT('',(-3.75,1.443143317408,-5.675467326115));
#5380=AXIS2_PLACEMENT_3D('',#6320,#6321,#6322);
#5381=AXIS2_PLACEMENT_3D('',#6323,#6324,#6325);
#5382=AXIS2_PLACEMENT_3D('',#6326,#6327,#6328);
#5383=CARTESIAN_POINT('',(-3.75,1.270570047776,-4.953874401332));
#5384=CARTESIAN_POINT('',(-3.75,1.443143317408,-5.675467326115));
#5385=VECTOR('',#6329,0.7419419670623);
#5386=CARTESIAN_POINT('',(-3.75,1.756856682592,-4.837576040211));
#5387=AXIS2_PLACEMENT_3D('',#6330,#6331,#6332);
#5388=CARTESIAN_POINT('',(-3.75,1.929429952224,-5.559168964994));
#5389=VECTOR('',#6333,0.7419419670623);
#5390=AXIS2_PLACEMENT_3D('',#6334,#6335,#6336);
#5391=AXIS2_PLACEMENT_3D('',#6337,#6338,#6339);
#5392=AXIS2_PLACEMENT_3D('',#6340,#6341,#6342);
#5393=CARTESIAN_POINT('',(-3.9,1.5,-7.2));
#5394=CARTESIAN_POINT('',(-3.899999999873,1.499999997804,-7.20000000038));
#5395=VECTOR('',#6343,0.3162277659168);
#5396=AXIS2_PLACEMENT_3D('',#6344,#6345,#6346);
#5397=AXIS2_PLACEMENT_3D('',#6347,#6348,#6349);
#5398=CARTESIAN_POINT('',(-6.25,0.0,-1.698818597561));
#5399=VECTOR('',#6350,0.55);
#5400=CARTESIAN_POINT('',(6.25,0.0,-1.698818597561));
#5401=VECTOR('',#6351,0.55);
#5402=CARTESIAN_POINT('',(5.55,0.0,-1.698818597561));
#5403=VECTOR('',#6352,0.55);
#5404=CARTESIAN_POINT('',(-5.5,1.5,-2.9));
#5405=VECTOR('',#6353,2.350000000475);
#5406=CARTESIAN_POINT('',(-5.0,1.5,-0.55));
#5407=CARTESIAN_POINT('',(-5.0,1.5,-2.9));
#5408=VECTOR('',#6354,2.350000000475);
#5409=AXIS2_PLACEMENT_3D('',#6355,#6356,#6357);
#5410=CARTESIAN_POINT('',(-5.000000000158,1.500000002745,-6.900000000475));
#5411=VECTOR('',#6358,2.550000000475);
#5412=CARTESIAN_POINT('',(-5.5,1.5,-6.9));
#5413=CARTESIAN_POINT('',(-5.499999999842,1.499999997255,-6.900000000475));
#5414=VECTOR('',#6359,2.550000000475);
#5415=AXIS2_PLACEMENT_3D('',#6360,#6361,#6362);
#5416=CARTESIAN_POINT('',(-5.1,1.5,-0.25));
#5417=CARTESIAN_POINT('',(-5.100000000127,1.500000002196,-0.2499999996203));
#5418=VECTOR('',#6363,0.3162277659168);
#5419=AXIS2_PLACEMENT_3D('',#6364,#6365,#6366);
#5420=AXIS2_PLACEMENT_3D('',#6367,#6368,#6369);
#5421=AXIS2_PLACEMENT_3D('',#6370,#6371,#6372);
#5422=AXIS2_PLACEMENT_3D('',#6373,#6374,#6375);
#5423=CARTESIAN_POINT('',(-5.4,1.5,-7.2));
#5424=AXIS2_PLACEMENT_3D('',#6376,#6377,#6378);
#5425=CARTESIAN_POINT('',(-5.399999999873,1.499999997804,-7.20000000038));
#5426=VECTOR('',#6379,0.3162277659168);
#5427=AXIS2_PLACEMENT_3D('',#6380,#6381,#6382);
#5428=CARTESIAN_POINT('',(5.0,1.5,-2.9));
#5429=VECTOR('',#6383,2.350000000475);
#5430=CARTESIAN_POINT('',(5.5,1.5,-0.55));
#5431=CARTESIAN_POINT('',(5.5,1.5,-2.9));
#5432=VECTOR('',#6384,2.350000000475);
#5433=AXIS2_PLACEMENT_3D('',#6385,#6386,#6387);
#5434=CARTESIAN_POINT('',(5.499999999842,1.500000002745,-6.900000000475));
#5435=VECTOR('',#6388,2.550000000475);
#5436=CARTESIAN_POINT('',(5.0,1.5,-6.9));
#5437=CARTESIAN_POINT('',(5.000000000158,1.499999997255,-6.900000000475));
#5438=VECTOR('',#6389,2.550000000475);
#5439=AXIS2_PLACEMENT_3D('',#6390,#6391,#6392);
#5440=CARTESIAN_POINT('',(5.4,1.5,-0.25));
#5441=CARTESIAN_POINT('',(5.399999999873,1.500000002196,-0.2499999996203));
#5442=VECTOR('',#6393,0.3162277659168);
#5443=AXIS2_PLACEMENT_3D('',#6394,#6395,#6396);
#5444=AXIS2_PLACEMENT_3D('',#6397,#6398,#6399);
#5445=AXIS2_PLACEMENT_3D('',#6400,#6401,#6402);
#5446=AXIS2_PLACEMENT_3D('',#6403,#6404,#6405);
#5447=CARTESIAN_POINT('',(5.1,1.5,-7.2));
#5448=AXIS2_PLACEMENT_3D('',#6406,#6407,#6408);
#5449=CARTESIAN_POINT('',(5.100000000127,1.499999997804,-7.20000000038));
#5450=VECTOR('',#6409,0.3162277659168);
#5451=AXIS2_PLACEMENT_3D('',#6410,#6411,#6412);
#5452=DIRECTION('',(-0.0,-0.316227766016747,0.948683298050544));
#5453=CARTESIAN_POINT('',(5.25,1.5,-7.2));
#5454=DIRECTION('',(0.0,0.0,-1.0));
#5455=DIRECTION('',(1.0,0.0,0.0));
#5456=DIRECTION('',(0.316227766016808,1.73605167959204E-09,0.948683298050524));
#5457=CARTESIAN_POINT('',(5.25,1.5,-6.9));
#5458=DIRECTION('',(0.0,0.0,-1.0));
#5459=DIRECTION('',(1.0,0.0,0.0));
#5460=DIRECTION('',(0.0,-0.316227766016747,-0.948683298050544));
#5461=CARTESIAN_POINT('',(5.25,1.5,-6.9));
#5462=DIRECTION('',(0.0,0.0,-1.0));
#5463=DIRECTION('',(-1.0,0.0,0.0));
#5464=CARTESIAN_POINT('',(5.25,1.5,-7.2));
#5465=DIRECTION('',(0.0,0.0,-1.0));
#5466=DIRECTION('',(-1.0,0.0,0.0));
#5467=DIRECTION('',(-0.0,-0.316227766016747,0.948683298050544));
#5468=CARTESIAN_POINT('',(5.25,1.5,-0.55));
#5469=DIRECTION('',(0.0,0.0,1.0));
#5470=DIRECTION('',(1.0,0.0,0.0));
#5471=DIRECTION('',(-0.316227766016808,-1.73605308392504E-09,-0.948683298050524));
#5472=CARTESIAN_POINT('',(5.25,1.5,-0.25));
#5473=DIRECTION('',(0.0,0.0,1.0));
#5474=DIRECTION('',(1.0,0.0,0.0));
#5475=DIRECTION('',(0.0,-0.316227766016747,-0.948683298050544));
#5476=CARTESIAN_POINT('',(5.25,1.5,-0.25));
#5477=DIRECTION('',(0.0,0.0,1.0));
#5478=DIRECTION('',(-1.0,0.0,0.0));
#5479=CARTESIAN_POINT('',(5.25,1.5,-0.55));
#5480=DIRECTION('',(0.0,0.0,1.0));
#5481=DIRECTION('',(-1.0,0.0,0.0));
#5482=DIRECTION('',(-0.0,-0.316227766016747,0.948683298050544));
#5483=CARTESIAN_POINT('',(-5.25,1.5,-7.2));
#5484=DIRECTION('',(0.0,0.0,-1.0));
#5485=DIRECTION('',(1.0,0.0,0.0));
#5486=DIRECTION('',(0.316227766016808,1.73605167959204E-09,0.948683298050524));
#5487=CARTESIAN_POINT('',(-5.25,1.5,-6.9));
#5488=DIRECTION('',(0.0,0.0,-1.0));
#5489=DIRECTION('',(1.0,0.0,0.0));
#5490=DIRECTION('',(0.0,-0.316227766016747,-0.948683298050544));
#5491=CARTESIAN_POINT('',(-5.25,1.5,-6.9));
#5492=DIRECTION('',(0.0,0.0,-1.0));
#5493=DIRECTION('',(-1.0,0.0,0.0));
#5494=CARTESIAN_POINT('',(-5.25,1.5,-7.2));
#5495=DIRECTION('',(0.0,0.0,-1.0));
#5496=DIRECTION('',(-1.0,0.0,0.0));
#5497=DIRECTION('',(-0.0,-0.316227766016747,0.948683298050544));
#5498=CARTESIAN_POINT('',(-5.25,1.5,-0.55));
#5499=DIRECTION('',(0.0,0.0,1.0));
#5500=DIRECTION('',(1.0,0.0,0.0));
#5501=DIRECTION('',(-0.316227766016808,-1.73605378609204E-09,-0.948683298050524));
#5502=CARTESIAN_POINT('',(-5.25,1.5,-0.25));
#5503=DIRECTION('',(0.0,0.0,1.0));
#5504=DIRECTION('',(1.0,0.0,0.0));
#5505=DIRECTION('',(0.0,-0.316227766016747,-0.948683298050544));
#5506=CARTESIAN_POINT('',(-5.25,1.5,-0.25));
#5507=DIRECTION('',(0.0,0.0,1.0));
#5508=DIRECTION('',(-1.0,0.0,0.0));
#5509=CARTESIAN_POINT('',(-5.25,1.5,-0.55));
#5510=DIRECTION('',(0.0,0.0,1.0));
#5511=DIRECTION('',(-1.0,0.0,0.0));
#5512=DIRECTION('',(0.0,-0.316227766016747,-0.948683298050544));
#5513=CARTESIAN_POINT('',(-3.75,1.5,-6.9));
#5514=DIRECTION('',(0.0,0.0,-1.0));
#5515=DIRECTION('',(-1.0,0.0,0.0));
#5516=DIRECTION('',(0.316227766016808,1.73605378609204E-09,0.948683298050524));
#5517=CARTESIAN_POINT('',(-3.75,1.5,-7.2));
#5518=DIRECTION('',(0.0,0.0,-1.0));
#5519=DIRECTION('',(-1.0,0.0,0.0));
#5520=DIRECTION('',(-0.0,-0.316227766016747,0.948683298050544));
#5521=CARTESIAN_POINT('',(-3.75,1.5,-7.2));
#5522=DIRECTION('',(0.0,0.0,-1.0));
#5523=DIRECTION('',(1.0,0.0,0.0));
#5524=CARTESIAN_POINT('',(-3.75,1.5,-6.9));
#5525=DIRECTION('',(0.0,0.0,-1.0));
#5526=DIRECTION('',(1.0,0.0,0.0));
#5527=DIRECTION('',(0.0,-0.0,-1.0));
#5528=CARTESIAN_POINT('',(-3.75,1.5,-6.626108268163));
#5529=DIRECTION('',(0.0,0.0,1.0));
#5530=DIRECTION('',(0.0,-1.0,0.0));
#5531=DIRECTION('',(0.0,0.0,1.0));
#5532=CARTESIAN_POINT('',(-3.75,1.5,-6.7));
#5533=DIRECTION('',(0.0,0.0,-1.0));
#5534=DIRECTION('',(0.0,-1.0,0.0));
#5535=DIRECTION('',(-7.910116987078E-10,1.372471355528E-08,1.0));
#5536=CARTESIAN_POINT('',(-3.75,1.5,-6.9));
#5537=DIRECTION('',(0.0,0.0,-1.0));
#5538=DIRECTION('',(1.0,0.0,0.0));
#5539=DIRECTION('',(7.910116987078E-10,-1.372471244506E-08,1.0));
#5540=DIRECTION('',(0.0,-0.0,-1.0));
#5541=CARTESIAN_POINT('',(-3.75,1.5,-4.7));
#5542=DIRECTION('',(0.0,0.0,-1.0));
#5543=DIRECTION('',(1.0,0.0,0.0));
#5544=DIRECTION('',(0.0,0.0,1.0));
#5545=CARTESIAN_POINT('',(-3.75,1.5,-4.779426859651));
#5546=DIRECTION('',(0.0,0.0,1.0));
#5547=DIRECTION('',(0.0,-1.0,0.0));
#5548=DIRECTION('',(-0.0,-0.316227766016747,0.948683298050544));
#5549=CARTESIAN_POINT('',(-3.75,1.5,-0.55));
#5550=DIRECTION('',(0.0,0.0,1.0));
#5551=DIRECTION('',(1.0,0.0,0.0));
#5552=DIRECTION('',(-0.316227766016808,-1.73605378609204E-09,-0.948683298050524));
#5553=CARTESIAN_POINT('',(-3.75,1.5,-0.25));
#5554=DIRECTION('',(0.0,0.0,1.0));
#5555=DIRECTION('',(1.0,0.0,0.0));
#5556=DIRECTION('',(0.0,-0.316227766016747,-0.948683298050544));
#5557=CARTESIAN_POINT('',(-3.75,1.5,-0.25));
#5558=DIRECTION('',(0.0,0.0,1.0));
#5559=DIRECTION('',(-1.0,0.0,0.0));
#5560=CARTESIAN_POINT('',(-3.75,1.5,-0.55));
#5561=DIRECTION('',(0.0,0.0,1.0));
#5562=DIRECTION('',(-1.0,0.0,0.0));
#5563=DIRECTION('',(-0.0,-0.0,1.0));
#5564=DIRECTION('',(0.0,0.0,1.0));
#5565=CARTESIAN_POINT('',(-3.75,1.5,-4.35));
#5566=DIRECTION('',(0.0,0.0,-1.0));
#5567=DIRECTION('',(1.0,0.0,0.0));
#5568=DIRECTION('',(-0.0,-0.0,1.0));
#5569=CARTESIAN_POINT('',(-3.75,1.5,-2.9));
#5570=DIRECTION('',(0.0,0.0,-1.0));
#5571=DIRECTION('',(1.0,0.0,0.0));
#5572=DIRECTION('',(-6.732014471704E-11,1.168060636158E-09,1.0));
#5573=CARTESIAN_POINT('',(-3.75,1.5,-0.55));
#5574=DIRECTION('',(0.0,0.0,1.0));
#5575=DIRECTION('',(-1.0,0.0,0.0));
#5576=DIRECTION('',(-0.0,-0.316227766016747,0.948683298050544));
#5577=CARTESIAN_POINT('',(-2.25,1.5,-7.2));
#5578=DIRECTION('',(0.0,0.0,-1.0));
#5579=DIRECTION('',(1.0,0.0,0.0));
#5580=DIRECTION('',(0.316227766016808,1.73605238175804E-09,0.948683298050524));
#5581=CARTESIAN_POINT('',(-2.25,1.5,-6.9));
#5582=DIRECTION('',(0.0,0.0,-1.0));
#5583=DIRECTION('',(1.0,0.0,0.0));
#5584=DIRECTION('',(0.0,-0.316227766016747,-0.948683298050544));
#5585=CARTESIAN_POINT('',(-2.25,1.5,-6.9));
#5586=DIRECTION('',(0.0,0.0,-1.0));
#5587=DIRECTION('',(-1.0,0.0,0.0));
#5588=CARTESIAN_POINT('',(-2.25,1.5,-7.2));
#5589=DIRECTION('',(0.0,0.0,-1.0));
#5590=DIRECTION('',(-1.0,0.0,0.0));
#5591=DIRECTION('',(-0.0,-0.316227766016747,0.948683298050544));
#5592=CARTESIAN_POINT('',(-2.25,1.5,-0.55));
#5593=DIRECTION('',(0.0,0.0,1.0));
#5594=DIRECTION('',(1.0,0.0,0.0));
#5595=DIRECTION('',(-0.316227766016808,-1.73605378609204E-09,-0.948683298050524));
#5596=CARTESIAN_POINT('',(-2.25,1.5,-0.25));
#5597=DIRECTION('',(0.0,0.0,1.0));
#5598=DIRECTION('',(1.0,0.0,0.0));
#5599=DIRECTION('',(0.0,-0.316227766016747,-0.948683298050544));
#5600=CARTESIAN_POINT('',(-2.25,1.5,-0.25));
#5601=DIRECTION('',(0.0,0.0,1.0));
#5602=DIRECTION('',(-1.0,0.0,0.0));
#5603=CARTESIAN_POINT('',(-2.25,1.5,-0.55));
#5604=DIRECTION('',(0.0,0.0,1.0));
#5605=DIRECTION('',(-1.0,0.0,0.0));
#5606=DIRECTION('',(-0.0,-0.316227766016747,0.948683298050544));
#5607=CARTESIAN_POINT('',(-0.75,1.5,-7.2));
#5608=DIRECTION('',(0.0,0.0,-1.0));
#5609=DIRECTION('',(1.0,0.0,0.0));
#5610=DIRECTION('',(0.316227766016808,1.73605378609204E-09,0.948683298050524));
#5611=CARTESIAN_POINT('',(-0.75,1.5,-6.9));
#5612=DIRECTION('',(0.0,0.0,-1.0));
#5613=DIRECTION('',(1.0,0.0,0.0));
#5614=DIRECTION('',(0.0,-0.316227766016747,-0.948683298050544));
#5615=CARTESIAN_POINT('',(-0.75,1.5,-6.9));
#5616=DIRECTION('',(0.0,0.0,-1.0));
#5617=DIRECTION('',(-1.0,0.0,0.0));
#5618=CARTESIAN_POINT('',(-0.75,1.5,-7.2));
#5619=DIRECTION('',(0.0,0.0,-1.0));
#5620=DIRECTION('',(-1.0,0.0,0.0));
#5621=DIRECTION('',(-0.0,-0.316227766016747,0.948683298050544));
#5622=CARTESIAN_POINT('',(-0.75,1.5,-0.55));
#5623=DIRECTION('',(0.0,0.0,1.0));
#5624=DIRECTION('',(1.0,0.0,0.0));
#5625=DIRECTION('',(-0.316227766016808,-1.73605378609204E-09,-0.948683298050524));
#5626=CARTESIAN_POINT('',(-0.75,1.5,-0.25));
#5627=DIRECTION('',(0.0,0.0,1.0));
#5628=DIRECTION('',(1.0,0.0,0.0));
#5629=DIRECTION('',(0.0,-0.316227766016747,-0.948683298050544));
#5630=CARTESIAN_POINT('',(-0.75,1.5,-0.25));
#5631=DIRECTION('',(0.0,0.0,1.0));
#5632=DIRECTION('',(-1.0,0.0,0.0));
#5633=CARTESIAN_POINT('',(-0.75,1.5,-0.55));
#5634=DIRECTION('',(0.0,0.0,1.0));
#5635=DIRECTION('',(-1.0,0.0,0.0));
#5636=DIRECTION('',(-0.0,-0.316227766016747,0.948683298050544));
#5637=CARTESIAN_POINT('',(0.75,1.5,-7.2));
#5638=DIRECTION('',(0.0,0.0,-1.0));
#5639=DIRECTION('',(1.0,0.0,0.0));
#5640=DIRECTION('',(0.316227766016808,1.73605378609204E-09,0.948683298050524));
#5641=CARTESIAN_POINT('',(0.75,1.5,-6.9));
#5642=DIRECTION('',(0.0,0.0,-1.0));
#5643=DIRECTION('',(1.0,0.0,0.0));
#5644=DIRECTION('',(0.0,-0.316227766016747,-0.948683298050544));
#5645=CARTESIAN_POINT('',(0.75,1.5,-6.9));
#5646=DIRECTION('',(0.0,0.0,-1.0));
#5647=DIRECTION('',(-1.0,0.0,0.0));
#5648=CARTESIAN_POINT('',(0.75,1.5,-7.2));
#5649=DIRECTION('',(0.0,0.0,-1.0));
#5650=DIRECTION('',(-1.0,0.0,0.0));
#5651=DIRECTION('',(-0.0,-0.316227766016747,0.948683298050544));
#5652=CARTESIAN_POINT('',(0.75,1.5,-0.55));
#5653=DIRECTION('',(0.0,0.0,1.0));
#5654=DIRECTION('',(1.0,0.0,0.0));
#5655=DIRECTION('',(-0.316227766016808,-1.73605378609204E-09,-0.948683298050524));
#5656=CARTESIAN_POINT('',(0.75,1.5,-0.25));
#5657=DIRECTION('',(0.0,0.0,1.0));
#5658=DIRECTION('',(1.0,0.0,0.0));
#5659=DIRECTION('',(0.0,-0.316227766016747,-0.948683298050544));
#5660=CARTESIAN_POINT('',(0.75,1.5,-0.25));
#5661=DIRECTION('',(0.0,0.0,1.0));
#5662=DIRECTION('',(-1.0,0.0,0.0));
#5663=CARTESIAN_POINT('',(0.75,1.5,-0.55));
#5664=DIRECTION('',(0.0,0.0,1.0));
#5665=DIRECTION('',(-1.0,0.0,0.0));
#5666=DIRECTION('',(-0.0,-0.316227766016747,0.948683298050544));
#5667=CARTESIAN_POINT('',(2.25,1.5,-7.2));
#5668=DIRECTION('',(0.0,0.0,-1.0));
#5669=DIRECTION('',(1.0,0.0,0.0));
#5670=DIRECTION('',(0.316227766016808,1.73605238175804E-09,0.948683298050524));
#5671=CARTESIAN_POINT('',(2.25,1.5,-6.9));
#5672=DIRECTION('',(0.0,0.0,-1.0));
#5673=DIRECTION('',(1.0,0.0,0.0));
#5674=DIRECTION('',(0.0,-0.316227766016747,-0.948683298050544));
#5675=CARTESIAN_POINT('',(2.25,1.5,-6.9));
#5676=DIRECTION('',(0.0,0.0,-1.0));
#5677=DIRECTION('',(-1.0,0.0,0.0));
#5678=CARTESIAN_POINT('',(2.25,1.5,-7.2));
#5679=DIRECTION('',(0.0,0.0,-1.0));
#5680=DIRECTION('',(-1.0,0.0,0.0));
#5681=DIRECTION('',(-0.0,-0.316227766016747,0.948683298050544));
#5682=CARTESIAN_POINT('',(2.25,1.5,-0.55));
#5683=DIRECTION('',(0.0,0.0,1.0));
#5684=DIRECTION('',(1.0,0.0,0.0));
#5685=DIRECTION('',(-0.316227766016808,-1.73605378609204E-09,-0.948683298050524));
#5686=CARTESIAN_POINT('',(2.25,1.5,-0.25));
#5687=DIRECTION('',(0.0,0.0,1.0));
#5688=DIRECTION('',(1.0,0.0,0.0));
#5689=DIRECTION('',(0.0,-0.316227766016747,-0.948683298050544));
#5690=CARTESIAN_POINT('',(2.25,1.5,-0.25));
#5691=DIRECTION('',(0.0,0.0,1.0));
#5692=DIRECTION('',(-1.0,0.0,0.0));
#5693=CARTESIAN_POINT('',(2.25,1.5,-0.55));
#5694=DIRECTION('',(0.0,0.0,1.0));
#5695=DIRECTION('',(-1.0,0.0,0.0));
#5696=DIRECTION('',(-0.0,-0.316227766016747,0.948683298050544));
#5697=CARTESIAN_POINT('',(3.75,1.5,-7.2));
#5698=DIRECTION('',(0.0,0.0,-1.0));
#5699=DIRECTION('',(1.0,0.0,0.0));
#5700=DIRECTION('',(0.316227766016808,1.73605238175804E-09,0.948683298050524));
#5701=CARTESIAN_POINT('',(3.75,1.5,-6.9));
#5702=DIRECTION('',(0.0,0.0,-1.0));
#5703=DIRECTION('',(1.0,0.0,0.0));
#5704=DIRECTION('',(0.0,-0.316227766016747,-0.948683298050544));
#5705=CARTESIAN_POINT('',(3.75,1.5,-6.9));
#5706=DIRECTION('',(0.0,0.0,-1.0));
#5707=DIRECTION('',(-1.0,0.0,0.0));
#5708=CARTESIAN_POINT('',(3.75,1.5,-7.2));
#5709=DIRECTION('',(0.0,0.0,-1.0));
#5710=DIRECTION('',(-1.0,0.0,0.0));
#5711=DIRECTION('',(0.0,-0.316227766016747,-0.948683298050544));
#5712=CARTESIAN_POINT('',(3.75,1.5,-0.25));
#5713=DIRECTION('',(0.0,0.0,1.0));
#5714=DIRECTION('',(-1.0,0.0,0.0));
#5715=DIRECTION('',(-0.316227766016808,-1.73605378609204E-09,-0.948683298050524));
#5716=CARTESIAN_POINT('',(3.75,1.5,-0.55));
#5717=DIRECTION('',(0.0,0.0,1.0));
#5718=DIRECTION('',(-1.0,0.0,0.0));
#5719=DIRECTION('',(-0.0,-0.316227766016747,0.948683298050544));
#5720=CARTESIAN_POINT('',(3.75,1.5,-0.55));
#5721=DIRECTION('',(0.0,0.0,1.0));
#5722=DIRECTION('',(1.0,0.0,0.0));
#5723=CARTESIAN_POINT('',(3.75,1.5,-0.25));
#5724=DIRECTION('',(0.0,0.0,1.0));
#5725=DIRECTION('',(1.0,0.0,0.0));
#5726=DIRECTION('',(-0.0,0.0,1.0));
#5727=CARTESIAN_POINT('',(3.75,1.5,-6.9));
#5728=DIRECTION('',(0.0,0.0,-1.0));
#5729=DIRECTION('',(-1.0,0.0,0.0));
#5730=DIRECTION('',(-7.910116987078E-10,1.372471355528E-08,1.0));
#5731=CARTESIAN_POINT('',(3.75,1.5,-6.7));
#5732=DIRECTION('',(0.0,0.0,-1.0));
#5733=DIRECTION('',(0.0,-1.0,0.0));
#5734=DIRECTION('',(0.0,0.0,1.0));
#5735=CARTESIAN_POINT('',(3.75,1.5,-6.626108268163));
#5736=DIRECTION('',(0.0,0.0,-1.0));
#5737=DIRECTION('',(0.0,-1.0,0.0));
#5738=DIRECTION('',(0.0,0.0,1.0));
#5739=DIRECTION('',(-0.0,0.0,1.0));
#5740=DIRECTION('',(0.0,0.0,1.0));
#5741=CARTESIAN_POINT('',(3.75,1.5,-4.779426859651));
#5742=DIRECTION('',(0.0,0.0,-1.0));
#5743=DIRECTION('',(0.0,-1.0,0.0));
#5744=DIRECTION('',(0.0,0.0,1.0));
#5745=CARTESIAN_POINT('',(3.75,1.5,-4.7));
#5746=DIRECTION('',(0.0,0.0,-1.0));
#5747=DIRECTION('',(0.0,-1.0,0.0));
#5748=DIRECTION('',(0.0,0.0,1.0));
#5749=CARTESIAN_POINT('',(3.75,1.5,-4.35));
#5750=DIRECTION('',(0.0,0.0,-1.0));
#5751=DIRECTION('',(-1.0,0.0,0.0));
#5752=DIRECTION('',(-0.0,0.0,1.0));
#5753=CARTESIAN_POINT('',(3.75,1.5,-2.9));
#5754=DIRECTION('',(0.0,0.0,-1.0));
#5755=DIRECTION('',(-1.0,0.0,0.0));
#5756=DIRECTION('',(6.732014471704E-11,-1.168060636158E-09,1.0));
#5757=DIRECTION('',(0.0,-0.0,-1.0));
#5758=CARTESIAN_POINT('',(3.75,1.5,-6.9));
#5759=DIRECTION('',(0.0,0.0,-1.0));
#5760=DIRECTION('',(1.0,0.0,0.0));
#5761=DIRECTION('',(0.0,-0.0,-1.0));
#5762=CARTESIAN_POINT('',(3.75,1.5,-2.9));
#5763=DIRECTION('',(0.0,0.0,-1.0));
#5764=DIRECTION('',(1.0,0.0,0.0));
#5765=DIRECTION('',(0.0,-0.0,-1.0));
#5766=CARTESIAN_POINT('',(3.75,1.5,-4.35));
#5767=DIRECTION('',(0.0,0.0,-1.0));
#5768=DIRECTION('',(1.0,0.0,0.0));
#5769=DIRECTION('',(0.0,1.0,0.0));
#5770=DIRECTION('',(0.0,0.0,-1.0));
#5771=DIRECTION('',(0.0,-1.0,0.0));
#5772=DIRECTION('',(0.0,0.0,1.0));
#5773=DIRECTION('',(0.0,-1.0,0.0));
#5774=DIRECTION('',(0.0,0.0,-1.0));
#5775=DIRECTION('',(0.0,-1.0,0.0));
#5776=DIRECTION('',(0.0,0.0,1.0));
#5777=DIRECTION('',(-1.0,0.0,0.0));
#5778=DIRECTION('',(0.0,0.0,1.0));
#5779=DIRECTION('',(1.0,0.0,0.0));
#5780=DIRECTION('',(0.0,0.0,1.0));
#5781=DIRECTION('',(-1.0,0.0,0.0));
#5782=DIRECTION('',(0.0,0.0,1.0));
#5783=DIRECTION('',(1.0,0.0,0.0));
#5784=DIRECTION('',(0.0,0.0,1.0));
#5785=DIRECTION('',(-1.0,0.0,0.0));
#5786=DIRECTION('',(0.0,0.0,1.0));
#5787=DIRECTION('',(1.0,0.0,0.0));
#5788=DIRECTION('',(0.0,0.0,1.0));
#5789=DIRECTION('',(-1.0,0.0,0.0));
#5790=DIRECTION('',(0.0,0.0,1.0));
#5791=DIRECTION('',(1.0,0.0,0.0));
#5792=DIRECTION('',(0.0,0.0,1.0));
#5793=DIRECTION('',(-1.0,0.0,0.0));
#5794=DIRECTION('',(0.0,0.0,1.0));
#5795=DIRECTION('',(1.0,0.0,0.0));
#5796=DIRECTION('',(0.0,0.0,1.0));
#5797=DIRECTION('',(-1.0,0.0,0.0));
#5798=DIRECTION('',(0.0,0.0,1.0));
#5799=DIRECTION('',(1.0,0.0,0.0));
#5800=DIRECTION('',(0.0,0.0,1.0));
#5801=DIRECTION('',(-1.0,0.0,0.0));
#5802=DIRECTION('',(0.0,0.0,1.0));
#5803=DIRECTION('',(1.0,0.0,0.0));
#5804=DIRECTION('',(0.0,0.0,1.0));
#5805=DIRECTION('',(-1.0,0.0,0.0));
#5806=DIRECTION('',(0.0,0.0,1.0));
#5807=DIRECTION('',(1.0,0.0,0.0));
#5808=DIRECTION('',(1.0,0.0,0.0));
#5809=DIRECTION('',(0.0,0.0,1.0));
#5810=DIRECTION('',(1.0,0.0,0.0));
#5811=DIRECTION('',(0.0,0.0,1.0));
#5812=DIRECTION('',(0.0,1.0,0.0));
#5813=DIRECTION('',(0.0,0.0,1.0));
#5814=DIRECTION('',(0.0,1.0,0.0));
#5815=DIRECTION('',(-1.0,0.0,0.0));
#5816=DIRECTION('',(0.0,-1.0,0.0));
#5817=DIRECTION('',(-1.0,0.0,0.0));
#5818=DIRECTION('',(0.0,1.0,0.0));
#5819=CARTESIAN_POINT('',(5.25,1.5,-4.35));
#5820=DIRECTION('',(0.0,0.0,-1.0));
#5821=DIRECTION('',(-1.0,0.0,0.0));
#5822=CARTESIAN_POINT('',(5.25,1.5,-4.35));
#5823=DIRECTION('',(0.0,0.0,-1.0));
#5824=DIRECTION('',(1.0,0.0,0.0));
#5825=DIRECTION('',(0.0,0.0,1.0));
#5826=DIRECTION('',(0.0,1.0,0.0));
#5827=DIRECTION('',(1.0,0.0,0.0));
#5828=DIRECTION('',(0.0,-1.0,0.0));
#5829=DIRECTION('',(1.0,0.0,0.0));
#5830=DIRECTION('',(0.0,1.0,0.0));
#5831=DIRECTION('',(1.0,0.0,0.0));
#5832=DIRECTION('',(0.0,1.0,0.0));
#5833=DIRECTION('',(0.0,1.0,0.0));
#5834=DIRECTION('',(1.0,0.0,0.0));
#5835=DIRECTION('',(0.0,1.0,0.0));
#5836=DIRECTION('',(0.0,1.0,0.0));
#5837=DIRECTION('',(1.0,0.0,0.0));
#5838=DIRECTION('',(0.0,1.0,0.0));
#5839=DIRECTION('',(0.0,1.0,0.0));
#5840=DIRECTION('',(1.0,0.0,0.0));
#5841=DIRECTION('',(0.0,1.0,0.0));
#5842=DIRECTION('',(0.0,1.0,0.0));
#5843=DIRECTION('',(1.0,0.0,0.0));
#5844=DIRECTION('',(0.0,1.0,0.0));
#5845=DIRECTION('',(0.0,1.0,0.0));
#5846=DIRECTION('',(1.0,0.0,0.0));
#5847=DIRECTION('',(0.0,1.0,0.0));
#5848=DIRECTION('',(0.0,1.0,0.0));
#5849=DIRECTION('',(0.0,1.0,0.0));
#5850=DIRECTION('',(1.0,0.0,0.0));
#5851=DIRECTION('',(0.0,-1.0,0.0));
#5852=DIRECTION('',(1.0,0.0,0.0));
#5853=DIRECTION('',(1.0,0.0,0.0));
#5854=DIRECTION('',(0.0,1.0,0.0));
#5855=DIRECTION('',(0.0,1.0,0.0));
#5856=DIRECTION('',(0.0,0.0,1.0));
#5857=DIRECTION('',(0.0,0.0,1.0));
#5858=DIRECTION('',(1.0,0.0,0.0));
#5859=DIRECTION('',(0.0,0.0,-1.0));
#5860=DIRECTION('',(-1.0,0.0,0.0));
#5861=DIRECTION('',(0.0,0.0,1.0));
#5862=DIRECTION('',(1.0,0.0,0.0));
#5863=DIRECTION('',(0.0,0.0,-1.0));
#5864=DIRECTION('',(0.0,1.0,0.0));
#5865=DIRECTION('',(-1.0,0.0,0.0));
#5866=DIRECTION('',(0.0,-1.0,0.0));
#5867=CARTESIAN_POINT('',(-5.25,1.5,-4.35));
#5868=DIRECTION('',(0.0,0.0,-1.0));
#5869=DIRECTION('',(-1.0,0.0,0.0));
#5870=CARTESIAN_POINT('',(-5.25,1.5,-4.35));
#5871=DIRECTION('',(0.0,0.0,-1.0));
#5872=DIRECTION('',(1.0,0.0,0.0));
#5873=DIRECTION('',(0.0,0.0,1.0));
#5874=DIRECTION('',(0.0,1.0,0.0));
#5875=DIRECTION('',(0.0,0.0,1.0));
#5876=DIRECTION('',(-1.0,0.0,0.0));
#5877=DIRECTION('',(0.0,0.0,1.0));
#5878=DIRECTION('',(1.0,0.0,0.0));
#5879=DIRECTION('',(0.0,0.0,-1.0));
#5880=DIRECTION('',(-1.0,0.0,0.0));
#5881=DIRECTION('',(0.0,0.0,-1.0));
#5882=DIRECTION('',(1.0,0.0,0.0));
#5883=DIRECTION('',(0.0,0.0,1.0));
#5884=DIRECTION('',(-1.0,0.0,0.0));
#5885=DIRECTION('',(0.0,0.0,1.0));
#5886=DIRECTION('',(1.0,0.0,0.0));
#5887=DIRECTION('',(0.0,1.0,0.0));
#5888=DIRECTION('',(-1.0,0.0,0.0));
#5889=DIRECTION('',(0.0,1.0,0.0));
#5890=CARTESIAN_POINT('',(-5.25,1.5,-2.9));
#5891=DIRECTION('',(0.0,0.0,-1.0));
#5892=DIRECTION('',(-1.0,0.0,0.0));
#5893=CARTESIAN_POINT('',(-5.25,1.5,-2.9));
#5894=DIRECTION('',(0.0,0.0,-1.0));
#5895=DIRECTION('',(1.0,0.0,0.0));
#5896=CARTESIAN_POINT('',(-3.75,1.5,-2.9));
#5897=DIRECTION('',(0.0,0.0,-1.0));
#5898=DIRECTION('',(-1.0,0.0,0.0));
#5899=CARTESIAN_POINT('',(-3.75,1.5,-2.9));
#5900=DIRECTION('',(0.0,0.0,-1.0));
#5901=DIRECTION('',(1.0,0.0,0.0));
#5902=CARTESIAN_POINT('',(-2.25,1.5,-2.9));
#5903=DIRECTION('',(0.0,0.0,-1.0));
#5904=DIRECTION('',(-1.0,0.0,0.0));
#5905=CARTESIAN_POINT('',(-2.25,1.5,-2.9));
#5906=DIRECTION('',(0.0,0.0,-1.0));
#5907=DIRECTION('',(1.0,0.0,0.0));
#5908=CARTESIAN_POINT('',(-0.75,1.5,-2.9));
#5909=DIRECTION('',(0.0,0.0,-1.0));
#5910=DIRECTION('',(-1.0,0.0,0.0));
#5911=CARTESIAN_POINT('',(-0.75,1.5,-2.9));
#5912=DIRECTION('',(0.0,0.0,-1.0));
#5913=DIRECTION('',(1.0,0.0,0.0));
#5914=CARTESIAN_POINT('',(0.75,1.5,-2.9));
#5915=DIRECTION('',(0.0,0.0,-1.0));
#5916=DIRECTION('',(-1.0,0.0,0.0));
#5917=CARTESIAN_POINT('',(0.75,1.5,-2.9));
#5918=DIRECTION('',(0.0,0.0,-1.0));
#5919=DIRECTION('',(1.0,0.0,0.0));
#5920=CARTESIAN_POINT('',(2.25,1.5,-2.9));
#5921=DIRECTION('',(0.0,0.0,-1.0));
#5922=DIRECTION('',(-1.0,0.0,0.0));
#5923=CARTESIAN_POINT('',(2.25,1.5,-2.9));
#5924=DIRECTION('',(0.0,0.0,-1.0));
#5925=DIRECTION('',(1.0,0.0,0.0));
#5926=CARTESIAN_POINT('',(3.75,1.5,-2.9));
#5927=DIRECTION('',(0.0,0.0,-1.0));
#5928=DIRECTION('',(-1.0,0.0,0.0));
#5929=CARTESIAN_POINT('',(3.75,1.5,-2.9));
#5930=DIRECTION('',(0.0,0.0,-1.0));
#5931=DIRECTION('',(1.0,0.0,0.0));
#5932=CARTESIAN_POINT('',(5.25,1.5,-2.9));
#5933=DIRECTION('',(0.0,0.0,-1.0));
#5934=DIRECTION('',(-1.0,0.0,0.0));
#5935=CARTESIAN_POINT('',(5.25,1.5,-2.9));
#5936=DIRECTION('',(0.0,0.0,-1.0));
#5937=DIRECTION('',(1.0,0.0,0.0));
#5938=DIRECTION('',(0.0,0.0,-1.0));
#5939=DIRECTION('',(0.0,-1.0,0.0));
#5940=DIRECTION('',(0.0,0.0,-1.0));
#5941=DIRECTION('',(0.0,-1.0,0.0));
#5942=DIRECTION('',(0.0,0.0,1.0));
#5943=DIRECTION('',(0.0,-1.0,0.0));
#5944=DIRECTION('',(0.0,0.503871025524111,-0.863778900898419));
#5945=DIRECTION('',(0.0,-1.0,0.0));
#5946=DIRECTION('',(-1.0,0.0,0.0));
#5947=DIRECTION('',(0.0,1.0,0.0));
#5948=DIRECTION('',(-1.0,0.0,0.0));
#5949=DIRECTION('',(0.0,0.0,-1.0));
#5950=DIRECTION('',(1.0,0.0,0.0));
#5951=DIRECTION('',(0.650944554904109,-0.390566732942506,-0.650944554904109));
#5952=DIRECTION('',(0.650944554904109,0.390566732942506,0.650944554904109));
#5953=DIRECTION('',(1.0,0.0,0.0));
#5954=DIRECTION('',(0.0,1.0,0.0));
#5955=DIRECTION('',(1.0,0.0,0.0));
#5956=DIRECTION('',(0.0,-1.0,0.0));
#5957=DIRECTION('',(1.0,0.0,0.0));
#5958=DIRECTION('',(0.0,-1.0,0.0));
#5959=DIRECTION('',(-0.707106781186548,0.0,0.707106781186548));
#5960=DIRECTION('',(1.0,0.0,0.0));
#5961=DIRECTION('',(0.0,0.0,-1.0));
#5962=DIRECTION('',(1.0,0.0,0.0));
#5963=DIRECTION('',(0.0,0.0,-1.0));
#5964=DIRECTION('',(-0.707106781186548,0.0,-0.707106781186548));
#5965=DIRECTION('',(1.0,0.0,0.0));
#5966=DIRECTION('',(1.0,0.0,0.0));
#5967=DIRECTION('',(0.0,-1.0,0.0));
#5968=DIRECTION('',(0.0,-1.0,0.0));
#5969=DIRECTION('',(1.0,0.0,0.0));
#5970=DIRECTION('',(0.707106781186548,0.0,-0.707106781186548));
#5971=DIRECTION('',(1.0,0.0,0.0));
#5972=DIRECTION('',(0.0,0.0,1.0));
#5973=DIRECTION('',(0.0,0.0,1.0));
#5974=DIRECTION('',(0.707106781186548,0.0,0.707106781186548));
#5975=DIRECTION('',(-0.650944554904109,-0.390566732942506,0.650944554904109));
#5976=DIRECTION('',(0.0,-1.0,0.0));
#5977=DIRECTION('',(1.0,0.0,0.0));
#5978=DIRECTION('',(0.0,-1.0,0.0));
#5979=DIRECTION('',(0.0,1.0,0.0));
#5980=DIRECTION('',(-1.0,0.0,0.0));
#5981=DIRECTION('',(-0.650944554904109,0.390566732942506,-0.650944554904109));
#5982=DIRECTION('',(0.0,1.0,0.0));
#5983=DIRECTION('',(0.0,1.0,0.0));
#5984=DIRECTION('',(0.0,-0.503871025524111,0.863778900898419));
#5985=DIRECTION('',(0.0,0.0,-1.0));
#5986=DIRECTION('',(0.0,0.0,1.0));
#5987=DIRECTION('',(-1.0,0.0,0.0));
#5988=DIRECTION('',(0.0,0.0,1.0));
#5989=DIRECTION('',(0.0,0.0,1.0));
#5990=DIRECTION('',(-1.0,0.0,0.0));
#5991=DIRECTION('',(0.0,0.0,1.0));
#5992=DIRECTION('',(0.0,0.0,1.0));
#5993=DIRECTION('',(-1.0,0.0,0.0));
#5994=DIRECTION('',(0.0,0.0,1.0));
#5995=DIRECTION('',(0.0,0.0,1.0));
#5996=DIRECTION('',(-1.0,0.0,0.0));
#5997=DIRECTION('',(0.0,0.0,1.0));
#5998=DIRECTION('',(0.0,0.0,1.0));
#5999=DIRECTION('',(-1.0,0.0,0.0));
#6000=DIRECTION('',(0.0,0.0,1.0));
#6001=DIRECTION('',(0.0,0.0,1.0));
#6002=DIRECTION('',(-1.0,0.0,0.0));
#6003=DIRECTION('',(0.0,0.0,1.0));
#6004=DIRECTION('',(0.0,0.0,1.0));
#6005=DIRECTION('',(-1.0,0.0,0.0));
#6006=DIRECTION('',(0.0,0.0,1.0));
#6007=DIRECTION('',(0.0,0.0,1.0));
#6008=DIRECTION('',(-1.0,0.0,0.0));
#6009=DIRECTION('',(0.0,0.0,1.0));
#6010=DIRECTION('',(0.0,1.0,0.0));
#6011=DIRECTION('',(0.0,1.0,0.0));
#6012=CARTESIAN_POINT('',(3.75,1.5,-4.35));
#6013=DIRECTION('',(0.0,0.0,-1.0));
#6014=DIRECTION('',(1.0,0.0,0.0));
#6015=CARTESIAN_POINT('',(3.75,1.5,-4.35));
#6016=DIRECTION('',(0.0,0.0,-1.0));
#6017=DIRECTION('',(-1.0,0.0,0.0));
#6018=CARTESIAN_POINT('',(3.75,1.5,-4.779426859651));
#6019=DIRECTION('',(0.0,0.0,-1.0));
#6020=DIRECTION('',(0.0,1.0,0.0));
#6021=CARTESIAN_POINT('',(3.75,1.5,-4.7));
#6022=DIRECTION('',(0.0,0.0,-1.0));
#6023=DIRECTION('',(0.0,1.0,0.0));
#6024=DIRECTION('',(0.0,0.0,1.0));
#6025=DIRECTION('',(-6.732014471704E-11,1.168060636158E-09,1.0));
#6026=CARTESIAN_POINT('',(3.75,1.5,-0.55));
#6027=DIRECTION('',(0.0,0.0,1.0));
#6028=DIRECTION('',(-1.0,0.0,0.0));
#6029=DIRECTION('',(7.910116987078E-10,-1.372471244506E-08,1.0));
#6030=CARTESIAN_POINT('',(3.75,1.5,-6.7));
#6031=DIRECTION('',(0.0,0.0,-1.0));
#6032=DIRECTION('',(0.0,1.0,0.0));
#6033=CARTESIAN_POINT('',(3.75,1.5,-6.626108268163));
#6034=DIRECTION('',(0.0,0.0,-1.0));
#6035=DIRECTION('',(0.0,1.0,0.0));
#6036=CARTESIAN_POINT('',(3.75,1.5,-0.55));
#6037=DIRECTION('',(0.0,0.0,1.0));
#6038=DIRECTION('',(1.0,0.0,0.0));
#6039=CARTESIAN_POINT('',(3.75,1.5,-0.25));
#6040=DIRECTION('',(0.0,0.0,1.0));
#6041=DIRECTION('',(1.0,0.0,0.0));
#6042=DIRECTION('',(0.316227766016808,1.73605308392504E-09,-0.948683298050524));
#6043=CARTESIAN_POINT('',(3.75,1.5,-0.25));
#6044=DIRECTION('',(0.0,0.0,1.0));
#6045=DIRECTION('',(-1.0,0.0,0.0));
#6046=CARTESIAN_POINT('',(3.75,2.0,-4.779426859651));
#6047=DIRECTION('',(-1.0,-0.0,0.0));
#6048=DIRECTION('',(0.0,-0.972573269631963,-0.232596722241291));
#6049=CARTESIAN_POINT('',(3.75,2.0,-4.779426859651));
#6050=DIRECTION('',(-1.0,-0.0,0.0));
#6051=DIRECTION('',(0.0,-0.972573269631963,-0.232596722241291));
#6052=CARTESIAN_POINT('',(3.75,1.513713365184,-4.895725220772));
#6053=DIRECTION('',(0.0,0.232596722241291,-0.972573269631963));
#6054=DIRECTION('',(0.0,-0.972573269631963,-0.232596722241291));
#6055=DIRECTION('',(0.0,-0.232596722241291,0.972573269631963));
#6056=DIRECTION('',(0.0,-0.232596722241291,0.972573269631963));
#6057=CARTESIAN_POINT('',(3.75,1.686286634816,-5.617318145555));
#6058=DIRECTION('',(0.0,0.232596722241291,-0.972573269631963));
#6059=DIRECTION('',(0.0,-0.972573269631963,-0.232596722241291));
#6060=CARTESIAN_POINT('',(3.75,1.2,-5.733616506675));
#6061=DIRECTION('',(1.0,0.0,0.0));
#6062=DIRECTION('',(0.0,0.967379489245405,-0.253331647820201));
#6063=CARTESIAN_POINT('',(3.75,1.2,-5.733616506675));
#6064=DIRECTION('',(1.0,0.0,0.0));
#6065=DIRECTION('',(0.0,0.967379489245405,-0.253331647820201));
#6066=CARTESIAN_POINT('',(3.75,1.683689744623,-5.860282330585));
#6067=DIRECTION('',(0.0,-0.253331647820201,-0.967379489245405));
#6068=DIRECTION('',(0.0,-0.967379489245405,0.253331647820201));
#6069=DIRECTION('',(0.0,0.253331647820202,0.967379489245406));
#6070=DIRECTION('',(0.0,0.253331647820202,0.967379489245406));
#6071=CARTESIAN_POINT('',(3.75,1.516310255377,-6.499442444253));
#6072=DIRECTION('',(0.0,-0.253331647820201,-0.967379489245405));
#6073=DIRECTION('',(0.0,-0.967379489245405,0.253331647820201));
#6074=CARTESIAN_POINT('',(3.75,2.0,-6.626108268163));
#6075=DIRECTION('',(-1.0,0.0,0.0));
#6076=DIRECTION('',(0.0,-1.0,0.0));
#6077=CARTESIAN_POINT('',(3.75,2.0,-6.626108268163));
#6078=DIRECTION('',(-1.0,0.0,0.0));
#6079=DIRECTION('',(0.0,-1.0,0.0));
#6080=CARTESIAN_POINT('',(3.75,1.516310255377,-6.499442444253));
#6081=DIRECTION('',(0.0,-0.253331647820201,-0.967379489245405));
#6082=DIRECTION('',(0.0,0.967379489245405,-0.253331647820201));
#6083=CARTESIAN_POINT('',(3.75,1.683689744623,-5.860282330585));
#6084=DIRECTION('',(0.0,-0.253331647820201,-0.967379489245405));
#6085=DIRECTION('',(0.0,0.967379489245405,-0.253331647820201));
#6086=CARTESIAN_POINT('',(3.75,1.686286634816,-5.617318145555));
#6087=DIRECTION('',(0.0,0.232596722241291,-0.972573269631963));
#6088=DIRECTION('',(0.0,0.972573269631963,0.232596722241291));
#6089=CARTESIAN_POINT('',(3.75,1.513713365184,-4.895725220772));
#6090=DIRECTION('',(0.0,0.232596722241291,-0.972573269631963));
#6091=DIRECTION('',(0.0,0.972573269631963,0.232596722241291));
#6092=CARTESIAN_POINT('',(3.75,1.5,-7.2));
#6093=DIRECTION('',(0.0,0.0,-1.0));
#6094=DIRECTION('',(-1.0,0.0,0.0));
#6095=DIRECTION('',(-0.316227766016808,-1.73605238175804E-09,0.948683298050524));
#6096=CARTESIAN_POINT('',(3.75,1.5,-7.2));
#6097=DIRECTION('',(0.0,0.0,-1.0));
#6098=DIRECTION('',(1.0,0.0,0.0));
#6099=DIRECTION('',(0.0,1.0,0.0));
#6100=DIRECTION('',(0.0,1.0,0.0));
#6101=CARTESIAN_POINT('',(2.25,1.5,-4.35));
#6102=DIRECTION('',(0.0,0.0,-1.0));
#6103=DIRECTION('',(-1.0,0.0,0.0));
#6104=CARTESIAN_POINT('',(2.25,1.5,-4.35));
#6105=DIRECTION('',(0.0,0.0,-1.0));
#6106=DIRECTION('',(1.0,0.0,0.0));
#6107=DIRECTION('',(6.73199557429E-11,-1.168060636158E-09,1.0));
#6108=DIRECTION('',(-6.732014471704E-11,1.168060636158E-09,1.0));
#6109=CARTESIAN_POINT('',(2.25,1.5,-0.55));
#6110=DIRECTION('',(0.0,0.0,1.0));
#6111=DIRECTION('',(-1.0,0.0,0.0));
#6112=DIRECTION('',(6.204013336766E-11,-1.07644803726E-09,1.0));
#6113=DIRECTION('',(-6.204013336766E-11,1.076448124337E-09,1.0));
#6114=CARTESIAN_POINT('',(2.25,1.5,-6.9));
#6115=DIRECTION('',(0.0,0.0,-1.0));
#6116=DIRECTION('',(1.0,0.0,0.0));
#6117=DIRECTION('',(0.316227766016808,1.73605308392504E-09,-0.948683298050524));
#6118=CARTESIAN_POINT('',(2.25,1.5,-0.25));
#6119=DIRECTION('',(0.0,0.0,1.0));
#6120=DIRECTION('',(-1.0,0.0,0.0));
#6121=CARTESIAN_POINT('',(2.25,1.5,-0.25));
#6122=DIRECTION('',(0.0,0.0,1.0));
#6123=DIRECTION('',(1.0,0.0,0.0));
#6124=CARTESIAN_POINT('',(2.25,1.5,-0.55));
#6125=DIRECTION('',(0.0,0.0,1.0));
#6126=DIRECTION('',(1.0,0.0,0.0));
#6127=CARTESIAN_POINT('',(2.25,1.5,-6.9));
#6128=DIRECTION('',(0.0,0.0,-1.0));
#6129=DIRECTION('',(-1.0,0.0,0.0));
#6130=CARTESIAN_POINT('',(2.25,1.5,-7.2));
#6131=DIRECTION('',(0.0,0.0,-1.0));
#6132=DIRECTION('',(-1.0,0.0,0.0));
#6133=DIRECTION('',(-0.316227766016808,-1.73605238175804E-09,0.948683298050524));
#6134=CARTESIAN_POINT('',(2.25,1.5,-7.2));
#6135=DIRECTION('',(0.0,0.0,-1.0));
#6136=DIRECTION('',(1.0,0.0,0.0));
#6137=DIRECTION('',(0.0,1.0,0.0));
#6138=DIRECTION('',(0.0,1.0,0.0));
#6139=CARTESIAN_POINT('',(0.75,1.5,-4.35));
#6140=DIRECTION('',(0.0,0.0,-1.0));
#6141=DIRECTION('',(-1.0,0.0,0.0));
#6142=CARTESIAN_POINT('',(0.75,1.5,-4.35));
#6143=DIRECTION('',(0.0,0.0,-1.0));
#6144=DIRECTION('',(1.0,0.0,0.0));
#6145=DIRECTION('',(6.73200974735E-11,-1.168060636158E-09,1.0));
#6146=DIRECTION('',(-6.732005022997E-11,1.168060636158E-09,1.0));
#6147=CARTESIAN_POINT('',(0.75,1.5,-0.55));
#6148=DIRECTION('',(0.0,0.0,1.0));
#6149=DIRECTION('',(-1.0,0.0,0.0));
#6150=DIRECTION('',(6.204008982951E-11,-1.076448124337E-09,1.0));
#6151=DIRECTION('',(-6.204004629135E-11,1.07644803726E-09,1.0));
#6152=CARTESIAN_POINT('',(0.75,1.5,-6.9));
#6153=DIRECTION('',(0.0,0.0,-1.0));
#6154=DIRECTION('',(1.0,0.0,0.0));
#6155=DIRECTION('',(0.316227766016808,1.73605378609204E-09,-0.948683298050524));
#6156=CARTESIAN_POINT('',(0.75,1.5,-0.25));
#6157=DIRECTION('',(0.0,0.0,1.0));
#6158=DIRECTION('',(-1.0,0.0,0.0));
#6159=CARTESIAN_POINT('',(0.75,1.5,-0.25));
#6160=DIRECTION('',(0.0,0.0,1.0));
#6161=DIRECTION('',(1.0,0.0,0.0));
#6162=CARTESIAN_POINT('',(0.75,1.5,-0.55));
#6163=DIRECTION('',(0.0,0.0,1.0));
#6164=DIRECTION('',(1.0,0.0,0.0));
#6165=CARTESIAN_POINT('',(0.75,1.5,-6.9));
#6166=DIRECTION('',(0.0,0.0,-1.0));
#6167=DIRECTION('',(-1.0,0.0,0.0));
#6168=CARTESIAN_POINT('',(0.75,1.5,-7.2));
#6169=DIRECTION('',(0.0,0.0,-1.0));
#6170=DIRECTION('',(-1.0,0.0,0.0));
#6171=DIRECTION('',(-0.316227766016808,-1.73605308392504E-09,0.948683298050524));
#6172=CARTESIAN_POINT('',(0.75,1.5,-7.2));
#6173=DIRECTION('',(0.0,0.0,-1.0));
#6174=DIRECTION('',(1.0,0.0,0.0));
#6175=DIRECTION('',(0.0,1.0,0.0));
#6176=DIRECTION('',(0.0,1.0,0.0));
#6177=CARTESIAN_POINT('',(-0.75,1.5,-4.35));
#6178=DIRECTION('',(0.0,0.0,-1.0));
#6179=DIRECTION('',(-1.0,0.0,0.0));
#6180=CARTESIAN_POINT('',(-0.75,1.5,-4.35));
#6181=DIRECTION('',(0.0,0.0,-1.0));
#6182=DIRECTION('',(1.0,0.0,0.0));
#6183=DIRECTION('',(6.732005022997E-11,-1.168060636158E-09,1.0));
#6184=DIRECTION('',(-6.73200974735E-11,1.168060636158E-09,1.0));
#6185=CARTESIAN_POINT('',(-0.75,1.5,-0.55));
#6186=DIRECTION('',(0.0,0.0,1.0));
#6187=DIRECTION('',(-1.0,0.0,0.0));
#6188=DIRECTION('',(6.204008982951E-11,-1.076448124337E-09,1.0));
#6189=DIRECTION('',(-6.204004629135E-11,1.07644803726E-09,1.0));
#6190=CARTESIAN_POINT('',(-0.75,1.5,-6.9));
#6191=DIRECTION('',(0.0,0.0,-1.0));
#6192=DIRECTION('',(1.0,0.0,0.0));
#6193=DIRECTION('',(0.316227766016808,1.73605378609204E-09,-0.948683298050524));
#6194=CARTESIAN_POINT('',(-0.75,1.5,-0.25));
#6195=DIRECTION('',(0.0,0.0,1.0));
#6196=DIRECTION('',(-1.0,0.0,0.0));
#6197=CARTESIAN_POINT('',(-0.75,1.5,-0.25));
#6198=DIRECTION('',(0.0,0.0,1.0));
#6199=DIRECTION('',(1.0,0.0,0.0));
#6200=CARTESIAN_POINT('',(-0.75,1.5,-0.55));
#6201=DIRECTION('',(0.0,0.0,1.0));
#6202=DIRECTION('',(1.0,0.0,0.0));
#6203=CARTESIAN_POINT('',(-0.75,1.5,-6.9));
#6204=DIRECTION('',(0.0,0.0,-1.0));
#6205=DIRECTION('',(-1.0,0.0,0.0));
#6206=CARTESIAN_POINT('',(-0.75,1.5,-7.2));
#6207=DIRECTION('',(0.0,0.0,-1.0));
#6208=DIRECTION('',(-1.0,0.0,0.0));
#6209=DIRECTION('',(-0.316227766016808,-1.73605308392504E-09,0.948683298050524));
#6210=CARTESIAN_POINT('',(-0.75,1.5,-7.2));
#6211=DIRECTION('',(0.0,0.0,-1.0));
#6212=DIRECTION('',(1.0,0.0,0.0));
#6213=DIRECTION('',(0.0,1.0,0.0));
#6214=DIRECTION('',(0.0,1.0,0.0));
#6215=CARTESIAN_POINT('',(-2.25,1.5,-4.35));
#6216=DIRECTION('',(0.0,0.0,-1.0));
#6217=DIRECTION('',(-1.0,0.0,0.0));
#6218=CARTESIAN_POINT('',(-2.25,1.5,-4.35));
#6219=DIRECTION('',(0.0,0.0,-1.0));
#6220=DIRECTION('',(1.0,0.0,0.0));
#6221=DIRECTION('',(6.732014471704E-11,-1.168060636158E-09,1.0));
#6222=DIRECTION('',(-6.73199557429E-11,1.168060636158E-09,1.0));
#6223=CARTESIAN_POINT('',(-2.25,1.5,-0.55));
#6224=DIRECTION('',(0.0,0.0,1.0));
#6225=DIRECTION('',(-1.0,0.0,0.0));
#6226=DIRECTION('',(6.204013336766E-11,-1.07644803726E-09,1.0));
#6227=DIRECTION('',(-6.204013336766E-11,1.07644803726E-09,1.0));
#6228=CARTESIAN_POINT('',(-2.25,1.5,-6.9));
#6229=DIRECTION('',(0.0,0.0,-1.0));
#6230=DIRECTION('',(1.0,0.0,0.0));
#6231=DIRECTION('',(0.316227766016808,1.73605308392504E-09,-0.948683298050524));
#6232=CARTESIAN_POINT('',(-2.25,1.5,-0.25));
#6233=DIRECTION('',(0.0,0.0,1.0));
#6234=DIRECTION('',(-1.0,0.0,0.0));
#6235=CARTESIAN_POINT('',(-2.25,1.5,-0.25));
#6236=DIRECTION('',(0.0,0.0,1.0));
#6237=DIRECTION('',(1.0,0.0,0.0));
#6238=CARTESIAN_POINT('',(-2.25,1.5,-0.55));
#6239=DIRECTION('',(0.0,0.0,1.0));
#6240=DIRECTION('',(1.0,0.0,0.0));
#6241=CARTESIAN_POINT('',(-2.25,1.5,-6.9));
#6242=DIRECTION('',(0.0,0.0,-1.0));
#6243=DIRECTION('',(-1.0,0.0,0.0));
#6244=CARTESIAN_POINT('',(-2.25,1.5,-7.2));
#6245=DIRECTION('',(0.0,0.0,-1.0));
#6246=DIRECTION('',(-1.0,0.0,0.0));
#6247=DIRECTION('',(-0.316227766016808,-1.73605308392504E-09,0.948683298050524));
#6248=CARTESIAN_POINT('',(-2.25,1.5,-7.2));
#6249=DIRECTION('',(0.0,0.0,-1.0));
#6250=DIRECTION('',(1.0,0.0,0.0));
#6251=DIRECTION('',(0.0,1.0,0.0));
#6252=DIRECTION('',(0.0,1.0,0.0));
#6253=CARTESIAN_POINT('',(-3.75,1.5,-4.35));
#6254=DIRECTION('',(0.0,0.0,-1.0));
#6255=DIRECTION('',(-1.0,0.0,0.0));
#6256=CARTESIAN_POINT('',(-3.75,1.5,-4.35));
#6257=DIRECTION('',(0.0,0.0,-1.0));
#6258=DIRECTION('',(1.0,0.0,0.0));
#6259=DIRECTION('',(6.732014471704E-11,-1.168060636158E-09,1.0));
#6260=DIRECTION('',(0.0,0.0,1.0));
#6261=CARTESIAN_POINT('',(-3.75,1.5,-4.7));
#6262=DIRECTION('',(0.0,0.0,-1.0));
#6263=DIRECTION('',(-1.0,0.0,0.0));
#6264=DIRECTION('',(0.0,0.0,1.0));
#6265=CARTESIAN_POINT('',(-3.75,1.5,-4.779426859651));
#6266=DIRECTION('',(0.0,-0.0,1.0));
#6267=DIRECTION('',(0.0,1.0,0.0));
#6268=CARTESIAN_POINT('',(-3.75,1.5,-6.626108268163));
#6269=DIRECTION('',(0.0,-0.0,1.0));
#6270=DIRECTION('',(0.0,1.0,0.0));
#6271=DIRECTION('',(0.0,0.0,1.0));
#6272=CARTESIAN_POINT('',(-3.75,1.5,-6.7));
#6273=DIRECTION('',(0.0,0.0,-1.0));
#6274=DIRECTION('',(-1.0,0.0,0.0));
#6275=DIRECTION('',(0.316227766016808,1.73605308392504E-09,-0.948683298050524));
#6276=CARTESIAN_POINT('',(-3.75,1.5,-0.25));
#6277=DIRECTION('',(0.0,0.0,1.0));
#6278=DIRECTION('',(-1.0,0.0,0.0));
#6279=CARTESIAN_POINT('',(-3.75,1.5,-0.25));
#6280=DIRECTION('',(0.0,0.0,1.0));
#6281=DIRECTION('',(1.0,0.0,0.0));
#6282=CARTESIAN_POINT('',(-3.75,1.5,-0.55));
#6283=DIRECTION('',(0.0,0.0,1.0));
#6284=DIRECTION('',(1.0,0.0,0.0));
#6285=CARTESIAN_POINT('',(-3.75,1.5,-6.7));
#6286=DIRECTION('',(0.0,0.0,-1.0));
#6287=DIRECTION('',(0.0,1.0,0.0));
#6288=CARTESIAN_POINT('',(-3.75,1.5,-6.9));
#6289=DIRECTION('',(0.0,0.0,-1.0));
#6290=DIRECTION('',(-1.0,0.0,0.0));
#6291=CARTESIAN_POINT('',(-3.75,1.5,-4.779426859651));
#6292=DIRECTION('',(0.0,0.0,1.0));
#6293=DIRECTION('',(0.0,-1.0,0.0));
#6294=CARTESIAN_POINT('',(-3.75,1.5,-6.626108268163));
#6295=DIRECTION('',(0.0,0.0,1.0));
#6296=DIRECTION('',(0.0,-1.0,0.0));
#6297=CARTESIAN_POINT('',(-3.75,2.0,-6.626108268163));
#6298=DIRECTION('',(-1.0,0.0,0.0));
#6299=DIRECTION('',(0.0,-1.0,0.0));
#6300=CARTESIAN_POINT('',(-3.75,1.516310255377,-6.499442444253));
#6301=DIRECTION('',(0.0,0.253331647820201,0.967379489245405));
#6302=DIRECTION('',(0.0,-0.967379489245405,0.253331647820201));
#6303=CARTESIAN_POINT('',(-3.75,2.0,-6.626108268163));
#6304=DIRECTION('',(-1.0,0.0,0.0));
#6305=DIRECTION('',(0.0,-1.0,0.0));
#6306=CARTESIAN_POINT('',(-3.75,1.516310255377,-6.499442444253));
#6307=DIRECTION('',(0.0,0.253331647820201,0.967379489245405));
#6308=DIRECTION('',(0.0,0.967379489245405,-0.253331647820201));
#6309=DIRECTION('',(0.0,0.253331647820202,0.967379489245406));
#6310=CARTESIAN_POINT('',(-3.75,1.683689744623,-5.860282330585));
#6311=DIRECTION('',(0.0,0.253331647820201,0.967379489245405));
#6312=DIRECTION('',(0.0,0.967379489245405,-0.253331647820201));
#6313=DIRECTION('',(0.0,0.253331647820202,0.967379489245406));
#6314=CARTESIAN_POINT('',(-3.75,1.683689744623,-5.860282330585));
#6315=DIRECTION('',(0.0,0.253331647820201,0.967379489245405));
#6316=DIRECTION('',(0.0,-0.967379489245405,0.253331647820201));
#6317=CARTESIAN_POINT('',(-3.75,1.2,-5.733616506675));
#6318=DIRECTION('',(1.0,0.0,0.0));
#6319=DIRECTION('',(0.0,0.967379489245405,-0.253331647820201));
#6320=CARTESIAN_POINT('',(-3.75,1.686286634816,-5.617318145555));
#6321=DIRECTION('',(0.0,-0.232596722241291,0.972573269631963));
#6322=DIRECTION('',(0.0,-0.972573269631963,-0.232596722241291));
#6323=CARTESIAN_POINT('',(-3.75,1.2,-5.733616506675));
#6324=DIRECTION('',(1.0,0.0,0.0));
#6325=DIRECTION('',(0.0,0.967379489245405,-0.253331647820201));
#6326=CARTESIAN_POINT('',(-3.75,1.686286634816,-5.617318145555));
#6327=DIRECTION('',(0.0,-0.232596722241291,0.972573269631963));
#6328=DIRECTION('',(0.0,0.972573269631963,0.232596722241291));
#6329=DIRECTION('',(0.0,-0.232596722241291,0.972573269631963));
#6330=CARTESIAN_POINT('',(-3.75,1.513713365184,-4.895725220772));
#6331=DIRECTION('',(0.0,-0.232596722241291,0.972573269631963));
#6332=DIRECTION('',(0.0,0.972573269631963,0.232596722241291));
#6333=DIRECTION('',(0.0,-0.232596722241291,0.972573269631963));
#6334=CARTESIAN_POINT('',(-3.75,1.513713365184,-4.895725220772));
#6335=DIRECTION('',(0.0,-0.232596722241291,0.972573269631963));
#6336=DIRECTION('',(0.0,-0.972573269631963,-0.232596722241291));
#6337=CARTESIAN_POINT('',(-3.75,2.0,-4.779426859651));
#6338=DIRECTION('',(-1.0,-0.0,0.0));
#6339=DIRECTION('',(0.0,-0.972573269631963,-0.232596722241291));
#6340=CARTESIAN_POINT('',(-3.75,2.0,-4.779426859651));
#6341=DIRECTION('',(-1.0,-0.0,0.0));
#6342=DIRECTION('',(0.0,-0.972573269631963,-0.232596722241291));
#6343=DIRECTION('',(-0.316227766016808,-1.73605238175804E-09,0.948683298050524));
#6344=CARTESIAN_POINT('',(-3.75,1.5,-7.2));
#6345=DIRECTION('',(0.0,0.0,-1.0));
#6346=DIRECTION('',(1.0,0.0,0.0));
#6347=CARTESIAN_POINT('',(-3.75,1.5,-7.2));
#6348=DIRECTION('',(0.0,0.0,-1.0));
#6349=DIRECTION('',(-1.0,0.0,0.0));
#6350=DIRECTION('',(0.0,1.0,0.0));
#6351=DIRECTION('',(0.0,1.0,0.0));
#6352=DIRECTION('',(0.0,1.0,0.0));
#6353=DIRECTION('',(6.731976676877E-11,-1.168060636158E-09,1.0));
#6354=DIRECTION('',(-6.732014471704E-11,1.168060636158E-09,1.0));
#6355=CARTESIAN_POINT('',(-5.25,1.5,-0.55));
#6356=DIRECTION('',(0.0,0.0,1.0));
#6357=DIRECTION('',(-1.0,0.0,0.0));
#6358=DIRECTION('',(6.204013336766E-11,-1.076448124337E-09,1.0));
#6359=DIRECTION('',(-6.204013336766E-11,1.076448124337E-09,1.0));
#6360=CARTESIAN_POINT('',(-5.25,1.5,-6.9));
#6361=DIRECTION('',(0.0,0.0,-1.0));
#6362=DIRECTION('',(1.0,0.0,0.0));
#6363=DIRECTION('',(0.316227766016808,1.73605308392504E-09,-0.948683298050524));
#6364=CARTESIAN_POINT('',(-5.25,1.5,-0.25));
#6365=DIRECTION('',(0.0,0.0,1.0));
#6366=DIRECTION('',(-1.0,0.0,0.0));
#6367=CARTESIAN_POINT('',(-5.25,1.5,-0.25));
#6368=DIRECTION('',(0.0,0.0,1.0));
#6369=DIRECTION('',(1.0,0.0,0.0));
#6370=CARTESIAN_POINT('',(-5.25,1.5,-0.55));
#6371=DIRECTION('',(0.0,0.0,1.0));
#6372=DIRECTION('',(1.0,0.0,0.0));
#6373=CARTESIAN_POINT('',(-5.25,1.5,-6.9));
#6374=DIRECTION('',(0.0,0.0,-1.0));
#6375=DIRECTION('',(-1.0,0.0,0.0));
#6376=CARTESIAN_POINT('',(-5.25,1.5,-7.2));
#6377=DIRECTION('',(0.0,0.0,-1.0));
#6378=DIRECTION('',(-1.0,0.0,0.0));
#6379=DIRECTION('',(-0.316227766016808,-1.73605238175804E-09,0.948683298050524));
#6380=CARTESIAN_POINT('',(-5.25,1.5,-7.2));
#6381=DIRECTION('',(0.0,0.0,-1.0));
#6382=DIRECTION('',(1.0,0.0,0.0));
#6383=DIRECTION('',(6.731976676877E-11,-1.168060636158E-09,1.0));
#6384=DIRECTION('',(-6.731976676877E-11,1.168060636158E-09,1.0));
#6385=CARTESIAN_POINT('',(5.25,1.5,-0.55));
#6386=DIRECTION('',(0.0,0.0,1.0));
#6387=DIRECTION('',(-1.0,0.0,0.0));
#6388=DIRECTION('',(6.204048167293E-11,-1.07644803726E-09,1.0));
#6389=DIRECTION('',(-6.204013336766E-11,1.076448124337E-09,1.0));
#6390=CARTESIAN_POINT('',(5.25,1.5,-6.9));
#6391=DIRECTION('',(0.0,0.0,-1.0));
#6392=DIRECTION('',(1.0,0.0,0.0));
#6393=DIRECTION('',(0.316227766016808,1.73605238175804E-09,-0.948683298050524));
#6394=CARTESIAN_POINT('',(5.25,1.5,-0.25));
#6395=DIRECTION('',(0.0,0.0,1.0));
#6396=DIRECTION('',(-1.0,0.0,0.0));
#6397=CARTESIAN_POINT('',(5.25,1.5,-0.25));
#6398=DIRECTION('',(0.0,0.0,1.0));
#6399=DIRECTION('',(1.0,0.0,0.0));
#6400=CARTESIAN_POINT('',(5.25,1.5,-0.55));
#6401=DIRECTION('',(0.0,0.0,1.0));
#6402=DIRECTION('',(1.0,0.0,0.0));
#6403=CARTESIAN_POINT('',(5.25,1.5,-6.9));
#6404=DIRECTION('',(0.0,0.0,-1.0));
#6405=DIRECTION('',(-1.0,0.0,0.0));
#6406=CARTESIAN_POINT('',(5.25,1.5,-7.2));
#6407=DIRECTION('',(0.0,0.0,-1.0));
#6408=DIRECTION('',(-1.0,0.0,0.0));
#6409=DIRECTION('',(-0.316227766016808,-1.73605308392504E-09,0.948683298050524));
#6410=CARTESIAN_POINT('',(5.25,1.5,-7.2));
#6411=DIRECTION('',(0.0,0.0,-1.0));
#6412=DIRECTION('',(1.0,0.0,0.0));
ENDSEC;
END-ISO-10303-21;
