ISO-10303-21;
HEADER;
FILE_DESCRIPTION (( 'STEP AP214' ),
    '1' );
FILE_NAME ('USB-C connector.STEP',
    '2023-02-15T09:08:16',
    ( '' ),
    ( '' ),
    'SwSTEP 2.0',
    'SolidWorks 2020',
    '' );
FILE_SCHEMA (( 'AUTOMOTIVE_DESIGN' ));
ENDSEC;

DATA;
#1 = ORIENTED_EDGE ( 'NONE', *, *, #1538, .T. ) ;
#2 = VECTOR ( 'NONE', #1299, 1000.000000000000000 ) ;
#3 = CARTESIAN_POINT ( 'NONE',  ( 3.846201770115875718, 1.000000000000000000, -2.661334578638067327 ) ) ;
#4 = CIRCLE ( 'NONE', #5161, 0.9700000000000004174 ) ;
#5 = CARTESIAN_POINT ( 'NONE',  ( -1.149975952309855831, 0.9800000000000002043, -1.721786789765165304 ) ) ;
#6 = ORIENTED_EDGE ( 'NONE', *, *, #6279, .T. ) ;
#7 = CARTESIAN_POINT ( 'NONE',  ( 0.6826938319829860546, 1.000000000000000000, -1.500074585785847292 ) ) ;
#8 = UNCERTAINTY_MEASURE_WITH_UNIT (LENGTH_MEASURE( 1.000000000000000082E-05 ), #2570, 'distance_accuracy_value', 'NONE');
#9 = DIRECTION ( 'NONE',  ( -1.000000000000000000, 0.000000000000000000, -0.000000000000000000 ) ) ;
#10 = CARTESIAN_POINT ( 'NONE',  ( 3.272943757888117755, 0.9800000000000002043, -1.514426515105943505 ) ) ;
#11 = ORIENTED_EDGE ( 'NONE', *, *, #532, .F. ) ;
#12 = COLOUR_RGB ( '',0.000000000000000000, 0.7529411764705882248, 0.000000000000000000 ) ;
#13 = ADVANCED_FACE ( 'NONE', ( #3021, #3520 ), #1428, .T. ) ;
#14 = CARTESIAN_POINT ( 'NONE',  ( 0.7041777373950276475, 0.9799999999999999822, -2.484380434381103786 ) ) ;
#15 = COLOUR_RGB ( '',1.000000000000000000, 1.000000000000000000, 1.000000000000000000 ) ;
#16 = CARTESIAN_POINT ( 'NONE',  ( 4.418226183373953120, 0.9799999999999999822, -1.745680819895521818 ) ) ;
#17 = CARTESIAN_POINT ( 'NONE',  ( 4.548775608636707268, 0.9800000000000002043, -1.565212834791893659 ) ) ;
#18 = CARTESIAN_POINT ( 'NONE',  ( -1.265671631357701221, 0.9799999999999999822, -2.102740203373589356 ) ) ;
#19 = FACE_OUTER_BOUND ( 'NONE', #2756, .T. ) ;
#20 = B_SPLINE_SURFACE_WITH_KNOTS ( 'NONE', 3, 1, ( 
 ( #4273, #6100 ),
 ( #6729, #2267 ),
 ( #1207, #4445 ),
 ( #2157, #5521 ),
 ( #1054, #6655 ),
 ( #2303, #4524 ),
 ( #1715, #2724 ),
 ( #3362, #4412 ),
 ( #6061, #1090 ),
 ( #4488, #6132 ),
 ( #6692, #7199 ),
 ( #529, #1678 ),
 ( #1748, #3925 ),
 ( #494, #4561 ),
 ( #5101, #601 ),
 ( #6626, #3960 ),
 ( #1129, #6204 ),
 ( #5589, #1607 ),
 ( #2195, #74 ),
 ( #3438, #5069 ),
 ( #5553, #6763 ),
 ( #1643, #7 ),
 ( #3292, #5663 ) ),
 .UNSPECIFIED., .F., .F., .F.,
 ( 4, 1, 1, 1, 1, 1, 1, 1, 1, 1, 1, 1, 1, 1, 1, 1, 1, 1, 1, 1, 4 ),
 ( 2, 2 ),
 ( 0.000000000000000000, 0.06577294654616611114, 0.1294778953864831605, 0.1914300882723854180, 0.2524456684589037603, 0.3117869583861930805, 0.3688175499237479338, 0.4240915179529632928, 0.4784921057091159891, 0.5313937439562549381, 0.5820039702205108689, 0.6312012707438624526, 0.6795030077413394265, 0.7055613742938304789, 0.7352217229481217142, 0.7691324857524239889, 0.8068583199113333881, 0.8489297713697361303, 0.8951166613253597193, 0.9454698037689633905, 1.000000000000000000 ),
 ( 0.000000000000000000, 1.000000000000000000 ),
 .UNSPECIFIED. ) ;
#21 = CARTESIAN_POINT ( 'NONE',  ( 3.272943757888117755, 0.9800000000000002043, -1.514426515105943505 ) ) ;
#22 = EDGE_CURVE ( 'NONE', #6410, #5997, #6874, .T. ) ;
#23 = DIRECTION ( 'NONE',  ( -0.000000000000000000, 1.000000000000000000, -0.000000000000000000 ) ) ;
#24 = CARTESIAN_POINT ( 'NONE',  ( 3.530288461538461764, 0.9799999999999999822, -1.469230769230769562 ) ) ;
#25 = DIRECTION ( 'NONE',  ( 0.000000000000000000, 0.000000000000000000, -1.000000000000000000 ) ) ;
#26 = VERTEX_POINT ( 'NONE', #4113 ) ;
#27 = LINE ( 'NONE', #6711, #2899 ) ;
#28 = PRESENTATION_STYLE_ASSIGNMENT (( #6752 ) ) ;
#29 = SURFACE_STYLE_FILL_AREA ( #3349 ) ;
#30 = EDGE_LOOP ( 'NONE', ( #80, #2302, #1552, #1743 ) ) ;
#31 = MECHANICAL_DESIGN_GEOMETRIC_PRESENTATION_REPRESENTATION (  '', ( #4608 ), #4011 ) ;
#32 = LINE ( 'NONE', #98, #4589 ) ;
#33 = DIRECTION ( 'NONE',  ( -1.000000000000000000, 0.000000000000000000, 0.000000000000000000 ) ) ;
#34 = DIRECTION ( 'NONE',  ( -0.000000000000000000, 0.000000000000000000, 1.000000000000000000 ) ) ;
#35 = DIRECTION ( 'NONE',  ( -0.000000000000000000, -1.000000000000000000, -0.000000000000000000 ) ) ;
#36 = CARTESIAN_POINT ( 'NONE',  ( -1.673547192518995974, 0.9799999999999999822, -1.500218044030600550 ) ) ;
#37 = CARTESIAN_POINT ( 'NONE',  ( 3.096510350390524025, 0.9799999999999999822, -2.120213133835288311 ) ) ;
#38 = EDGE_LOOP ( 'NONE', ( #3480, #6972, #2992, #1637, #4403 ) ) ;
#39 = CARTESIAN_POINT ( 'NONE',  ( -1.352665586018842125, 0.9799999999999997602, -1.546065538491963931 ) ) ;
#40 = ORIENTED_EDGE ( 'NONE', *, *, #1742, .T. ) ;
#41 = CARTESIAN_POINT ( 'NONE',  ( 3.805654168384961178, 1.000000000000000222, -2.678569192761693252 ) ) ;
#42 = EDGE_CURVE ( 'NONE', #5201, #4811, #4152, .T. ) ;
#43 = FILL_AREA_STYLE ('',( #5072 ) ) ;
#44 = CARTESIAN_POINT ( 'NONE',  ( 3.096153846153846700, 0.9799999999999999822, -2.106250000000000622 ) ) ;
#45 = ORIENTED_EDGE ( 'NONE', *, *, #5688, .F. ) ;
#46 = CARTESIAN_POINT ( 'NONE',  ( -3.150000000000001688, 2.799999999999998490, -8.655624622074400421 ) ) ;
#47 = DIRECTION ( 'NONE',  ( -0.000000000000000000, 1.000000000000000000, -0.000000000000000000 ) ) ;
#48 = FILL_AREA_STYLE_COLOUR ( '', #3919 ) ;
#49 = CARTESIAN_POINT ( 'NONE',  ( 4.426923076923076295, 0.9799999999999999822, -1.746153846153846390 ) ) ;
#50 = LINE ( 'NONE', #2281, #3926 ) ;
#51 = ADVANCED_FACE ( 'NONE', ( #6403 ), #4817, .T. ) ;
#52 =( NAMED_UNIT ( * ) PLANE_ANGLE_UNIT ( ) SI_UNIT ( $, .RADIAN. ) );
#53 = AXIS2_PLACEMENT_3D ( 'NONE', #6945, #2076, #3238 ) ;
#54 = CARTESIAN_POINT ( 'NONE',  ( 3.526923076923077272, 1.000000000000000000, -1.900000000000000133 ) ) ;
#55 = CARTESIAN_POINT ( 'NONE',  ( 3.766754532572594183, 0.9800000000000002043, -1.511037457077952340 ) ) ;
#56 = CIRCLE ( 'NONE', #2389, 0.9700000000000004174 ) ;
#57 = FACE_BOUND ( 'NONE', #5725, .T. ) ;
#58 = EDGE_LOOP ( 'NONE', ( #45, #3235, #5251, #4444 ) ) ;
#59 = CARTESIAN_POINT ( 'NONE',  ( -2.003846153846154277, 1.000000000000000000, -1.500000000000000222 ) ) ;
#60 = CARTESIAN_POINT ( 'NONE',  ( -1.711293621206112281, 0.9799999999999999822, -2.699852096230391130 ) ) ;
#61 = ORIENTED_EDGE ( 'NONE', *, *, #1635, .T. ) ;
#62 = DIRECTION ( 'NONE',  ( 0.000000000000000000, -0.000000000000000000, 1.000000000000000000 ) ) ;
#63 = VECTOR ( 'NONE', #3937, 1000.000000000000000 ) ;
#64 = CARTESIAN_POINT ( 'NONE',  ( 3.192768251420512460, 1.000000000000000222, -1.837942746894883683 ) ) ;
#65 = CYLINDRICAL_SURFACE ( 'NONE', #4260, 0.7000000000000000666 ) ;
#66 = FILL_AREA_STYLE_COLOUR ( '', #6542 ) ;
#67 = CARTESIAN_POINT ( 'NONE',  ( -1.095029052076768705, 0.9800000000000002043, -1.828541687717118780 ) ) ;
#68 = EDGE_CURVE ( 'NONE', #2194, #4911, #6760, .T. ) ;
#69 = MECHANICAL_DESIGN_GEOMETRIC_PRESENTATION_REPRESENTATION (  '', ( #1244 ), #5220 ) ;
#70 = ORIENTED_EDGE ( 'NONE', *, *, #6951, .T. ) ;
#71 = VECTOR ( 'NONE', #6073, 1000.000000000000000 ) ;
#72 =( NAMED_UNIT ( * ) SI_UNIT ( $, .STERADIAN. ) SOLID_ANGLE_UNIT ( ) );
#73 = VERTEX_POINT ( 'NONE', #423 ) ;
#74 = CARTESIAN_POINT ( 'NONE',  ( 0.8183178626865640348, 1.000000000000000000, -1.503691201114233156 ) ) ;
#75 = UNCERTAINTY_MEASURE_WITH_UNIT (LENGTH_MEASURE( 1.000000000000000082E-05 ), #3426, 'distance_accuracy_value', 'NONE');
#76 = STYLED_ITEM ( 'NONE', ( #3573 ), #2998 ) ;
#77 = CARTESIAN_POINT ( 'NONE',  ( -1.265384615384615996, 0.9800000000000002043, -2.087019230769231459 ) ) ;
#78 = B_SPLINE_SURFACE_WITH_KNOTS ( 'NONE', 3, 1, ( 
 ( #2543, #917 ),
 ( #5936, #378 ),
 ( #3086, #3052 ),
 ( #4219, #4839 ),
 ( #5301, #4180 ),
 ( #4694, #6390 ),
 ( #4775, #4138 ),
 ( #7042, #4804 ),
 ( #3006, #5336 ),
 ( #2040, #1447 ),
 ( #279, #5397 ),
 ( #6896, #3694 ),
 ( #1894, #2511 ),
 ( #4289, #6349 ),
 ( #6499, #240 ),
 ( #3582, #1481 ),
 ( #6976, #1375 ),
 ( #1972, #314 ),
 ( #342, #6426 ) ),
 .UNSPECIFIED., .F., .F., .F.,
 ( 4, 1, 1, 1, 1, 1, 1, 1, 1, 1, 1, 1, 1, 1, 1, 1, 4 ),
 ( 2, 2 ),
 ( 0.000000000000000000, 0.06378691041142112161, 0.1266160577673749732, 0.1883427175688253685, 0.2494790546609667037, 0.3098641696187233174, 0.3706562883855294976, 0.4306751569820286285, 0.4912776807977299320, 0.5518738213688570982, 0.6130654962055209767, 0.6751670177106505744, 0.7377045842895261218, 0.8014732993282047691, 0.8661155991141838983, 0.9322603771672383077, 0.9999999999999998890 ),
 ( 0.000000000000000000, 1.000000000000000000 ),
 .UNSPECIFIED. ) ;
#79 = LINE ( 'NONE', #2306, #6357 ) ;
#80 = ORIENTED_EDGE ( 'NONE', *, *, #3495, .F. ) ;
#81 = ORIENTED_EDGE ( 'NONE', *, *, #5229, .T. ) ;
#82 = CARTESIAN_POINT ( 'NONE',  ( 4.536629737879824376, 1.000000000000000222, -1.688986639685390312 ) ) ;
#83 = EDGE_CURVE ( 'NONE', #301, #2445, #3288, .T. ) ;
#84 = SURFACE_STYLE_USAGE ( .BOTH. , #5635 ) ;
#85 = CARTESIAN_POINT ( 'NONE',  ( 4.296574432511615527, 0.9799999999999999822, -1.607071653452507132 ) ) ;
#86 = CARTESIAN_POINT ( 'NONE',  ( 3.254277636769286719, 0.9799999999999997602, -1.777966607290277556 ) ) ;
#87 = CARTESIAN_POINT ( 'NONE',  ( -1.367032173875429191, 0.9799999999999999822, -1.800847901605126866 ) ) ;
#88 = DIRECTION ( 'NONE',  ( 1.000000000000000000, 0.000000000000000000, 0.000000000000000000 ) ) ;
#89 = SURFACE_SIDE_STYLE ('',( #2245 ) ) ;
#90 = ORIENTED_EDGE ( 'NONE', *, *, #2183, .F. ) ;
#91 = CARTESIAN_POINT ( 'NONE',  ( 3.065935790692007501, 1.000000000000000000, -1.648631775012778578 ) ) ;
#92 =( LENGTH_UNIT ( ) NAMED_UNIT ( * ) SI_UNIT ( .MILLI., .METRE. ) );
#93 = VERTEX_POINT ( 'NONE', #6026 ) ;
#94 = CARTESIAN_POINT ( 'NONE',  ( -1.377505965684136635, 0.9800000000000002043, -2.651185687371526267 ) ) ;
#95 = CARTESIAN_POINT ( 'NONE',  ( -3.750000000000000000, 0.02000000000000000042, -3.829999999999999183 ) ) ;
#96 = CARTESIAN_POINT ( 'NONE',  ( -1.377505965684136635, 0.9800000000000002043, -2.651185687371526267 ) ) ;
#97 = VERTEX_POINT ( 'NONE', #5517 ) ;
#98 = CARTESIAN_POINT ( 'NONE',  ( -3.750000000000000000, 0.9799999999999999822, -5.229999999999997762 ) ) ;
#99 = CARTESIAN_POINT ( 'NONE',  ( 4.219999999999999751, 2.750000000000000000, 7.530000000000002025 ) ) ;
#100 = LINE ( 'NONE', #734, #2105 ) ;
#101 = SURFACE_SIDE_STYLE ('',( #3993 ) ) ;
#102 = ORIENTED_EDGE ( 'NONE', *, *, #3951, .T. ) ;
#103 = ADVANCED_FACE ( 'NONE', ( #489 ), #2628, .T. ) ;
#104 = AXIS2_PLACEMENT_3D ( 'NONE', #5408, #2654, #5917 ) ;
#105 = CARTESIAN_POINT ( 'NONE',  ( 1.100597640769149788, 0.9799999999999999822, -1.920409797398147989 ) ) ;
#106 = FILL_AREA_STYLE ('',( #6838 ) ) ;
#107 = ORIENTED_EDGE ( 'NONE', *, *, #1619, .F. ) ;
#108 = CARTESIAN_POINT ( 'NONE',  ( 3.758267378717827345, 1.000000000000000222, -1.750494955012064757 ) ) ;
#109 = CARTESIAN_POINT ( 'NONE',  ( 3.524278846153846345, 1.000000000000000000, -2.730769230769230838 ) ) ;
#110 = CARTESIAN_POINT ( 'NONE',  ( 3.514976087202323907, 0.9799999999999999822, -1.469442336939116966 ) ) ;
#111 = CARTESIAN_POINT ( 'NONE',  ( -4.219999999999999751, 2.750000000000000000, 2.130000000000001670 ) ) ;
#112 = EDGE_LOOP ( 'NONE', ( #2236, #4303, #459, #797 ) ) ;
#113 = ORIENTED_EDGE ( 'NONE', *, *, #3397, .F. ) ;
#114 = DIRECTION ( 'NONE',  ( -0.000000000000000000, 0.000000000000000000, 1.000000000000000000 ) ) ;
#115 = CARTESIAN_POINT ( 'NONE',  ( 3.871394230769231282, 0.9799999999999999822, -1.900000000000000133 ) ) ;
#116 = CARTESIAN_POINT ( 'NONE',  ( 1.063774475136727515, 0.9999999999999997780, -2.329672672776229359 ) ) ;
#117 = CARTESIAN_POINT ( 'NONE',  ( 0.7187604997886961611, 0.9999999999999995559, -1.500218044030600106 ) ) ;
#118 = CARTESIAN_POINT ( 'NONE',  ( -1.611139481672578144, 1.000000000000000222, -2.696344794924187216 ) ) ;
#119 = FILL_AREA_STYLE_COLOUR ( '', #179 ) ;
#120 = AXIS2_PLACEMENT_3D ( 'NONE', #5728, #711, #5691 ) ;
#121 = EDGE_CURVE ( 'NONE', #2872, #7220, #3010, .T. ) ;
#122 = CARTESIAN_POINT ( 'NONE',  ( 3.799458688910024584, 1.000000000000000666, -2.424386578687399929 ) ) ;
#123 = ORIENTED_EDGE ( 'NONE', *, *, #5700, .T. ) ;
#124 = PRESENTATION_LAYER_ASSIGNMENT (  '', '', ( #3508 ) ) ;
#125 = UNCERTAINTY_MEASURE_WITH_UNIT (LENGTH_MEASURE( 1.000000000000000082E-05 ), #2202, 'distance_accuracy_value', 'NONE');
#126 = CARTESIAN_POINT ( 'NONE',  ( 3.750000000000000000, 0.9799999999999999822, -4.529999999999998472 ) ) ;
#127 = DIRECTION ( 'NONE',  ( 0.000000000000000000, 1.000000000000000000, 0.000000000000000000 ) ) ;
#128 = DIRECTION ( 'NONE',  ( -0.000000000000000000, 1.000000000000000000, -0.000000000000000000 ) ) ;
#129 = STYLED_ITEM ( 'NONE', ( #4658 ), #4757 ) ;
#130 = ORIENTED_EDGE ( 'NONE', *, *, #3723, .F. ) ;
#131 = CARTESIAN_POINT ( 'NONE',  ( -1.153559704717333156, 0.9800000000000002043, -2.459173467542655089 ) ) ;
#132 = FILL_AREA_STYLE_COLOUR ( '', #2976 ) ;
#133 = ORIENTED_EDGE ( 'NONE', *, *, #5700, .F. ) ;
#134 = COLOUR_RGB ( '',0.000000000000000000, 0.7529411764705882248, 0.000000000000000000 ) ;
#135 = SURFACE_STYLE_FILL_AREA ( #5057 ) ;
#136 = AXIS2_PLACEMENT_3D ( 'NONE', #704, #633, #205 ) ;
#137 = B_SPLINE_SURFACE_WITH_KNOTS ( 'NONE', 3, 1, ( 
 ( #3185, #6493 ),
 ( #433, #4931 ),
 ( #1476, #3717 ),
 ( #1502, #2638 ),
 ( #7133, #3750 ),
 ( #4861, #5967 ),
 ( #5931, #3788 ),
 ( #2131, #4383 ),
 ( #502, #2878 ),
 ( #16, #5035 ),
 ( #49, #3411 ) ),
 .UNSPECIFIED., .F., .F., .F.,
 ( 4, 1, 1, 1, 1, 1, 1, 1, 4 ),
 ( 2, 2 ),
 ( 0.000000000000000000, 0.1282260268668413694, 0.2505306575576872752, 0.3726387697203865090, 0.4998332120264979417, 0.6271786142189264002, 0.7498417788579285759, 0.8729404948669966524, 1.000000000000000000 ),
 ( 0.000000000000000000, 1.000000000000000000 ),
 .UNSPECIFIED. ) ;
#138 = B_SPLINE_CURVE_WITH_KNOTS ( 'NONE', 3,
 ( #5975, #953, #2138, #7103, #6041, #4354, #994, #6566, #1030, #3268, #1547, #6007, #1112, #1263, #6819, #4545, #5044, #1187, #2886, #55, #5186, #1805, #167, #2927, #2249, #2319, #24 ),
 .UNSPECIFIED., .F., .F.,
 ( 4, 1, 1, 1, 1, 1, 1, 1, 1, 1, 1, 1, 1, 1, 1, 1, 1, 1, 1, 1, 1, 1, 1, 1, 4 ),
 ( 0.000000000000000000, 0.04195372266421720092, 0.08383257525769619023, 0.1253224468957348237, 0.1668154700621971853, 0.2084751830704541231, 0.2506434167191427531, 0.2930936687606681690, 0.3364423456538534474, 0.3795937467411205635, 0.4216564160417495266, 0.4629884048755583681, 0.5037180680597173055, 0.5438632444771038799, 0.5836082316923878466, 0.6231429243126045403, 0.6630127359613451343, 0.7029317129670357156, 0.7428875242888832720, 0.7836516854457781234, 0.8248505851518201926, 0.8669256875343540614, 0.9100657235186399019, 0.9542124608440876177, 1.000000000000000000 ),
 .UNSPECIFIED. ) ;
#139 =( NAMED_UNIT ( * ) SI_UNIT ( $, .STERADIAN. ) SOLID_ANGLE_UNIT ( ) );
#140 =( NAMED_UNIT ( * ) PLANE_ANGLE_UNIT ( ) SI_UNIT ( $, .RADIAN. ) );
#141 = FACE_OUTER_BOUND ( 'NONE', #1610, .T. ) ;
#142 =( NAMED_UNIT ( * ) PLANE_ANGLE_UNIT ( ) SI_UNIT ( $, .RADIAN. ) );
#143 = AXIS2_PLACEMENT_3D ( 'NONE', #6940, #282, #4948 ) ;
#144 = EDGE_CURVE ( 'NONE', #5559, #2689, #3132, .T. ) ;
#145 = ORIENTED_EDGE ( 'NONE', *, *, #1309, .F. ) ;
#146 = CARTESIAN_POINT ( 'NONE',  ( 1.126923076923076694, 0.9800000000000002043, -2.087019230769231459 ) ) ;
#147 = LINE ( 'NONE', #6276, #5377 ) ;
#148 = VERTEX_POINT ( 'NONE', #2238 ) ;
#149 =( NAMED_UNIT ( * ) PLANE_ANGLE_UNIT ( ) SI_UNIT ( $, .RADIAN. ) );
#150 = UNCERTAINTY_MEASURE_WITH_UNIT (LENGTH_MEASURE( 1.000000000000000082E-05 ), #6807, 'distance_accuracy_value', 'NONE');
#151 = CARTESIAN_POINT ( 'NONE',  ( 3.750000000000000000, 0.9799999999999999822, -4.029999999999998472 ) ) ;
#152 = SURFACE_STYLE_FILL_AREA ( #4040 ) ;
#153 = CARTESIAN_POINT ( 'NONE',  ( 3.038133279128641284, 0.9799999999999997602, -1.678950739439275752 ) ) ;
#154 = CARTESIAN_POINT ( 'NONE',  ( 3.712072160616373573, 0.9800000000000002043, -2.475503173355745545 ) ) ;
#155 = ORIENTED_EDGE ( 'NONE', *, *, #1711, .F. ) ;
#156 = PLANE ( 'NONE',  #5369 ) ;
#157 = CARTESIAN_POINT ( 'NONE',  ( -0.4192307692307690736, 0.9799999999999999822, -1.838461538461538813 ) ) ;
#158 = CARTESIAN_POINT ( 'NONE',  ( -3.150000000000001688, 2.799999999999998490, 7.330000000000000071 ) ) ;
#159 = DIRECTION ( 'NONE',  ( 0.000000000000000000, 1.000000000000000000, 0.000000000000000000 ) ) ;
#160 = CARTESIAN_POINT ( 'NONE',  ( 3.113130623006286513, 0.9799999999999999822, -1.981389642417874075 ) ) ;
#161 = CARTESIAN_POINT ( 'NONE',  ( -1.324826309148679604, 0.9799999999999999822, -1.853940151505816480 ) ) ;
#162 = DIRECTION ( 'NONE',  ( -0.000000000000000000, 1.000000000000000000, -0.000000000000000000 ) ) ;
#163 = EDGE_CURVE ( 'NONE', #6858, #849, #2808, .T. ) ;
#164 = ORIENTED_EDGE ( 'NONE', *, *, #325, .T. ) ;
#165 = CARTESIAN_POINT ( 'NONE',  ( 2.885544235419648995, 1.000000000000000222, -2.020726360281982270 ) ) ;
#166 = DIRECTION ( 'NONE',  ( -0.000000000000000000, 1.000000000000000000, -0.000000000000000000 ) ) ;
#167 = CARTESIAN_POINT ( 'NONE',  ( 3.654555858607710039, 0.9800000000000002043, -1.479294805306491378 ) ) ;
#168 = FACE_BOUND ( 'NONE', #253, .T. ) ;
#169 = ORIENTED_EDGE ( 'NONE', *, *, #6002, .T. ) ;
#170 = CARTESIAN_POINT ( 'NONE',  ( 3.750000000000000000, 0.02000000000000000042, -4.529999999999998472 ) ) ;
#171 =( NAMED_UNIT ( * ) PLANE_ANGLE_UNIT ( ) SI_UNIT ( $, .RADIAN. ) );
#172 = CARTESIAN_POINT ( 'NONE',  ( -1.095837222486703899, 1.000000000000000000, -2.348320808270443205 ) ) ;
#173 = ORIENTED_EDGE ( 'NONE', *, *, #343, .T. ) ;
#174 = CARTESIAN_POINT ( 'NONE',  ( 1.511538461538461275, 0.9799999999999999822, -2.176923076923077183 ) ) ;
#175 = VECTOR ( 'NONE', #2216, 1000.000000000000000 ) ;
#176 = ADVANCED_FACE ( 'NONE', ( #682 ), #156, .T. ) ;
#177 = DIRECTION ( 'NONE',  ( -1.000000000000000000, 0.000000000000000000, 0.000000000000000000 ) ) ;
#178 = CARTESIAN_POINT ( 'NONE',  ( 1.819230769230768985, 1.000000000000000000, -1.684615384615384848 ) ) ;
#179 = COLOUR_RGB ( '',0.8980392156862745390, 0.8980392156862745390, 0.8980392156862745390 ) ;
#180 =( NAMED_UNIT ( * ) SI_UNIT ( $, .STERADIAN. ) SOLID_ANGLE_UNIT ( ) );
#181 = FACE_OUTER_BOUND ( 'NONE', #2102, .T. ) ;
#182 = COLOUR_RGB ( '',1.000000000000000000, 1.000000000000000000, 1.000000000000000000 ) ;
#183 = ORIENTED_EDGE ( 'NONE', *, *, #3298, .T. ) ;
#184 = AXIS2_PLACEMENT_3D ( 'NONE', #4232, #1907, #6399 ) ;
#185 = VERTEX_POINT ( 'NONE', #1213 ) ;
#186 = DIRECTION ( 'NONE',  ( 6.672013369141566696E-17, -1.000000000000000000, 0.000000000000000000 ) ) ;
#187 = LINE ( 'NONE', #1318, #3331 ) ;
#188 = FILL_AREA_STYLE_COLOUR ( '', #221 ) ;
#189 = EDGE_LOOP ( 'NONE', ( #4684, #2832, #6639, #719 ) ) ;
#190 = CARTESIAN_POINT ( 'NONE',  ( 1.331837243046398056, 0.9799999999999999822, -1.950651688228985492 ) ) ;
#191 = FILL_AREA_STYLE_COLOUR ( '', #4867 ) ;
#192 = CARTESIAN_POINT ( 'NONE',  ( -1.505060308412942138, 1.000000000000000222, -2.684574988228277004 ) ) ;
#193 = LINE ( 'NONE', #2422, #629 ) ;
#194 = LINE ( 'NONE', #1326, #3681 ) ;
#195 = ORIENTED_EDGE ( 'NONE', *, *, #1009, .F. ) ;
#196 = VERTEX_POINT ( 'NONE', #4005 ) ;
#197 = UNCERTAINTY_MEASURE_WITH_UNIT (LENGTH_MEASURE( 1.000000000000000082E-05 ), #6742, 'distance_accuracy_value', 'NONE');
#198 = CARTESIAN_POINT ( 'NONE',  ( 2.881717596583309060, 0.9799999999999997602, -2.063149080050354467 ) ) ;
#199 = CARTESIAN_POINT ( 'NONE',  ( -4.500000000000000000, 4.000000000000000000, 7.530000000000002025 ) ) ;
#200 = EDGE_CURVE ( 'NONE', #7180, #5795, #2913, .T. ) ;
#201 = ORIENTED_EDGE ( 'NONE', *, *, #6793, .T. ) ;
#202 = CARTESIAN_POINT ( 'NONE',  ( -1.176087290245647621, 0.9799999999999999822, -2.492125098472680378 ) ) ;
#203 = ORIENTED_EDGE ( 'NONE', *, *, #988, .F. ) ;
#204 = FACE_OUTER_BOUND ( 'NONE', #1943, .T. ) ;
#205 = DIRECTION ( 'NONE',  ( 1.000000000000000000, 0.000000000000000000, 0.000000000000000000 ) ) ;
#206 = FILL_AREA_STYLE ('',( #6393 ) ) ;
#207 = EDGE_CURVE ( 'NONE', #3545, #2854, #7102, .T. ) ;
#208 = ORIENTED_EDGE ( 'NONE', *, *, #420, .F. ) ;
#209 = CARTESIAN_POINT ( 'NONE',  ( 1.108767713515866227, 0.9799999999999997602, -1.945185366950444639 ) ) ;
#210 =( NAMED_UNIT ( * ) PLANE_ANGLE_UNIT ( ) SI_UNIT ( $, .RADIAN. ) );
#211 = ORIENTED_EDGE ( 'NONE', *, *, #6379, .T. ) ;
#212 = DIRECTION ( 'NONE',  ( 1.000000000000000000, 6.672013369141566696E-17, 0.000000000000000000 ) ) ;
#213 = UNCERTAINTY_MEASURE_WITH_UNIT (LENGTH_MEASURE( 1.000000000000000082E-05 ), #7158, 'distance_accuracy_value', 'NONE');
#214 = FILL_AREA_STYLE ('',( #5767 ) ) ;
#215 = DIRECTION ( 'NONE',  ( -0.000000000000000000, 1.000000000000000000, -0.000000000000000000 ) ) ;
#216 = ORIENTED_EDGE ( 'NONE', *, *, #1285, .F. ) ;
#217 = MECHANICAL_DESIGN_GEOMETRIC_PRESENTATION_REPRESENTATION (  '', ( #3372 ), #5944 ) ;
#218 = CARTESIAN_POINT ( 'NONE',  ( 3.025602934639471719, 1.000000000000000000, -2.506067914225964532 ) ) ;
#219 = CARTESIAN_POINT ( 'NONE',  ( 4.519751214554742269, 0.9800000000000002043, -1.522546610324669647 ) ) ;
#220 = CARTESIAN_POINT ( 'NONE',  ( -1.132126945972029564, 0.9999999999999997780, -2.424243654629552935 ) ) ;
#221 = COLOUR_RGB ( '',1.000000000000000000, 1.000000000000000000, 1.000000000000000000 ) ;
#222 = SURFACE_STYLE_FILL_AREA ( #5816 ) ;
#223 = ORIENTED_EDGE ( 'NONE', *, *, #1842, .F. ) ;
#224 = ORIENTED_EDGE ( 'NONE', *, *, #7036, .F. ) ;
#225 = COLOUR_RGB ( '',1.000000000000000000, 1.000000000000000000, 1.000000000000000000 ) ;
#226 = ADVANCED_FACE ( 'NONE', ( #6249 ), #3482, .F. ) ;
#227 = SURFACE_STYLE_FILL_AREA ( #1880 ) ;
#228 = CARTESIAN_POINT ( 'NONE',  ( 0.6810140711015805204, 0.9799999999999999822, -2.699852096230391130 ) ) ;
#229 = MECHANICAL_DESIGN_GEOMETRIC_PRESENTATION_REPRESENTATION (  '', ( #2783 ), #3743 ) ;
#230 = STYLED_ITEM ( 'NONE', ( #2154 ), #1070 ) ;
#231 = DIRECTION ( 'NONE',  ( 0.000000000000000000, -0.000000000000000000, 1.000000000000000000 ) ) ;
#232 = VECTOR ( 'NONE', #1052, 1000.000000000000000 ) ;
#233 = FILL_AREA_STYLE ('',( #6494 ) ) ;
#234 = DIRECTION ( 'NONE',  ( -0.000000000000000000, 1.000000000000000000, -0.000000000000000000 ) ) ;
#235 =( NAMED_UNIT ( * ) SI_UNIT ( $, .STERADIAN. ) SOLID_ANGLE_UNIT ( ) );
#236 = EDGE_CURVE ( 'NONE', #413, #2942, #6139, .T. ) ;
#237 = ORIENTED_EDGE ( 'NONE', *, *, #6707, .T. ) ;
#238 = DIRECTION ( 'NONE',  ( -0.000000000000000000, 1.000000000000000000, -0.000000000000000000 ) ) ;
#239 = VECTOR ( 'NONE', #1794, 1000.000000000000000 ) ;
#240 = CARTESIAN_POINT ( 'NONE',  ( 3.416216072719198138, 1.000000000000000222, -2.723677675058170156 ) ) ;
#241 = SURFACE_STYLE_USAGE ( .BOTH. , #5196 ) ;
#242 = CARTESIAN_POINT ( 'NONE',  ( 0.7926476023509049229, 0.9999999999999988898, -1.717703355273921817 ) ) ;
#243 = DIRECTION ( 'NONE',  ( -0.000000000000000000, 1.000000000000000000, -0.000000000000000000 ) ) ;
#244 = EDGE_CURVE ( 'NONE', #6697, #5475, #3368, .T. ) ;
#245 = MECHANICAL_DESIGN_GEOMETRIC_PRESENTATION_REPRESENTATION (  '', ( #2801 ), #4117 ) ;
#246 = VERTEX_POINT ( 'NONE', #2275 ) ;
#247 = VECTOR ( 'NONE', #6022, 1000.000000000000000 ) ;
#248 = SURFACE_STYLE_USAGE ( .BOTH. , #710 ) ;
#249 = ORIENTED_EDGE ( 'NONE', *, *, #3495, .T. ) ;
#250 = DIRECTION ( 'NONE',  ( 0.000000000000000000, -0.000000000000000000, -1.000000000000000000 ) ) ;
#251 =( NAMED_UNIT ( * ) SI_UNIT ( $, .STERADIAN. ) SOLID_ANGLE_UNIT ( ) );
#252 = DIRECTION ( 'NONE',  ( -1.000000000000000000, 0.000000000000000000, 0.000000000000000000 ) ) ;
#253 = EDGE_LOOP ( 'NONE', ( #61, #3777, #5096, #2263, #5054, #4665, #2424, #2785, #1603, #605, #2717, #4203, #6226, #5735, #5471 ) ) ;
#254 = VECTOR ( 'NONE', #3148, 1000.000000000000000 ) ;
#255 = ORIENTED_EDGE ( 'NONE', *, *, #4071, .T. ) ;
#256 = CARTESIAN_POINT ( 'NONE',  ( 2.919332364914923428, 0.9999999999999995559, -2.329307575323574575 ) ) ;
#257 = DIRECTION ( 'NONE',  ( -0.000000000000000000, -1.000000000000000000, -0.000000000000000000 ) ) ;
#258 = EDGE_CURVE ( 'NONE', #3180, #4411, #4532, .T. ) ;
#259 =( GEOMETRIC_REPRESENTATION_CONTEXT ( 3 ) GLOBAL_UNCERTAINTY_ASSIGNED_CONTEXT ( ( #2390 ) ) GLOBAL_UNIT_ASSIGNED_CONTEXT ( ( #5027, #1167, #2833 ) ) REPRESENTATION_CONTEXT ( 'NONE', 'WORKASPACE' ) );
#260 = CARTESIAN_POINT ( 'NONE',  ( 1.081000830734855089, 0.9999999999999995559, -2.617905310651771789 ) ) ;
#261 = SURFACE_STYLE_USAGE ( .BOTH. , #5743 ) ;
#262 = ORIENTED_EDGE ( 'NONE', *, *, #4434, .F. ) ;
#263 = UNCERTAINTY_MEASURE_WITH_UNIT (LENGTH_MEASURE( 1.000000000000000082E-05 ), #1458, 'distance_accuracy_value', 'NONE');
#264 = B_SPLINE_CURVE_WITH_KNOTS ( 'NONE', 3,
 ( #1123, #2296, #2220, #3352, #2788, #5058, #1670, #2258, #64, #3952, #592, #6123, #1705, #552, #4475, #4510, #6156, #1154, #3388 ),
 .UNSPECIFIED., .F., .F.,
 ( 4, 1, 1, 1, 1, 1, 1, 1, 1, 1, 1, 1, 1, 1, 1, 1, 4 ),
 ( 0.000000000000000000, 0.06387922505487574065, 0.1258508182289642119, 0.1864720878710257324, 0.2464764795623007321, 0.3062584143630101008, 0.3669511756525898338, 0.4288608758525594422, 0.4925686815092674142, 0.5566061100449887222, 0.6190867352860938144, 0.6810492005977588637, 0.7427850667630350179, 0.8048964525180756224, 0.8678490598723974658, 0.9329329606759887428, 1.000000000000000000 ),
 .UNSPECIFIED. ) ;
#265 = CARTESIAN_POINT ( 'NONE',  ( 4.126274822465781256, 1.000000000000000222, -2.024756300589606539 ) ) ;
#266 = PRESENTATION_STYLE_ASSIGNMENT (( #1438 ) ) ;
#267 = CARTESIAN_POINT ( 'NONE',  ( 0.6860576923076920908, 0.9799999999999999822, -2.484615384615384670 ) ) ;
#268 = SURFACE_STYLE_FILL_AREA ( #6454 ) ;
#269 = ADVANCED_FACE ( 'NONE', ( #6171 ), #4542, .T. ) ;
#270 =( NAMED_UNIT ( * ) PLANE_ANGLE_UNIT ( ) SI_UNIT ( $, .RADIAN. ) );
#271 = ORIENTED_EDGE ( 'NONE', *, *, #436, .F. ) ;
#272 = CARTESIAN_POINT ( 'NONE',  ( 1.013701923076922640, 0.9799999999999999822, -2.388461538461538414 ) ) ;
#273 = LINE ( 'NONE', #730, #3631 ) ;
#274 = CARTESIAN_POINT ( 'NONE',  ( 1.511538461538461275, 0.9799999999999999822, -2.176923076923077183 ) ) ;
#275 = VECTOR ( 'NONE', #7096, 1000.000000000000000 ) ;
#276 = VERTEX_POINT ( 'NONE', #6428 ) ;
#277 = CARTESIAN_POINT ( 'NONE',  ( 4.536629737879824376, 0.9800000000000002043, -1.688986639685390312 ) ) ;
#278 = STYLED_ITEM ( 'NONE', ( #6255 ), #3229 ) ;
#279 = CARTESIAN_POINT ( 'NONE',  ( 3.283875800996220562, 0.9800000000000002043, -2.690994328447260830 ) ) ;
#280 =( NAMED_UNIT ( * ) PLANE_ANGLE_UNIT ( ) SI_UNIT ( $, .RADIAN. ) );
#281 = ORIENTED_EDGE ( 'NONE', *, *, #5535, .F. ) ;
#282 = DIRECTION ( 'NONE',  ( 0.000000000000000000, 0.000000000000000000, 1.000000000000000000 ) ) ;
#283 = VERTEX_POINT ( 'NONE', #4808 ) ;
#284 =( NAMED_UNIT ( * ) PLANE_ANGLE_UNIT ( ) SI_UNIT ( $, .RADIAN. ) );
#285 = EDGE_CURVE ( 'NONE', #4145, #6608, #2959, .T. ) ;
#286 = CARTESIAN_POINT ( 'NONE',  ( 3.353145266564293347, 1.000000000000000222, -2.486267179209729505 ) ) ;
#287 =( GEOMETRIC_REPRESENTATION_CONTEXT ( 3 ) GLOBAL_UNCERTAINTY_ASSIGNED_CONTEXT ( ( #6585 ) ) GLOBAL_UNIT_ASSIGNED_CONTEXT ( ( #2966, #3575, #235 ) ) REPRESENTATION_CONTEXT ( 'NONE', 'WORKASPACE' ) );
#288 = SURFACE_STYLE_FILL_AREA ( #2104 ) ;
#289 = CIRCLE ( 'NONE', #3202, 0.6999999999999996225 ) ;
#290 = ORIENTED_EDGE ( 'NONE', *, *, #3339, .F. ) ;
#291 = AXIS2_PLACEMENT_3D ( 'NONE', #4873, #512, #2359 ) ;
#292 = ORIENTED_EDGE ( 'NONE', *, *, #6201, .F. ) ;
#293 = CARTESIAN_POINT ( 'NONE',  ( 2.889811179391716500, 0.9999999999999997780, -2.221189030258432950 ) ) ;
#294 = DIRECTION ( 'NONE',  ( 0.000000000000000000, 1.000000000000000000, 0.000000000000000000 ) ) ;
#295 = COLOUR_RGB ( '',1.000000000000000000, 1.000000000000000000, 1.000000000000000000 ) ;
#296 = LINE ( 'NONE', #2384, #1897 ) ;
#297 = PRESENTATION_LAYER_ASSIGNMENT (  '', '', ( #747 ) ) ;
#298 = DIRECTION ( 'NONE',  ( 0.000000000000000000, 0.000000000000000000, 1.000000000000000000 ) ) ;
#299 = CARTESIAN_POINT ( 'NONE',  ( 1.216220402062044847, 1.000000000000000000, -2.492125098472680378 ) ) ;
#300 =( NAMED_UNIT ( * ) PLANE_ANGLE_UNIT ( ) SI_UNIT ( $, .RADIAN. ) );
#301 = VERTEX_POINT ( 'NONE', #1855 ) ;
#302 = ORIENTED_EDGE ( 'NONE', *, *, #1862, .F. ) ;
#303 = EDGE_CURVE ( 'NONE', #1206, #6750, #5801, .T. ) ;
#304 = STYLED_ITEM ( 'NONE', ( #1516 ), #2845 ) ;
#305 = CARTESIAN_POINT ( 'NONE',  ( 2.881717596583309060, 1.000000000000000000, -2.063149080050354467 ) ) ;
#306 = CARTESIAN_POINT ( 'NONE',  ( 0.9764732564916853708, 0.9999999999999997780, -2.664243873743647573 ) ) ;
#307 = CARTESIAN_POINT ( 'NONE',  ( -3.854086538461539035, 0.9799999999999999822, -1.500000000000000222 ) ) ;
#308 = CARTESIAN_POINT ( 'NONE',  ( -3.750000000000000000, 0.000000000000000000, -5.029999999999997584 ) ) ;
#309 = PRESENTATION_STYLE_ASSIGNMENT (( #5791 ) ) ;
#310 = MECHANICAL_DESIGN_GEOMETRIC_PRESENTATION_REPRESENTATION (  '', ( #1827 ), #2264 ) ;
#311 = CARTESIAN_POINT ( 'NONE',  ( -1.249999999999999778, 0.000000000000000000, -4.529999999999998472 ) ) ;
#312 = CYLINDRICAL_SURFACE ( 'NONE', #6449, 0.6999999999999996225 ) ;
#313 = PLANE ( 'NONE',  #573 ) ;
#314 = CARTESIAN_POINT ( 'NONE',  ( 3.511933069298156074, 1.000000000000000222, -2.730679910330774174 ) ) ;
#315 = DIRECTION ( 'NONE',  ( 0.000000000000000000, 1.000000000000000000, 0.000000000000000000 ) ) ;
#316 = EDGE_LOOP ( 'NONE', ( #3886, #1211, #6396, #3947, #2251, #2825 ) ) ;
#317 = CARTESIAN_POINT ( 'NONE',  ( 4.115785953099144301, 0.9999999999999995559, -1.947032879573579178 ) ) ;
#318 = CARTESIAN_POINT ( 'NONE',  ( 2.919332364914923428, 0.9799999999999995381, -2.329307575323574575 ) ) ;
#319 = CARTESIAN_POINT ( 'NONE',  ( -1.352665586018842125, 0.9999999999999997780, -1.546065538491963931 ) ) ;
#320 = CARTESIAN_POINT ( 'NONE',  ( -1.352083426888615492, 0.9999999999999995559, -1.816999407971625180 ) ) ;
#321 = EDGE_LOOP ( 'NONE', ( #90, #1677 ) ) ;
#322 = FILL_AREA_STYLE ('',( #893 ) ) ;
#323 = FILL_AREA_STYLE ('',( #5346 ) ) ;
#324 = ORIENTED_EDGE ( 'NONE', *, *, #4938, .F. ) ;
#325 = EDGE_CURVE ( 'NONE', #3704, #5343, #2974, .T. ) ;
#326 = ORIENTED_EDGE ( 'NONE', *, *, #5350, .T. ) ;
#327 = LINE ( 'NONE', #5777, #3472 ) ;
#328 = FILL_AREA_STYLE ('',( #867 ) ) ;
#329 = CARTESIAN_POINT ( 'NONE',  ( 3.149999999999998135, 2.200000000000000178, 7.330000000000000071 ) ) ;
#330 = CARTESIAN_POINT ( 'NONE',  ( 1.341700660866535166, 1.000000000000000000, -2.130761294353221924 ) ) ;
#331 = CARTESIAN_POINT ( 'NONE',  ( 0.6860576923076920908, 0.9799999999999999822, -2.484615384615384670 ) ) ;
#332 = CARTESIAN_POINT ( 'NONE',  ( 1.296470469820988125, 0.9799999999999999822, -2.348320808270443205 ) ) ;
#333 = SURFACE_STYLE_USAGE ( .BOTH. , #6300 ) ;
#334 =( NAMED_UNIT ( * ) PLANE_ANGLE_UNIT ( ) SI_UNIT ( $, .RADIAN. ) );
#335 = COLOUR_RGB ( '',1.000000000000000000, 1.000000000000000000, 1.000000000000000000 ) ;
#336 = ADVANCED_FACE ( 'NONE', ( #181 ), #737, .T. ) ;
#337 = CARTESIAN_POINT ( 'NONE',  ( 3.112566858978100370, 1.000000000000000222, -2.227092777604009033 ) ) ;
#338 = FACE_OUTER_BOUND ( 'NONE', #4841, .T. ) ;
#339 = AXIS2_PLACEMENT_3D ( 'NONE', #6603, #439, #4972 ) ;
#340 = DIRECTION ( 'NONE',  ( -0.000000000000000000, 0.000000000000000000, -1.000000000000000000 ) ) ;
#341 = CARTESIAN_POINT ( 'NONE',  ( 4.426923076923076295, 0.9799999999999999822, -1.746153846153846390 ) ) ;
#342 = CARTESIAN_POINT ( 'NONE',  ( 3.524278846153846345, 0.9799999999999999822, -2.730769230769230838 ) ) ;
#343 = EDGE_CURVE ( 'NONE', #4195, #5873, #3009, .T. ) ;
#344 = COLOUR_RGB ( '',0.5019607843137254832, 0.5019607843137254832, 0.5019607843137254832 ) ;
#345 = ORIENTED_EDGE ( 'NONE', *, *, #5560, .T. ) ;
#346 = CARTESIAN_POINT ( 'NONE',  ( 1.100597640769149788, 0.9999999999999988898, -1.920409797398147989 ) ) ;
#347 = VECTOR ( 'NONE', #6925, 1000.000000000000000 ) ;
#348 = AXIS2_PLACEMENT_3D ( 'NONE', #846, #4136, #5332 ) ;
#349 = CARTESIAN_POINT ( 'NONE',  ( -1.283539978791825353, 0.9999999999999993339, -1.945185366950444639 ) ) ;
#350 = ORIENTED_EDGE ( 'NONE', *, *, #6302, .F. ) ;
#351 = CARTESIAN_POINT ( 'NONE',  ( 1.111893512740157464, 1.000000000000000222, -2.220088008521744705 ) ) ;
#352 = UNCERTAINTY_MEASURE_WITH_UNIT (LENGTH_MEASURE( 1.000000000000000082E-05 ), #617, 'distance_accuracy_value', 'NONE');
#353 = CARTESIAN_POINT ( 'NONE',  ( 3.518269230769230926, 1.000000000000000000, -2.515384615384615330 ) ) ;
#354 = EDGE_CURVE ( 'NONE', #920, #1086, #667, .T. ) ;
#355 = CARTESIAN_POINT ( 'NONE',  ( -1.382834915754502569, 1.000000000000000000, -1.786177100733938872 ) ) ;
#356 = COLOUR_RGB ( '',0.000000000000000000, 0.7529411764705882248, 0.000000000000000000 ) ;
#357 = ORIENTED_EDGE ( 'NONE', *, *, #4899, .F. ) ;
#358 = CARTESIAN_POINT ( 'NONE',  ( -3.249999999999999556, 4.000000000000000000, 0.1300000000000016420 ) ) ;
#359 = CARTESIAN_POINT ( 'NONE',  ( 4.519751214554742269, 1.000000000000000000, -1.522546610324669647 ) ) ;
#360 = UNCERTAINTY_MEASURE_WITH_UNIT (LENGTH_MEASURE( 1.000000000000000082E-05 ), #2816, 'distance_accuracy_value', 'NONE');
#361 = CARTESIAN_POINT ( 'NONE',  ( 4.435617898473936727, 1.000000000000000000, -1.745677129972541985 ) ) ;
#362 = CARTESIAN_POINT ( 'NONE',  ( 1.191917029476874612, 1.000000000000000000, -2.522308471146830211 ) ) ;
#363 = DIRECTION ( 'NONE',  ( 1.000000000000000000, 0.000000000000000000, -0.000000000000000000 ) ) ;
#364 = AXIS2_PLACEMENT_3D ( 'NONE', #5019, #34, #7151 ) ;
#365 = VERTEX_POINT ( 'NONE', #6315 ) ;
#366 = CARTESIAN_POINT ( 'NONE',  ( 3.530288461538461764, 1.000000000000000000, -1.469230769230769562 ) ) ;
#367 = CARTESIAN_POINT ( 'NONE',  ( 3.716619743208994464, 0.9799999999999999822, -1.724099189595294845 ) ) ;
#368 = SURFACE_SIDE_STYLE ('',( #5419 ) ) ;
#369 = CARTESIAN_POINT ( 'NONE',  ( 0.6860576923076920908, 0.9799999999999999822, -2.484615384615384670 ) ) ;
#370 = MECHANICAL_DESIGN_GEOMETRIC_PRESENTATION_REPRESENTATION (  '', ( #2020 ), #5513 ) ;
#371 = ADVANCED_FACE ( 'NONE', ( #4098 ), #2446, .T. ) ;
#372 = CARTESIAN_POINT ( 'NONE',  ( 3.143012381075921624, 1.000000000000000222, -2.300018172922825954 ) ) ;
#373 = PLANE ( 'NONE',  #6224 ) ;
#374 = FILL_AREA_STYLE_COLOUR ( '', #182 ) ;
#375 = CARTESIAN_POINT ( 'NONE',  ( 3.694039252503541704, 1.000000000000000000, -1.713615857616529015 ) ) ;
#376 = LINE ( 'NONE', #4464, #6056 ) ;
#377 = PLANE ( 'NONE',  #4939 ) ;
#378 = CARTESIAN_POINT ( 'NONE',  ( 3.046055682867688574, 1.000000000000000000, -2.529502060628774807 ) ) ;
#379 = CARTESIAN_POINT ( 'NONE',  ( -4.219999999999999751, 2.750000000000000000, 7.530000000000002025 ) ) ;
#380 = CARTESIAN_POINT ( 'NONE',  ( 4.081347594308010862, 0.9800000000000002043, -1.834372719655138484 ) ) ;
#381 = FILL_AREA_STYLE ('',( #6527 ) ) ;
#382 = CARTESIAN_POINT ( 'NONE',  ( 0.7811682106351139909, 0.9799999999999999822, -2.696344794924186772 ) ) ;
#383 = ADVANCED_FACE ( 'NONE', ( #3481 ), #6872, .T. ) ;
#384 = CARTESIAN_POINT ( 'NONE',  ( -1.265384615384615996, 0.9800000000000002043, -2.087019230769231459 ) ) ;
#385 = EDGE_LOOP ( 'NONE', ( #1114, #5315, #1367, #2708 ) ) ;
#386 = CARTESIAN_POINT ( 'NONE',  ( 1.126636060949991025, 1.000000000000000222, -2.102740203373589356 ) ) ;
#387 = CARTESIAN_POINT ( 'NONE',  ( 3.188673229204503468, 0.9800000000000002043, -2.366371881907380903 ) ) ;
#388 = CARTESIAN_POINT ( 'NONE',  ( -1.565286913297200933, 0.9999999999999997780, -1.719958759348470645 ) ) ;
#389 = STYLED_ITEM ( 'NONE', ( #2814 ), #3201 ) ;
#390 = ORIENTED_EDGE ( 'NONE', *, *, #1850, .T. ) ;
#391 = CARTESIAN_POINT ( 'NONE',  ( 4.125240384615385558, 0.9799999999999999822, -2.115384615384615419 ) ) ;
#392 = MECHANICAL_DESIGN_GEOMETRIC_PRESENTATION_REPRESENTATION (  '', ( #2504 ), #968 ) ;
#393 = CARTESIAN_POINT ( 'NONE',  ( 3.489575181987176755, 0.9799999999999999822, -1.685682855362241828 ) ) ;
#394 = AXIS2_PLACEMENT_3D ( 'NONE', #1869, #294, #1912 ) ;
#395 = SURFACE_SIDE_STYLE ('',( #4201 ) ) ;
#396 = VERTEX_POINT ( 'NONE', #6681 ) ;
#397 = UNCERTAINTY_MEASURE_WITH_UNIT (LENGTH_MEASURE( 1.000000000000000082E-05 ), #7215, 'distance_accuracy_value', 'NONE');
#398 = PLANE ( 'NONE',  #5375 ) ;
#399 = VECTOR ( 'NONE', #978, 1000.000000000000000 ) ;
#400 = CARTESIAN_POINT ( 'NONE',  ( 3.867097865718073013, 0.9799999999999997602, -1.890969379035617459 ) ) ;
#401 = COLOUR_RGB ( '',0.8980392156862745390, 0.8980392156862745390, 0.8980392156862745390 ) ;
#402 = LINE ( 'NONE', #369, #2366 ) ;
#403 = PLANE ( 'NONE',  #2856 ) ;
#404 =( NAMED_UNIT ( * ) PLANE_ANGLE_UNIT ( ) SI_UNIT ( $, .RADIAN. ) );
#405 = CARTESIAN_POINT ( 'NONE',  ( 4.014999052214913711, 0.9799999999999999822, -2.537122056880323662 ) ) ;
#406 = PLANE ( 'NONE',  #5428 ) ;
#407 = LINE ( 'NONE', #2642, #6305 ) ;
#408 = EDGE_CURVE ( 'NONE', #4617, #5343, #264, .T. ) ;
#409 = SURFACE_STYLE_USAGE ( .BOTH. , #2069 ) ;
#410 = LINE ( 'NONE', #5500, #5608 ) ;
#411 = MECHANICAL_DESIGN_GEOMETRIC_PRESENTATION_REPRESENTATION (  '', ( #304 ), #5678 ) ;
#412 = CARTESIAN_POINT ( 'NONE',  ( 5.999999999999998224, 0.000000000000000000, 6.830000000000001847 ) ) ;
#413 = VERTEX_POINT ( 'NONE', #358 ) ;
#414 = CARTESIAN_POINT ( 'NONE',  ( 3.866245429234392628, 0.9999999999999993339, -1.563791163236879722 ) ) ;
#415 = DIRECTION ( 'NONE',  ( 1.000000000000000000, 0.000000000000000000, 0.000000000000000000 ) ) ;
#416 = PRESENTATION_STYLE_ASSIGNMENT (( #1381 ) ) ;
#417 = CARTESIAN_POINT ( 'NONE',  ( 3.188673229204503468, 0.9800000000000002043, -2.366371881907380903 ) ) ;
#418 = ORIENTED_EDGE ( 'NONE', *, *, #4726, .F. ) ;
#419 = CARTESIAN_POINT ( 'NONE',  ( 1.022753106323708749, 0.9799999999999999822, -2.379294192103029726 ) ) ;
#420 = EDGE_CURVE ( 'NONE', #1053, #4916, #2056, .T. ) ;
#421 = CARTESIAN_POINT ( 'NONE',  ( -1.367032173875429191, 1.000000000000000000, -1.800847901605126866 ) ) ;
#422 = ORIENTED_EDGE ( 'NONE', *, *, #6845, .T. ) ;
#423 = CARTESIAN_POINT ( 'NONE',  ( 3.526923076923077272, 0.9799999999999999822, -2.115384615384615419 ) ) ;
#424 = CARTESIAN_POINT ( 'NONE',  ( -1.050535556524811120, 0.9799999999999999822, -2.060548449902598556 ) ) ;
#425 = ORIENTED_EDGE ( 'NONE', *, *, #5726, .F. ) ;
#426 = SURFACE_STYLE_USAGE ( .BOTH. , #976 ) ;
#427 = ADVANCED_FACE ( 'NONE', ( #3174 ), #4599, .T. ) ;
#428 = DIRECTION ( 'NONE',  ( 0.000000000000000000, 0.000000000000000000, 1.000000000000000000 ) ) ;
#429 = VERTEX_POINT ( 'NONE', #3343 ) ;
#430 = CARTESIAN_POINT ( 'NONE',  ( 1.013701923076922862, 0.9800000000000002043, -2.388461538461538858 ) ) ;
#431 = CARTESIAN_POINT ( 'NONE',  ( 3.737923431706119182, 0.9799999999999997602, -1.736544869324513352 ) ) ;
#432 = DIRECTION ( 'NONE',  ( 1.000000000000000000, 0.000000000000000000, 0.000000000000000000 ) ) ;
#433 = CARTESIAN_POINT ( 'NONE',  ( 4.296577207281008448, 0.9800000000000002043, -1.624657759045514904 ) ) ;
#434 = CARTESIAN_POINT ( 'NONE',  ( 4.557692307692307487, 0.9799999999999999822, -1.615865384615384759 ) ) ;
#435 = CARTESIAN_POINT ( 'NONE',  ( 4.557265891929709767, 0.9799999999999999822, -1.607074804361160680 ) ) ;
#436 = EDGE_CURVE ( 'NONE', #6380, #2705, #1390, .T. ) ;
#437 = CARTESIAN_POINT ( 'NONE',  ( 3.750000000000000000, 1.000000000000000000, -4.529999999999998472 ) ) ;
#438 = LINE ( 'NONE', #3758, #5602 ) ;
#439 = DIRECTION ( 'NONE',  ( -0.000000000000000000, 1.000000000000000000, -0.000000000000000000 ) ) ;
#440 = COLOUR_RGB ( '',1.000000000000000000, 1.000000000000000000, 1.000000000000000000 ) ;
#441 = CARTESIAN_POINT ( 'NONE',  ( 3.871394230769231282, 0.9799999999999999822, -1.900000000000000133 ) ) ;
#442 = CARTESIAN_POINT ( 'NONE',  ( 2.880769230769231193, 0.9799999999999999822, -2.106009615384615508 ) ) ;
#443 = CARTESIAN_POINT ( 'NONE',  ( 4.024793201538703791, 0.9999999999999988898, -1.727713067907229449 ) ) ;
#444 = PLANE ( 'NONE',  #7078 ) ;
#445 = ADVANCED_FACE ( 'NONE', ( #4320 ), #6521, .T. ) ;
#446 = COLOUR_RGB ( '',0.8980392156862745390, 0.8980392156862745390, 0.8980392156862745390 ) ;
#447 = ORIENTED_EDGE ( 'NONE', *, *, #5304, .F. ) ;
#448 =( GEOMETRIC_REPRESENTATION_CONTEXT ( 3 ) GLOBAL_UNCERTAINTY_ASSIGNED_CONTEXT ( ( #1383 ) ) GLOBAL_UNIT_ASSIGNED_CONTEXT ( ( #4199, #4275, #6513 ) ) REPRESENTATION_CONTEXT ( 'NONE', 'WORKASPACE' ) );
#449 = CARTESIAN_POINT ( 'NONE',  ( 1.079636577748751991, 1.000000000000000222, -1.874776987338887313 ) ) ;
#450 = DIRECTION ( 'NONE',  ( -2.891205793294678326E-16, 1.000000000000000000, 0.000000000000000000 ) ) ;
#451 = ORIENTED_EDGE ( 'NONE', *, *, #4330, .T. ) ;
#452 = CARTESIAN_POINT ( 'NONE',  ( -1.457424832593896769, 1.000000000000000000, -1.516163720631590550 ) ) ;
#453 = DIRECTION ( 'NONE',  ( -0.000000000000000000, 1.000000000000000000, -0.000000000000000000 ) ) ;
#454 = EDGE_CURVE ( 'NONE', #5376, #6863, #952, .T. ) ;
#455 = ORIENTED_EDGE ( 'NONE', *, *, #3159, .F. ) ;
#456 =( GEOMETRIC_REPRESENTATION_CONTEXT ( 3 ) GLOBAL_UNCERTAINTY_ASSIGNED_CONTEXT ( ( #936 ) ) GLOBAL_UNIT_ASSIGNED_CONTEXT ( ( #2368, #1240, #139 ) ) REPRESENTATION_CONTEXT ( 'NONE', 'WORKASPACE' ) );
#457 = FACE_OUTER_BOUND ( 'NONE', #2901, .T. ) ;
#458 = DIRECTION ( 'NONE',  ( -0.000000000000000000, 1.000000000000000000, -0.000000000000000000 ) ) ;
#459 = ORIENTED_EDGE ( 'NONE', *, *, #3847, .T. ) ;
#460 = CARTESIAN_POINT ( 'NONE',  ( -4.500000000000000000, 4.000000000000000000, 0.1300000000000016420 ) ) ;
#461 = FILL_AREA_STYLE ('',( #6694 ) ) ;
#462 = FILL_AREA_STYLE ('',( #6657 ) ) ;
#463 = CARTESIAN_POINT ( 'NONE',  ( 4.042067307692308376, 0.9799999999999999822, -2.509134615384615241 ) ) ;
#464 = ORIENTED_EDGE ( 'NONE', *, *, #1583, .T. ) ;
#465 = COLOUR_RGB ( '',0.8980392156862745390, 0.8980392156862745390, 0.8980392156862745390 ) ;
#466 = DIRECTION ( 'NONE',  ( -1.000000000000000000, 0.000000000000000000, 0.000000000000000000 ) ) ;
#467 = EDGE_CURVE ( 'NONE', #2723, #4277, #376, .T. ) ;
#468 = CARTESIAN_POINT ( 'NONE',  ( 3.619446054768474141, 0.9799999999999997602, -1.691769527411228990 ) ) ;
#469 = DIRECTION ( 'NONE',  ( 0.000000000000000000, 0.000000000000000000, 1.000000000000000000 ) ) ;
#470 = CARTESIAN_POINT ( 'NONE',  ( -0.8346153846153844258, 0.9799999999999999822, -2.038461538461538325 ) ) ;
#471 =( LENGTH_UNIT ( ) NAMED_UNIT ( * ) SI_UNIT ( .MILLI., .METRE. ) );
#472 = CARTESIAN_POINT ( 'NONE',  ( -0.8346153846153844258, 1.000000000000000000, -1.838461538461538813 ) ) ;
#473 = CARTESIAN_POINT ( 'NONE',  ( 4.557692307692307487, 1.000000000000000000, -1.615865384615384759 ) ) ;
#474 = PRESENTATION_LAYER_ASSIGNMENT (  '', '', ( #4608 ) ) ;
#475 = DIRECTION ( 'NONE',  ( 1.000000000000000000, 0.000000000000000000, 0.000000000000000000 ) ) ;
#476 = LINE ( 'NONE', #2644, #4711 ) ;
#477 = ORIENTED_EDGE ( 'NONE', *, *, #5798, .T. ) ;
#478 = PRESENTATION_STYLE_ASSIGNMENT (( #1147 ) ) ;
#479 = CARTESIAN_POINT ( 'NONE',  ( 1.025275518432263278, 0.9999999999999988898, -1.800847901605126866 ) ) ;
#480 =( NAMED_UNIT ( * ) SI_UNIT ( $, .STERADIAN. ) SOLID_ANGLE_UNIT ( ) );
#481 = EDGE_LOOP ( 'NONE', ( #1833, #5075, #5308, #627 ) ) ;
#482 =( NAMED_UNIT ( * ) PLANE_ANGLE_UNIT ( ) SI_UNIT ( $, .RADIAN. ) );
#483 = CARTESIAN_POINT ( 'NONE',  ( -1.473030951027076263, 1.000000000000000222, -2.448142915585495238 ) ) ;
#484 = CARTESIAN_POINT ( 'NONE',  ( 3.164015483288966202, 0.9799999999999995381, -2.333958209892104119 ) ) ;
#485 = CARTESIAN_POINT ( 'NONE',  ( -1.149975952309855831, 1.000000000000000444, -1.721786789765165304 ) ) ;
#486 = DIRECTION ( 'NONE',  ( 0.000000000000000000, 0.000000000000000000, 1.000000000000000000 ) ) ;
#487 = CARTESIAN_POINT ( 'NONE',  ( -1.276749514531589469, 1.000000000000000000, -1.971100086655241945 ) ) ;
#488 = VERTEX_POINT ( 'NONE', #3306 ) ;
#489 = FACE_OUTER_BOUND ( 'NONE', #1591, .T. ) ;
#490 = ADVANCED_FACE ( 'NONE', ( #7139 ), #3267, .F. ) ;
#491 = CARTESIAN_POINT ( 'NONE',  ( 3.103434768602589600, 0.9799999999999997602, -2.021573809846368253 ) ) ;
#492 = CARTESIAN_POINT ( 'NONE',  ( -1.491891759901975645, 0.9800000000000002043, -1.511097518071223833 ) ) ;
#493 = ORIENTED_EDGE ( 'NONE', *, *, #6524, .T. ) ;
#494 = CARTESIAN_POINT ( 'NONE',  ( 0.9997862177488706648, 0.9800000000000002043, -1.531035498969075537 ) ) ;
#495 = UNCERTAINTY_MEASURE_WITH_UNIT (LENGTH_MEASURE( 1.000000000000000082E-05 ), #4941, 'distance_accuracy_value', 'NONE');
#496 = CARTESIAN_POINT ( 'NONE',  ( 3.254277636769286719, 0.9799999999999997602, -1.777966607290277556 ) ) ;
#497 = LINE ( 'NONE', #1131, #3193 ) ;
#498 = VERTEX_POINT ( 'NONE', #3230 ) ;
#499 = COLOUR_RGB ( '',1.000000000000000000, 1.000000000000000000, 1.000000000000000000 ) ;
#500 = CARTESIAN_POINT ( 'NONE',  ( 3.844445326766584348, 0.9799999999999999822, -1.848241363120863179 ) ) ;
#501 = DIRECTION ( 'NONE',  ( 0.000000000000000000, 0.000000000000000000, 1.000000000000000000 ) ) ;
#502 = CARTESIAN_POINT ( 'NONE',  ( 4.401103502017422286, 0.9800000000000002043, -1.744749512889310905 ) ) ;
#503 = SURFACE_STYLE_USAGE ( .BOTH. , #2166 ) ;
#504 = CARTESIAN_POINT ( 'NONE',  ( 4.519751214554742269, 0.9800000000000002043, -1.522546610324669647 ) ) ;
#505 = PRESENTATION_LAYER_ASSIGNMENT (  '', '', ( #6708 ) ) ;
#506 = CARTESIAN_POINT ( 'NONE',  ( 2.945590487330685736, 0.9999999999999997780, -1.819609935538453627 ) ) ;
#507 = ADVANCED_FACE ( 'NONE', ( #5537 ), #2137, .T. ) ;
#508 = AXIS2_PLACEMENT_3D ( 'NONE', #2487, #1946, #716 ) ;
#509 = CARTESIAN_POINT ( 'NONE',  ( 3.011643429381113624, 1.000000000000000444, -1.710844610477147310 ) ) ;
#510 = CARTESIAN_POINT ( 'NONE',  ( 1.249999999999999778, 0.02000000000000000042, -4.529999999999998472 ) ) ;
#511 = SURFACE_SIDE_STYLE ('',( #1662 ) ) ;
#512 = DIRECTION ( 'NONE',  ( 1.000000000000000000, 0.000000000000000000, 0.000000000000000000 ) ) ;
#513 = EDGE_LOOP ( 'NONE', ( #5237, #2595 ) ) ;
#514 = FILL_AREA_STYLE ('',( #6151 ) ) ;
#515 = CIRCLE ( 'NONE', #3701, 0.9699999999999999734 ) ;
#516 = CARTESIAN_POINT ( 'NONE',  ( 5.999999999999998224, 1.000000000000000000, 6.830000000000001847 ) ) ;
#517 = LINE ( 'NONE', #2824, #175 ) ;
#518 = EDGE_LOOP ( 'NONE', ( #6257, #3995, #1675, #6673 ) ) ;
#519 = CARTESIAN_POINT ( 'NONE',  ( -1.788461538461538769, 0.9799999999999999822, -2.484615384615384670 ) ) ;
#520 = STYLED_ITEM ( 'NONE', ( #1148 ), #2876 ) ;
#521 = CARTESIAN_POINT ( 'NONE',  ( -1.555393105096329887, 0.9799999999999997602, -2.471993520198598748 ) ) ;
#522 = SURFACE_SIDE_STYLE ('',( #965 ) ) ;
#523 = LINE ( 'NONE', #5021, #4483 ) ;
#524 = CARTESIAN_POINT ( 'NONE',  ( 3.103175421058802286, 0.9799999999999999822, -2.188189186959482946 ) ) ;
#525 = EDGE_CURVE ( 'NONE', #2584, #6697, #1186, .T. ) ;
#526 = EDGE_LOOP ( 'NONE', ( #2515, #3206, #4233, #562 ) ) ;
#527 = CARTESIAN_POINT ( 'NONE',  ( 3.782792451937194489, 1.000000000000000000, -2.687644723142706304 ) ) ;
#528 = VERTEX_POINT ( 'NONE', #654 ) ;
#529 = CARTESIAN_POINT ( 'NONE',  ( 1.084874305107383474, 0.9800000000000002043, -1.569766635114264508 ) ) ;
#530 = CARTESIAN_POINT ( 'NONE',  ( 2.901789926795229402, 0.9799999999999999822, -1.938156654545170277 ) ) ;
#531 = DIRECTION ( 'NONE',  ( 1.000000000000000000, 0.000000000000000000, -0.000000000000000000 ) ) ;
#532 = EDGE_CURVE ( 'NONE', #4883, #4310, #3419, .T. ) ;
#533 = ORIENTED_EDGE ( 'NONE', *, *, #4515, .T. ) ;
#534 = UNCERTAINTY_MEASURE_WITH_UNIT (LENGTH_MEASURE( 1.000000000000000082E-05 ), #6765, 'distance_accuracy_value', 'NONE');
#535 = CARTESIAN_POINT ( 'NONE',  ( -1.512367334036130773, 0.9999999999999997780, -2.461461006307791521 ) ) ;
#536 =( LENGTH_UNIT ( ) NAMED_UNIT ( * ) SI_UNIT ( .MILLI., .METRE. ) );
#537 = CARTESIAN_POINT ( 'NONE',  ( 3.750000000000000000, 0.9799999999999999822, -4.529999999999998472 ) ) ;
#538 = DIRECTION ( 'NONE',  ( -0.000000000000000000, 1.000000000000000000, -0.000000000000000000 ) ) ;
#539 = CARTESIAN_POINT ( 'NONE',  ( 0.7163461538461535216, 1.000000000000000000, -1.715384615384615508 ) ) ;
#540 = PLANE ( 'NONE',  #1937 ) ;
#541 = CARTESIAN_POINT ( 'NONE',  ( 3.484622394150776792, 0.9799999999999999822, -1.469861727239917037 ) ) ;
#542 = DIRECTION ( 'NONE',  ( 0.000000000000000000, 0.000000000000000000, -1.000000000000000000 ) ) ;
#543 = EDGE_CURVE ( 'NONE', #5507, #927, #2851, .T. ) ;
#544 = PLANE ( 'NONE',  #6719 ) ;
#545 = VERTEX_POINT ( 'NONE', #2775 ) ;
#546 = FACE_BOUND ( 'NONE', #1119, .T. ) ;
#547 = CARTESIAN_POINT ( 'NONE',  ( -1.112743867665098252, 1.000000000000000000, -2.387187630493925905 ) ) ;
#548 = ORIENTED_EDGE ( 'NONE', *, *, #1711, .T. ) ;
#549 = VECTOR ( 'NONE', #5594, 1000.000000000000000 ) ;
#550 = CYLINDRICAL_SURFACE ( 'NONE', #1760, 0.9700000000000004174 ) ;
#551 = EDGE_CURVE ( 'NONE', #2830, #1709, #6779, .T. ) ;
#552 = CARTESIAN_POINT ( 'NONE',  ( 3.363803068830458987, 1.000000000000000444, -1.714784845176637207 ) ) ;
#553 = SURFACE_STYLE_FILL_AREA ( #1558 ) ;
#554 = CARTESIAN_POINT ( 'NONE',  ( 3.249999999999999556, 3.720000000000000195, 2.130000000000001670 ) ) ;
#555 = CARTESIAN_POINT ( 'NONE',  ( -1.184319659722932183, 1.000000000000000000, -1.675745577443358059 ) ) ;
#556 = COLOUR_RGB ( '',1.000000000000000000, 1.000000000000000000, 1.000000000000000000 ) ;
#557 = ORIENTED_EDGE ( 'NONE', *, *, #1150, .T. ) ;
#558 = CARTESIAN_POINT ( 'NONE',  ( 3.817067307692307843, 1.000000000000000000, -2.674038461538461586 ) ) ;
#559 = COLOUR_RGB ( '',1.000000000000000000, 1.000000000000000000, 1.000000000000000000 ) ;
#560 = EDGE_CURVE ( 'NONE', #1821, #2531, #5036, .T. ) ;
#561 = CARTESIAN_POINT ( 'NONE',  ( -1.264250834226337217, 0.9799999999999999822, -1.599821915657939408 ) ) ;
#562 = ORIENTED_EDGE ( 'NONE', *, *, #4610, .F. ) ;
#563 = FILL_AREA_STYLE_COLOUR ( '', #3779 ) ;
#564 = UNCERTAINTY_MEASURE_WITH_UNIT (LENGTH_MEASURE( 1.000000000000000082E-05 ), #6437, 'distance_accuracy_value', 'NONE');
#565 = CARTESIAN_POINT ( 'NONE',  ( 0.000000000000000000, 0.000000000000000000, 2.130000000000001670 ) ) ;
#566 = CARTESIAN_POINT ( 'NONE',  ( 2.928245464473052451, 0.9799999999999997602, -1.858382667498173380 ) ) ;
#567 = VECTOR ( 'NONE', #2663, 1000.000000000000000 ) ;
#568 = ORIENTED_EDGE ( 'NONE', *, *, #5235, .T. ) ;
#569 = VECTOR ( 'NONE', #1598, 1000.000000000000000 ) ;
#570 = DIRECTION ( 'NONE',  ( 1.000000000000000000, 0.000000000000000000, 0.000000000000000000 ) ) ;
#571 = SURFACE_SIDE_STYLE ('',( #3895 ) ) ;
#572 = CARTESIAN_POINT ( 'NONE',  ( 1.111893512740157464, 1.000000000000000000, -2.220088008521744705 ) ) ;
#573 = AXIS2_PLACEMENT_3D ( 'NONE', #441, #3157, #6636 ) ;
#574 = CARTESIAN_POINT ( 'NONE',  ( 1.331837243046398056, 1.000000000000000000, -1.950651688228985492 ) ) ;
#575 = CARTESIAN_POINT ( 'NONE',  ( 2.965424378310326681, 1.000000000000000222, -1.781743301469564944 ) ) ;
#576 = PRESENTATION_LAYER_ASSIGNMENT (  '', '', ( #3762 ) ) ;
#577 = DIRECTION ( 'NONE',  ( -0.000000000000000000, -1.000000000000000000, -0.000000000000000000 ) ) ;
#578 = PRODUCT ( 'USB-C connector', 'USB-C connector', '', ( #5620 ) ) ;
#579 = DIRECTION ( 'NONE',  ( -0.000000000000000000, 1.000000000000000000, -0.000000000000000000 ) ) ;
#580 = SURFACE_STYLE_FILL_AREA ( #4614 ) ;
#581 = PLANE ( 'NONE',  #3880 ) ;
#582 = ADVANCED_FACE ( 'NONE', ( #1804 ), #1262, .F. ) ;
#583 = MECHANICAL_DESIGN_GEOMETRIC_PRESENTATION_REPRESENTATION (  '', ( #933 ), #1066 ) ;
#584 = VECTOR ( 'NONE', #4220, 1000.000000000000000 ) ;
#585 = FILL_AREA_STYLE ('',( #4086 ) ) ;
#586 = ORIENTED_EDGE ( 'NONE', *, *, #5954, .T. ) ;
#587 = DIRECTION ( 'NONE',  ( -0.000000000000000000, 1.000000000000000000, -0.000000000000000000 ) ) ;
#588 = CARTESIAN_POINT ( 'NONE',  ( 3.817067307692307843, 0.9799999999999999822, -2.674038461538461586 ) ) ;
#589 = ORIENTED_EDGE ( 'NONE', *, *, #236, .T. ) ;
#590 = CIRCLE ( 'NONE', #2589, 0.4999999999999995559 ) ;
#591 = DIRECTION ( 'NONE',  ( 1.000000000000000000, 0.000000000000000000, 0.000000000000000000 ) ) ;
#592 = CARTESIAN_POINT ( 'NONE',  ( 3.254277636769286719, 0.9999999999999997780, -1.777966607290277556 ) ) ;
#593 = SURFACE_STYLE_FILL_AREA ( #1198 ) ;
#594 = CARTESIAN_POINT ( 'NONE',  ( -1.184319659722932183, 0.9799999999999997602, -1.675745577443358059 ) ) ;
#595 = CARTESIAN_POINT ( 'NONE',  ( 3.103175421058802286, 1.000000000000000000, -2.188189186959482946 ) ) ;
#596 = EDGE_CURVE ( 'NONE', #5926, #4988, #6147, .T. ) ;
#597 = EDGE_LOOP ( 'NONE', ( #2933, #1043, #2554, #2858, #5729, #892 ) ) ;
#598 = EDGE_CURVE ( 'NONE', #429, #3180, #5598, .T. ) ;
#599 = PLANE ( 'NONE',  #120 ) ;
#600 = ORIENTED_EDGE ( 'NONE', *, *, #1742, .F. ) ;
#601 = CARTESIAN_POINT ( 'NONE',  ( 0.9652261901059716598, 1.000000000000000222, -1.521688114730937569 ) ) ;
#602 = VECTOR ( 'NONE', #4313, 1000.000000000000000 ) ;
#603 = CARTESIAN_POINT ( 'NONE',  ( 2.326923076923076650, 0.9799999999999999822, -2.176923076923077183 ) ) ;
#604 = SURFACE_STYLE_FILL_AREA ( #2160 ) ;
#605 = ORIENTED_EDGE ( 'NONE', *, *, #7179, .T. ) ;
#606 = SURFACE_SIDE_STYLE ('',( #4075 ) ) ;
#607 = PRESENTATION_STYLE_ASSIGNMENT (( #2239 ) ) ;
#608 = PLANE ( 'NONE',  #4268 ) ;
#609 = PRESENTATION_LAYER_ASSIGNMENT (  '', '', ( #278 ) ) ;
#610 = CARTESIAN_POINT ( 'NONE',  ( 4.376382509346844252, 0.9800000000000002043, -1.493416868254552776 ) ) ;
#611 = CARTESIAN_POINT ( 'NONE',  ( 1.819230769230768985, 1.000000000000000000, -2.176923076923077183 ) ) ;
#612 = CARTESIAN_POINT ( 'NONE',  ( -1.416869283557318893, 0.9799999999999999822, -1.761478196617771275 ) ) ;
#613 = CARTESIAN_POINT ( 'NONE',  ( 3.065935790692007501, 0.9999999999999997780, -1.648631775012778578 ) ) ;
#614 =( LENGTH_UNIT ( ) NAMED_UNIT ( * ) SI_UNIT ( .MILLI., .METRE. ) );
#615 = ORIENTED_EDGE ( 'NONE', *, *, #4218, .F. ) ;
#616 = CARTESIAN_POINT ( 'NONE',  ( 3.312775914451927761, 1.000000000000000000, -1.500410324788477245 ) ) ;
#617 =( LENGTH_UNIT ( ) NAMED_UNIT ( * ) SI_UNIT ( .MILLI., .METRE. ) );
#618 = SURFACE_SIDE_STYLE ('',( #6263 ) ) ;
#619 =( GEOMETRIC_REPRESENTATION_CONTEXT ( 3 ) GLOBAL_UNCERTAINTY_ASSIGNED_CONTEXT ( ( #1749 ) ) GLOBAL_UNIT_ASSIGNED_CONTEXT ( ( #4655, #1887, #6971 ) ) REPRESENTATION_CONTEXT ( 'NONE', 'WORKASPACE' ) );
#620 = CARTESIAN_POINT ( 'NONE',  ( 3.038221153846154543, 0.9799999999999999822, -2.520913461538461409 ) ) ;
#621 = ORIENTED_EDGE ( 'NONE', *, *, #883, .F. ) ;
#622 = PLANE ( 'NONE',  #3269 ) ;
#623 = DIRECTION ( 'NONE',  ( 0.000000000000000000, 0.000000000000000000, 1.000000000000000000 ) ) ;
#624 = PRESENTATION_LAYER_ASSIGNMENT (  '', '', ( #5888 ) ) ;
#625 = CARTESIAN_POINT ( 'NONE',  ( -1.732451923076923528, 1.000000000000000222, -2.700000000000000622 ) ) ;
#626 = EDGE_CURVE ( 'NONE', #6470, #5133, #3986, .T. ) ;
#627 = ORIENTED_EDGE ( 'NONE', *, *, #3171, .F. ) ;
#628 = DIRECTION ( 'NONE',  ( -0.000000000000000000, -0.000000000000000000, 1.000000000000000000 ) ) ;
#629 = VECTOR ( 'NONE', #3373, 1000.000000000000000 ) ;
#630 = CARTESIAN_POINT ( 'NONE',  ( 3.530288461538461764, 0.9799999999999999822, -1.469230769230769562 ) ) ;
#631 =( GEOMETRIC_REPRESENTATION_CONTEXT ( 3 ) GLOBAL_UNCERTAINTY_ASSIGNED_CONTEXT ( ( #4920 ) ) GLOBAL_UNIT_ASSIGNED_CONTEXT ( ( #6663, #7098, #3752 ) ) REPRESENTATION_CONTEXT ( 'NONE', 'WORKASPACE' ) );
#632 = CARTESIAN_POINT ( 'NONE',  ( 1.249999999999999778, 0.9799999999999999822, -4.529999999999998472 ) ) ;
#633 = DIRECTION ( 'NONE',  ( 0.000000000000000000, 0.000000000000000000, 1.000000000000000000 ) ) ;
#634 = CARTESIAN_POINT ( 'NONE',  ( 0.7926476023509049229, 0.9799999999999999822, -1.717703355273921817 ) ) ;
#635 = ORIENTED_EDGE ( 'NONE', *, *, #5447, .T. ) ;
#636 =( GEOMETRIC_REPRESENTATION_CONTEXT ( 3 ) GLOBAL_UNCERTAINTY_ASSIGNED_CONTEXT ( ( #4562 ) ) GLOBAL_UNIT_ASSIGNED_CONTEXT ( ( #3514, #4596, #2413 ) ) REPRESENTATION_CONTEXT ( 'NONE', 'WORKASPACE' ) );
#637 = CARTESIAN_POINT ( 'NONE',  ( 2.901934368276701814, 0.9799999999999999822, -2.276276798882549635 ) ) ;
#638 = LINE ( 'NONE', #1787, #1292 ) ;
#639 = EDGE_LOOP ( 'NONE', ( #1166, #2415, #1514, #3012 ) ) ;
#640 = UNCERTAINTY_MEASURE_WITH_UNIT (LENGTH_MEASURE( 1.000000000000000082E-05 ), #1659, 'distance_accuracy_value', 'NONE');
#641 = EDGE_CURVE ( 'NONE', #4824, #2939, #2286, .T. ) ;
#642 =( GEOMETRIC_REPRESENTATION_CONTEXT ( 3 ) GLOBAL_UNCERTAINTY_ASSIGNED_CONTEXT ( ( #3961 ) ) GLOBAL_UNIT_ASSIGNED_CONTEXT ( ( #4976, #2823, #1117 ) ) REPRESENTATION_CONTEXT ( 'NONE', 'WORKASPACE' ) );
#643 =( NAMED_UNIT ( * ) SI_UNIT ( $, .STERADIAN. ) SOLID_ANGLE_UNIT ( ) );
#644 =( NAMED_UNIT ( * ) PLANE_ANGLE_UNIT ( ) SI_UNIT ( $, .RADIAN. ) );
#645 = VERTEX_POINT ( 'NONE', #4085 ) ;
#646 = CARTESIAN_POINT ( 'NONE',  ( -1.788461538461538769, 1.000000000000000000, -2.484615384615384670 ) ) ;
#647 = SURFACE_STYLE_FILL_AREA ( #2278 ) ;
#648 = CARTESIAN_POINT ( 'NONE',  ( 0.6639423076923075540, 1.000000000000000222, -1.500000000000000444 ) ) ;
#649 = CARTESIAN_POINT ( 'NONE',  ( 3.534615384615384936, 1.000000000000000000, -1.684615384615384848 ) ) ;
#650 = CARTESIAN_POINT ( 'NONE',  ( -1.301563632655905467, 0.9799999999999997602, -1.897005307203841085 ) ) ;
#651 = CARTESIAN_POINT ( 'NONE',  ( -1.369554585983983941, 1.000000000000000000, -2.379294192103029726 ) ) ;
#652 = ORIENTED_EDGE ( 'NONE', *, *, #2225, .F. ) ;
#653 = CARTESIAN_POINT ( 'NONE',  ( 3.234456676654614338, 0.9799999999999997602, -1.531099216689704390 ) ) ;
#654 = CARTESIAN_POINT ( 'NONE',  ( -1.249999999999999778, 0.9799999999999999822, -5.029999999999998472 ) ) ;
#655 = DIRECTION ( 'NONE',  ( 0.000000000000000000, 0.000000000000000000, 1.000000000000000000 ) ) ;
#656 = EDGE_CURVE ( 'NONE', #3843, #1212, #6298, .T. ) ;
#657 = SURFACE_STYLE_USAGE ( .BOTH. , #3423 ) ;
#658 = VERTEX_POINT ( 'NONE', #5043 ) ;
#659 = LINE ( 'NONE', #4212, #5488 ) ;
#660 =( NAMED_UNIT ( * ) SI_UNIT ( $, .STERADIAN. ) SOLID_ANGLE_UNIT ( ) );
#661 = CARTESIAN_POINT ( 'NONE',  ( -1.200390662830817856, 1.000000000000000000, -2.522308471146830211 ) ) ;
#662 = ORIENTED_EDGE ( 'NONE', *, *, #7179, .F. ) ;
#663 =( LENGTH_UNIT ( ) NAMED_UNIT ( * ) SI_UNIT ( .MILLI., .METRE. ) );
#664 = PLANE ( 'NONE',  #3774 ) ;
#665 = DIRECTION ( 'NONE',  ( 1.705346667900922976E-13, 1.000000000000000000, -3.393094848333460082E-13 ) ) ;
#666 = CARTESIAN_POINT ( 'NONE',  ( -4.058413461538461497, 0.9799999999999999822, -2.700000000000000178 ) ) ;
#667 = LINE ( 'NONE', #4661, #1865 ) ;
#668 = ORIENTED_EDGE ( 'NONE', *, *, #2225, .T. ) ;
#669 =( GEOMETRIC_REPRESENTATION_CONTEXT ( 3 ) GLOBAL_UNCERTAINTY_ASSIGNED_CONTEXT ( ( #213 ) ) GLOBAL_UNIT_ASSIGNED_CONTEXT ( ( #7158, #5449, #2558 ) ) REPRESENTATION_CONTEXT ( 'NONE', 'WORKASPACE' ) );
#670 = PRESENTATION_LAYER_ASSIGNMENT (  '', '', ( #4682 ) ) ;
#671 = DIRECTION ( 'NONE',  ( -0.5773502691896251759, 0.5773502691896270633, 0.5773502691896250649 ) ) ;
#672 = ORIENTED_EDGE ( 'NONE', *, *, #4498, .F. ) ;
#673 = SURFACE_STYLE_FILL_AREA ( #3546 ) ;
#674 = EDGE_CURVE ( 'NONE', #862, #645, #4544, .T. ) ;
#675 = CARTESIAN_POINT ( 'NONE',  ( 4.426923076923076295, 0.9799999999999999822, -1.484615384615384892 ) ) ;
#676 = CARTESIAN_POINT ( 'NONE',  ( 4.126923076923076472, 0.9799999999999999822, -2.064182692307692246 ) ) ;
#677 = CARTESIAN_POINT ( 'NONE',  ( 3.096087054879838707, 0.9799999999999997602, -1.620870501929022378 ) ) ;
#678 =( NAMED_UNIT ( * ) SI_UNIT ( $, .STERADIAN. ) SOLID_ANGLE_UNIT ( ) );
#679 =( GEOMETRIC_REPRESENTATION_CONTEXT ( 3 ) GLOBAL_UNCERTAINTY_ASSIGNED_CONTEXT ( ( #3129 ) ) GLOBAL_UNIT_ASSIGNED_CONTEXT ( ( #1029, #5461, #5499 ) ) REPRESENTATION_CONTEXT ( 'NONE', 'WORKASPACE' ) );
#680 = ORIENTED_EDGE ( 'NONE', *, *, #656, .F. ) ;
#681 = EDGE_LOOP ( 'NONE', ( #357, #2764, #4241, #6386, #760, #3160 ) ) ;
#682 = FACE_OUTER_BOUND ( 'NONE', #3475, .T. ) ;
#683 =( GEOMETRIC_REPRESENTATION_CONTEXT ( 3 ) GLOBAL_UNCERTAINTY_ASSIGNED_CONTEXT ( ( #1006 ) ) GLOBAL_UNIT_ASSIGNED_CONTEXT ( ( #5451, #5028, #3254 ) ) REPRESENTATION_CONTEXT ( 'NONE', 'WORKASPACE' ) );
#684 = CARTESIAN_POINT ( 'NONE',  ( 1.128056858081354363, 0.9799999999999999822, -1.599821915657939408 ) ) ;
#685 =( LENGTH_UNIT ( ) NAMED_UNIT ( * ) SI_UNIT ( .MILLI., .METRE. ) );
#686 = CARTESIAN_POINT ( 'NONE',  ( 3.445785435729310286, 1.000000000000000000, -1.691571826960297065 ) ) ;
#687 = CARTESIAN_POINT ( 'NONE',  ( -2.003846153846154277, 0.9799999999999999822, -1.500000000000000222 ) ) ;
#688 = CARTESIAN_POINT ( 'NONE',  ( 3.756575016775431930, 0.9799999999999997602, -2.452437633756392010 ) ) ;
#689 = ORIENTED_EDGE ( 'NONE', *, *, #2304, .T. ) ;
#690 = ADVANCED_FACE ( 'NONE', ( #3377 ), #6196, .T. ) ;
#691 = UNCERTAINTY_MEASURE_WITH_UNIT (LENGTH_MEASURE( 1.000000000000000082E-05 ), #685, 'distance_accuracy_value', 'NONE');
#692 = CARTESIAN_POINT ( 'NONE',  ( -3.150000000000001688, 2.199999999999998845, -8.655624622074400421 ) ) ;
#693 = MECHANICAL_DESIGN_GEOMETRIC_PRESENTATION_REPRESENTATION (  '', ( #1407 ), #809 ) ;
#694 =( LENGTH_UNIT ( ) NAMED_UNIT ( * ) SI_UNIT ( .MILLI., .METRE. ) );
#695 = VERTEX_POINT ( 'NONE', #2696 ) ;
#696 = CYLINDRICAL_SURFACE ( 'NONE', #1401, 0.5000000000000004441 ) ;
#697 = FILL_AREA_STYLE ('',( #132 ) ) ;
#698 = SURFACE_STYLE_USAGE ( .BOTH. , #1405 ) ;
#699 = VERTEX_POINT ( 'NONE', #2598 ) ;
#700 = COLOUR_RGB ( '',1.000000000000000000, 1.000000000000000000, 1.000000000000000000 ) ;
#701 = CARTESIAN_POINT ( 'NONE',  ( 3.061607105138693274, 0.9800000000000002043, -2.546550300644570886 ) ) ;
#702 = B_SPLINE_SURFACE_WITH_KNOTS ( 'NONE', 3, 1, ( 
 ( #2749, #625 ),
 ( #60, #4619 ),
 ( #2292, #5015 ),
 ( #4550, #6753 ),
 ( #6714, #3985 ),
 ( #2254, #1702 ),
 ( #3311, #2857 ),
 ( #1149, #5123 ),
 ( #96, #3907 ),
 ( #2323, #3950 ),
 ( #6153, #1233 ),
 ( #4579, #1777 ),
 ( #1812, #7219 ),
 ( #2784, #2890 ),
 ( #4023, #661 ),
 ( #6118, #5159 ),
 ( #6823, #4059 ),
 ( #1078, #6677 ),
 ( #5578, #547 ),
 ( #5052, #172 ),
 ( #2471, #2430 ),
 ( #3499, #2398 ),
 ( #6421, #843 ),
 ( #4090, #4687 ),
 ( #2932, #5258 ),
 ( #4769, #3082 ),
 ( #4731, #5864 ) ),
 .UNSPECIFIED., .F., .F., .F.,
 ( 4, 1, 1, 1, 1, 1, 1, 1, 1, 1, 1, 1, 1, 1, 1, 1, 1, 1, 1, 1, 1, 1, 1, 1, 4 ),
 ( 2, 2 ),
 ( 0.000000000000000000, 0.06014816166126854546, 0.1162670765768876596, 0.1686539552437568146, 0.2173989688871080794, 0.2624335227296114570, 0.3039327010691181274, 0.3422599668369525339, 0.3774413393780561288, 0.4114060993619980122, 0.4453983512867531469, 0.4797663873881683472, 0.5145844824148773089, 0.5502136512238752220, 0.5870009077288665944, 0.6246629869919994027, 0.6636154560171262373, 0.7034564283616511204, 0.7434501619923126192, 0.7840133859909412806, 0.8251325358492278550, 0.8672646628279302439, 0.9103064731819361377, 0.9544242045465899382, 1.000000000000000000 ),
 ( 0.000000000000000000, 1.000000000000000000 ),
 .UNSPECIFIED. ) ;
#703 = CARTESIAN_POINT ( 'NONE',  ( -1.966666666666668117, 3.383333333333335968, 8.513333333333333641 ) ) ;
#704 = CARTESIAN_POINT ( 'NONE',  ( 3.249999999999999556, 2.250000000000000444, 0.1300000000000016420 ) ) ;
#705 =( LENGTH_UNIT ( ) NAMED_UNIT ( * ) SI_UNIT ( .MILLI., .METRE. ) );
#706 = SURFACE_SIDE_STYLE ('',( #5165 ) ) ;
#707 = STYLED_ITEM ( 'NONE', ( #416 ), #5652 ) ;
#708 = EDGE_LOOP ( 'NONE', ( #195, #6832, #6642, #6658 ) ) ;
#709 = VECTOR ( 'NONE', #538, 1000.000000000000000 ) ;
#710 = SURFACE_SIDE_STYLE ('',( #4629 ) ) ;
#711 = DIRECTION ( 'NONE',  ( -0.000000000000000000, 0.000000000000000000, 1.000000000000000000 ) ) ;
#712 = ORIENTED_EDGE ( 'NONE', *, *, #207, .T. ) ;
#713 = UNCERTAINTY_MEASURE_WITH_UNIT (LENGTH_MEASURE( 1.000000000000000082E-05 ), #536, 'distance_accuracy_value', 'NONE');
#714 = CARTESIAN_POINT ( 'NONE',  ( 0.3884615384615382472, 0.9799999999999999822, -2.700000000000000178 ) ) ;
#715 = CARTESIAN_POINT ( 'NONE',  ( 3.562861089186312835, 0.9799999999999999822, -2.730174226218879063 ) ) ;
#716 = DIRECTION ( 'NONE',  ( -1.000000000000000000, 0.000000000000000000, 0.000000000000000000 ) ) ;
#717 = DIRECTION ( 'NONE',  ( -0.000000000000000000, 1.000000000000000000, -0.000000000000000000 ) ) ;
#718 = EDGE_CURVE ( 'NONE', #3704, #4394, #5055, .T. ) ;
#719 = ORIENTED_EDGE ( 'NONE', *, *, #1779, .T. ) ;
#720 = DIRECTION ( 'NONE',  ( 0.000000000000000000, 0.000000000000000000, 1.000000000000000000 ) ) ;
#721 = CARTESIAN_POINT ( 'NONE',  ( 4.548775608636707268, 1.000000000000000000, -1.565212834791893659 ) ) ;
#722 = CARTESIAN_POINT ( 'NONE',  ( -1.176087290245647621, 1.000000000000000000, -2.492125098472680378 ) ) ;
#723 = DIRECTION ( 'NONE',  ( 1.734723475976806897E-15, -1.000000000000000000, 0.000000000000000000 ) ) ;
#724 = DIRECTION ( 'NONE',  ( -0.000000000000000000, 1.000000000000000000, -0.000000000000000000 ) ) ;
#725 = ORIENTED_EDGE ( 'NONE', *, *, #3054, .T. ) ;
#726 = ORIENTED_EDGE ( 'NONE', *, *, #5560, .F. ) ;
#727 = FILL_AREA_STYLE_COLOUR ( '', #344 ) ;
#728 = LINE ( 'NONE', #3684, #2012 ) ;
#729 = EDGE_CURVE ( 'NONE', #2439, #5882, #6631, .T. ) ;
#730 = CARTESIAN_POINT ( 'NONE',  ( 3.149999999999998135, 2.400000000000003020, 7.530000000000002025 ) ) ;
#731 = ORIENTED_EDGE ( 'NONE', *, *, #3700, .T. ) ;
#732 = CARTESIAN_POINT ( 'NONE',  ( 4.557263080077145645, 0.9799999999999997602, -1.624654553300008741 ) ) ;
#733 =( GEOMETRIC_REPRESENTATION_CONTEXT ( 3 ) GLOBAL_UNCERTAINTY_ASSIGNED_CONTEXT ( ( #3741 ) ) GLOBAL_UNIT_ASSIGNED_CONTEXT ( ( #1035, #5277, #480 ) ) REPRESENTATION_CONTEXT ( 'NONE', 'WORKASPACE' ) );
#734 = CARTESIAN_POINT ( 'NONE',  ( -4.288461538461538325, 0.9799999999999999822, -2.700000000000000178 ) ) ;
#735 = DIRECTION ( 'NONE',  ( 0.000000000000000000, 3.393094848333460082E-13, 1.000000000000000000 ) ) ;
#736 = COLOUR_RGB ( '',1.000000000000000000, 1.000000000000000000, 1.000000000000000000 ) ;
#737 = PLANE ( 'NONE',  #4097 ) ;
#738 = PRESENTATION_LAYER_ASSIGNMENT (  '', '', ( #4756 ) ) ;
#739 = ORIENTED_EDGE ( 'NONE', *, *, #4261, .F. ) ;
#740 =( GEOMETRIC_REPRESENTATION_CONTEXT ( 3 ) GLOBAL_UNCERTAINTY_ASSIGNED_CONTEXT ( ( #834 ) ) GLOBAL_UNIT_ASSIGNED_CONTEXT ( ( #4961, #4308, #938 ) ) REPRESENTATION_CONTEXT ( 'NONE', 'WORKASPACE' ) );
#741 = CARTESIAN_POINT ( 'NONE',  ( 1.079636577748751991, 0.9800000000000002043, -1.874776987338887313 ) ) ;
#742 = ORIENTED_EDGE ( 'NONE', *, *, #4743, .F. ) ;
#743 = FACE_OUTER_BOUND ( 'NONE', #1355, .T. ) ;
#744 = CARTESIAN_POINT ( 'NONE',  ( 4.418217899903063461, 1.000000000000000222, -1.485061775287022323 ) ) ;
#745 = EDGE_CURVE ( 'NONE', #2365, #4310, #1807, .T. ) ;
#746 = CARTESIAN_POINT ( 'NONE',  ( 3.526923076923077272, 1.000000000000000000, -2.115384615384615419 ) ) ;
#747 = STYLED_ITEM ( 'NONE', ( #1250 ), #2590 ) ;
#748 = CARTESIAN_POINT ( 'NONE',  ( 3.903103682113091555, 0.9799999999999999822, -2.628478880582843846 ) ) ;
#749 = FILL_AREA_STYLE ('',( #188 ) ) ;
#750 = VERTEX_POINT ( 'NONE', #4452 ) ;
#751 = DIRECTION ( 'NONE',  ( -0.000000000000000000, 0.000000000000000000, 1.000000000000000000 ) ) ;
#752 = DIRECTION ( 'NONE',  ( -0.000000000000000000, 1.000000000000000000, -0.000000000000000000 ) ) ;
#753 = PRESENTATION_LAYER_ASSIGNMENT (  '', '', ( #76 ) ) ;
#754 = FILL_AREA_STYLE_COLOUR ( '', #6455 ) ;
#755 = DIRECTION ( 'NONE',  ( -1.000000000000000000, 0.000000000000000000, 0.000000000000000000 ) ) ;
#756 = EDGE_CURVE ( 'NONE', #4601, #844, #1579, .T. ) ;
#757 = FILL_AREA_STYLE ('',( #4718 ) ) ;
#758 = CARTESIAN_POINT ( 'NONE',  ( -1.292950469751111386, 1.000000000000000000, -2.259370600705898902 ) ) ;
#759 = ORIENTED_EDGE ( 'NONE', *, *, #6016, .T. ) ;
#760 = ORIENTED_EDGE ( 'NONE', *, *, #3134, .F. ) ;
#761 = CARTESIAN_POINT ( 'NONE',  ( 2.945590487330685736, 0.9799999999999997602, -1.819609935538453627 ) ) ;
#762 = CARTESIAN_POINT ( 'NONE',  ( 1.081000830734855089, 0.9999999999999993339, -2.617905310651771789 ) ) ;
#763 = FACE_OUTER_BOUND ( 'NONE', #3048, .T. ) ;
#764 = PLANE ( 'NONE',  #1940 ) ;
#765 = EDGE_CURVE ( 'NONE', #1792, #5507, #5003, .T. ) ;
#766 = ORIENTED_EDGE ( 'NONE', *, *, #1550, .T. ) ;
#767 = DIRECTION ( 'NONE',  ( 1.000000000000000000, 2.065146995210484695E-16, 0.000000000000000000 ) ) ;
#768 = CARTESIAN_POINT ( 'NONE',  ( -3.249999999999999556, 4.000000000000000000, 7.530000000000002025 ) ) ;
#769 = ORIENTED_EDGE ( 'NONE', *, *, #6835, .F. ) ;
#770 = CARTESIAN_POINT ( 'NONE',  ( 4.401103502017422286, 1.000000000000000222, -1.744749512889310905 ) ) ;
#771 = B_SPLINE_CURVE_WITH_KNOTS ( 'NONE', 3,
 ( #2898, #5167, #3587, #6200, #4664, #3473, #1824, #5131, #2866, #779, #1204, #1744, #5270, #6317, #4067, #1900, #3436, #741, #2482, #105, #209, #2440, #6275, #2332, #5727, #4591, #146 ),
 .UNSPECIFIED., .F., .F.,
 ( 4, 1, 1, 1, 1, 1, 1, 1, 1, 1, 1, 1, 1, 1, 1, 1, 1, 1, 1, 1, 1, 1, 1, 1, 4 ),
 ( 0.000000000000000000, 0.06261464793181534261, 0.1204288125492776751, 0.1741994859485837266, 0.2237246639590647623, 0.2690284504243910524, 0.3107650011525418532, 0.3481152575356891710, 0.3823781144346327099, 0.4147531609533670061, 0.4471954319285634250, 0.4800445791734141987, 0.5137386411999473879, 0.5479625035502666552, 0.5829178144656939065, 0.6193151011155169083, 0.6571235452560976187, 0.6956865764257776918, 0.7355137155615780742, 0.7758232002862923693, 0.8176522616681765054, 0.8607425835624210597, 0.9053869274729277050, 0.9519981971377819985, 1.000000000000000000 ),
 .UNSPECIFIED. ) ;
#772 = CARTESIAN_POINT ( 'NONE',  ( -1.706250000000000266, 0.9799999999999999822, -2.484615384615384670 ) ) ;
#773 = FACE_OUTER_BOUND ( 'NONE', #5953, .T. ) ;
#774 = PRESENTATION_STYLE_ASSIGNMENT (( #241 ) ) ;
#775 = CARTESIAN_POINT ( 'NONE',  ( 0.8270207790104915357, 0.9799999999999999822, -1.719958759348471089 ) ) ;
#776 = CARTESIAN_POINT ( 'NONE',  ( 1.342103167435893196, 0.9800000000000002043, -2.099206800070118284 ) ) ;
#777 = VERTEX_POINT ( 'NONE', #3299 ) ;
#778 = EDGE_CURVE ( 'NONE', #97, #1735, #2203, .T. ) ;
#779 = CARTESIAN_POINT ( 'NONE',  ( 0.9567343505257720482, 0.9800000000000002043, -1.751489362061791510 ) ) ;
#780 = ORIENTED_EDGE ( 'NONE', *, *, #1842, .T. ) ;
#781 = CARTESIAN_POINT ( 'NONE',  ( 3.592243523990025000, 0.9800000000000004263, -1.687715105755462019 ) ) ;
#782 = SURFACE_STYLE_USAGE ( .BOTH. , #1278 ) ;
#783 = CARTESIAN_POINT ( 'NONE',  ( 3.537184191224410856, 0.9799999999999999822, -2.730570208150604028 ) ) ;
#784 = CARTESIAN_POINT ( 'NONE',  ( 3.817067307692307843, 0.9799999999999999822, -2.674038461538461586 ) ) ;
#785 = ORIENTED_EDGE ( 'NONE', *, *, #2921, .F. ) ;
#786 = AXIS2_PLACEMENT_3D ( 'NONE', #4639, #6698, #3445 ) ;
#787 = ORIENTED_EDGE ( 'NONE', *, *, #3011, .T. ) ;
#788 = EDGE_CURVE ( 'NONE', #5854, #750, #6517, .T. ) ;
#789 = CARTESIAN_POINT ( 'NONE',  ( 5.999999999999998224, 1.000000000000000000, 6.830000000000001847 ) ) ;
#790 =( LENGTH_UNIT ( ) NAMED_UNIT ( * ) SI_UNIT ( .MILLI., .METRE. ) );
#791 = DIRECTION ( 'NONE',  ( 0.000000000000000000, -0.000000000000000000, 1.000000000000000000 ) ) ;
#792 = CARTESIAN_POINT ( 'NONE',  ( -1.050000000000000044, 1.000000000000000000, -2.083173076923077183 ) ) ;
#793 = MECHANICAL_DESIGN_GEOMETRIC_PRESENTATION_REPRESENTATION (  '', ( #3977 ), #3622 ) ;
#794 = DIRECTION ( 'NONE',  ( 0.3409340545815549572, 0.000000000000000000, -0.9400872142660919861 ) ) ;
#795 =( LENGTH_UNIT ( ) NAMED_UNIT ( * ) SI_UNIT ( .MILLI., .METRE. ) );
#796 = ORIENTED_EDGE ( 'NONE', *, *, #6407, .F. ) ;
#797 = ORIENTED_EDGE ( 'NONE', *, *, #2954, .F. ) ;
#798 = VECTOR ( 'NONE', #755, 1000.000000000000000 ) ;
#799 = CARTESIAN_POINT ( 'NONE',  ( 2.881086756098961477, 0.9799999999999999822, -2.091659345254252678 ) ) ;
#800 =( NAMED_UNIT ( * ) SI_UNIT ( $, .STERADIAN. ) SOLID_ANGLE_UNIT ( ) );
#801 = CARTESIAN_POINT ( 'NONE',  ( 3.451454856899485613, 0.9999999999999997780, -2.727616496600647089 ) ) ;
#802 = PRESENTATION_STYLE_ASSIGNMENT (( #6922 ) ) ;
#803 = VERTEX_POINT ( 'NONE', #3748 ) ;
#804 = PLANE ( 'NONE',  #7061 ) ;
#805 = CARTESIAN_POINT ( 'NONE',  ( -1.050607031441156636, 0.9799999999999999822, -2.130761294353221924 ) ) ;
#806 = FACE_OUTER_BOUND ( 'NONE', #3220, .T. ) ;
#807 = FILL_AREA_STYLE_COLOUR ( '', #3803 ) ;
#808 = ORIENTED_EDGE ( 'NONE', *, *, #3068, .T. ) ;
#809 =( GEOMETRIC_REPRESENTATION_CONTEXT ( 3 ) GLOBAL_UNCERTAINTY_ASSIGNED_CONTEXT ( ( #495 ) ) GLOBAL_UNIT_ASSIGNED_CONTEXT ( ( #4941, #6114, #5503 ) ) REPRESENTATION_CONTEXT ( 'NONE', 'WORKASPACE' ) );
#810 = DIRECTION ( 'NONE',  ( 0.3409340545815550128, 0.000000000000000000, -0.9400872142660920971 ) ) ;
#811 = EDGE_CURVE ( 'NONE', #1965, #5223, #4896, .T. ) ;
#812 = VECTOR ( 'NONE', #591, 1000.000000000000000 ) ;
#813 =( NAMED_UNIT ( * ) SI_UNIT ( $, .STERADIAN. ) SOLID_ANGLE_UNIT ( ) );
#814 = MECHANICAL_DESIGN_GEOMETRIC_PRESENTATION_REPRESENTATION (  '', ( #7127 ), #4482 ) ;
#815 = ORIENTED_EDGE ( 'NONE', *, *, #2826, .F. ) ;
#816 = MECHANICAL_DESIGN_GEOMETRIC_PRESENTATION_REPRESENTATION (  '', ( #3044 ), #2354 ) ;
#817 = CARTESIAN_POINT ( 'NONE',  ( -1.392521474558821915, 1.000000000000000000, -1.531035498969075759 ) ) ;
#818 = CARTESIAN_POINT ( 'NONE',  ( -1.301563632655905467, 0.9999999999999993339, -1.897005307203841085 ) ) ;
#819 = EDGE_LOOP ( 'NONE', ( #1060, #589, #4689, #237 ) ) ;
#820 = CARTESIAN_POINT ( 'NONE',  ( 3.716619743208994464, 0.9799999999999999822, -1.724099189595294845 ) ) ;
#821 =( GEOMETRIC_REPRESENTATION_CONTEXT ( 3 ) GLOBAL_UNCERTAINTY_ASSIGNED_CONTEXT ( ( #4162 ) ) GLOBAL_UNIT_ASSIGNED_CONTEXT ( ( #2599, #3749, #2637 ) ) REPRESENTATION_CONTEXT ( 'NONE', 'WORKASPACE' ) );
#822 = CARTESIAN_POINT ( 'NONE',  ( 3.391929461198757156, 1.000000000000000000, -2.499266855089187001 ) ) ;
#823 = EDGE_CURVE ( 'NONE', #7094, #2324, #2092, .T. ) ;
#824 = CYLINDRICAL_SURFACE ( 'NONE', #3580, 1.250000000000000222 ) ;
#825 = ORIENTED_EDGE ( 'NONE', *, *, #560, .T. ) ;
#826 = VECTOR ( 'NONE', #6288, 1000.000000000000000 ) ;
#827 = ORIENTED_EDGE ( 'NONE', *, *, #6637, .T. ) ;
#828 = CARTESIAN_POINT ( 'NONE',  ( 0.9652261901059716598, 0.9800000000000002043, -1.521688114730937569 ) ) ;
#829 = SURFACE_STYLE_USAGE ( .BOTH. , #2950 ) ;
#830 = CARTESIAN_POINT ( 'NONE',  ( -1.050204524871799272, 1.000000000000000222, -2.099206800070118284 ) ) ;
#831 = CARTESIAN_POINT ( 'NONE',  ( 1.296470469820988125, 1.000000000000000000, -2.348320808270443205 ) ) ;
#832 = DIRECTION ( 'NONE',  ( 0.000000000000000000, 1.000000000000000000, 0.000000000000000000 ) ) ;
#833 = VERTEX_POINT ( 'NONE', #5456 ) ;
#834 = UNCERTAINTY_MEASURE_WITH_UNIT (LENGTH_MEASURE( 1.000000000000000082E-05 ), #4961, 'distance_accuracy_value', 'NONE');
#835 = CARTESIAN_POINT ( 'NONE',  ( 4.081347594308010862, 1.000000000000000222, -1.834372719655138484 ) ) ;
#836 = CARTESIAN_POINT ( 'NONE',  ( 1.322141276744585925, 1.000000000000000000, -2.265862051891942563 ) ) ;
#837 = DIRECTION ( 'NONE',  ( -0.000000000000000000, 0.000000000000000000, 1.000000000000000000 ) ) ;
#838 = FACE_OUTER_BOUND ( 'NONE', #4105, .T. ) ;
#839 = DIRECTION ( 'NONE',  ( 0.000000000000000000, 1.000000000000000000, 0.000000000000000000 ) ) ;
#840 = DIRECTION ( 'NONE',  ( 0.000000000000000000, 0.000000000000000000, 1.000000000000000000 ) ) ;
#841 = CARTESIAN_POINT ( 'NONE',  ( 3.562861089186312835, 1.000000000000000000, -2.730174226218879063 ) ) ;
#842 = CARTESIAN_POINT ( 'NONE',  ( 3.959318142543168051, 1.000000000000000000, -2.586995512513970308 ) ) ;
#843 = CARTESIAN_POINT ( 'NONE',  ( -1.060993205252793059, 1.000000000000000000, -2.222366563496354086 ) ) ;
#844 = VERTEX_POINT ( 'NONE', #4605 ) ;
#845 = LINE ( 'NONE', #3616, #6796 ) ;
#846 = CARTESIAN_POINT ( 'NONE',  ( -3.750000000000000000, 0.000000000000000000, -4.529999999999998472 ) ) ;
#847 = FILL_AREA_STYLE_COLOUR ( '', #4112 ) ;
#848 = SURFACE_STYLE_FILL_AREA ( #3158 ) ;
#849 = VERTEX_POINT ( 'NONE', #158 ) ;
#850 = SURFACE_SIDE_STYLE ('',( #5732 ) ) ;
#851 = ADVANCED_FACE ( 'NONE', ( #1100 ), #4535, .F. ) ;
#852 = ORIENTED_EDGE ( 'NONE', *, *, #2304, .F. ) ;
#853 = AXIS2_PLACEMENT_3D ( 'NONE', #1315, #6903, #840 ) ;
#854 = CARTESIAN_POINT ( 'NONE',  ( -3.150000000000001688, 2.199999999999998845, 7.330000000000000071 ) ) ;
#855 = CARTESIAN_POINT ( 'NONE',  ( -1.367032173875429191, 0.9999999999999995559, -1.800847901605126866 ) ) ;
#856 = VERTEX_POINT ( 'NONE', #3896 ) ;
#857 = LINE ( 'NONE', #3096, #5502 ) ;
#858 = CARTESIAN_POINT ( 'NONE',  ( 4.316907492664156187, 1.000000000000000444, -1.542436167618555398 ) ) ;
#859 = VECTOR ( 'NONE', #4802, 1000.000000000000000 ) ;
#860 = DIRECTION ( 'NONE',  ( -1.000000000000000000, -2.065146995210484695E-16, 0.000000000000000000 ) ) ;
#861 = MECHANICAL_DESIGN_GEOMETRIC_PRESENTATION_REPRESENTATION (  '', ( #4046 ), #6010 ) ;
#862 = VERTEX_POINT ( 'NONE', #1175 ) ;
#863 = MECHANICAL_DESIGN_GEOMETRIC_PRESENTATION_REPRESENTATION (  '', ( #1813 ), #2728 ) ;
#864 = CARTESIAN_POINT ( 'NONE',  ( 3.750000000000000000, 0.02000000000000000042, -4.529999999999998472 ) ) ;
#865 = CARTESIAN_POINT ( 'NONE',  ( 1.067481383159013308, 1.000000000000000000, -1.853940151505816480 ) ) ;
#866 = ADVANCED_FACE ( 'NONE', ( #1722 ), #5563, .F. ) ;
#867 = FILL_AREA_STYLE_COLOUR ( '', #1072 ) ;
#868 = VECTOR ( 'NONE', #2262, 1000.000000000000000 ) ;
#869 = CARTESIAN_POINT ( 'NONE',  ( -1.060993205252793059, 1.000000000000000000, -2.222366563496354086 ) ) ;
#870 = CARTESIAN_POINT ( 'NONE',  ( -1.249999999999999778, 0.02000000000000000042, -5.029999999999998472 ) ) ;
#871 = FILL_AREA_STYLE ('',( #7063 ) ) ;
#872 = ORIENTED_EDGE ( 'NONE', *, *, #3387, .T. ) ;
#873 = STYLED_ITEM ( 'NONE', ( #28 ), #2864 ) ;
#874 = CARTESIAN_POINT ( 'NONE',  ( 3.572829498586311825, 1.000000000000000222, -1.469865817115347362 ) ) ;
#875 = ADVANCED_FACE ( 'NONE', ( #3447 ), #1651, .F. ) ;
#876 = CARTESIAN_POINT ( 'NONE',  ( 0.6810140711015805204, 0.9999999999999997780, -2.699852096230391130 ) ) ;
#877 =( NAMED_UNIT ( * ) PLANE_ANGLE_UNIT ( ) SI_UNIT ( $, .RADIAN. ) );
#878 =( LENGTH_UNIT ( ) NAMED_UNIT ( * ) SI_UNIT ( .MILLI., .METRE. ) );
#879 = FACE_OUTER_BOUND ( 'NONE', #5847, .T. ) ;
#880 = CARTESIAN_POINT ( 'NONE',  ( 3.096153846153846700, 0.9799999999999999822, -2.106250000000000622 ) ) ;
#881 =( NAMED_UNIT ( * ) SI_UNIT ( $, .STERADIAN. ) SOLID_ANGLE_UNIT ( ) );
#882 = PRESENTATION_STYLE_ASSIGNMENT (( #1372 ) ) ;
#883 = EDGE_CURVE ( 'NONE', #803, #695, #1712, .T. ) ;
#884 = FACE_OUTER_BOUND ( 'NONE', #5790, .T. ) ;
#885 =( NAMED_UNIT ( * ) PLANE_ANGLE_UNIT ( ) SI_UNIT ( $, .RADIAN. ) );
#886 = ORIENTED_EDGE ( 'NONE', *, *, #4538, .F. ) ;
#887 = CARTESIAN_POINT ( 'NONE',  ( 3.614389483732854735, 0.9799999999999997602, -1.473680679002199234 ) ) ;
#888 = CARTESIAN_POINT ( 'NONE',  ( 0.9754384087503729095, 0.9799999999999997602, -1.761478196617771053 ) ) ;
#889 = CARTESIAN_POINT ( 'NONE',  ( 2.881194464988898751, 0.9799999999999997602, -2.125586450420523743 ) ) ;
#890 = SURFACE_SIDE_STYLE ('',( #6395 ) ) ;
#891 = CARTESIAN_POINT ( 'NONE',  ( -1.265384615384615996, 0.9999999999999997780, -2.087019230769231459 ) ) ;
#892 = ORIENTED_EDGE ( 'NONE', *, *, #883, .T. ) ;
#893 = FILL_AREA_STYLE_COLOUR ( '', #1769 ) ;
#894 =( NAMED_UNIT ( * ) SI_UNIT ( $, .STERADIAN. ) SOLID_ANGLE_UNIT ( ) );
#895 = VERTEX_POINT ( 'NONE', #5109 ) ;
#896 = ADVANCED_FACE ( 'NONE', ( #2811 ), #608, .T. ) ;
#897 =( NAMED_UNIT ( * ) SI_UNIT ( $, .STERADIAN. ) SOLID_ANGLE_UNIT ( ) );
#898 = CARTESIAN_POINT ( 'NONE',  ( 1.004776599363173650, 0.9999999999999997780, -2.396273356870988636 ) ) ;
#899 =( NAMED_UNIT ( * ) SI_UNIT ( $, .STERADIAN. ) SOLID_ANGLE_UNIT ( ) );
#900 = CARTESIAN_POINT ( 'NONE',  ( -1.070166415563106543, 1.000000000000000222, -2.265862051891942563 ) ) ;
#901 = SURFACE_STYLE_FILL_AREA ( #757 ) ;
#902 =( NAMED_UNIT ( * ) SI_UNIT ( $, .STERADIAN. ) SOLID_ANGLE_UNIT ( ) );
#903 = ORIENTED_EDGE ( 'NONE', *, *, #5274, .F. ) ;
#904 = CARTESIAN_POINT ( 'NONE',  ( -1.728365384615384803, 0.9799999999999999822, -1.500000000000000222 ) ) ;
#905 = CARTESIAN_POINT ( 'NONE',  ( 4.305124650355351079, 0.9999999999999997780, -1.565284476229015675 ) ) ;
#906 = CARTESIAN_POINT ( 'NONE',  ( -0.8346153846153844258, 0.9799999999999999822, -2.038461538461538325 ) ) ;
#907 =( LENGTH_UNIT ( ) NAMED_UNIT ( * ) SI_UNIT ( .MILLI., .METRE. ) );
#908 = SURFACE_STYLE_USAGE ( .BOTH. , #7210 ) ;
#909 = CARTESIAN_POINT ( 'NONE',  ( 3.518269230769230926, 1.000000000000000000, -2.515384615384615330 ) ) ;
#910 = AXIS2_PLACEMENT_3D ( 'NONE', #1953, #6406, #4792 ) ;
#911 = DIRECTION ( 'NONE',  ( -0.000000000000000000, 1.000000000000000000, -0.000000000000000000 ) ) ;
#912 = ADVANCED_FACE ( 'NONE', ( #6700 ), #5671, .T. ) ;
#913 = SURFACE_SIDE_STYLE ('',( #5497 ) ) ;
#914 = PRESENTATION_LAYER_ASSIGNMENT (  '', '', ( #1158 ) ) ;
#915 = CARTESIAN_POINT ( 'NONE',  ( 3.544478259315943625, 1.000000000000000222, -1.684704375627027462 ) ) ;
#916 = AXIS2_PLACEMENT_3D ( 'NONE', #170, #5294, #1230 ) ;
#917 = CARTESIAN_POINT ( 'NONE',  ( 3.038221153846154543, 1.000000000000000000, -2.520913461538461409 ) ) ;
#918 = SURFACE_SIDE_STYLE ('',( #848 ) ) ;
#919 = MECHANICAL_DESIGN_GEOMETRIC_PRESENTATION_REPRESENTATION (  '', ( #4460 ), #5041 ) ;
#920 = VERTEX_POINT ( 'NONE', #4155 ) ;
#921 = CARTESIAN_POINT ( 'NONE',  ( 4.126706863486744759, 0.9799999999999999822, -2.051032739323002563 ) ) ;
#922 = CARTESIAN_POINT ( 'NONE',  ( 2.949999999999996181, 2.400000000000003020, 7.530000000000002025 ) ) ;
#923 = CARTESIAN_POINT ( 'NONE',  ( 3.025602934639471719, 1.000000000000000000, -2.506067914225964532 ) ) ;
#924 = CARTESIAN_POINT ( 'NONE',  ( -1.457424832593896769, 0.9999999999999997780, -1.516163720631590550 ) ) ;
#925 = CIRCLE ( 'NONE', #1875, 1.250000000000000222 ) ;
#926 = CARTESIAN_POINT ( 'NONE',  ( -1.533805561245018545, 0.9999999999999995559, -1.724239591707438013 ) ) ;
#927 = VERTEX_POINT ( 'NONE', #5850 ) ;
#928 = CARTESIAN_POINT ( 'NONE',  ( 2.019230769230768718, 1.000000000000000000, -2.469230769230769784 ) ) ;
#929 = SURFACE_STYLE_USAGE ( .BOTH. , #3208 ) ;
#930 = SURFACE_STYLE_USAGE ( .BOTH. , #6509 ) ;
#931 = AXIS2_PLACEMENT_3D ( 'NONE', #1541, #2130, #4897 ) ;
#932 = VERTEX_POINT ( 'NONE', #6444 ) ;
#933 = STYLED_ITEM ( 'NONE', ( #6047 ), #5665 ) ;
#934 = VECTOR ( 'NONE', #4659, 1000.000000000000000 ) ;
#935 = CARTESIAN_POINT ( 'NONE',  ( 0.8369145872113622486, 0.9999999999999997780, -2.471993520198598304 ) ) ;
#936 = UNCERTAINTY_MEASURE_WITH_UNIT (LENGTH_MEASURE( 1.000000000000000082E-05 ), #2368, 'distance_accuracy_value', 'NONE');
#937 = SURFACE_STYLE_USAGE ( .BOTH. , #2024 ) ;
#938 =( NAMED_UNIT ( * ) SI_UNIT ( $, .STERADIAN. ) SOLID_ANGLE_UNIT ( ) );
#939 = PRESENTATION_STYLE_ASSIGNMENT (( #5890 ) ) ;
#940 = ADVANCED_FACE ( 'NONE', ( #3066 ), #2949, .T. ) ;
#941 = AXIS2_PLACEMENT_3D ( 'NONE', #5779, #159, #791 ) ;
#942 = ORIENTED_EDGE ( 'NONE', *, *, #3967, .F. ) ;
#943 = ORIENTED_EDGE ( 'NONE', *, *, #4071, .F. ) ;
#944 = SURFACE_STYLE_FILL_AREA ( #3111 ) ;
#945 = CARTESIAN_POINT ( 'NONE',  ( 1.342103167435893196, 0.9800000000000002043, -2.099206800070118284 ) ) ;
#946 = DIRECTION ( 'NONE',  ( 0.000000000000000000, 0.000000000000000000, 1.000000000000000000 ) ) ;
#947 =( LENGTH_UNIT ( ) NAMED_UNIT ( * ) SI_UNIT ( .MILLI., .METRE. ) );
#948 = CARTESIAN_POINT ( 'NONE',  ( 1.004776599363173650, 1.000000000000000000, -2.396273356870988636 ) ) ;
#949 = LINE ( 'NONE', #5901, #1216 ) ;
#950 = DIRECTION ( 'NONE',  ( 0.000000000000000000, 1.000000000000000000, 0.000000000000000000 ) ) ;
#951 = DIRECTION ( 'NONE',  ( -0.000000000000000000, -0.000000000000000000, 1.000000000000000000 ) ) ;
#952 = LINE ( 'NONE', #6080, #2561 ) ;
#953 = CARTESIAN_POINT ( 'NONE',  ( 4.126706863486744759, 0.9799999999999999822, -2.051032739323002563 ) ) ;
#954 = EDGE_CURVE ( 'NONE', #5090, #4439, #3597, .T. ) ;
#955 = CARTESIAN_POINT ( 'NONE',  ( 1.013701923076922862, 0.9800000000000002043, -2.388461538461538858 ) ) ;
#956 = DIRECTION ( 'NONE',  ( 1.000000000000000000, 0.000000000000000000, 0.000000000000000000 ) ) ;
#957 = VERTEX_POINT ( 'NONE', #4642 ) ;
#958 = CARTESIAN_POINT ( 'NONE',  ( 1.120679172633726850, 0.9800000000000002043, -2.178044090144684031 ) ) ;
#959 = CARTESIAN_POINT ( 'NONE',  ( 1.120410734458586521, 0.9999999999999986677, -1.998379573614586624 ) ) ;
#960 = CARTESIAN_POINT ( 'NONE',  ( 3.038221153846154543, 0.9799999999999999822, -2.520913461538461409 ) ) ;
#961 = FILL_AREA_STYLE_COLOUR ( '', #3917 ) ;
#962 = VECTOR ( 'NONE', #6813, 1000.000000000000000 ) ;
#963 = EDGE_CURVE ( 'NONE', #6806, #1826, #4236, .T. ) ;
#964 = CARTESIAN_POINT ( 'NONE',  ( 3.526923076923077272, 0.9799999999999999822, -1.900000000000000133 ) ) ;
#965 = SURFACE_STYLE_FILL_AREA ( #5546 ) ;
#966 = ORIENTED_EDGE ( 'NONE', *, *, #467, .F. ) ;
#967 = CARTESIAN_POINT ( 'NONE',  ( -1.416869283557318893, 1.000000000000000000, -1.761478196617771275 ) ) ;
#968 =( GEOMETRIC_REPRESENTATION_CONTEXT ( 3 ) GLOBAL_UNCERTAINTY_ASSIGNED_CONTEXT ( ( #5482 ) ) GLOBAL_UNIT_ASSIGNED_CONTEXT ( ( #2692, #2729, #4447 ) ) REPRESENTATION_CONTEXT ( 'NONE', 'WORKASPACE' ) );
#969 = ORIENTED_EDGE ( 'NONE', *, *, #5229, .F. ) ;
#970 = CARTESIAN_POINT ( 'NONE',  ( 4.557263080077145645, 0.9799999999999997602, -1.624654553300008741 ) ) ;
#971 = FILL_AREA_STYLE ('',( #3708 ) ) ;
#972 = EDGE_CURVE ( 'NONE', #6085, #6335, #1286, .T. ) ;
#973 = CIRCLE ( 'NONE', #2841, 0.6999999999999992895 ) ;
#974 = ORIENTED_EDGE ( 'NONE', *, *, #6503, .T. ) ;
#975 =( LENGTH_UNIT ( ) NAMED_UNIT ( * ) SI_UNIT ( .MILLI., .METRE. ) );
#976 = SURFACE_SIDE_STYLE ('',( #5994 ) ) ;
#977 = VECTOR ( 'NONE', #1411, 1000.000000000000000 ) ;
#978 = DIRECTION ( 'NONE',  ( -0.000000000000000000, -0.000000000000000000, 1.000000000000000000 ) ) ;
#979 = FACE_OUTER_BOUND ( 'NONE', #1648, .T. ) ;
#980 = ORIENTED_EDGE ( 'NONE', *, *, #5046, .T. ) ;
#981 = CIRCLE ( 'NONE', #4520, 0.7000000000000000666 ) ;
#982 = UNCERTAINTY_MEASURE_WITH_UNIT (LENGTH_MEASURE( 1.000000000000000082E-05 ), #2862, 'distance_accuracy_value', 'NONE');
#983 =( NAMED_UNIT ( * ) SI_UNIT ( $, .STERADIAN. ) SOLID_ANGLE_UNIT ( ) );
#984 = CARTESIAN_POINT ( 'NONE',  ( 1.511538461538461275, 0.9799999999999999822, -1.976923076923077005 ) ) ;
#985 = DIRECTION ( 'NONE',  ( -0.000000000000000000, 1.000000000000000000, -0.000000000000000000 ) ) ;
#986 = STYLED_ITEM ( 'NONE', ( #1846 ), #2287 ) ;
#987 = DIRECTION ( 'NONE',  ( -0.000000000000000000, 1.000000000000000000, -0.000000000000000000 ) ) ;
#988 = EDGE_CURVE ( 'NONE', #4394, #2200, #327, .T. ) ;
#989 = CARTESIAN_POINT ( 'NONE',  ( -3.750000000000000000, 0.000000000000000000, -4.029999999999998472 ) ) ;
#990 = CARTESIAN_POINT ( 'NONE',  ( 0.8369145872113622486, 1.000000000000000000, -2.471993520198598304 ) ) ;
#991 = CARTESIAN_POINT ( 'NONE',  ( 2.019230769230768718, 0.9799999999999999822, -1.684615384615384848 ) ) ;
#992 = AXIS2_PLACEMENT_3D ( 'NONE', #4967, #7071, #4421 ) ;
#993 = DIRECTION ( 'NONE',  ( -0.3408659031673632600, 0.000000000000000000, 0.9401119274096556566 ) ) ;
#994 = CARTESIAN_POINT ( 'NONE',  ( 4.095638615270651428, 0.9800000000000002043, -1.871314592660197951 ) ) ;
#995 = EDGE_CURVE ( 'NONE', #2324, #920, #5281, .T. ) ;
#996 = STYLED_ITEM ( 'NONE', ( #5232 ), #2809 ) ;
#997 = LINE ( 'NONE', #3234, #2718 ) ;
#998 = ORIENTED_EDGE ( 'NONE', *, *, #6825, .T. ) ;
#999 = CARTESIAN_POINT ( 'NONE',  ( 3.952343392855576898, 0.9800000000000002043, -1.636143998798361254 ) ) ;
#1000 = ORIENTED_EDGE ( 'NONE', *, *, #2897, .F. ) ;
#1001 = DIRECTION ( 'NONE',  ( 0.000000000000000000, 0.000000000000000000, 1.000000000000000000 ) ) ;
#1002 = COLOUR_RGB ( '',1.000000000000000000, 1.000000000000000000, 1.000000000000000000 ) ;
#1003 = DIRECTION ( 'NONE',  ( 1.000000000000000000, 0.000000000000000000, 0.000000000000000000 ) ) ;
#1004 = ORIENTED_EDGE ( 'NONE', *, *, #4463, .T. ) ;
#1005 = CARTESIAN_POINT ( 'NONE',  ( -1.427081502201720475, 0.9800000000000002043, -1.521688114730937569 ) ) ;
#1006 = UNCERTAINTY_MEASURE_WITH_UNIT (LENGTH_MEASURE( 1.000000000000000082E-05 ), #5451, 'distance_accuracy_value', 'NONE');
#1007 = LINE ( 'NONE', #4986, #3581 ) ;
#1008 =( LENGTH_UNIT ( ) NAMED_UNIT ( * ) SI_UNIT ( .MILLI., .METRE. ) );
#1009 = EDGE_CURVE ( 'NONE', #1151, #4747, #5569, .T. ) ;
#1010 = EDGE_LOOP ( 'NONE', ( #2484, #6352, #1847, #6170 ) ) ;
#1011 = DIRECTION ( 'NONE',  ( 1.000000000000000000, 0.000000000000000000, 0.000000000000000000 ) ) ;
#1012 = CARTESIAN_POINT ( 'NONE',  ( -1.266231290266351284, 0.9799999999999999822, -2.133394881843516444 ) ) ;
#1013 = ORIENTED_EDGE ( 'NONE', *, *, #4463, .F. ) ;
#1014 = CARTESIAN_POINT ( 'NONE',  ( 4.426923076923076295, 0.9799999999999999822, -1.484615384615384892 ) ) ;
#1015 = UNCERTAINTY_MEASURE_WITH_UNIT (LENGTH_MEASURE( 1.000000000000000082E-05 ), #471, 'distance_accuracy_value', 'NONE');
#1016 = B_SPLINE_CURVE_WITH_KNOTS ( 'NONE', 3,
 ( #5587, #1127, #2230, #7159, #4374, #6582, #7197, #1641, #2118, #2155, #2193 ),
 .UNSPECIFIED., .F., .F.,
 ( 4, 1, 1, 1, 1, 1, 1, 1, 4 ),
 ( 0.000000000000000000, 0.1279023639831299020, 0.2498982783358974502, 0.3732797639331223993, 0.5010486153180325752, 0.6288174667029388099, 0.7501456124741432419, 0.8732612132643389202, 1.000000000000000000 ),
 .UNSPECIFIED. ) ;
#1017 = FACE_OUTER_BOUND ( 'NONE', #6089, .T. ) ;
#1018 = LINE ( 'NONE', #5556, #5544 ) ;
#1019 = ORIENTED_EDGE ( 'NONE', *, *, #7036, .T. ) ;
#1020 = DIRECTION ( 'NONE',  ( -0.000000000000000000, 1.000000000000000000, -0.000000000000000000 ) ) ;
#1021 = CARTESIAN_POINT ( 'NONE',  ( 3.645554217126922403, 0.9799999999999999822, -1.697137100233354845 ) ) ;
#1022 = CARTESIAN_POINT ( 'NONE',  ( -3.646634615384615863, 0.9799999999999999822, -1.500000000000000222 ) ) ;
#1023 = CARTESIAN_POINT ( 'NONE',  ( 3.149999999999998135, 2.200000000000000178, -8.655624622074400421 ) ) ;
#1024 = SURFACE_STYLE_FILL_AREA ( #6596 ) ;
#1025 =( NAMED_UNIT ( * ) PLANE_ANGLE_UNIT ( ) SI_UNIT ( $, .RADIAN. ) );
#1026 =( NAMED_UNIT ( * ) PLANE_ANGLE_UNIT ( ) SI_UNIT ( $, .RADIAN. ) );
#1027 = SURFACE_SIDE_STYLE ('',( #3833 ) ) ;
#1028 =( LENGTH_UNIT ( ) NAMED_UNIT ( * ) SI_UNIT ( .MILLI., .METRE. ) );
#1029 =( LENGTH_UNIT ( ) NAMED_UNIT ( * ) SI_UNIT ( .MILLI., .METRE. ) );
#1030 = CARTESIAN_POINT ( 'NONE',  ( 4.064612896080966209, 0.9799999999999999822, -1.797912084919873976 ) ) ;
#1031 = DIRECTION ( 'NONE',  ( 0.000000000000000000, -1.000000000000000000, 0.000000000000000000 ) ) ;
#1032 = ORIENTED_EDGE ( 'NONE', *, *, #1467, .T. ) ;
#1033 = CARTESIAN_POINT ( 'NONE',  ( 4.064612896080966209, 0.9999999999999995559, -1.797912084919873976 ) ) ;
#1034 = CARTESIAN_POINT ( 'NONE',  ( 1.009472776553189455, 0.9999999999999986677, -1.786177100733938872 ) ) ;
#1035 =( LENGTH_UNIT ( ) NAMED_UNIT ( * ) SI_UNIT ( .MILLI., .METRE. ) );
#1036 = B_SPLINE_CURVE_WITH_KNOTS ( 'NONE', 3,
 ( #5638, #2350, #4079, #6254, #2920, #1724, #4012, #2952, #3451, #5181, #612, #6850, #4609, #87, #6215, #5675, #161, #1839, #650, #6292, #2880, #1138, #4049, #5146, #1291, #3524, #5216 ),
 .UNSPECIFIED., .F., .F.,
 ( 4, 1, 1, 1, 1, 1, 1, 1, 1, 1, 1, 1, 1, 1, 1, 1, 1, 1, 1, 1, 1, 1, 1, 1, 4 ),
 ( 0.000000000000000000, 0.06261464793181550914, 0.1204288125492776751, 0.1741994859485837266, 0.2237246639590649289, 0.2690284504243910524, 0.3107650011525418532, 0.3481152575356891710, 0.3823781144346328764, 0.4147531609533668395, 0.4471954319285634250, 0.4800445791734141987, 0.5137386411999473879, 0.5479625035502666552, 0.5829178144656939065, 0.6193151011155169083, 0.6571235452560976187, 0.6956865764257776918, 0.7355137155615780742, 0.7758232002862923693, 0.8176522616681765054, 0.8607425835624210597, 0.9053869274729277050, 0.9519981971377819985, 1.000000000000000000 ),
 .UNSPECIFIED. ) ;
#1037 = EDGE_CURVE ( 'NONE', #1735, #528, #6389, .T. ) ;
#1038 = ORIENTED_EDGE ( 'NONE', *, *, #163, .F. ) ;
#1039 = VECTOR ( 'NONE', #5248, 1000.000000000000000 ) ;
#1040 = DIRECTION ( 'NONE',  ( -0.000000000000000000, 1.000000000000000000, -0.000000000000000000 ) ) ;
#1041 = CARTESIAN_POINT ( 'NONE',  ( -1.387531092944518374, 1.000000000000000222, -2.396273356870989080 ) ) ;
#1042 = DIRECTION ( 'NONE',  ( -0.000000000000000000, 1.000000000000000000, -0.000000000000000000 ) ) ;
#1043 = ORIENTED_EDGE ( 'NONE', *, *, #4688, .T. ) ;
#1044 = CARTESIAN_POINT ( 'NONE',  ( -1.392521474558821915, 0.9799999999999999822, -1.531035498969075759 ) ) ;
#1045 = DIRECTION ( 'NONE',  ( 0.000000000000000000, 0.000000000000000000, -1.000000000000000000 ) ) ;
#1046 = STYLED_ITEM ( 'NONE', ( #6318 ), #1765 ) ;
#1047 = CARTESIAN_POINT ( 'NONE',  ( 3.805654168384961178, 0.9800000000000002043, -2.678569192761693252 ) ) ;
#1048 = PRESENTATION_LAYER_ASSIGNMENT (  '', '', ( #6181 ) ) ;
#1049 = ORIENTED_EDGE ( 'NONE', *, *, #3171, .T. ) ;
#1050 = CARTESIAN_POINT ( 'NONE',  ( 0.6639423076923074429, 0.9799999999999999822, -1.500000000000000222 ) ) ;
#1051 =( NAMED_UNIT ( * ) SI_UNIT ( $, .STERADIAN. ) SOLID_ANGLE_UNIT ( ) );
#1052 = DIRECTION ( 'NONE',  ( 1.000000000000000000, 4.818676322157798854E-17, -0.000000000000000000 ) ) ;
#1053 = VERTEX_POINT ( 'NONE', #4749 ) ;
#1054 = CARTESIAN_POINT ( 'NONE',  ( 1.317474276174387171, 0.9799999999999999822, -1.887998703050046911 ) ) ;
#1055 = ADVANCED_FACE ( 'NONE', ( #4198 ), #3634, .T. ) ;
#1056 = VECTOR ( 'NONE', #3633, 1000.000000000000000 ) ;
#1057 = DIRECTION ( 'NONE',  ( -0.000000000000000000, -1.000000000000000000, -0.000000000000000000 ) ) ;
#1058 = DIRECTION ( 'NONE',  ( -0.000000000000000000, 1.000000000000000000, -0.000000000000000000 ) ) ;
#1059 = DIRECTION ( 'NONE',  ( 1.000000000000000000, 0.000000000000000000, 0.000000000000000000 ) ) ;
#1060 = ORIENTED_EDGE ( 'NONE', *, *, #2038, .T. ) ;
#1061 = CARTESIAN_POINT ( 'NONE',  ( 4.042067307692308376, 0.9799999999999999822, -2.509134615384615241 ) ) ;
#1062 = DIRECTION ( 'NONE',  ( -0.000000000000000000, -0.000000000000000000, 1.000000000000000000 ) ) ;
#1063 = DIRECTION ( 'NONE',  ( -0.000000000000000000, 1.000000000000000000, -0.000000000000000000 ) ) ;
#1064 = LINE ( 'NONE', #6174, #709 ) ;
#1065 = LINE ( 'NONE', #2639, #4408 ) ;
#1066 =( GEOMETRIC_REPRESENTATION_CONTEXT ( 3 ) GLOBAL_UNCERTAINTY_ASSIGNED_CONTEXT ( ( #3642 ) ) GLOBAL_UNIT_ASSIGNED_CONTEXT ( ( #4982, #4364, #3805 ) ) REPRESENTATION_CONTEXT ( 'NONE', 'WORKASPACE' ) );
#1067 = CARTESIAN_POINT ( 'NONE',  ( 4.536647966215848982, 0.9799999999999993161, -1.542506848521155050 ) ) ;
#1068 = CARTESIAN_POINT ( 'NONE',  ( 3.234456676654614338, 0.9999999999999997780, -1.531099216689704390 ) ) ;
#1069 =( NAMED_UNIT ( * ) PLANE_ANGLE_UNIT ( ) SI_UNIT ( $, .RADIAN. ) );
#1070 = ADVANCED_FACE ( 'NONE', ( #457 ), #1529, .F. ) ;
#1071 = DIRECTION ( 'NONE',  ( -0.000000000000000000, -1.000000000000000000, -0.000000000000000000 ) ) ;
#1072 = COLOUR_RGB ( '',0.8980392156862745390, 0.8980392156862745390, 0.8980392156862745390 ) ;
#1073 = LINE ( 'NONE', #3231, #4000 ) ;
#1074 = CARTESIAN_POINT ( 'NONE',  ( 4.452736500423738697, 0.9799999999999997602, -1.744738558145270346 ) ) ;
#1075 = EDGE_LOOP ( 'NONE', ( #4333, #3670 ) ) ;
#1076 =( NAMED_UNIT ( * ) SI_UNIT ( $, .STERADIAN. ) SOLID_ANGLE_UNIT ( ) );
#1077 = SURFACE_STYLE_FILL_AREA ( #6152 ) ;
#1078 = CARTESIAN_POINT ( 'NONE',  ( -1.132126945972029564, 0.9799999999999997602, -2.424243654629552935 ) ) ;
#1079 = ORIENTED_EDGE ( 'NONE', *, *, #5927, .F. ) ;
#1080 =( LENGTH_UNIT ( ) NAMED_UNIT ( * ) SI_UNIT ( .MILLI., .METRE. ) );
#1081 = SURFACE_SIDE_STYLE ('',( #553 ) ) ;
#1082 = DIRECTION ( 'NONE',  ( 0.000000000000000000, 0.000000000000000000, -1.000000000000000000 ) ) ;
#1083 = CARTESIAN_POINT ( 'NONE',  ( -1.249999999999999778, 0.9799999999999999822, -3.829999999999997851 ) ) ;
#1084 = ADVANCED_FACE ( 'NONE', ( #6544 ), #3942, .T. ) ;
#1085 = CARTESIAN_POINT ( 'NONE',  ( 4.126923076923076472, 0.9799999999999999822, -2.064182692307692246 ) ) ;
#1086 = VERTEX_POINT ( 'NONE', #611 ) ;
#1087 = PRESENTATION_STYLE_ASSIGNMENT (( #1640 ) ) ;
#1088 = LINE ( 'NONE', #4410, #4818 ) ;
#1089 = ORIENTED_EDGE ( 'NONE', *, *, #4726, .T. ) ;
#1090 = CARTESIAN_POINT ( 'NONE',  ( 1.207988032584759175, 0.9999999999999997780, -1.675745577443358059 ) ) ;
#1091 = UNCERTAINTY_MEASURE_WITH_UNIT (LENGTH_MEASURE( 1.000000000000000082E-05 ), #6304, 'distance_accuracy_value', 'NONE');
#1092 = CARTESIAN_POINT ( 'NONE',  ( 4.333878316087130145, 0.9799999999999999822, -1.708714930505141893 ) ) ;
#1093 =( GEOMETRIC_REPRESENTATION_CONTEXT ( 3 ) GLOBAL_UNCERTAINTY_ASSIGNED_CONTEXT ( ( #6133 ) ) GLOBAL_UNIT_ASSIGNED_CONTEXT ( ( #5080, #1026, #3862 ) ) REPRESENTATION_CONTEXT ( 'NONE', 'WORKASPACE' ) );
#1094 = CARTESIAN_POINT ( 'NONE',  ( 3.403829906763389257, 0.9799999999999997602, -1.701170856979114410 ) ) ;
#1095 = DIRECTION ( 'NONE',  ( 0.000000000000000000, 1.000000000000000000, 0.000000000000000000 ) ) ;
#1096 = ORIENTED_EDGE ( 'NONE', *, *, #3397, .T. ) ;
#1097 = EDGE_CURVE ( 'NONE', #2705, #2019, #2844, .T. ) ;
#1098 = VECTOR ( 'NONE', #3964, 1000.000000000000000 ) ;
#1099 = DIRECTION ( 'NONE',  ( 1.000000000000000000, 0.000000000000000000, 0.000000000000000000 ) ) ;
#1100 = FACE_OUTER_BOUND ( 'NONE', #3837, .T. ) ;
#1101 = DIRECTION ( 'NONE',  ( 0.000000000000000000, 3.656424559329026540E-13, 1.000000000000000000 ) ) ;
#1102 = AXIS2_PLACEMENT_3D ( 'NONE', #2100, #6568, #1549 ) ;
#1103 = DIRECTION ( 'NONE',  ( -0.3403664315972771970, 0.000000000000000000, -0.9402928757795285808 ) ) ;
#1104 =( NAMED_UNIT ( * ) PLANE_ANGLE_UNIT ( ) SI_UNIT ( $, .RADIAN. ) );
#1105 = CARTESIAN_POINT ( 'NONE',  ( 0.8799403582715614736, 1.000000000000000000, -2.461461006307791077 ) ) ;
#1106 =( GEOMETRIC_REPRESENTATION_CONTEXT ( 3 ) GLOBAL_UNCERTAINTY_ASSIGNED_CONTEXT ( ( #3439 ) ) GLOBAL_UNIT_ASSIGNED_CONTEXT ( ( #2036, #6005, #881 ) ) REPRESENTATION_CONTEXT ( 'NONE', 'WORKASPACE' ) );
#1107 = CARTESIAN_POINT ( 'NONE',  ( 2.881086756098961477, 1.000000000000000000, -2.091659345254252678 ) ) ;
#1108 = DIRECTION ( 'NONE',  ( -1.000000000000000000, 0.000000000000000000, 0.000000000000000000 ) ) ;
#1109 = EDGE_CURVE ( 'NONE', #5169, #6234, #5780, .T. ) ;
#1110 =( GEOMETRIC_REPRESENTATION_CONTEXT ( 3 ) GLOBAL_UNCERTAINTY_ASSIGNED_CONTEXT ( ( #5993 ) ) GLOBAL_UNIT_ASSIGNED_CONTEXT ( ( #4503, #1698, #1300 ) ) REPRESENTATION_CONTEXT ( 'NONE', 'WORKASPACE' ) );
#1111 = CARTESIAN_POINT ( 'NONE',  ( 3.867097865718073013, 0.9999999999999997780, -1.890969379035617459 ) ) ;
#1112 = CARTESIAN_POINT ( 'NONE',  ( 3.978132514172022294, 0.9799999999999997602, -1.664499468193611831 ) ) ;
#1113 = DIRECTION ( 'NONE',  ( 0.000000000000000000, 0.000000000000000000, -1.000000000000000000 ) ) ;
#1114 = ORIENTED_EDGE ( 'NONE', *, *, #1313, .F. ) ;
#1115 = CARTESIAN_POINT ( 'NONE',  ( -1.281308774047113186, 0.9800000000000002043, -2.597949694402314158 ) ) ;
#1116 = STYLED_ITEM ( 'NONE', ( #4514 ), #2745 ) ;
#1117 =( NAMED_UNIT ( * ) SI_UNIT ( $, .STERADIAN. ) SOLID_ANGLE_UNIT ( ) );
#1118 = FACE_OUTER_BOUND ( 'NONE', #6917, .T. ) ;
#1119 = EDGE_LOOP ( 'NONE', ( #5525, #4031 ) ) ;
#1120 = EDGE_CURVE ( 'NONE', #196, #5962, #4607, .T. ) ;
#1121 = CARTESIAN_POINT ( 'NONE',  ( 0.7926476023509049229, 1.000000000000000000, -1.717703355273921817 ) ) ;
#1122 = PRESENTATION_LAYER_ASSIGNMENT (  '', '', ( #996 ) ) ;
#1123 = CARTESIAN_POINT ( 'NONE',  ( 3.096153846153846700, 1.000000000000000000, -2.106250000000000622 ) ) ;
#1124 = CARTESIAN_POINT ( 'NONE',  ( -3.150000000000001688, 2.199999999999998845, -8.655624622074400421 ) ) ;
#1125 = CARTESIAN_POINT ( 'NONE',  ( 2.949999999999996181, 2.799999999999999822, 7.530000000000002025 ) ) ;
#1126 = VERTEX_POINT ( 'NONE', #6849 ) ;
#1127 = CARTESIAN_POINT ( 'NONE',  ( 4.557265891929709767, 1.000000000000000000, -1.607074804361160680 ) ) ;
#1128 = ORIENTED_EDGE ( 'NONE', *, *, #1850, .F. ) ;
#1129 = CARTESIAN_POINT ( 'NONE',  ( 0.9004159324057168234, 0.9800000000000002043, -1.511097518071224277 ) ) ;
#1130 = CARTESIAN_POINT ( 'NONE',  ( 3.484622394150776792, 0.9799999999999999822, -1.469861727239917037 ) ) ;
#1131 = CARTESIAN_POINT ( 'NONE',  ( 1.819230769230768985, 0.9799999999999999822, -1.684615384615384848 ) ) ;
#1132 = ORIENTED_EDGE ( 'NONE', *, *, #7082, .T. ) ;
#1133 = EDGE_CURVE ( 'NONE', #2956, #396, #3627, .T. ) ;
#1134 =( NAMED_UNIT ( * ) SI_UNIT ( $, .STERADIAN. ) SOLID_ANGLE_UNIT ( ) );
#1135 = DIRECTION ( 'NONE',  ( -0.000000000000000000, -1.000000000000000000, -0.000000000000000000 ) ) ;
#1136 = CARTESIAN_POINT ( 'NONE',  ( 1.099357222556580416, 1.000000000000000000, -2.259370600705898902 ) ) ;
#1137 = DIRECTION ( 'NONE',  ( 0.000000000000000000, 0.000000000000000000, 1.000000000000000000 ) ) ;
#1138 = CARTESIAN_POINT ( 'NONE',  ( -1.276749514531589469, 0.9799999999999999822, -1.971100086655241945 ) ) ;
#1139 = CARTESIAN_POINT ( 'NONE',  ( 3.272943757888117755, 1.000000000000000222, -1.514426515105943505 ) ) ;
#1140 = CARTESIAN_POINT ( 'NONE',  ( 0.6598557692307689404, 1.000000000000000000, -2.700000000000000178 ) ) ;
#1141 = CARTESIAN_POINT ( 'NONE',  ( 3.197199420071420661, 1.000000000000000444, -1.549986930062983825 ) ) ;
#1142 = DIRECTION ( 'NONE',  ( -1.000000000000000000, 0.000000000000000000, 0.000000000000000000 ) ) ;
#1143 = SURFACE_STYLE_USAGE ( .BOTH. , #618 ) ;
#1144 = CARTESIAN_POINT ( 'NONE',  ( 2.019230769230768718, 0.9799999999999999822, -1.684615384615384848 ) ) ;
#1145 = EDGE_CURVE ( 'NONE', #2693, #1212, #2508, .T. ) ;
#1146 = ORIENTED_EDGE ( 'NONE', *, *, #3591, .T. ) ;
#1147 = SURFACE_STYLE_USAGE ( .BOTH. , #3948 ) ;
#1148 = PRESENTATION_STYLE_ASSIGNMENT (( #2748 ) ) ;
#1149 = CARTESIAN_POINT ( 'NONE',  ( -1.415834435816005987, 0.9799999999999997602, -2.664243873743646684 ) ) ;
#1150 = EDGE_CURVE ( 'NONE', #2686, #5882, #1983, .T. ) ;
#1151 = VERTEX_POINT ( 'NONE', #4307 ) ;
#1152 = MECHANICAL_DESIGN_GEOMETRIC_PRESENTATION_REPRESENTATION (  '', ( #4682 ), #2555 ) ;
#1153 =( NAMED_UNIT ( * ) PLANE_ANGLE_UNIT ( ) SI_UNIT ( $, .RADIAN. ) );
#1154 = CARTESIAN_POINT ( 'NONE',  ( 3.519452531096125991, 0.9999999999999997780, -1.684974750284857770 ) ) ;
#1155 = CARTESIAN_POINT ( 'NONE',  ( -1.653030056394481528, 1.000000000000000000, -2.483925317998095572 ) ) ;
#1156 = PLANE ( 'NONE',  #5164 ) ;
#1157 = CARTESIAN_POINT ( 'NONE',  ( -1.060470449261294190, 1.000000000000000222, -1.950651688228985492 ) ) ;
#1158 = STYLED_ITEM ( 'NONE', ( #1087 ), #427 ) ;
#1159 = LINE ( 'NONE', #3845, #3334 ) ;
#1160 =( NAMED_UNIT ( * ) SI_UNIT ( $, .STERADIAN. ) SOLID_ANGLE_UNIT ( ) );
#1161 = PRESENTATION_LAYER_ASSIGNMENT (  '', '', ( #4693 ) ) ;
#1162 = ORIENTED_EDGE ( 'NONE', *, *, #5599, .F. ) ;
#1163 = CARTESIAN_POINT ( 'NONE',  ( 3.987295893502466715, 1.000000000000000000, -2.563168524851122232 ) ) ;
#1164 = COLOUR_RGB ( '',1.000000000000000000, 1.000000000000000000, 1.000000000000000000 ) ;
#1165 = CARTESIAN_POINT ( 'NONE',  ( -1.728365384615384803, 0.9799999999999999822, -1.500000000000000222 ) ) ;
#1166 = ORIENTED_EDGE ( 'NONE', *, *, #4688, .F. ) ;
#1167 =( NAMED_UNIT ( * ) PLANE_ANGLE_UNIT ( ) SI_UNIT ( $, .RADIAN. ) );
#1168 =( NAMED_UNIT ( * ) SI_UNIT ( $, .STERADIAN. ) SOLID_ANGLE_UNIT ( ) );
#1169 = SURFACE_STYLE_FILL_AREA ( #43 ) ;
#1170 = VECTOR ( 'NONE', #3604, 1000.000000000000000 ) ;
#1171 = CARTESIAN_POINT ( 'NONE',  ( 0.6598557692307689404, 0.9799999999999999822, -2.700000000000000178 ) ) ;
#1172 = VERTEX_POINT ( 'NONE', #3637 ) ;
#1173 = SURFACE_STYLE_USAGE ( .BOTH. , #606 ) ;
#1174 = CARTESIAN_POINT ( 'NONE',  ( -1.387531092944518374, 1.000000000000000000, -2.396273356870989080 ) ) ;
#1175 = CARTESIAN_POINT ( 'NONE',  ( -4.288461538461538325, 1.000000000000000000, -2.700000000000000178 ) ) ;
#1176 = CIRCLE ( 'NONE', #5276, 1.250000000000000222 ) ;
#1177 = CARTESIAN_POINT ( 'NONE',  ( 1.340717861414249645, 1.000000000000000222, -2.016010547248966667 ) ) ;
#1178 = CARTESIAN_POINT ( 'NONE',  ( 3.363803068830458987, 0.9800000000000004263, -1.714784845176637207 ) ) ;
#1179 = EDGE_CURVE ( 'NONE', #2545, #26, #5942, .T. ) ;
#1180 = DIRECTION ( 'NONE',  ( 0.7071067811865475727, 0.000000000000000000, 0.7071067811865475727 ) ) ;
#1181 = CARTESIAN_POINT ( 'NONE',  ( -4.500000000000000000, 2.749999999999999556, 0.1300000000000016420 ) ) ;
#1182 = PRESENTATION_LAYER_ASSIGNMENT (  '', '', ( #7127 ) ) ;
#1183 = FACE_OUTER_BOUND ( 'NONE', #3291, .T. ) ;
#1184 = EDGE_LOOP ( 'NONE', ( #1128, #1273, #6882, #6346 ) ) ;
#1185 = VECTOR ( 'NONE', #3583, 1000.000000000000000 ) ;
#1186 = LINE ( 'NONE', #1728, #1624 ) ;
#1187 = CARTESIAN_POINT ( 'NONE',  ( 3.834607329272061271, 0.9800000000000002043, -1.543799826820522636 ) ) ;
#1188 = PRESENTATION_LAYER_ASSIGNMENT (  '', '', ( #933 ) ) ;
#1189 = FILL_AREA_STYLE ('',( #3980 ) ) ;
#1190 = ORIENTED_EDGE ( 'NONE', *, *, #4490, .T. ) ;
#1191 = DIRECTION ( 'NONE',  ( 1.000000000000000000, -0.000000000000000000, 0.000000000000000000 ) ) ;
#1192 = DIRECTION ( 'NONE',  ( 0.000000000000000000, -1.000000000000000000, 0.000000000000000000 ) ) ;
#1193 =( NAMED_UNIT ( * ) PLANE_ANGLE_UNIT ( ) SI_UNIT ( $, .RADIAN. ) );
#1194 = EDGE_LOOP ( 'NONE', ( #662, #6541, #4493, #5448 ) ) ;
#1195 = ADVANCED_FACE ( 'NONE', ( #6369 ), #5412, .T. ) ;
#1196 = PLANE ( 'NONE',  #6076 ) ;
#1197 = CARTESIAN_POINT ( 'NONE',  ( 3.526923076923077272, 0.9799999999999999822, -2.115384615384615419 ) ) ;
#1198 = FILL_AREA_STYLE ('',( #66 ) ) ;
#1199 = SURFACE_STYLE_USAGE ( .BOTH. , #1341 ) ;
#1200 = MECHANICAL_DESIGN_GEOMETRIC_PRESENTATION_REPRESENTATION (  '', ( #2481 ), #6571 ) ;
#1201 = ORIENTED_EDGE ( 'NONE', *, *, #3941, .F. ) ;
#1202 = EDGE_CURVE ( 'NONE', #4439, #5745, #5814, .T. ) ;
#1203 = VECTOR ( 'NONE', #1500, 1000.000000000000000 ) ;
#1204 = CARTESIAN_POINT ( 'NONE',  ( 0.9754384087503729095, 0.9799999999999997602, -1.761478196617771053 ) ) ;
#1205 = CARTESIAN_POINT ( 'NONE',  ( -1.662575766196305649, 0.9999999999999995559, -1.715409143662370184 ) ) ;
#1206 = VERTEX_POINT ( 'NONE', #2494 ) ;
#1207 = CARTESIAN_POINT ( 'NONE',  ( 1.340717861414249645, 0.9800000000000002043, -2.016010547248966667 ) ) ;
#1208 = PLANE ( 'NONE',  #5032 ) ;
#1209 = CARTESIAN_POINT ( 'NONE',  ( 0.3884615384615382472, 1.000000000000000000, -1.500000000000000222 ) ) ;
#1210 = CARTESIAN_POINT ( 'NONE',  ( 3.756575016775431930, 0.9799999999999997602, -2.452437633756392010 ) ) ;
#1211 = ORIENTED_EDGE ( 'NONE', *, *, #525, .T. ) ;
#1212 = VERTEX_POINT ( 'NONE', #792 ) ;
#1213 = CARTESIAN_POINT ( 'NONE',  ( -2.003846153846154277, 0.9799999999999999822, -2.700000000000000178 ) ) ;
#1214 = EDGE_CURVE ( 'NONE', #6430, #6218, #5851, .T. ) ;
#1215 = CARTESIAN_POINT ( 'NONE',  ( -1.378605769230769829, 1.000000000000000222, -2.388461538461538858 ) ) ;
#1216 = VECTOR ( 'NONE', #2604, 1000.000000000000227 ) ;
#1217 = CARTESIAN_POINT ( 'NONE',  ( -1.249999999999999778, 0.02000000000000000042, -4.529999999999998472 ) ) ;
#1218 = CARTESIAN_POINT ( 'NONE',  ( -1.377505965684136635, 1.000000000000000222, -2.651185687371526267 ) ) ;
#1219 = B_SPLINE_CURVE_WITH_KNOTS ( 'NONE', 3,
 ( #6064, #3218, #4997, #4922, #3294, #3744, #5522, #1646, #3891, #2123, #496, #6102, #2727, #6587, #1094, #3178, #393, #2631, #7093 ),
 .UNSPECIFIED., .F., .F.,
 ( 4, 1, 1, 1, 1, 1, 1, 1, 1, 1, 1, 1, 1, 1, 1, 1, 4 ),
 ( 0.000000000000000000, 0.06387922505487574065, 0.1258508182289642119, 0.1864720878710257324, 0.2464764795623007321, 0.3062584143630101008, 0.3669511756525898338, 0.4288608758525594422, 0.4925686815092674142, 0.5566061100449887222, 0.6190867352860938144, 0.6810492005977588637, 0.7427850667630350179, 0.8048964525180756224, 0.8678490598723974658, 0.9329329606759887428, 1.000000000000000000 ),
 .UNSPECIFIED. ) ;
#1220 = LINE ( 'NONE', #4121, #1557 ) ;
#1221 = FILL_AREA_STYLE_COLOUR ( '', #6944 ) ;
#1222 = VERTEX_POINT ( 'NONE', #329 ) ;
#1223 =( GEOMETRIC_REPRESENTATION_CONTEXT ( 3 ) GLOBAL_UNCERTAINTY_ASSIGNED_CONTEXT ( ( #2834 ) ) GLOBAL_UNIT_ASSIGNED_CONTEXT ( ( #7183, #7108, #4362 ) ) REPRESENTATION_CONTEXT ( 'NONE', 'WORKASPACE' ) );
#1224 =( NAMED_UNIT ( * ) PLANE_ANGLE_UNIT ( ) SI_UNIT ( $, .RADIAN. ) );
#1225 = CARTESIAN_POINT ( 'NONE',  ( 3.750000000000000000, 0.9799999999999999822, -5.229999999999998650 ) ) ;
#1226 = PLANE ( 'NONE',  #2581 ) ;
#1227 = COLOUR_RGB ( '',1.000000000000000000, 1.000000000000000000, 1.000000000000000000 ) ;
#1228 = LINE ( 'NONE', #3459, #3328 ) ;
#1229 = VERTEX_POINT ( 'NONE', #4752 ) ;
#1230 = DIRECTION ( 'NONE',  ( 0.000000000000000000, 0.000000000000000000, -1.000000000000000000 ) ) ;
#1231 = CARTESIAN_POINT ( 'NONE',  ( 0.6860576923076920908, 1.000000000000000000, -2.484615384615384670 ) ) ;
#1232 = MECHANICAL_DESIGN_GEOMETRIC_PRESENTATION_REPRESENTATION (  '', ( #2391 ), #5208 ) ;
#1233 = CARTESIAN_POINT ( 'NONE',  ( -1.311306861572836491, 0.9999999999999995559, -2.617905310651771789 ) ) ;
#1234 = STYLED_ITEM ( 'NONE', ( #3830 ), #2408 ) ;
#1235 = ORIENTED_EDGE ( 'NONE', *, *, #2971, .T. ) ;
#1236 = EDGE_CURVE ( 'NONE', #396, #2956, #1627, .T. ) ;
#1237 = AXIS2_PLACEMENT_3D ( 'NONE', #6245, #5105, #3442 ) ;
#1238 = CARTESIAN_POINT ( 'NONE',  ( 3.381911856733625488, 1.000000000000000000, -2.717801050505029181 ) ) ;
#1239 = MECHANICAL_DESIGN_GEOMETRIC_PRESENTATION_REPRESENTATION (  '', ( #747 ), #636 ) ;
#1240 =( NAMED_UNIT ( * ) PLANE_ANGLE_UNIT ( ) SI_UNIT ( $, .RADIAN. ) );
#1241 = CARTESIAN_POINT ( 'NONE',  ( 4.500000000000000000, 4.000000000000000000, 7.530000000000002025 ) ) ;
#1242 =( LENGTH_UNIT ( ) NAMED_UNIT ( * ) SI_UNIT ( .MILLI., .METRE. ) );
#1243 = FILL_AREA_STYLE_COLOUR ( '', #6522 ) ;
#1244 = STYLED_ITEM ( 'NONE', ( #3172 ), #4207 ) ;
#1245 = ORIENTED_EDGE ( 'NONE', *, *, #2931, .T. ) ;
#1246 = LINE ( 'NONE', #3544, #2448 ) ;
#1247 = ORIENTED_EDGE ( 'NONE', *, *, #3653, .T. ) ;
#1248 = CARTESIAN_POINT ( 'NONE',  ( 3.867097865718073013, 0.9999999999999997780, -1.890969379035617459 ) ) ;
#1249 = PRESENTATION_LAYER_ASSIGNMENT (  '', '', ( #1827 ) ) ;
#1250 = PRESENTATION_STYLE_ASSIGNMENT (( #782 ) ) ;
#1251 = CARTESIAN_POINT ( 'NONE',  ( 3.638685180307983380, 0.9799999999999999822, -2.723207213417450312 ) ) ;
#1252 = EDGE_CURVE ( 'NONE', #1362, #4036, #4822, .T. ) ;
#1253 = B_SPLINE_SURFACE_WITH_KNOTS ( 'NONE', 3, 1, ( 
 ( #2528, #4791 ),
 ( #1287, #4118 ),
 ( #6991, #6330 ),
 ( #2917, #721 ),
 ( #4157, #5247 ),
 ( #219, #359 ),
 ( #6029, #4376 ),
 ( #3177, #4959 ),
 ( #3818, #2120 ),
 ( #3780, #3253 ),
 ( #1014, #7122 ) ),
 .UNSPECIFIED., .F., .F., .F.,
 ( 4, 1, 1, 1, 1, 1, 1, 1, 4 ),
 ( 2, 2 ),
 ( 0.000000000000000000, 0.1279023639831299020, 0.2498982783358974502, 0.3732797639331223993, 0.5010486153180325752, 0.6288174667029388099, 0.7501456124741432419, 0.8732612132643389202, 1.000000000000000000 ),
 ( 0.000000000000000000, 1.000000000000000000 ),
 .UNSPECIFIED. ) ;
#1254 = CARTESIAN_POINT ( 'NONE',  ( 2.019230769230768718, 1.000000000000000000, -2.176923076923077183 ) ) ;
#1255 = ORIENTED_EDGE ( 'NONE', *, *, #1109, .F. ) ;
#1256 = DIRECTION ( 'NONE',  ( 0.000000000000000000, -1.000000000000000000, 0.000000000000000000 ) ) ;
#1257 = LINE ( 'NONE', #1388, #1427 ) ;
#1258 = CARTESIAN_POINT ( 'NONE',  ( 3.403829906763389257, 0.9999999999999997780, -1.701170856979114410 ) ) ;
#1259 = CARTESIAN_POINT ( 'NONE',  ( 1.819230769230768985, 1.000000000000000000, -1.684615384615384848 ) ) ;
#1260 = CARTESIAN_POINT ( 'NONE',  ( 3.712072160616373573, 0.9800000000000002043, -2.475503173355745545 ) ) ;
#1261 = EDGE_LOOP ( 'NONE', ( #6736, #6164, #5539, #5524 ) ) ;
#1262 = PLANE ( 'NONE',  #4696 ) ;
#1263 = CARTESIAN_POINT ( 'NONE',  ( 3.952343392855576898, 0.9800000000000002043, -1.636143998798361254 ) ) ;
#1264 = ORIENTED_EDGE ( 'NONE', *, *, #1917, .F. ) ;
#1265 = FILL_AREA_STYLE ('',( #3001 ) ) ;
#1266 = LINE ( 'NONE', #7002, #859 ) ;
#1267 = ORIENTED_EDGE ( 'NONE', *, *, #3737, .T. ) ;
#1268 = DIRECTION ( 'NONE',  ( 1.000000000000000000, 0.000000000000000000, 0.000000000000000000 ) ) ;
#1269 = CARTESIAN_POINT ( 'NONE',  ( 1.249999999999999778, 0.02000000000000000042, -4.029999999999997584 ) ) ;
#1270 = STYLED_ITEM ( 'NONE', ( #4409 ), #1084 ) ;
#1271 = CARTESIAN_POINT ( 'NONE',  ( 1.331314487054898965, 0.9799999999999999822, -2.222366563496354086 ) ) ;
#1272 = ADVANCED_FACE ( 'NONE', ( #3709 ), #5555, .F. ) ;
#1273 = ORIENTED_EDGE ( 'NONE', *, *, #343, .F. ) ;
#1274 = MECHANICAL_DESIGN_GEOMETRIC_PRESENTATION_REPRESENTATION (  '', ( #4448 ), #2438 ) ;
#1275 =( NAMED_UNIT ( * ) SI_UNIT ( $, .STERADIAN. ) SOLID_ANGLE_UNIT ( ) );
#1276 = ORIENTED_EDGE ( 'NONE', *, *, #6782, .F. ) ;
#1277 = PRESENTATION_STYLE_ASSIGNMENT (( #5238 ) ) ;
#1278 = SURFACE_SIDE_STYLE ('',( #6356 ) ) ;
#1279 = FILL_AREA_STYLE ('',( #4597 ) ) ;
#1280 = CARTESIAN_POINT ( 'NONE',  ( 2.945590487330685736, 0.9799999999999997602, -1.819609935538453627 ) ) ;
#1281 = CARTESIAN_POINT ( 'NONE',  ( 4.014999052214913711, 0.9799999999999999822, -2.537122056880323662 ) ) ;
#1282 = AXIS2_PLACEMENT_3D ( 'NONE', #4870, #1771, #5679 ) ;
#1283 = STYLED_ITEM ( 'NONE', ( #3852 ), #1298 ) ;
#1284 = LINE ( 'NONE', #789, #239 ) ;
#1285 = EDGE_CURVE ( 'NONE', #2126, #1965, #6063, .T. ) ;
#1286 = LINE ( 'NONE', #3522, #3204 ) ;
#1287 = CARTESIAN_POINT ( 'NONE',  ( 4.557265891929709767, 0.9799999999999999822, -1.607074804361160680 ) ) ;
#1288 = PRESENTATION_LAYER_ASSIGNMENT (  '', '', ( #2789 ) ) ;
#1289 = DIRECTION ( 'NONE',  ( 0.000000000000000000, 0.000000000000000000, 1.000000000000000000 ) ) ;
#1290 = COLOUR_RGB ( '',0.000000000000000000, 0.7529411764705882248, 0.000000000000000000 ) ;
#1291 = CARTESIAN_POINT ( 'NONE',  ( -1.265812767427822783, 0.9799999999999999822, -2.056539368774095600 ) ) ;
#1292 = VECTOR ( 'NONE', #671, 999.9999999999998863 ) ;
#1293 = CARTESIAN_POINT ( 'NONE',  ( -1.328533217170964287, 0.9999999999999997780, -2.329672672776229359 ) ) ;
#1294 = EDGE_LOOP ( 'NONE', ( #1731, #2374, #2632, #4778 ) ) ;
#1295 = ORIENTED_EDGE ( 'NONE', *, *, #467, .T. ) ;
#1296 = VECTOR ( 'NONE', #1040, 1000.000000000000000 ) ;
#1297 = CARTESIAN_POINT ( 'NONE',  ( 2.880769230769231193, 0.9799999999999999822, -2.106009615384615508 ) ) ;
#1298 = ADVANCED_FACE ( 'NONE', ( #2761, #7200 ), #4960, .F. ) ;
#1299 = DIRECTION ( 'NONE',  ( -0.000000000000000000, 1.000000000000000000, -0.000000000000000000 ) ) ;
#1300 =( NAMED_UNIT ( * ) SI_UNIT ( $, .STERADIAN. ) SOLID_ANGLE_UNIT ( ) );
#1301 = COLOUR_RGB ( '',1.000000000000000000, 1.000000000000000000, 1.000000000000000000 ) ;
#1302 = ORIENTED_EDGE ( 'NONE', *, *, #3245, .F. ) ;
#1303 = CARTESIAN_POINT ( 'NONE',  ( -3.249999999999999556, 3.720000000000000195, 7.530000000000002025 ) ) ;
#1304 = PLANE ( 'NONE',  #6003 ) ;
#1305 = EDGE_LOOP ( 'NONE', ( #3536, #1457, #1714, #6958 ) ) ;
#1306 = VECTOR ( 'NONE', #3307, 1000.000000000000000 ) ;
#1307 = FACE_BOUND ( 'NONE', #6766, .T. ) ;
#1308 = PRESENTATION_LAYER_ASSIGNMENT (  '', '', ( #6671 ) ) ;
#1309 = EDGE_CURVE ( 'NONE', #927, #7180, #6058, .T. ) ;
#1310 = DIRECTION ( 'NONE',  ( -0.000000000000000000, 1.000000000000000000, -0.000000000000000000 ) ) ;
#1311 = CARTESIAN_POINT ( 'NONE',  ( 3.817067307692307843, 0.9799999999999999822, -2.674038461538461586 ) ) ;
#1312 = EDGE_LOOP ( 'NONE', ( #6883, #1523, #3817, #3358 ) ) ;
#1313 = EDGE_CURVE ( 'NONE', #4883, #932, #6238, .T. ) ;
#1314 = VECTOR ( 'NONE', #6213, 1000.000000000000000 ) ;
#1315 = CARTESIAN_POINT ( 'NONE',  ( -0.4192307692307690736, 0.9799999999999999822, -2.038461538461538325 ) ) ;
#1316 = CARTESIAN_POINT ( 'NONE',  ( 3.777461160916183669, 1.000000000000000000, -1.766456819533499312 ) ) ;
#1317 = CARTESIAN_POINT ( 'NONE',  ( -3.750000000000000000, 0.9799999999999999822, -4.029999999999998472 ) ) ;
#1318 = CARTESIAN_POINT ( 'NONE',  ( 1.819230769230768985, 0.9799999999999999822, -2.176923076923077183 ) ) ;
#1319 = CARTESIAN_POINT ( 'NONE',  ( 3.874618011762642755, 0.9799999999999997602, -2.645752928310922680 ) ) ;
#1320 = SURFACE_STYLE_USAGE ( .BOTH. , #7022 ) ;
#1321 = CARTESIAN_POINT ( 'NONE',  ( 0.8183178626865640348, 0.9799999999999999822, -1.503691201114233156 ) ) ;
#1322 = DIRECTION ( 'NONE',  ( -1.000000000000000000, 0.000000000000000000, 0.000000000000000000 ) ) ;
#1323 = SURFACE_SIDE_STYLE ('',( #3485 ) ) ;
#1324 = CARTESIAN_POINT ( 'NONE',  ( 3.222230413182562536, 0.9799999999999999822, -1.806733771644927877 ) ) ;
#1325 = CARTESIAN_POINT ( 'NONE',  ( 1.249999999999999778, 0.02000000000000000042, -4.529999999999998472 ) ) ;
#1326 = CARTESIAN_POINT ( 'NONE',  ( -0.4192307692307690736, 0.9799999999999999822, -2.038461538461538325 ) ) ;
#1327 = VERTEX_POINT ( 'NONE', #3217 ) ;
#1328 = EDGE_LOOP ( 'NONE', ( #2079, #4771, #169, #5355 ) ) ;
#1329 =( NAMED_UNIT ( * ) SI_UNIT ( $, .STERADIAN. ) SOLID_ANGLE_UNIT ( ) );
#1330 = CARTESIAN_POINT ( 'NONE',  ( 1.110998918260579282, 0.9800000000000002043, -2.597949694402314158 ) ) ;
#1331 = CARTESIAN_POINT ( 'NONE',  ( 2.019230769230768718, 1.000000000000000000, -1.684615384615384848 ) ) ;
#1332 =( NAMED_UNIT ( * ) SI_UNIT ( $, .STERADIAN. ) SOLID_ANGLE_UNIT ( ) );
#1333 = ORIENTED_EDGE ( 'NONE', *, *, #4955, .T. ) ;
#1334 = DIRECTION ( 'NONE',  ( 1.000000000000000000, 0.000000000000000000, 0.000000000000000000 ) ) ;
#1335 =( GEOMETRIC_REPRESENTATION_CONTEXT ( 3 ) GLOBAL_UNCERTAINTY_ASSIGNED_CONTEXT ( ( #5135 ) ) GLOBAL_UNIT_ASSIGNED_CONTEXT ( ( #2594, #300, #902 ) ) REPRESENTATION_CONTEXT ( 'NONE', 'WORKASPACE' ) );
#1336 = ADVANCED_FACE ( 'NONE', ( #1017 ), #4415, .T. ) ;
#1337 = FILL_AREA_STYLE ('',( #807 ) ) ;
#1338 = EDGE_LOOP ( 'NONE', ( #7157, #4551, #3058, #4056, #6294, #2458 ) ) ;
#1339 = CARTESIAN_POINT ( 'NONE',  ( 3.618114058956970691, 0.9999999999999997780, -2.506193272304860997 ) ) ;
#1340 = PLANE ( 'NONE',  #1519 ) ;
#1341 = SURFACE_SIDE_STYLE ('',( #5800 ) ) ;
#1342 = AXIS2_PLACEMENT_3D ( 'NONE', #2667, #1180, #2813 ) ;
#1343 = PRESENTATION_LAYER_ASSIGNMENT (  '', '', ( #4519 ) ) ;
#1344 = DIRECTION ( 'NONE',  ( -0.000000000000000000, -0.000000000000000000, 1.000000000000000000 ) ) ;
#1345 = ADVANCED_FACE ( 'NONE', ( #6733, #6978 ), #1208, .T. ) ;
#1346 = AXIS2_PLACEMENT_3D ( 'NONE', #5794, #5715, #4214 ) ;
#1347 = ORIENTED_EDGE ( 'NONE', *, *, #1657, .T. ) ;
#1348 = AXIS2_PLACEMENT_3D ( 'NONE', #5047, #5646, #25 ) ;
#1349 = CARTESIAN_POINT ( 'NONE',  ( 3.000729145388956631, 0.9799999999999999822, -2.476803482445922633 ) ) ;
#1350 = ORIENTED_EDGE ( 'NONE', *, *, #5274, .T. ) ;
#1351 = CARTESIAN_POINT ( 'NONE',  ( 3.858684383046074640, 1.000000000000000222, -1.873284901088208665 ) ) ;
#1352 = AXIS2_PLACEMENT_3D ( 'NONE', #5722, #3540, #2404 ) ;
#1353 = CARTESIAN_POINT ( 'NONE',  ( 3.530288461538461764, 1.000000000000000000, -1.469230769230769562 ) ) ;
#1354 = ORIENTED_EDGE ( 'NONE', *, *, #4534, .T. ) ;
#1355 = EDGE_LOOP ( 'NONE', ( #5697, #1642, #943, #3095 ) ) ;
#1356 = CARTESIAN_POINT ( 'NONE',  ( 1.317474276174387171, 0.9799999999999999822, -1.887998703050046911 ) ) ;
#1357 =( NAMED_UNIT ( * ) PLANE_ANGLE_UNIT ( ) SI_UNIT ( $, .RADIAN. ) );
#1358 =( GEOMETRIC_REPRESENTATION_CONTEXT ( 3 ) GLOBAL_UNCERTAINTY_ASSIGNED_CONTEXT ( ( #6730 ) ) GLOBAL_UNIT_ASSIGNED_CONTEXT ( ( #2253, #5122, #660 ) ) REPRESENTATION_CONTEXT ( 'NONE', 'WORKASPACE' ) );
#1359 = FILL_AREA_STYLE ('',( #5887 ) ) ;
#1360 = CARTESIAN_POINT ( 'NONE',  ( -1.308752852053950422, 0.9800000000000002043, -2.296002271410442219 ) ) ;
#1361 = ADVANCED_FACE ( 'NONE', ( #2905 ), #2804, .T. ) ;
#1362 = VERTEX_POINT ( 'NONE', #5939 ) ;
#1363 = UNCERTAINTY_MEASURE_WITH_UNIT (LENGTH_MEASURE( 1.000000000000000082E-05 ), #907, 'distance_accuracy_value', 'NONE');
#1364 = CARTESIAN_POINT ( 'NONE',  ( 0.7811682106351139909, 0.9799999999999999822, -2.696344794924186772 ) ) ;
#1365 = LINE ( 'NONE', #1962, #2125 ) ;
#1366 =( NAMED_UNIT ( * ) PLANE_ANGLE_UNIT ( ) SI_UNIT ( $, .RADIAN. ) );
#1367 = ORIENTED_EDGE ( 'NONE', *, *, #6731, .F. ) ;
#1368 = CARTESIAN_POINT ( 'NONE',  ( 3.164015483288966202, 0.9999999999999995559, -2.333958209892104119 ) ) ;
#1369 = DIRECTION ( 'NONE',  ( -0.000000000000000000, -1.000000000000000000, -0.000000000000000000 ) ) ;
#1370 = CARTESIAN_POINT ( 'NONE',  ( -1.249999999999999778, 1.000000000000000000, -3.829999999999997851 ) ) ;
#1371 = ORIENTED_EDGE ( 'NONE', *, *, #3339, .T. ) ;
#1372 = SURFACE_STYLE_USAGE ( .BOTH. , #5260 ) ;
#1373 = FACE_OUTER_BOUND ( 'NONE', #58, .T. ) ;
#1374 = EDGE_CURVE ( 'NONE', #4530, #2177, #3108, .T. ) ;
#1375 = CARTESIAN_POINT ( 'NONE',  ( 3.487532181476933779, 1.000000000000000222, -2.730503372391977379 ) ) ;
#1376 = SURFACE_SIDE_STYLE ('',( #3725 ) ) ;
#1377 = CARTESIAN_POINT ( 'NONE',  ( 0.9130808030122832264, 0.9999999999999991118, -1.735644222418574856 ) ) ;
#1378 = PRESENTATION_STYLE_ASSIGNMENT (( #4698 ) ) ;
#1379 = EDGE_CURVE ( 'NONE', #2411, #5223, #6640, .T. ) ;
#1380 = ORIENTED_EDGE ( 'NONE', *, *, #1583, .F. ) ;
#1381 = SURFACE_STYLE_USAGE ( .BOTH. , #890 ) ;
#1382 = EDGE_LOOP ( 'NONE', ( #255, #6355, #2217, #5450 ) ) ;
#1383 = UNCERTAINTY_MEASURE_WITH_UNIT (LENGTH_MEASURE( 1.000000000000000082E-05 ), #4199, 'distance_accuracy_value', 'NONE');
#1384 = FACE_OUTER_BOUND ( 'NONE', #6525, .T. ) ;
#1385 =( NAMED_UNIT ( * ) PLANE_ANGLE_UNIT ( ) SI_UNIT ( $, .RADIAN. ) );
#1386 = VECTOR ( 'NONE', #6844, 1000.000000000000000 ) ;
#1387 = CARTESIAN_POINT ( 'NONE',  ( 1.297278640230924207, 0.9800000000000002043, -1.828541687717118780 ) ) ;
#1388 = CARTESIAN_POINT ( 'NONE',  ( -3.646634615384615863, 1.000000000000000000, -1.500000000000000222 ) ) ;
#1389 = CARTESIAN_POINT ( 'NONE',  ( 5.999999999999998224, 1.000000000000000000, 6.830000000000001847 ) ) ;
#1390 = CIRCLE ( 'NONE', #6529, 0.7000000000000000666 ) ;
#1391 =( NAMED_UNIT ( * ) SI_UNIT ( $, .STERADIAN. ) SOLID_ANGLE_UNIT ( ) );
#1392 =( NAMED_UNIT ( * ) SI_UNIT ( $, .STERADIAN. ) SOLID_ANGLE_UNIT ( ) );
#1393 = EDGE_LOOP ( 'NONE', ( #3173, #3055, #5579, #827 ) ) ;
#1394 = ORIENTED_EDGE ( 'NONE', *, *, #4115, .F. ) ;
#1395 = VECTOR ( 'NONE', #2313, 1000.000000000000000 ) ;
#1396 = CARTESIAN_POINT ( 'NONE',  ( 4.106844507937293720, 0.9999999999999997780, -1.908988231458552898 ) ) ;
#1397 = CARTESIAN_POINT ( 'NONE',  ( 1.110998918260579282, 1.000000000000000000, -2.597949694402314158 ) ) ;
#1398 = FILL_AREA_STYLE_COLOUR ( '', #1301 ) ;
#1399 = DIRECTION ( 'NONE',  ( 0.000000000000000000, 1.000000000000000000, 0.000000000000000000 ) ) ;
#1400 = EDGE_CURVE ( 'NONE', #2445, #93, #27, .T. ) ;
#1401 = AXIS2_PLACEMENT_3D ( 'NONE', #4654, #4618, #5224 ) ;
#1402 = CARTESIAN_POINT ( 'NONE',  ( 3.675642829916731635, 0.9999999999999997780, -2.716866357621625205 ) ) ;
#1403 = SURFACE_SIDE_STYLE ('',( #1968 ) ) ;
#1404 = VECTOR ( 'NONE', #1020, 1000.000000000000000 ) ;
#1405 = SURFACE_SIDE_STYLE ('',( #1849 ) ) ;
#1406 = EDGE_LOOP ( 'NONE', ( #6274, #5433, #211, #1096 ) ) ;
#1407 = STYLED_ITEM ( 'NONE', ( #5430 ), #2161 ) ;
#1408 = CARTESIAN_POINT ( 'NONE',  ( -6.000000000000001776, 0.000000000000000000, 6.830000000000001847 ) ) ;
#1409 =( GEOMETRIC_REPRESENTATION_CONTEXT ( 3 ) GLOBAL_UNCERTAINTY_ASSIGNED_CONTEXT ( ( #2029 ) ) GLOBAL_UNIT_ASSIGNED_CONTEXT ( ( #663, #1153, #6826 ) ) REPRESENTATION_CONTEXT ( 'NONE', 'WORKASPACE' ) );
#1410 = PRESENTATION_STYLE_ASSIGNMENT (( #2007 ) ) ;
#1411 = DIRECTION ( 'NONE',  ( 0.000000000000000000, 0.000000000000000000, 1.000000000000000000 ) ) ;
#1412 = ORIENTED_EDGE ( 'NONE', *, *, #4622, .T. ) ;
#1413 = CARTESIAN_POINT ( 'NONE',  ( 3.675642829916731635, 0.9999999999999997780, -2.716866357621625205 ) ) ;
#1414 = CARTESIAN_POINT ( 'NONE',  ( 3.025602934639471719, 0.9799999999999999822, -2.506067914225964532 ) ) ;
#1415 = ADVANCED_FACE ( 'NONE', ( #1700, #546 ), #5050, .T. ) ;
#1416 = VECTOR ( 'NONE', #3761, 1000.000000000000000 ) ;
#1417 = ORIENTED_EDGE ( 'NONE', *, *, #7065, .T. ) ;
#1418 = MECHANICAL_DESIGN_GEOMETRIC_PRESENTATION_REPRESENTATION (  '', ( #1649 ), #1629 ) ;
#1419 = CARTESIAN_POINT ( 'NONE',  ( 3.817067307692307843, 1.000000000000000000, -2.674038461538461586 ) ) ;
#1420 = CARTESIAN_POINT ( 'NONE',  ( 1.819230769230768985, 0.9799999999999999822, -2.469230769230769784 ) ) ;
#1421 = ORIENTED_EDGE ( 'NONE', *, *, #4677, .T. ) ;
#1422 = CARTESIAN_POINT ( 'NONE',  ( -4.499999999999999112, 2.249999999999999556, 7.530000000000002025 ) ) ;
#1423 = CARTESIAN_POINT ( 'NONE',  ( 0.6639423076923074429, 0.9799999999999999822, -1.500000000000000222 ) ) ;
#1424 =( NAMED_UNIT ( * ) PLANE_ANGLE_UNIT ( ) SI_UNIT ( $, .RADIAN. ) );
#1425 = EDGE_LOOP ( 'NONE', ( #4564, #2388 ) ) ;
#1426 = ORIENTED_EDGE ( 'NONE', *, *, #1917, .T. ) ;
#1427 = VECTOR ( 'NONE', #2420, 1000.000000000000000 ) ;
#1428 = PLANE ( 'NONE',  #1621 ) ;
#1429 = CARTESIAN_POINT ( 'NONE',  ( 1.126494924879869020, 1.000000000000000000, -2.056539368774095600 ) ) ;
#1430 = DIRECTION ( 'NONE',  ( -0.000000000000000000, -1.000000000000000000, -0.000000000000000000 ) ) ;
#1431 = CARTESIAN_POINT ( 'NONE',  ( 0.6860576923076920908, 1.000000000000000000, -2.484615384615384670 ) ) ;
#1432 = CARTESIAN_POINT ( 'NONE',  ( 4.426923076923076295, 1.000000000000000000, -1.746153846153846390 ) ) ;
#1433 = PRESENTATION_STYLE_ASSIGNMENT (( #6448 ) ) ;
#1434 = DIRECTION ( 'NONE',  ( -1.000000000000000000, 0.000000000000000000, 0.000000000000000000 ) ) ;
#1435 = ORIENTED_EDGE ( 'NONE', *, *, #1528, .F. ) ;
#1436 = ADVANCED_FACE ( 'NONE', ( #4470 ), #622, .F. ) ;
#1437 = CARTESIAN_POINT ( 'NONE',  ( 2.885544235419648995, 0.9799999999999999822, -2.020726360281982270 ) ) ;
#1438 = SURFACE_STYLE_USAGE ( .BOTH. , #6413 ) ;
#1439 = SURFACE_SIDE_STYLE ('',( #3531 ) ) ;
#1440 =( NAMED_UNIT ( * ) SI_UNIT ( $, .STERADIAN. ) SOLID_ANGLE_UNIT ( ) );
#1441 = CARTESIAN_POINT ( 'NONE',  ( 3.097214193308410746, 1.000000000000000000, -2.147780415932878384 ) ) ;
#1442 = DIRECTION ( 'NONE',  ( -1.000000000000000000, 0.000000000000000000, 0.000000000000000000 ) ) ;
#1443 = CARTESIAN_POINT ( 'NONE',  ( -4.058413461538461497, 0.9799999999999999822, -2.700000000000000178 ) ) ;
#1444 = DIRECTION ( 'NONE',  ( -1.000000000000000000, 0.000000000000000000, 0.000000000000000000 ) ) ;
#1445 = FACE_BOUND ( 'NONE', #3726, .T. ) ;
#1446 = VECTOR ( 'NONE', #7099, 1000.000000000000000 ) ;
#1447 = CARTESIAN_POINT ( 'NONE',  ( 3.253016005188609672, 0.9999999999999995559, -2.678616939764981275 ) ) ;
#1448 = CARTESIAN_POINT ( 'NONE',  ( -1.265384615384615996, 0.9800000000000002043, -2.087019230769231459 ) ) ;
#1449 = CARTESIAN_POINT ( 'NONE',  ( 3.925142841947402150, 0.9799999999999999822, -1.609860299996180855 ) ) ;
#1450 = CARTESIAN_POINT ( 'NONE',  ( 0.9927562302286452312, 0.9999999999999988898, -1.773181274320753342 ) ) ;
#1451 = CARTESIAN_POINT ( 'NONE',  ( 3.000729145388956631, 0.9799999999999999822, -2.476803482445922633 ) ) ;
#1452 = EDGE_CURVE ( 'NONE', #5795, #4824, #4, .T. ) ;
#1453 = CIRCLE ( 'NONE', #53, 0.7000000000000000666 ) ;
#1454 = COLOUR_RGB ( '',0.5019607843137254832, 0.5019607843137254832, 0.5019607843137254832 ) ;
#1455 = CARTESIAN_POINT ( 'NONE',  ( -1.249999999999999778, 0.02000000000000000042, -4.529999999999998472 ) ) ;
#1456 = CARTESIAN_POINT ( 'NONE',  ( -1.435573341781920753, 0.9999999999999997780, -1.751489362061791510 ) ) ;
#1457 = ORIENTED_EDGE ( 'NONE', *, *, #972, .T. ) ;
#1458 =( LENGTH_UNIT ( ) NAMED_UNIT ( * ) SI_UNIT ( .MILLI., .METRE. ) );
#1459 = B_SPLINE_CURVE_WITH_KNOTS ( 'NONE', 3,
 ( #6653, #424, #4957, #5519, #6163, #4486, #6130, #5, #7120, #1569, #561, #3849, #39, #2656, #3323, #4443, #492, #2758, #4918, #4992, #3923, #2722, #1165 ),
 .UNSPECIFIED., .F., .F.,
 ( 4, 1, 1, 1, 1, 1, 1, 1, 1, 1, 1, 1, 1, 1, 1, 1, 1, 1, 1, 1, 4 ),
 ( 0.000000000000000000, 0.06577294654616611114, 0.1294778953864831605, 0.1914300882723854180, 0.2524456684589037603, 0.3117869583861930805, 0.3688175499237479338, 0.4240915179529632928, 0.4784921057091159891, 0.5313937439562549381, 0.5820039702205108689, 0.6312012707438624526, 0.6795030077413394265, 0.7055613742938304789, 0.7352217229481216032, 0.7691324857524239889, 0.8068583199113332771, 0.8489297713697361303, 0.8951166613253597193, 0.9454698037689632795, 1.000000000000000000 ),
 .UNSPECIFIED. ) ;
#1460 = CARTESIAN_POINT ( 'NONE',  ( 3.503588758242764722, 1.000000000000000222, -2.515007888535688352 ) ) ;
#1461 = CARTESIAN_POINT ( 'NONE',  ( 3.149999999999998135, 2.799999999999999822, -8.655624622074400421 ) ) ;
#1462 = COLOUR_RGB ( '',0.8980392156862745390, 0.8980392156862745390, 0.8980392156862745390 ) ;
#1463 = VERTEX_POINT ( 'NONE', #6785 ) ;
#1464 = VECTOR ( 'NONE', #5711, 1000.000000000000000 ) ;
#1465 = SURFACE_STYLE_USAGE ( .BOTH. , #3673 ) ;
#1466 = UNCERTAINTY_MEASURE_WITH_UNIT (LENGTH_MEASURE( 1.000000000000000082E-05 ), #3474, 'distance_accuracy_value', 'NONE');
#1467 = EDGE_CURVE ( 'NONE', #5609, #2830, #7217, .T. ) ;
#1468 = AXIS2_PLACEMENT_3D ( 'NONE', #4368, #6023, #3317 ) ;
#1469 = PRESENTATION_STYLE_ASSIGNMENT (( #937 ) ) ;
#1470 = CARTESIAN_POINT ( 'NONE',  ( 1.322141276744585925, 1.000000000000000222, -2.265862051891942563 ) ) ;
#1471 = ORIENTED_EDGE ( 'NONE', *, *, #1214, .T. ) ;
#1472 = AXIS2_PLACEMENT_3D ( 'NONE', #4549, #1192, #5014 ) ;
#1473 = CARTESIAN_POINT ( 'NONE',  ( 3.750000000000000000, 0.000000000000000000, -4.029999999999998472 ) ) ;
#1474 = DIRECTION ( 'NONE',  ( 0.000000000000000000, 0.000000000000000000, -1.000000000000000000 ) ) ;
#1475 = LINE ( 'NONE', #6632, #1885 ) ;
#1476 = CARTESIAN_POINT ( 'NONE',  ( 4.297404378988376017, 0.9799999999999999822, -1.641836481659772584 ) ) ;
#1477 = LINE ( 'NONE', #5933, #6111 ) ;
#1478 = DIRECTION ( 'NONE',  ( 0.000000000000000000, 0.000000000000000000, -1.000000000000000000 ) ) ;
#1479 = DIRECTION ( 'NONE',  ( 0.000000000000000000, 0.000000000000000000, -1.000000000000000000 ) ) ;
#1480 = CARTESIAN_POINT ( 'NONE',  ( -1.249999999999999778, 0.9799999999999999822, -5.229999999999998650 ) ) ;
#1481 = CARTESIAN_POINT ( 'NONE',  ( 3.451454856899485613, 0.9999999999999997780, -2.727616496600647089 ) ) ;
#1482 = ORIENTED_EDGE ( 'NONE', *, *, #6398, .F. ) ;
#1483 = CARTESIAN_POINT ( 'NONE',  ( 3.530288461538461764, 0.9799999999999999822, -1.469230769230769562 ) ) ;
#1484 = CARTESIAN_POINT ( 'NONE',  ( 1.079636577748751991, 0.9999999999999991118, -1.874776987338887313 ) ) ;
#1485 = CARTESIAN_POINT ( 'NONE',  ( 0.6810140711015805204, 0.9799999999999999822, -2.699852096230391130 ) ) ;
#1486 = DIRECTION ( 'NONE',  ( 0.000000000000000000, 0.000000000000000000, -1.000000000000000000 ) ) ;
#1487 = CARTESIAN_POINT ( 'NONE',  ( -1.504986922381083447, 0.9999999999999995559, -1.729008137715551285 ) ) ;
#1488 = ORIENTED_EDGE ( 'NONE', *, *, #5835, .T. ) ;
#1489 = EDGE_CURVE ( 'NONE', #5609, #73, #2822, .T. ) ;
#1490 = CARTESIAN_POINT ( 'NONE',  ( 3.432404752853954299, 0.9799999999999997602, -2.508650646308208998 ) ) ;
#1491 = CARTESIAN_POINT ( 'NONE',  ( -1.283539978791825353, 0.9999999999999997780, -1.945185366950444639 ) ) ;
#1492 = EDGE_LOOP ( 'NONE', ( #3734, #3380, #3987, #3437 ) ) ;
#1493 = DIRECTION ( 'NONE',  ( 1.000000000000000000, 2.065146995210484695E-16, 0.000000000000000000 ) ) ;
#1494 = DIRECTION ( 'NONE',  ( -0.000000000000000000, 0.000000000000000000, -1.000000000000000000 ) ) ;
#1495 = SURFACE_STYLE_USAGE ( .BOTH. , #395 ) ;
#1496 = VECTOR ( 'NONE', #3968, 1000.000000000000000 ) ;
#1497 = VERTEX_POINT ( 'NONE', #59 ) ;
#1498 = EDGE_CURVE ( 'NONE', #5682, #3843, #2326, .T. ) ;
#1499 = CARTESIAN_POINT ( 'NONE',  ( 3.530288461538461764, 0.9799999999999999822, -1.469230769230769562 ) ) ;
#1500 = DIRECTION ( 'NONE',  ( -1.000000000000000000, 0.000000000000000000, 0.000000000000000000 ) ) ;
#1501 = CARTESIAN_POINT ( 'NONE',  ( 1.249999999999999778, 0.9799999999999999822, -4.529999999999998472 ) ) ;
#1502 = CARTESIAN_POINT ( 'NONE',  ( 4.305072234592569380, 0.9799999999999997602, -1.666393287851660299 ) ) ;
#1503 = VECTOR ( 'NONE', #1493, 1000.000000000000000 ) ;
#1504 =( LENGTH_UNIT ( ) NAMED_UNIT ( * ) SI_UNIT ( .MILLI., .METRE. ) );
#1505 = SURFACE_STYLE_FILL_AREA ( #4386 ) ;
#1506 = MECHANICAL_DESIGN_GEOMETRIC_PRESENTATION_REPRESENTATION (  '', ( #4693 ), #6769 ) ;
#1507 = LINE ( 'NONE', #4283, #1795 ) ;
#1508 = VECTOR ( 'NONE', #6747, 1000.000000000000000 ) ;
#1509 = LINE ( 'NONE', #472, #6540 ) ;
#1510 =( NAMED_UNIT ( * ) PLANE_ANGLE_UNIT ( ) SI_UNIT ( $, .RADIAN. ) );
#1511 = CARTESIAN_POINT ( 'NONE',  ( 3.526923076923077272, 0.9799999999999999822, -2.115384615384615419 ) ) ;
#1512 = DIRECTION ( 'NONE',  ( 1.000000000000000000, -0.000000000000000000, -0.000000000000000000 ) ) ;
#1513 = VECTOR ( 'NONE', #2030, 1000.000000000000000 ) ;
#1514 = ORIENTED_EDGE ( 'NONE', *, *, #2492, .T. ) ;
#1515 = CARTESIAN_POINT ( 'NONE',  ( 1.126076402041340518, 0.9799999999999999822, -2.133394881843516444 ) ) ;
#1516 = PRESENTATION_STYLE_ASSIGNMENT (( #4361 ) ) ;
#1517 = CARTESIAN_POINT ( 'NONE',  ( 1.081000830734855089, 0.9799999999999995381, -2.617905310651771789 ) ) ;
#1518 = ADVANCED_FACE ( 'NONE', ( #2888 ), #696, .F. ) ;
#1519 = AXIS2_PLACEMENT_3D ( 'NONE', #4692, #6974, #2542 ) ;
#1520 = CARTESIAN_POINT ( 'NONE',  ( 0.3884615384615382472, 0.9799999999999999822, -1.500000000000000222 ) ) ;
#1521 = STYLED_ITEM ( 'NONE', ( #1548 ), #2269 ) ;
#1522 = CARTESIAN_POINT ( 'NONE',  ( 3.353145266564293347, 0.9800000000000002043, -2.486267179209729505 ) ) ;
#1523 = ORIENTED_EDGE ( 'NONE', *, *, #1467, .F. ) ;
#1524 = CARTESIAN_POINT ( 'NONE',  ( 1.111893512740157464, 0.9799999999999999822, -2.220088008521744705 ) ) ;
#1525 = FILL_AREA_STYLE ('',( #3098 ) ) ;
#1526 = CIRCLE ( 'NONE', #6082, 0.5000000000000004441 ) ;
#1527 = ORIENTED_EDGE ( 'NONE', *, *, #2299, .F. ) ;
#1528 = EDGE_CURVE ( 'NONE', #2126, #2411, #6856, .T. ) ;
#1529 = PLANE ( 'NONE',  #6878 ) ;
#1530 = AXIS2_PLACEMENT_3D ( 'NONE', #6107, #6661, #1101 ) ;
#1531 =( NAMED_UNIT ( * ) PLANE_ANGLE_UNIT ( ) SI_UNIT ( $, .RADIAN. ) );
#1532 = UNCERTAINTY_MEASURE_WITH_UNIT (LENGTH_MEASURE( 1.000000000000000082E-05 ), #705, 'distance_accuracy_value', 'NONE');
#1533 = SURFACE_STYLE_USAGE ( .BOTH. , #5484 ) ;
#1534 = CARTESIAN_POINT ( 'NONE',  ( 3.879086538461538503, 1.000000000000000000, -2.353125000000000355 ) ) ;
#1535 = SURFACE_SIDE_STYLE ('',( #6409 ) ) ;
#1536 = VECTOR ( 'NONE', #2535, 1000.000000000000000 ) ;
#1537 = ORIENTED_EDGE ( 'NONE', *, *, #2098, .T. ) ;
#1538 = EDGE_CURVE ( 'NONE', #5997, #3435, #5834, .T. ) ;
#1539 = CARTESIAN_POINT ( 'NONE',  ( 3.730774788138872644, 1.000000000000000000, -1.498093476204892305 ) ) ;
#1540 = CARTESIAN_POINT ( 'NONE',  ( 4.401056407918956026, 1.000000000000000222, -1.485941795292988088 ) ) ;
#1541 = CARTESIAN_POINT ( 'NONE',  ( -4.956352788505168198E-16, 2.400000000000002576, 7.530000000000002025 ) ) ;
#1542 = DIRECTION ( 'NONE',  ( 0.3402308794368851252, 0.000000000000000000, 0.9403419317873704664 ) ) ;
#1543 = CARTESIAN_POINT ( 'NONE',  ( -3.750000000000000444, 0.9799999999999999822, -1.847596153846154055 ) ) ;
#1544 = DIRECTION ( 'NONE',  ( 0.000000000000000000, 0.000000000000000000, 1.000000000000000000 ) ) ;
#1545 = DIRECTION ( 'NONE',  ( -1.000000000000000000, 0.000000000000000000, 0.000000000000000000 ) ) ;
#1546 = CARTESIAN_POINT ( 'NONE',  ( 3.518269230769230926, 1.000000000000000000, -2.515384615384615330 ) ) ;
#1547 = CARTESIAN_POINT ( 'NONE',  ( 4.024793201538703791, 0.9799999999999993161, -1.727713067907229449 ) ) ;
#1548 = PRESENTATION_STYLE_ASSIGNMENT (( #4974 ) ) ;
#1549 = DIRECTION ( 'NONE',  ( 0.000000000000000000, 0.000000000000000000, 1.000000000000000000 ) ) ;
#1550 = EDGE_CURVE ( 'NONE', #6852, #528, #659, .T. ) ;
#1551 = AXIS2_PLACEMENT_3D ( 'NONE', #2310, #3410, #3970 ) ;
#1552 = ORIENTED_EDGE ( 'NONE', *, *, #4061, .T. ) ;
#1553 = CARTESIAN_POINT ( 'NONE',  ( 3.925142841947402150, 0.9999999999999995559, -1.609860299996180855 ) ) ;
#1554 =( NAMED_UNIT ( * ) SI_UNIT ( $, .STERADIAN. ) SOLID_ANGLE_UNIT ( ) );
#1555 = DIRECTION ( 'NONE',  ( 0.000000000000000000, 0.000000000000000000, -1.000000000000000000 ) ) ;
#1556 = VERTEX_POINT ( 'NONE', #1810 ) ;
#1557 = VECTOR ( 'NONE', #162, 1000.000000000000000 ) ;
#1558 = FILL_AREA_STYLE ('',( #6574 ) ) ;
#1559 = CARTESIAN_POINT ( 'NONE',  ( 3.281146988932452491, 0.9799999999999993161, -2.448777883339343653 ) ) ;
#1560 = ORIENTED_EDGE ( 'NONE', *, *, #560, .F. ) ;
#1561 = CARTESIAN_POINT ( 'NONE',  ( 1.126636060949991025, 0.9799999999999999822, -2.102740203373589356 ) ) ;
#1562 = LINE ( 'NONE', #1085, #5903 ) ;
#1563 = EDGE_CURVE ( 'NONE', #5376, #4469, #3988, .T. ) ;
#1564 = CARTESIAN_POINT ( 'NONE',  ( 3.782792451937194489, 0.9799999999999999822, -2.687644723142706304 ) ) ;
#1565 = AXIS2_PLACEMENT_3D ( 'NONE', #2946, #5207, #4668 ) ;
#1566 = EDGE_LOOP ( 'NONE', ( #5996, #2231, #3570, #5961 ) ) ;
#1567 = CARTESIAN_POINT ( 'NONE',  ( 5.999999999999998224, 1.000000000000000000, 6.830000000000001847 ) ) ;
#1568 = PRESENTATION_LAYER_ASSIGNMENT (  '', '', ( #6120 ) ) ;
#1569 = CARTESIAN_POINT ( 'NONE',  ( -1.222697250396283408, 0.9799999999999999822, -1.634915726183040263 ) ) ;
#1570 = VERTEX_POINT ( 'NONE', #5681 ) ;
#1571 = CARTESIAN_POINT ( 'NONE',  ( -3.440865384615384936, 0.9799999999999999822, -2.700000000000000178 ) ) ;
#1572 = SURFACE_STYLE_FILL_AREA ( #462 ) ;
#1573 =( GEOMETRIC_REPRESENTATION_CONTEXT ( 3 ) GLOBAL_UNCERTAINTY_ASSIGNED_CONTEXT ( ( #5411 ) ) GLOBAL_UNIT_ASSIGNED_CONTEXT ( ( #694, #270, #6417 ) ) REPRESENTATION_CONTEXT ( 'NONE', 'WORKASPACE' ) );
#1574 = LINE ( 'NONE', #6030, #3441 ) ;
#1575 = EDGE_LOOP ( 'NONE', ( #3577, #4484, #2307, #2502 ) ) ;
#1576 = VECTOR ( 'NONE', #2669, 1000.000000000000000 ) ;
#1577 = CARTESIAN_POINT ( 'NONE',  ( 3.693350683047618599, 1.000000000000000000, -1.487482227691808934 ) ) ;
#1578 = PRESENTATION_LAYER_ASSIGNMENT (  '', '', ( #6717 ) ) ;
#1579 = LINE ( 'NONE', #3856, #4851 ) ;
#1580 = PLANE ( 'NONE',  #1530 ) ;
#1581 = DIRECTION ( 'NONE',  ( 0.000000000000000000, 0.000000000000000000, 1.000000000000000000 ) ) ;
#1582 = DIRECTION ( 'NONE',  ( 0.000000000000000000, 0.000000000000000000, 1.000000000000000000 ) ) ;
#1583 = EDGE_CURVE ( 'NONE', #2156, #2821, #273, .T. ) ;
#1584 = CARTESIAN_POINT ( 'NONE',  ( 0.7392776359132106068, 0.9799999999999999822, -2.483925317998095572 ) ) ;
#1585 = CARTESIAN_POINT ( 'NONE',  ( 3.987295893502466715, 0.9799999999999999822, -2.563168524851122232 ) ) ;
#1586 = PRODUCT_DEFINITION_FORMATION_WITH_SPECIFIED_SOURCE ( 'ANY', '', #578, .NOT_KNOWN. ) ;
#1587 = CARTESIAN_POINT ( 'NONE',  ( 4.334399503276370247, 0.9799999999999999822, -1.708197087542361547 ) ) ;
#1588 = DIRECTION ( 'NONE',  ( -1.000000000000000000, 0.000000000000000000, 0.000000000000000000 ) ) ;
#1589 = DIRECTION ( 'NONE',  ( 0.000000000000000000, -1.000000000000000000, 0.000000000000000000 ) ) ;
#1590 = LINE ( 'NONE', #2611, #6549 ) ;
#1591 = EDGE_LOOP ( 'NONE', ( #4816, #5442, #3272, #1371, #5808, #4612 ) ) ;
#1592 = CARTESIAN_POINT ( 'NONE',  ( 3.766754532572594183, 0.9999999999999997780, -1.511037457077952340 ) ) ;
#1593 = CARTESIAN_POINT ( 'NONE',  ( 1.090744059651786113, 0.9999999999999986677, -1.897005307203841085 ) ) ;
#1594 = PLANE ( 'NONE',  #2276 ) ;
#1595 = ORIENTED_EDGE ( 'NONE', *, *, #6053, .F. ) ;
#1596 = ADVANCED_FACE ( 'NONE', ( #2964 ), #6343, .T. ) ;
#1597 = DIRECTION ( 'NONE',  ( -1.000000000000000000, 0.000000000000000000, 0.000000000000000000 ) ) ;
#1598 = DIRECTION ( 'NONE',  ( -0.000000000000000000, -0.000000000000000000, 1.000000000000000000 ) ) ;
#1599 = VERTEX_POINT ( 'NONE', #2468 ) ;
#1600 = CARTESIAN_POINT ( 'NONE',  ( -1.530803658252579469, 1.000000000000000222, -1.507182465705265928 ) ) ;
#1601 = DIRECTION ( 'NONE',  ( 1.000000000000000000, 0.000000000000000000, 0.000000000000000000 ) ) ;
#1602 = CARTESIAN_POINT ( 'NONE',  ( 3.601038384305847107, 0.9799999999999999822, -2.727434289677254320 ) ) ;
#1603 = ORIENTED_EDGE ( 'NONE', *, *, #551, .T. ) ;
#1604 =( LENGTH_UNIT ( ) NAMED_UNIT ( * ) SI_UNIT ( .MILLI., .METRE. ) );
#1605 = CARTESIAN_POINT ( 'NONE',  ( 4.500000000000000000, 1.000000000000000444, 7.530000000000002025 ) ) ;
#1606 = ORIENTED_EDGE ( 'NONE', *, *, #7082, .F. ) ;
#1607 = CARTESIAN_POINT ( 'NONE',  ( 0.8615040340551122222, 1.000000000000000000, -1.507182465705265706 ) ) ;
#1608 = UNCERTAINTY_MEASURE_WITH_UNIT (LENGTH_MEASURE( 1.000000000000000082E-05 ), #3572, 'distance_accuracy_value', 'NONE');
#1609 = CARTESIAN_POINT ( 'NONE',  ( 4.305072234592569380, 0.9799999999999997602, -1.666393287851660299 ) ) ;
#1610 = EDGE_LOOP ( 'NONE', ( #6839, #302, #4101, #2457 ) ) ;
#1611 = DIRECTION ( 'NONE',  ( 0.000000000000000000, 0.000000000000000000, -1.000000000000000000 ) ) ;
#1612 = CARTESIAN_POINT ( 'NONE',  ( 4.418217899903063461, 1.000000000000000222, -1.485061775287022323 ) ) ;
#1613 = CYLINDRICAL_SURFACE ( 'NONE', #6679, 0.4999999999999995559 ) ;
#1614 = CARTESIAN_POINT ( 'NONE',  ( -3.750000000000000000, 0.9799999999999999822, -4.529999999999998472 ) ) ;
#1615 = CARTESIAN_POINT ( 'NONE',  ( 0.7899431657169917465, 0.9800000000000002043, -2.479257537496250663 ) ) ;
#1616 = CARTESIAN_POINT ( 'NONE',  ( 2.987749583952772792, 0.9999999999999997780, -1.745483128106626758 ) ) ;
#1617 = LINE ( 'NONE', #5536, #3026 ) ;
#1618 = COLOUR_RGB ( '',1.000000000000000000, 1.000000000000000000, 1.000000000000000000 ) ;
#1619 = EDGE_CURVE ( 'NONE', #5133, #1821, #6382, .T. ) ;
#1620 = SURFACE_STYLE_FILL_AREA ( #3760 ) ;
#1621 = AXIS2_PLACEMENT_3D ( 'NONE', #864, #6948, #5243 ) ;
#1622 = EDGE_LOOP ( 'NONE', ( #2868, #11, #3471, #3664 ) ) ;
#1623 = SURFACE_STYLE_FILL_AREA ( #514 ) ;
#1624 = VECTOR ( 'NONE', #2356, 1000.000000000000000 ) ;
#1625 = CARTESIAN_POINT ( 'NONE',  ( 3.879086538461538503, 0.9799999999999999822, -2.353125000000000355 ) ) ;
#1626 = VERTEX_POINT ( 'NONE', #3612 ) ;
#1627 = CIRCLE ( 'NONE', #910, 0.7000000000000005107 ) ;
#1628 = CARTESIAN_POINT ( 'NONE',  ( -3.750000000000000000, 0.000000000000000000, -3.829999999999999183 ) ) ;
#1629 =( GEOMETRIC_REPRESENTATION_CONTEXT ( 3 ) GLOBAL_UNCERTAINTY_ASSIGNED_CONTEXT ( ( #2596 ) ) GLOBAL_UNIT_ASSIGNED_CONTEXT ( ( #6507, #284, #3207 ) ) REPRESENTATION_CONTEXT ( 'NONE', 'WORKASPACE' ) );
#1630 = CARTESIAN_POINT ( 'NONE',  ( -1.512367334036130773, 0.9799999999999997602, -2.461461006307791521 ) ) ;
#1631 = CARTESIAN_POINT ( 'NONE',  ( 3.503588758242764722, 0.9800000000000002043, -2.515007888535688352 ) ) ;
#1632 = CARTESIAN_POINT ( 'NONE',  ( -1.709613860324706414, 1.000000000000000222, -1.500074585785847514 ) ) ;
#1633 = CARTESIAN_POINT ( 'NONE',  ( 3.143012381075921624, 1.000000000000000222, -2.300018172922825954 ) ) ;
#1634 = PRESENTATION_LAYER_ASSIGNMENT (  '', '', ( #4925 ) ) ;
#1635 = EDGE_CURVE ( 'NONE', #1599, #5559, #7204, .T. ) ;
#1636 = VECTOR ( 'NONE', #5935, 1000.000000000000000 ) ;
#1637 = ORIENTED_EDGE ( 'NONE', *, *, #1498, .F. ) ;
#1638 = DIRECTION ( 'NONE',  ( 0.000000000000000000, 0.000000000000000000, -1.000000000000000000 ) ) ;
#1639 = VECTOR ( 'NONE', #3954, 999.9999999999997726 ) ;
#1640 = SURFACE_STYLE_USAGE ( .BOTH. , #4521 ) ;
#1641 = CARTESIAN_POINT ( 'NONE',  ( 4.477419222559344547, 1.000000000000000222, -1.493354478283874576 ) ) ;
#1642 = ORIENTED_EDGE ( 'NONE', *, *, #543, .T. ) ;
#1643 = CARTESIAN_POINT ( 'NONE',  ( 0.6826938319829860546, 0.9799999999999999822, -1.500074585785847292 ) ) ;
#1644 =( GEOMETRIC_REPRESENTATION_CONTEXT ( 3 ) GLOBAL_UNCERTAINTY_ASSIGNED_CONTEXT ( ( #6260 ) ) GLOBAL_UNIT_ASSIGNED_CONTEXT ( ( #1080, #482, #5653 ) ) REPRESENTATION_CONTEXT ( 'NONE', 'WORKASPACE' ) );
#1645 = EDGE_CURVE ( 'NONE', #3843, #3507, #1459, .T. ) ;
#1646 = CARTESIAN_POINT ( 'NONE',  ( 3.166939063269323729, 0.9799999999999995381, -1.871272808436583279 ) ) ;
#1647 = DIRECTION ( 'NONE',  ( -0.000000000000000000, 0.000000000000000000, 1.000000000000000000 ) ) ;
#1648 = EDGE_LOOP ( 'NONE', ( #4125, #3120, #4417, #155 ) ) ;
#1649 = STYLED_ITEM ( 'NONE', ( #4300 ), #6194 ) ;
#1650 = DIRECTION ( 'NONE',  ( 0.000000000000000000, 0.000000000000000000, 1.000000000000000000 ) ) ;
#1651 = CYLINDRICAL_SURFACE ( 'NONE', #1551, 0.5000000000000004441 ) ;
#1652 = CYLINDRICAL_SURFACE ( 'NONE', #4255, 0.6999999999999996225 ) ;
#1653 = CARTESIAN_POINT ( 'NONE',  ( -4.219999999999998863, 2.250000000000000000, 7.530000000000002025 ) ) ;
#1654 = PLANE ( 'NONE',  #5110 ) ;
#1655 = AXIS2_PLACEMENT_3D ( 'NONE', #2507, #340, #6893 ) ;
#1656 = CARTESIAN_POINT ( 'NONE',  ( 0.7392776359132106068, 1.000000000000000222, -2.483925317998095572 ) ) ;
#1657 = EDGE_CURVE ( 'NONE', #5882, #2365, #1016, .T. ) ;
#1658 = LINE ( 'NONE', #470, #4509 ) ;
#1659 =( LENGTH_UNIT ( ) NAMED_UNIT ( * ) SI_UNIT ( .MILLI., .METRE. ) );
#1660 = CARTESIAN_POINT ( 'NONE',  ( 3.161648176412928724, 0.9799999999999999822, -1.571407242212651489 ) ) ;
#1661 = PRESENTATION_STYLE_ASSIGNMENT (( #409 ) ) ;
#1662 = SURFACE_STYLE_FILL_AREA ( #5395 ) ;
#1663 =( NAMED_UNIT ( * ) PLANE_ANGLE_UNIT ( ) SI_UNIT ( $, .RADIAN. ) );
#1664 = ORIENTED_EDGE ( 'NONE', *, *, #4558, .T. ) ;
#1665 = DIRECTION ( 'NONE',  ( 0.000000000000000000, 0.000000000000000000, 1.000000000000000000 ) ) ;
#1666 = FILL_AREA_STYLE_COLOUR ( '', #2527 ) ;
#1667 = SURFACE_SIDE_STYLE ('',( #29 ) ) ;
#1668 = ORIENTED_EDGE ( 'NONE', *, *, #1236, .T. ) ;
#1669 = CARTESIAN_POINT ( 'NONE',  ( 1.100597640769149788, 1.000000000000000000, -1.920409797398147989 ) ) ;
#1670 = CARTESIAN_POINT ( 'NONE',  ( 3.144789001842730247, 1.000000000000000222, -1.906143660695127640 ) ) ;
#1671 = CARTESIAN_POINT ( 'NONE',  ( 3.750000000000000000, 0.9799999999999999822, -5.029999999999997584 ) ) ;
#1672 = CARTESIAN_POINT ( 'NONE',  ( -1.621622414588394623, 1.000000000000000222, -1.501794183810177152 ) ) ;
#1673 = SURFACE_STYLE_USAGE ( .BOTH. , #4480 ) ;
#1674 = EDGE_CURVE ( 'NONE', #6442, #246, #5311, .T. ) ;
#1675 = ORIENTED_EDGE ( 'NONE', *, *, #2931, .F. ) ;
#1676 = CARTESIAN_POINT ( 'NONE',  ( 3.526923076923077272, 1.000000000000000000, -2.115384615384615419 ) ) ;
#1677 = ORIENTED_EDGE ( 'NONE', *, *, #6606, .F. ) ;
#1678 = CARTESIAN_POINT ( 'NONE',  ( 1.084874305107383474, 1.000000000000000222, -1.569766635114264508 ) ) ;
#1679 =( GEOMETRIC_REPRESENTATION_CONTEXT ( 3 ) GLOBAL_UNCERTAINTY_ASSIGNED_CONTEXT ( ( #2121 ) ) GLOBAL_UNIT_ASSIGNED_CONTEXT ( ( #3179, #4892, #2235 ) ) REPRESENTATION_CONTEXT ( 'NONE', 'WORKASPACE' ) );
#1680 = CARTESIAN_POINT ( 'NONE',  ( 3.396160442419003722, 0.9799999999999999822, -1.480272307946297827 ) ) ;
#1681 = DIRECTION ( 'NONE',  ( -0.000000000000000000, 1.000000000000000000, -0.000000000000000000 ) ) ;
#1682 = ORIENTED_EDGE ( 'NONE', *, *, #3357, .F. ) ;
#1683 = DIRECTION ( 'NONE',  ( -0.000000000000000000, -0.000000000000000000, 1.000000000000000000 ) ) ;
#1684 = PRESENTATION_LAYER_ASSIGNMENT (  '', '', ( #7058 ) ) ;
#1685 = CARTESIAN_POINT ( 'NONE',  ( -3.249999999999999556, 3.720000000000000195, -8.655624622074400421 ) ) ;
#1686 = EDGE_CURVE ( 'NONE', #6028, #6725, #3747, .T. ) ;
#1687 = FILL_AREA_STYLE ('',( #4566 ) ) ;
#1688 = PRESENTATION_LAYER_ASSIGNMENT (  '', '', ( #4285 ) ) ;
#1689 = CARTESIAN_POINT ( 'NONE',  ( 1.039642106288849455, 0.9999999999999997780, -1.546065538491963931 ) ) ;
#1690 = EDGE_CURVE ( 'NONE', #4210, #3808, #3398, .T. ) ;
#1691 = CARTESIAN_POINT ( 'NONE',  ( 5.999999999999998224, 1.000000000000000000, 6.830000000000001847 ) ) ;
#1692 = MECHANICAL_DESIGN_GEOMETRIC_PRESENTATION_REPRESENTATION (  '', ( #6708 ), #4640 ) ;
#1693 = CARTESIAN_POINT ( 'NONE',  ( -1.271628519673966284, 1.000000000000000444, -2.178044090144684031 ) ) ;
#1694 = AXIS2_PLACEMENT_3D ( 'NONE', #4891, #3782, #4414 ) ;
#1695 = COLOUR_RGB ( '',1.000000000000000000, 1.000000000000000000, 1.000000000000000000 ) ;
#1696 = CARTESIAN_POINT ( 'NONE',  ( 3.127882621753902637, 0.9800000000000002043, -1.594984545564449352 ) ) ;
#1697 = DIRECTION ( 'NONE',  ( -0.000000000000000000, 1.000000000000000000, -0.000000000000000000 ) ) ;
#1698 =( NAMED_UNIT ( * ) PLANE_ANGLE_UNIT ( ) SI_UNIT ( $, .RADIAN. ) );
#1699 = ORIENTED_EDGE ( 'NONE', *, *, #4379, .T. ) ;
#1700 = FACE_OUTER_BOUND ( 'NONE', #513, .T. ) ;
#1701 = CIRCLE ( 'NONE', #2736, 0.4999999999999995559 ) ;
#1702 = CARTESIAN_POINT ( 'NONE',  ( -1.505060308412942138, 1.000000000000000222, -2.684574988228277004 ) ) ;
#1703 = ORIENTED_EDGE ( 'NONE', *, *, #3707, .T. ) ;
#1704 = FILL_AREA_STYLE_COLOUR ( '', #356 ) ;
#1705 = CARTESIAN_POINT ( 'NONE',  ( 3.325298934820680508, 0.9999999999999997780, -1.731741066557076714 ) ) ;
#1706 = PRESENTATION_STYLE_ASSIGNMENT (( #5686 ) ) ;
#1707 = FACE_OUTER_BOUND ( 'NONE', #3460, .T. ) ;
#1708 =( NAMED_UNIT ( * ) PLANE_ANGLE_UNIT ( ) SI_UNIT ( $, .RADIAN. ) );
#1709 = VERTEX_POINT ( 'NONE', #1676 ) ;
#1710 = CARTESIAN_POINT ( 'NONE',  ( 3.903103682113091555, 1.000000000000000000, -2.628478880582843846 ) ) ;
#1711 = EDGE_CURVE ( 'NONE', #3639, #2156, #1088, .T. ) ;
#1712 = B_SPLINE_CURVE_WITH_KNOTS ( 'NONE', 3,
 ( #2877, #5701, #6173, #2767, #572, #1136, #6140, #116, #3370, #2915, #2842 ),
 .UNSPECIFIED., .F., .F.,
 ( 4, 1, 1, 1, 1, 1, 1, 1, 4 ),
 ( 0.000000000000000000, 0.1422766862527816978, 0.2774285141643557662, 0.4064771515299090421, 0.5305950716916276733, 0.6501429215018529328, 0.7668506965409357390, 0.8835020926432471944, 0.9999999999999998890 ),
 .UNSPECIFIED. ) ;
#1713 = DIRECTION ( 'NONE',  ( 0.000000000000000000, 1.000000000000000000, 0.000000000000000000 ) ) ;
#1714 = ORIENTED_EDGE ( 'NONE', *, *, #3033, .T. ) ;
#1715 = CARTESIAN_POINT ( 'NONE',  ( 1.272241457910151308, 0.9800000000000002043, -1.772810115625022220 ) ) ;
#1716 = CARTESIAN_POINT ( 'NONE',  ( 2.987749583952772792, 0.9799999999999997602, -1.745483128106626758 ) ) ;
#1717 = DIRECTION ( 'NONE',  ( 0.000000000000000000, -0.000000000000000000, 1.000000000000000000 ) ) ;
#1718 = VERTEX_POINT ( 'NONE', #5551 ) ;
#1719 = VERTEX_POINT ( 'NONE', #2688 ) ;
#1720 = CARTESIAN_POINT ( 'NONE',  ( 4.219999999999999751, 2.250000000000000444, 7.530000000000002025 ) ) ;
#1721 = CARTESIAN_POINT ( 'NONE',  ( 3.249999999999999556, 1.000000000000000444, 7.530000000000002025 ) ) ;
#1722 = FACE_OUTER_BOUND ( 'NONE', #4669, .T. ) ;
#1723 = CARTESIAN_POINT ( 'NONE',  ( 0.9348828597137953667, 0.9999999999999997780, -1.516163720631590328 ) ) ;
#1724 = CARTESIAN_POINT ( 'NONE',  ( -1.533805561245018545, 0.9799999999999999822, -1.724239591707438013 ) ) ;
#1725 = CARTESIAN_POINT ( 'NONE',  ( 2.901789926795229402, 1.000000000000000000, -1.938156654545170277 ) ) ;
#1726 = EDGE_CURVE ( 'NONE', #1362, #4411, #6624, .T. ) ;
#1727 = CARTESIAN_POINT ( 'NONE',  ( 3.866183066568298798, 1.000000000000000222, -2.366043932528768767 ) ) ;
#1728 = CARTESIAN_POINT ( 'NONE',  ( -1.706250000000000266, 1.000000000000000000, -2.484615384615384670 ) ) ;
#1729 = CARTESIAN_POINT ( 'NONE',  ( 4.500000000000000000, 1.000000000000000444, 0.1300000000000016420 ) ) ;
#1730 = FACE_BOUND ( 'NONE', #4700, .T. ) ;
#1731 = ORIENTED_EDGE ( 'NONE', *, *, #2343, .T. ) ;
#1732 = CARTESIAN_POINT ( 'NONE',  ( -1.415834435816005987, 0.9799999999999997602, -2.664243873743646684 ) ) ;
#1733 = DIRECTION ( 'NONE',  ( -1.000000000000000000, 0.000000000000000000, 0.000000000000000000 ) ) ;
#1734 = PRODUCT_RELATED_PRODUCT_CATEGORY ( 'part', '', ( #578 ) ) ;
#1735 = VERTEX_POINT ( 'NONE', #6761 ) ;
#1736 =( GEOMETRIC_REPRESENTATION_CONTEXT ( 3 ) GLOBAL_UNCERTAINTY_ASSIGNED_CONTEXT ( ( #4038 ) ) GLOBAL_UNIT_ASSIGNED_CONTEXT ( ( #5774, #1910, #3250 ) ) REPRESENTATION_CONTEXT ( 'NONE', 'WORKASPACE' ) );
#1737 = DIRECTION ( 'NONE',  ( -0.000000000000000000, -1.000000000000000000, -0.000000000000000000 ) ) ;
#1738 = FACE_OUTER_BOUND ( 'NONE', #3904, .T. ) ;
#1739 = CARTESIAN_POINT ( 'NONE',  ( -1.352665586018842125, 1.000000000000000000, -1.546065538491963931 ) ) ;
#1740 = FACE_OUTER_BOUND ( 'NONE', #1305, .T. ) ;
#1741 = PRESENTATION_LAYER_ASSIGNMENT (  '', '', ( #6652 ) ) ;
#1742 = EDGE_CURVE ( 'NONE', #1222, #2821, #638, .T. ) ;
#1743 = ORIENTED_EDGE ( 'NONE', *, *, #3283, .T. ) ;
#1744 = CARTESIAN_POINT ( 'NONE',  ( 0.9927562302286452312, 0.9799999999999999822, -1.773181274320753342 ) ) ;
#1745 = COLOUR_RGB ( '',1.000000000000000000, 1.000000000000000000, 1.000000000000000000 ) ;
#1746 = CARTESIAN_POINT ( 'NONE',  ( -3.249999999999999112, 1.279999999999999805, 2.130000000000001670 ) ) ;
#1747 = ORIENTED_EDGE ( 'NONE', *, *, #5783, .F. ) ;
#1748 = CARTESIAN_POINT ( 'NONE',  ( 1.039642106288849455, 0.9799999999999997602, -1.546065538491963931 ) ) ;
#1749 = UNCERTAINTY_MEASURE_WITH_UNIT (LENGTH_MEASURE( 1.000000000000000082E-05 ), #4655, 'distance_accuracy_value', 'NONE');
#1750 = CARTESIAN_POINT ( 'NONE',  ( 3.537184191224410856, 1.000000000000000000, -2.730570208150604028 ) ) ;
#1751 = AXIS2_PLACEMENT_3D ( 'NONE', #692, #3529, #6338 ) ;
#1752 = AXIS2_PLACEMENT_3D ( 'NONE', #5624, #3920, #2757 ) ;
#1753 = LINE ( 'NONE', #111, #7164 ) ;
#1754 = EDGE_CURVE ( 'NONE', #3808, #777, #147, .T. ) ;
#1755 = ORIENTED_EDGE ( 'NONE', *, *, #68, .T. ) ;
#1756 = VECTOR ( 'NONE', #1512, 1000.000000000000000 ) ;
#1757 = PRESENTATION_STYLE_ASSIGNMENT (( #6768 ) ) ;
#1758 = DIRECTION ( 'NONE',  ( -0.000000000000000000, -0.000000000000000000, 1.000000000000000000 ) ) ;
#1759 = DIRECTION ( 'NONE',  ( -0.000000000000000000, 1.000000000000000000, -0.000000000000000000 ) ) ;
#1760 = AXIS2_PLACEMENT_3D ( 'NONE', #2401, #628, #3466 ) ;
#1761 = CARTESIAN_POINT ( 'NONE',  ( 4.500000000000000000, 4.000000000000000000, 0.1300000000000016420 ) ) ;
#1762 = CARTESIAN_POINT ( 'NONE',  ( 3.489575181987176755, 1.000000000000000000, -1.685682855362241828 ) ) ;
#1763 = DIRECTION ( 'NONE',  ( -1.000000000000000000, -1.734723475976806897E-15, 0.000000000000000000 ) ) ;
#1764 = SURFACE_STYLE_FILL_AREA ( #5567 ) ;
#1765 = ADVANCED_FACE ( 'NONE', ( #6904 ), #599, .T. ) ;
#1766 = CIRCLE ( 'NONE', #4251, 0.6999999999999996225 ) ;
#1767 =( NAMED_UNIT ( * ) SI_UNIT ( $, .STERADIAN. ) SOLID_ANGLE_UNIT ( ) );
#1768 = ORIENTED_EDGE ( 'NONE', *, *, #4278, .T. ) ;
#1769 = COLOUR_RGB ( '',1.000000000000000000, 1.000000000000000000, 1.000000000000000000 ) ;
#1770 = PRESENTATION_STYLE_ASSIGNMENT (( #6146 ) ) ;
#1771 = DIRECTION ( 'NONE',  ( 0.000000000000000000, 0.000000000000000000, 1.000000000000000000 ) ) ;
#1772 = DIRECTION ( 'NONE',  ( -0.000000000000000000, 1.000000000000000000, -0.000000000000000000 ) ) ;
#1773 = VECTOR ( 'NONE', #5875, 1000.000000000000000 ) ;
#1774 = DIRECTION ( 'NONE',  ( 0.000000000000000000, 0.000000000000000000, -1.000000000000000000 ) ) ;
#1775 = ORIENTED_EDGE ( 'NONE', *, *, #2575, .T. ) ;
#1776 = DIRECTION ( 'NONE',  ( 0.000000000000000000, 0.000000000000000000, -1.000000000000000000 ) ) ;
#1777 = CARTESIAN_POINT ( 'NONE',  ( -1.281308774047113186, 1.000000000000000222, -2.597949694402314158 ) ) ;
#1778 = LINE ( 'NONE', #2294, #812 ) ;
#1779 = EDGE_CURVE ( 'NONE', #6989, #6858, #1246, .T. ) ;
#1780 = CARTESIAN_POINT ( 'NONE',  ( 3.750000000000000000, 0.02000000000000000042, -4.529999999999998472 ) ) ;
#1781 = DIRECTION ( 'NONE',  ( 0.000000000000000000, 1.000000000000000000, 0.000000000000000000 ) ) ;
#1782 = CARTESIAN_POINT ( 'NONE',  ( 1.249999999999999778, 0.02000000000000000042, -3.829999999999997851 ) ) ;
#1783 = CARTESIAN_POINT ( 'NONE',  ( 3.249999999999999556, 2.750000000000000000, -8.655624622074400421 ) ) ;
#1784 = DIRECTION ( 'NONE',  ( 0.000000000000000000, 0.000000000000000000, 1.000000000000000000 ) ) ;
#1785 = ORIENTED_EDGE ( 'NONE', *, *, #6096, .T. ) ;
#1786 = MECHANICAL_DESIGN_GEOMETRIC_PRESENTATION_REPRESENTATION (  '', ( #4738 ), #4022 ) ;
#1787 = CARTESIAN_POINT ( 'NONE',  ( 3.749999999999997780, 1.599999999999998535, 6.729999999999999538 ) ) ;
#1788 = ORIENTED_EDGE ( 'NONE', *, *, #1645, .T. ) ;
#1789 = CARTESIAN_POINT ( 'NONE',  ( 3.858684383046074640, 0.9800000000000002043, -1.873284901088208665 ) ) ;
#1790 = B_SPLINE_CURVE_WITH_KNOTS ( 'NONE', 3,
 ( #2827, #4582, #701, #2935, #3989, #6192, #2893, #1853, #4621, #6270, #5718, #5091, #5193, #3428, #4094, #6309, #6716, #5125, #3118 ),
 .UNSPECIFIED., .F., .F.,
 ( 4, 1, 1, 1, 1, 1, 1, 1, 1, 1, 1, 1, 1, 1, 1, 1, 4 ),
 ( 0.000000000000000000, 0.06378691041142112161, 0.1266160577673749732, 0.1883427175688253685, 0.2494790546609667037, 0.3098641696187233174, 0.3706562883855294976, 0.4306751569820286285, 0.4912776807977299320, 0.5518738213688570982, 0.6130654962055209767, 0.6751670177106505744, 0.7377045842895261218, 0.8014732993282047691, 0.8661155991141838983, 0.9322603771672383077, 0.9999999999999998890 ),
 .UNSPECIFIED. ) ;
#1791 = SURFACE_SIDE_STYLE ('',( #6207 ) ) ;
#1792 = VERTEX_POINT ( 'NONE', #1746 ) ;
#1793 = FILL_AREA_STYLE ('',( #2344 ) ) ;
#1794 = DIRECTION ( 'NONE',  ( -0.000000000000000000, -1.000000000000000000, -0.000000000000000000 ) ) ;
#1795 = VECTOR ( 'NONE', #2094, 1000.000000000000000 ) ;
#1796 = CARTESIAN_POINT ( 'NONE',  ( 4.316907492664156187, 0.9800000000000004263, -1.542436167618555398 ) ) ;
#1797 = CARTESIAN_POINT ( 'NONE',  ( 3.325298934820680508, 0.9999999999999997780, -1.731741066557076714 ) ) ;
#1798 = SURFACE_STYLE_USAGE ( .BOTH. , #6702 ) ;
#1799 = CARTESIAN_POINT ( 'NONE',  ( -1.265384615384615996, 1.000000000000000222, -2.087019230769231459 ) ) ;
#1800 = CARTESIAN_POINT ( 'NONE',  ( 3.568672232051011584, 1.000000000000000444, -2.513784256426838226 ) ) ;
#1801 = EDGE_LOOP ( 'NONE', ( #5881, #5647, #3346, #3127, #903, #4893, #6691, #3526, #6277, #6187, #4825, #3669 ) ) ;
#1802 = AXIS2_PLACEMENT_3D ( 'NONE', #5591, #1095, #2124 ) ;
#1803 = CARTESIAN_POINT ( 'NONE',  ( 3.396160442419003722, 1.000000000000000222, -1.480272307946297827 ) ) ;
#1804 = FACE_OUTER_BOUND ( 'NONE', #5865, .T. ) ;
#1805 = CARTESIAN_POINT ( 'NONE',  ( 3.693350683047618599, 0.9799999999999999822, -1.487482227691808934 ) ) ;
#1806 = ADVANCED_FACE ( 'NONE', ( #5763 ), #6019, .T. ) ;
#1807 = B_SPLINE_CURVE_WITH_KNOTS ( 'NONE', 3,
 ( #5966, #1612, #1540, #3145, #5490, #5528, #6069, #905, #4860, #7131, #2636 ),
 .UNSPECIFIED., .F., .F.,
 ( 4, 1, 1, 1, 1, 1, 1, 1, 4 ),
 ( 0.000000000000000000, 0.1266784397236885296, 0.2497354186915814178, 0.3720307030292076544, 0.4997387169341094282, 0.6274467308390119236, 0.7502207113971043340, 0.8721585370692582773, 1.000000000000000000 ),
 .UNSPECIFIED. ) ;
#1808 = FACE_BOUND ( 'NONE', #5013, .T. ) ;
#1809 = ORIENTED_EDGE ( 'NONE', *, *, #1949, .F. ) ;
#1810 = CARTESIAN_POINT ( 'NONE',  ( -0.4192307692307690736, 1.000000000000000000, -2.038461538461538325 ) ) ;
#1811 = CARTESIAN_POINT ( 'NONE',  ( 3.846201770115875718, 0.9799999999999999822, -2.661334578638067327 ) ) ;
#1812 = CARTESIAN_POINT ( 'NONE',  ( -1.252964000064546557, 0.9799999999999999822, -2.575222200027703856 ) ) ;
#1813 = STYLED_ITEM ( 'NONE', ( #802 ), #2386 ) ;
#1814 = ORIENTED_EDGE ( 'NONE', *, *, #6913, .T. ) ;
#1815 = CARTESIAN_POINT ( 'NONE',  ( -6.000000000000001776, 1.000000000000000000, 6.830000000000001847 ) ) ;
#1816 = CIRCLE ( 'NONE', #1468, 0.5000000000000004441 ) ;
#1817 =( NAMED_UNIT ( * ) PLANE_ANGLE_UNIT ( ) SI_UNIT ( $, .RADIAN. ) );
#1818 = CARTESIAN_POINT ( 'NONE',  ( -1.249999999999999778, 0.000000000000000000, -3.829999999999997851 ) ) ;
#1819 =( NAMED_UNIT ( * ) SI_UNIT ( $, .STERADIAN. ) SOLID_ANGLE_UNIT ( ) );
#1820 = ADVANCED_FACE ( 'NONE', ( #6434 ), #4227, .T. ) ;
#1821 = VERTEX_POINT ( 'NONE', #1671 ) ;
#1822 = CIRCLE ( 'NONE', #6620, 1.250000000000000222 ) ;
#1823 = B_SPLINE_CURVE_WITH_KNOTS ( 'NONE', 3,
 ( #4953, #5990, #4987, #5445, #388, #5515, #3846, #6054, #5474, #6619, #967, #3209, #355, #421, #7156, #4406, #4915, #3284, #4369, #3131, #1491, #487, #7116, #2652, #2715, #7192, #2112 ),
 .UNSPECIFIED., .F., .F.,
 ( 4, 1, 1, 1, 1, 1, 1, 1, 1, 1, 1, 1, 1, 1, 1, 1, 1, 1, 1, 1, 1, 1, 1, 1, 4 ),
 ( 0.000000000000000000, 0.06261464793181550914, 0.1204288125492776751, 0.1741994859485837266, 0.2237246639590649289, 0.2690284504243910524, 0.3107650011525418532, 0.3481152575356891710, 0.3823781144346328764, 0.4147531609533668395, 0.4471954319285634250, 0.4800445791734141987, 0.5137386411999473879, 0.5479625035502666552, 0.5829178144656939065, 0.6193151011155169083, 0.6571235452560976187, 0.6956865764257776918, 0.7355137155615780742, 0.7758232002862923693, 0.8176522616681765054, 0.8607425835624210597, 0.9053869274729277050, 0.9519981971377819985, 1.000000000000000000 ),
 .UNSPECIFIED. ) ;
#1824 = CARTESIAN_POINT ( 'NONE',  ( 0.8873207699266084658, 0.9799999999999997602, -1.729008137715551063 ) ) ;
#1825 =( LENGTH_UNIT ( ) NAMED_UNIT ( * ) SI_UNIT ( .MILLI., .METRE. ) );
#1826 = VERTEX_POINT ( 'NONE', #5020 ) ;
#1827 = STYLED_ITEM ( 'NONE', ( #2035 ), #3047 ) ;
#1828 = PRESENTATION_STYLE_ASSIGNMENT (( #6841 ) ) ;
#1829 = CARTESIAN_POINT ( 'NONE',  ( 3.747674403671148013, 0.9999999999999997780, -2.699027926121469800 ) ) ;
#1830 = CYLINDRICAL_SURFACE ( 'NONE', #1237, 0.7000000000000005107 ) ;
#1831 = B_SPLINE_SURFACE_WITH_KNOTS ( 'NONE', 3, 1, ( 
 ( #5039, #5008 ),
 ( #18, #2283 ),
 ( #4569, #2244 ),
 ( #4499, #1693 ),
 ( #3938, #6142 ),
 ( #4674, #2351 ),
 ( #1360, #4050 ),
 ( #3030, #5217 ),
 ( #2953, #5782 ),
 ( #5676, #6881 ),
 ( #5286, #5147 ) ),
 .UNSPECIFIED., .F., .F., .F.,
 ( 4, 1, 1, 1, 1, 1, 1, 1, 4 ),
 ( 2, 2 ),
 ( 0.000000000000000000, 0.1422766862527816978, 0.2774285141643557662, 0.4064771515299090421, 0.5305950716916276733, 0.6501429215018529328, 0.7668506965409357390, 0.8835020926432471944, 0.9999999999999998890 ),
 ( 0.000000000000000000, 1.000000000000000000 ),
 .UNSPECIFIED. ) ;
#1832 = DIRECTION ( 'NONE',  ( 1.000000000000000000, 0.000000000000000000, 0.000000000000000000 ) ) ;
#1833 = ORIENTED_EDGE ( 'NONE', *, *, #756, .F. ) ;
#1834 = ORIENTED_EDGE ( 'NONE', *, *, #4043, .T. ) ;
#1835 = CARTESIAN_POINT ( 'NONE',  ( 1.819230769230768985, 0.9799999999999999822, -2.176923076923077183 ) ) ;
#1836 = CARTESIAN_POINT ( 'NONE',  ( 0.8615040340551122222, 0.9799999999999999822, -1.507182465705265706 ) ) ;
#1837 = DIRECTION ( 'NONE',  ( -0.000000000000000000, 1.000000000000000000, -0.000000000000000000 ) ) ;
#1838 = CARTESIAN_POINT ( 'NONE',  ( -1.670394384456294290, 1.000000000000000000, -2.699566196571411503 ) ) ;
#1839 = CARTESIAN_POINT ( 'NONE',  ( -1.312671114558940699, 0.9800000000000002043, -1.874776987338887313 ) ) ;
#1840 = PLANE ( 'NONE',  #5199 ) ;
#1841 = ORIENTED_EDGE ( 'NONE', *, *, #6220, .T. ) ;
#1842 = EDGE_CURVE ( 'NONE', #4087, #6430, #6575, .T. ) ;
#1843 = PLANE ( 'NONE',  #1751 ) ;
#1844 = DIRECTION ( 'NONE',  ( -1.000000000000000000, 0.000000000000000000, 0.000000000000000000 ) ) ;
#1845 = CARTESIAN_POINT ( 'NONE',  ( 3.149999999999998135, 2.200000000000000178, 2.130000000000001670 ) ) ;
#1846 = PRESENTATION_STYLE_ASSIGNMENT (( #657 ) ) ;
#1847 = ORIENTED_EDGE ( 'NONE', *, *, #5483, .T. ) ;
#1848 = DIRECTION ( 'NONE',  ( -0.000000000000000000, 0.000000000000000000, 1.000000000000000000 ) ) ;
#1849 = SURFACE_STYLE_FILL_AREA ( #1337 ) ;
#1850 = EDGE_CURVE ( 'NONE', #5873, #7051, #5510, .T. ) ;
#1851 = VERTEX_POINT ( 'NONE', #3913 ) ;
#1852 = CARTESIAN_POINT ( 'NONE',  ( 4.296153846153845102, 1.000000000000000000, -1.615865384615384759 ) ) ;
#1853 = CARTESIAN_POINT ( 'NONE',  ( 3.193985322808112759, 0.9799999999999999822, -2.648940257519353469 ) ) ;
#1854 = CARTESIAN_POINT ( 'NONE',  ( -1.706250000000000266, 0.9799999999999999822, -2.484615384615384670 ) ) ;
#1855 = CARTESIAN_POINT ( 'NONE',  ( 4.125240384615385558, 0.9799999999999999822, -2.115384615384615419 ) ) ;
#1856 = ORIENTED_EDGE ( 'NONE', *, *, #7126, .T. ) ;
#1857 = PRESENTATION_LAYER_ASSIGNMENT (  '', '', ( #3013 ) ) ;
#1858 = CARTESIAN_POINT ( 'NONE',  ( 2.919332364914923428, 0.9799999999999995381, -2.329307575323574575 ) ) ;
#1859 = SURFACE_STYLE_USAGE ( .BOTH. , #5132 ) ;
#1860 = EDGE_LOOP ( 'NONE', ( #455, #2115, #1132, #123 ) ) ;
#1861 = CARTESIAN_POINT ( 'NONE',  ( 3.737923431706119182, 0.9799999999999997602, -1.736544869324513352 ) ) ;
#1862 = EDGE_CURVE ( 'NONE', #1719, #2577, #6683, .T. ) ;
#1863 = LINE ( 'NONE', #714, #4179 ) ;
#1864 = CARTESIAN_POINT ( 'NONE',  ( 4.032927704842994565, 0.9799999999999997602, -2.518584581609914608 ) ) ;
#1865 = VECTOR ( 'NONE', #1936, 1000.000000000000000 ) ;
#1866 = CARTESIAN_POINT ( 'NONE',  ( 1.249999999999999778, 0.000000000000000000, -4.029999999999997584 ) ) ;
#1867 = AXIS2_PLACEMENT_3D ( 'NONE', #6821, #1369, #4057 ) ;
#1868 = CARTESIAN_POINT ( 'NONE',  ( 0.7706852777192975124, 0.9800000000000002043, -1.501794183810177818 ) ) ;
#1869 = CARTESIAN_POINT ( 'NONE',  ( 0.000000000000000000, 1.000000000000000000, 0.000000000000000000 ) ) ;
#1870 = B_SPLINE_CURVE_WITH_KNOTS ( 'NONE', 3,
 ( #1890, #2473, #4772, #4135, #4733, #5866, #6347, #1339, #3578, #1930, #6387 ),
 .UNSPECIFIED., .F., .F.,
 ( 4, 1, 1, 1, 1, 1, 1, 1, 4 ),
 ( 0.000000000000000000, 0.1344469729957879223, 0.2638071572604060444, 0.3892412375756165721, 0.5114964050416204167, 0.6324272219006807916, 0.7534387150183178283, 0.8752597545988098915, 1.000000000000000000 ),
 .UNSPECIFIED. ) ;
#1871 = EDGE_CURVE ( 'NONE', #2723, #3100, #3248, .T. ) ;
#1872 = VECTOR ( 'NONE', #4084, 999.9999999999998863 ) ;
#1873 = CARTESIAN_POINT ( 'NONE',  ( -1.153559704717333156, 1.000000000000000222, -2.459173467542655089 ) ) ;
#1874 = LINE ( 'NONE', #4159, #6953 ) ;
#1875 = AXIS2_PLACEMENT_3D ( 'NONE', #3656, #3724, #6934 ) ;
#1876 = LINE ( 'NONE', #4013, #962 ) ;
#1877 = EDGE_LOOP ( 'NONE', ( #4176, #2293, #1809, #4407 ) ) ;
#1878 = ORIENTED_EDGE ( 'NONE', *, *, #5204, .T. ) ;
#1879 = MECHANICAL_DESIGN_GEOMETRIC_PRESENTATION_REPRESENTATION (  '', ( #3153 ), #2794 ) ;
#1880 = FILL_AREA_STYLE ('',( #727 ) ) ;
#1881 = CARTESIAN_POINT ( 'NONE',  ( 1.049408330230830133, 1.000000000000000000, -2.635820081317662211 ) ) ;
#1882 = FILL_AREA_STYLE ('',( #1398 ) ) ;
#1883 = AXIS2_PLACEMENT_3D ( 'NONE', #4467, #6638, #1113 ) ;
#1884 = EDGE_CURVE ( 'NONE', #1053, #488, #4436, .T. ) ;
#1885 = VECTOR ( 'NONE', #6001, 1000.000000000000000 ) ;
#1886 = ORIENTED_EDGE ( 'NONE', *, *, #4743, .T. ) ;
#1887 =( NAMED_UNIT ( * ) PLANE_ANGLE_UNIT ( ) SI_UNIT ( $, .RADIAN. ) );
#1888 = B_SPLINE_CURVE_WITH_KNOTS ( 'NONE', 3,
 ( #4389, #915, #2702, #4971, #3156, #7177, #2172, #375, #7076, #2068, #5603, #6817, #3376, #4543, #5010, #4015, #4572, #1111, #6219 ),
 .UNSPECIFIED., .F., .F.,
 ( 4, 1, 1, 1, 1, 1, 1, 1, 1, 1, 1, 1, 1, 1, 1, 1, 4 ),
 ( 0.000000000000000000, 0.06934871325595018399, 0.1361469546042718137, 0.2005553513704651236, 0.2627938981591092515, 0.3234215623312627907, 0.3824643489379604411, 0.4409638725178809948, 0.4982922175092573402, 0.5558279989942981336, 0.6142840608122167589, 0.6736809141865972572, 0.7347653641184294093, 0.7975553011576232976, 0.8622761528751511362, 0.9296709880359621536, 0.9999999999999998890 ),
 .UNSPECIFIED. ) ;
#1889 = ORIENTED_EDGE ( 'NONE', *, *, #6418, .F. ) ;
#1890 = CARTESIAN_POINT ( 'NONE',  ( 3.879086538461538503, 1.000000000000000000, -2.353125000000000355 ) ) ;
#1891 = COLOUR_RGB ( '',1.000000000000000000, 1.000000000000000000, 1.000000000000000000 ) ;
#1892 = CARTESIAN_POINT ( 'NONE',  ( -1.437764124774167040, 0.9799999999999999822, -2.431345987542615994 ) ) ;
#1893 = PRESENTATION_LAYER_ASSIGNMENT (  '', '', ( #4001 ) ) ;
#1894 = CARTESIAN_POINT ( 'NONE',  ( 3.348298706145740766, 0.9799999999999997602, -2.710743938206949366 ) ) ;
#1895 = LINE ( 'NONE', #178, #1185 ) ;
#1896 = CARTESIAN_POINT ( 'NONE',  ( 0.7297319261113863753, 0.9999999999999988898, -1.715409143662370184 ) ) ;
#1897 = VECTOR ( 'NONE', #4715, 1000.000000000000000 ) ;
#1898 = VERTEX_POINT ( 'NONE', #2260 ) ;
#1899 = COLOUR_RGB ( '',1.000000000000000000, 1.000000000000000000, 1.000000000000000000 ) ;
#1900 = CARTESIAN_POINT ( 'NONE',  ( 1.054230571285125428, 0.9799999999999997602, -1.834714841387226958 ) ) ;
#1901 = DIRECTION ( 'NONE',  ( -1.000000000000000000, 0.000000000000000000, 0.000000000000000000 ) ) ;
#1902 = ORIENTED_EDGE ( 'NONE', *, *, #6407, .T. ) ;
#1903 = CARTESIAN_POINT ( 'NONE',  ( 3.716619743208994464, 1.000000000000000000, -1.724099189595294845 ) ) ;
#1904 = UNCERTAINTY_MEASURE_WITH_UNIT (LENGTH_MEASURE( 1.000000000000000082E-05 ), #6622, 'distance_accuracy_value', 'NONE');
#1905 = ADVANCED_FACE ( 'NONE', ( #3771 ), #3205, .F. ) ;
#1906 = DIRECTION ( 'NONE',  ( -0.000000000000000000, 0.000000000000000000, 1.000000000000000000 ) ) ;
#1907 = DIRECTION ( 'NONE',  ( -0.000000000000000000, -1.000000000000000000, -0.000000000000000000 ) ) ;
#1908 = CARTESIAN_POINT ( 'NONE',  ( 3.618114058956970691, 0.9799999999999997602, -2.506193272304860997 ) ) ;
#1909 = ORIENTED_EDGE ( 'NONE', *, *, #6337, .T. ) ;
#1910 =( NAMED_UNIT ( * ) PLANE_ANGLE_UNIT ( ) SI_UNIT ( $, .RADIAN. ) );
#1911 = CARTESIAN_POINT ( 'NONE',  ( 1.341772135782881126, 0.9799999999999999822, -2.060548449902598556 ) ) ;
#1912 = DIRECTION ( 'NONE',  ( 0.000000000000000000, -0.000000000000000000, 1.000000000000000000 ) ) ;
#1913 = CARTESIAN_POINT ( 'NONE',  ( 3.103434768602589600, 0.9999999999999997780, -2.021573809846368253 ) ) ;
#1914 = CARTESIAN_POINT ( 'NONE',  ( 1.014801726623556055, 0.9999999999999997780, -2.651185687371525379 ) ) ;
#1915 = DIRECTION ( 'NONE',  ( -1.000000000000000000, 0.000000000000000000, 0.000000000000000000 ) ) ;
#1916 = ORIENTED_EDGE ( 'NONE', *, *, #4440, .T. ) ;
#1917 = EDGE_CURVE ( 'NONE', #2496, #5156, #5470, .T. ) ;
#1918 = AXIS2_PLACEMENT_3D ( 'NONE', #7001, #6519, #7174 ) ;
#1919 = LINE ( 'NONE', #4163, #1170 ) ;
#1920 = CARTESIAN_POINT ( 'NONE',  ( 1.279563824642594438, 0.9999999999999997780, -2.387187630493925905 ) ) ;
#1921 = PRESENTATION_STYLE_ASSIGNMENT (( #333 ) ) ;
#1922 = CARTESIAN_POINT ( 'NONE',  ( 3.138428184912579244, 1.000000000000000222, -2.612883373277548049 ) ) ;
#1923 = EDGE_CURVE ( 'NONE', #6380, #498, #5986, .T. ) ;
#1924 = DIRECTION ( 'NONE',  ( -0.000000000000000000, 1.000000000000000000, 0.000000000000000000 ) ) ;
#1925 = VERTEX_POINT ( 'NONE', #2680 ) ;
#1926 = FILL_AREA_STYLE_COLOUR ( '', #736 ) ;
#1927 = CARTESIAN_POINT ( 'NONE',  ( -1.070166415563106543, 0.9800000000000002043, -2.265862051891942563 ) ) ;
#1928 = CARTESIAN_POINT ( 'NONE',  ( 3.817067307692307843, 0.9799999999999999822, -2.674038461538461586 ) ) ;
#1929 = ORIENTED_EDGE ( 'NONE', *, *, #5823, .F. ) ;
#1930 = CARTESIAN_POINT ( 'NONE',  ( 3.535202322163609967, 1.000000000000000000, -2.514846968343631861 ) ) ;
#1931 = CARTESIAN_POINT ( 'NONE',  ( -1.473030951027076263, 0.9799999999999999822, -2.448142915585495238 ) ) ;
#1932 = VECTOR ( 'NONE', #4133, 1000.000000000000227 ) ;
#1933 = CARTESIAN_POINT ( 'NONE',  ( 3.938105978039039279, 0.9799999999999999822, -2.603408518380069481 ) ) ;
#1934 = STYLED_ITEM ( 'NONE', ( #309 ), #6678 ) ;
#1935 = CARTESIAN_POINT ( 'NONE',  ( 0.8270207790104915357, 0.9999999999999988898, -1.719958759348471089 ) ) ;
#1936 = DIRECTION ( 'NONE',  ( 1.000000000000000000, 0.000000000000000000, 0.000000000000000000 ) ) ;
#1937 = AXIS2_PLACEMENT_3D ( 'NONE', #2284, #6775, #3340 ) ;
#1938 = ORIENTED_EDGE ( 'NONE', *, *, #2255, .T. ) ;
#1939 = AXIS2_PLACEMENT_3D ( 'NONE', #1325, #4200, #2562 ) ;
#1940 = AXIS2_PLACEMENT_3D ( 'NONE', #2568, #4764, #5789 ) ;
#1941 = CARTESIAN_POINT ( 'NONE',  ( -1.673547192518995974, 1.000000000000000000, -1.500218044030600550 ) ) ;
#1942 = CARTESIAN_POINT ( 'NONE',  ( -1.479226889295409686, 0.9999999999999995559, -1.735644222418574190 ) ) ;
#1943 = EDGE_LOOP ( 'NONE', ( #5242, #1775 ) ) ;
#1944 = CARTESIAN_POINT ( 'NONE',  ( 3.645554217126922403, 1.000000000000000000, -1.697137100233354845 ) ) ;
#1945 = CARTESIAN_POINT ( 'NONE',  ( 4.305124650355351079, 0.9999999999999997780, -1.565284476229015675 ) ) ;
#1946 = DIRECTION ( 'NONE',  ( -0.000000000000000000, 0.000000000000000000, 1.000000000000000000 ) ) ;
#1947 = CIRCLE ( 'NONE', #3455, 0.7000000000000005107 ) ;
#1948 = ORIENTED_EDGE ( 'NONE', *, *, #1285, .T. ) ;
#1949 = EDGE_CURVE ( 'NONE', #276, #196, #4512, .T. ) ;
#1950 = DIRECTION ( 'NONE',  ( -0.000000000000000000, 1.000000000000000000, -0.000000000000000000 ) ) ;
#1951 = CARTESIAN_POINT ( 'NONE',  ( 3.250000000000000000, 1.280000000000000471, 2.130000000000001670 ) ) ;
#1952 = SURFACE_STYLE_USAGE ( .BOTH. , #1323 ) ;
#1953 = CARTESIAN_POINT ( 'NONE',  ( -1.249999999999999778, 1.000000000000000000, -4.529999999999998472 ) ) ;
#1954 = CARTESIAN_POINT ( 'NONE',  ( 0.7811682106351139909, 1.000000000000000000, -2.696344794924186772 ) ) ;
#1955 = DIRECTION ( 'NONE',  ( 0.000000000000000000, -0.000000000000000000, -1.000000000000000000 ) ) ;
#1956 = ORIENTED_EDGE ( 'NONE', *, *, #6143, .F. ) ;
#1957 = UNCERTAINTY_MEASURE_WITH_UNIT (LENGTH_MEASURE( 1.000000000000000082E-05 ), #975, 'distance_accuracy_value', 'NONE');
#1958 = CARTESIAN_POINT ( 'NONE',  ( 4.115785953099144301, 1.000000000000000000, -1.947032879573579178 ) ) ;
#1959 = AXIS2_PLACEMENT_3D ( 'NONE', #5246, #257, #2493 ) ;
#1960 = CARTESIAN_POINT ( 'NONE',  ( 1.166432926753109500, 0.9799999999999999822, -2.550161286182537346 ) ) ;
#1961 = FILL_AREA_STYLE_COLOUR ( '', #2232 ) ;
#1962 = CARTESIAN_POINT ( 'NONE',  ( -3.150000000000001688, 2.199999999999998845, 2.130000000000001670 ) ) ;
#1963 =( NAMED_UNIT ( * ) PLANE_ANGLE_UNIT ( ) SI_UNIT ( $, .RADIAN. ) );
#1964 = EDGE_CURVE ( 'NONE', #5682, #2693, #2712, .T. ) ;
#1965 = VERTEX_POINT ( 'NONE', #3315 ) ;
#1966 = CARTESIAN_POINT ( 'NONE',  ( -1.788461538461538769, 1.000000000000041078, -2.484615384615384670 ) ) ;
#1967 = CARTESIAN_POINT ( 'NONE',  ( -1.050204524871799272, 0.9800000000000002043, -2.099206800070118284 ) ) ;
#1968 = SURFACE_STYLE_FILL_AREA ( #6420 ) ;
#1969 = ORIENTED_EDGE ( 'NONE', *, *, #4869, .T. ) ;
#1970 = CARTESIAN_POINT ( 'NONE',  ( 3.750000000000000000, 0.9799999999999999822, -4.529999999999998472 ) ) ;
#1971 = CARTESIAN_POINT ( 'NONE',  ( -1.602364526590700944, 0.9800000000000002043, -2.479257537496250219 ) ) ;
#1972 = CARTESIAN_POINT ( 'NONE',  ( 3.511933069298156074, 0.9800000000000002043, -2.730679910330774174 ) ) ;
#1973 = DIRECTION ( 'NONE',  ( -1.000000000000000000, 0.000000000000000000, 0.000000000000000000 ) ) ;
#1974 =( NAMED_UNIT ( * ) PLANE_ANGLE_UNIT ( ) SI_UNIT ( $, .RADIAN. ) );
#1975 = ORIENTED_EDGE ( 'NONE', *, *, #5118, .F. ) ;
#1976 = CARTESIAN_POINT ( 'NONE',  ( -1.267882392726741525, 0.9799999999999999822, -2.026821772455061677 ) ) ;
#1977 = ORIENTED_EDGE ( 'NONE', *, *, #4137, .T. ) ;
#1978 = CARTESIAN_POINT ( 'NONE',  ( 1.099357222556580416, 1.000000000000000222, -2.259370600705898902 ) ) ;
#1979 = PRESENTATION_STYLE_ASSIGNMENT (( #929 ) ) ;
#1980 = ADVANCED_FACE ( 'NONE', ( #7189 ), #2185, .T. ) ;
#1981 = SURFACE_SIDE_STYLE ('',( #1169 ) ) ;
#1982 = VECTOR ( 'NONE', #2380, 1000.000000000000000 ) ;
#1983 = B_SPLINE_CURVE_WITH_KNOTS ( 'NONE', 3,
 ( #1432, #361, #6447, #1988, #4238, #5921, #7092, #3139, #4158, #4890, #3675 ),
 .UNSPECIFIED., .F., .F.,
 ( 4, 1, 1, 1, 1, 1, 1, 1, 4 ),
 ( 0.000000000000000000, 0.1271196250723264087, 0.2502765869192754566, 0.3719693125512811283, 0.4993749699591257807, 0.6266295960519258079, 0.7493508004417345214, 0.8717133012381531598, 1.000000000000000000 ),
 .UNSPECIFIED. ) ;
#1984 = ORIENTED_EDGE ( 'NONE', *, *, #5396, .F. ) ;
#1985 = CARTESIAN_POINT ( 'NONE',  ( 0.9927562302286452312, 1.000000000000000000, -1.773181274320753342 ) ) ;
#1986 = DIRECTION ( 'NONE',  ( 0.000000000000000000, 0.000000000000000000, 1.000000000000000000 ) ) ;
#1987 = CARTESIAN_POINT ( 'NONE',  ( 0.8799403582715614736, 0.9999999999999997780, -2.461461006307791077 ) ) ;
#1988 = CARTESIAN_POINT ( 'NONE',  ( 4.477470546144165731, 1.000000000000000000, -1.737734094882776414 ) ) ;
#1989 = PRESENTATION_LAYER_ASSIGNMENT (  '', '', ( #3858 ) ) ;
#1990 = CARTESIAN_POINT ( 'NONE',  ( -3.150000000000001688, 2.799999999999998490, 2.130000000000001670 ) ) ;
#1991 = ORIENTED_EDGE ( 'NONE', *, *, #718, .F. ) ;
#1992 = ORIENTED_EDGE ( 'NONE', *, *, #2701, .F. ) ;
#1993 = AXIS2_PLACEMENT_3D ( 'NONE', #2197, #1057, #3890 ) ;
#1994 = CARTESIAN_POINT ( 'NONE',  ( 2.965424378310326681, 1.000000000000000444, -1.781743301469564944 ) ) ;
#1995 = CARTESIAN_POINT ( 'NONE',  ( 1.014801726623556055, 0.9799999999999997602, -2.651185687371525379 ) ) ;
#1996 = DIRECTION ( 'NONE',  ( 0.000000000000000000, 0.000000000000000000, -1.000000000000000000 ) ) ;
#1997 = DIRECTION ( 'NONE',  ( 0.000000000000000000, 1.000000000000000000, 0.000000000000000000 ) ) ;
#1998 = VECTOR ( 'NONE', #5576, 1000.000000000000000 ) ;
#1999 = CARTESIAN_POINT ( 'NONE',  ( 0.000000000000000000, 1.000000000000000000, 0.000000000000000000 ) ) ;
#2000 = EDGE_CURVE ( 'NONE', #2854, #3545, #5271, .T. ) ;
#2001 = CARTESIAN_POINT ( 'NONE',  ( 3.281146988932452491, 0.9999999999999993339, -2.448777883339343653 ) ) ;
#2002 = CARTESIAN_POINT ( 'NONE',  ( 4.042067307692308376, 0.9799999999999999822, -2.509134615384615241 ) ) ;
#2003 = PRESENTATION_STYLE_ASSIGNMENT (( #698 ) ) ;
#2004 = AXIS2_PLACEMENT_3D ( 'NONE', #632, #5127, #6311 ) ;
#2005 = CARTESIAN_POINT ( 'NONE',  ( 4.353843200736656982, 1.000000000000000000, -1.725232173164926497 ) ) ;
#2006 = PRESENTATION_STYLE_ASSIGNMENT (( #6348 ) ) ;
#2007 = SURFACE_STYLE_USAGE ( .BOTH. , #5799 ) ;
#2008 = FACE_OUTER_BOUND ( 'NONE', #2028, .T. ) ;
#2009 = CARTESIAN_POINT ( 'NONE',  ( 3.866245429234392628, 0.9799999999999997602, -1.563791163236879722 ) ) ;
#2010 = SURFACE_SIDE_STYLE ('',( #7080 ) ) ;
#2011 =( NAMED_UNIT ( * ) SI_UNIT ( $, .STERADIAN. ) SOLID_ANGLE_UNIT ( ) );
#2012 = VECTOR ( 'NONE', #3038, 1000.000000000000000 ) ;
#2013 =( GEOMETRIC_REPRESENTATION_CONTEXT ( 3 ) GLOBAL_UNCERTAINTY_ASSIGNED_CONTEXT ( ( #4083 ) ) GLOBAL_UNIT_ASSIGNED_CONTEXT ( ( #4695, #6828, #5231 ) ) REPRESENTATION_CONTEXT ( 'NONE', 'WORKASPACE' ) );
#2014 = ADVANCED_FACE ( 'NONE', ( #1738 ), #1156, .T. ) ;
#2015 = LINE ( 'NONE', #5341, #2586 ) ;
#2016 = CARTESIAN_POINT ( 'NONE',  ( -1.276749514531589469, 0.9799999999999999822, -1.971100086655241945 ) ) ;
#2017 = ORIENTED_EDGE ( 'NONE', *, *, #6860, .F. ) ;
#2018 = CARTESIAN_POINT ( 'NONE',  ( 4.296153846153845102, 0.9799999999999999822, -1.615865384615384759 ) ) ;
#2019 = VERTEX_POINT ( 'NONE', #4095 ) ;
#2020 = STYLED_ITEM ( 'NONE', ( #6997 ), #5802 ) ;
#2021 = ORIENTED_EDGE ( 'NONE', *, *, #2897, .T. ) ;
#2022 = CARTESIAN_POINT ( 'NONE',  ( -1.249999999999999778, 0.9799999999999999822, -4.529999999999998472 ) ) ;
#2023 = FACE_OUTER_BOUND ( 'NONE', #4919, .T. ) ;
#2024 = SURFACE_SIDE_STYLE ('',( #3069 ) ) ;
#2025 = CARTESIAN_POINT ( 'NONE',  ( 1.110998918260579282, 1.000000000000000222, -2.597949694402314158 ) ) ;
#2026 = CARTESIAN_POINT ( 'NONE',  ( -2.949999999999999289, 0.000000000000000000, 7.530000000000002025 ) ) ;
#2027 = EDGE_LOOP ( 'NONE', ( #2799, #216, #7106, #4124 ) ) ;
#2028 = EDGE_LOOP ( 'NONE', ( #5030, #3041, #4338, #2848 ) ) ;
#2029 = UNCERTAINTY_MEASURE_WITH_UNIT (LENGTH_MEASURE( 1.000000000000000082E-05 ), #663, 'distance_accuracy_value', 'NONE');
#2030 = DIRECTION ( 'NONE',  ( -0.000000000000000000, 1.000000000000000000, -0.000000000000000000 ) ) ;
#2031 = DIRECTION ( 'NONE',  ( 0.5773502691896263972, 0.5773502691896245098, -0.5773502691896263972 ) ) ;
#2032 =( NAMED_UNIT ( * ) SI_UNIT ( $, .STERADIAN. ) SOLID_ANGLE_UNIT ( ) );
#2033 =( LENGTH_UNIT ( ) NAMED_UNIT ( * ) SI_UNIT ( .MILLI., .METRE. ) );
#2034 = DIRECTION ( 'NONE',  ( -0.000000000000000000, -1.000000000000000000, -0.000000000000000000 ) ) ;
#2035 = PRESENTATION_STYLE_ASSIGNMENT (( #6004 ) ) ;
#2036 =( LENGTH_UNIT ( ) NAMED_UNIT ( * ) SI_UNIT ( .MILLI., .METRE. ) );
#2037 = FILL_AREA_STYLE ('',( #6520 ) ) ;
#2038 = EDGE_CURVE ( 'NONE', #5658, #413, #5721, .T. ) ;
#2039 = CARTESIAN_POINT ( 'NONE',  ( 3.149999999999998135, 2.200000000000000178, 2.130000000000001670 ) ) ;
#2040 = CARTESIAN_POINT ( 'NONE',  ( 3.253016005188609672, 0.9799999999999995381, -2.678616939764981275 ) ) ;
#2041 = FILL_AREA_STYLE ('',( #4181 ) ) ;
#2042 = CARTESIAN_POINT ( 'NONE',  ( 3.654555858607710039, 0.9999999999999997780, -1.479294805306491378 ) ) ;
#2043 = DIRECTION ( 'NONE',  ( 0.000000000000000000, 0.000000000000000000, -1.000000000000000000 ) ) ;
#2044 = CARTESIAN_POINT ( 'NONE',  ( 2.941658102974963551, 1.000000000000000444, -2.380354410105990581 ) ) ;
#2045 = MECHANICAL_DESIGN_GEOMETRIC_PRESENTATION_REPRESENTATION (  '', ( #6360 ), #6235 ) ;
#2046 = CARTESIAN_POINT ( 'NONE',  ( -1.060470449261294190, 1.000000000000000000, -1.950651688228985492 ) ) ;
#2047 = SURFACE_SIDE_STYLE ('',( #7084 ) ) ;
#2048 = ORIENTED_EDGE ( 'NONE', *, *, #3283, .F. ) ;
#2049 = CARTESIAN_POINT ( 'NONE',  ( 3.281146988932452491, 0.9999999999999993339, -2.448777883339343653 ) ) ;
#2050 =( GEOMETRIC_REPRESENTATION_CONTEXT ( 3 ) GLOBAL_UNCERTAINTY_ASSIGNED_CONTEXT ( ( #1015 ) ) GLOBAL_UNIT_ASSIGNED_CONTEXT ( ( #471, #4318, #3189 ) ) REPRESENTATION_CONTEXT ( 'NONE', 'WORKASPACE' ) );
#2051 = EDGE_CURVE ( 'NONE', #2506, #3651, #4062, .T. ) ;
#2052 = FILL_AREA_STYLE ('',( #7054 ) ) ;
#2053 = STYLED_ITEM ( 'NONE', ( #5879 ), #7163 ) ;
#2054 = ORIENTED_EDGE ( 'NONE', *, *, #3434, .F. ) ;
#2055 = PRESENTATION_LAYER_ASSIGNMENT (  '', '', ( #1813 ) ) ;
#2056 = LINE ( 'NONE', #4334, #1503 ) ;
#2057 = SURFACE_STYLE_FILL_AREA ( #6057 ) ;
#2058 = SURFACE_STYLE_USAGE ( .BOTH. , #7059 ) ;
#2059 = CARTESIAN_POINT ( 'NONE',  ( 4.500000000000000000, 4.000000000000000000, 0.1300000000000016420 ) ) ;
#2060 = SURFACE_STYLE_USAGE ( .BOTH. , #2660 ) ;
#2061 = EDGE_LOOP ( 'NONE', ( #5991, #6203, #7194, #1948 ) ) ;
#2062 =( LENGTH_UNIT ( ) NAMED_UNIT ( * ) SI_UNIT ( .MILLI., .METRE. ) );
#2063 = CARTESIAN_POINT ( 'NONE',  ( -1.249999999999999778, 0.000000000000000000, -4.029999999999997584 ) ) ;
#2064 = CARTESIAN_POINT ( 'NONE',  ( -0.8346153846153844258, 1.000000000000000000, -2.038461538461538325 ) ) ;
#2065 = SURFACE_SIDE_STYLE ('',( #3718 ) ) ;
#2066 = EDGE_CURVE ( 'NONE', #488, #2156, #3431, .T. ) ;
#2067 = FACE_OUTER_BOUND ( 'NONE', #6127, .T. ) ;
#2068 = CARTESIAN_POINT ( 'NONE',  ( 3.737923431706119182, 0.9999999999999997780, -1.736544869324513352 ) ) ;
#2069 = SURFACE_SIDE_STYLE ('',( #2211 ) ) ;
#2070 = CARTESIAN_POINT ( 'NONE',  ( -1.249999999999999778, 0.9799999999999999822, -5.229999999999998650 ) ) ;
#2071 =( LENGTH_UNIT ( ) NAMED_UNIT ( * ) SI_UNIT ( .MILLI., .METRE. ) );
#2072 = CARTESIAN_POINT ( 'NONE',  ( 4.106844507937293720, 0.9799999999999997602, -1.908988231458552898 ) ) ;
#2073 = CARTESIAN_POINT ( 'NONE',  ( 1.120410734458586521, 0.9799999999999997602, -1.998379573614586624 ) ) ;
#2074 = CARTESIAN_POINT ( 'NONE',  ( 0.9340026560987634285, 0.9799999999999999822, -2.675556189337490842 ) ) ;
#2075 = EDGE_CURVE ( 'NONE', #699, #2942, #2936, .T. ) ;
#2076 = DIRECTION ( 'NONE',  ( 0.000000000000000000, -1.000000000000000000, 0.000000000000000000 ) ) ;
#2077 = CARTESIAN_POINT ( 'NONE',  ( -1.120066234397541827, 1.000000000000000222, -1.772810115625022220 ) ) ;
#2078 = CARTESIAN_POINT ( 'NONE',  ( -1.338077121022566374, 0.9999999999999993339, -1.834714841387226958 ) ) ;
#2079 = ORIENTED_EDGE ( 'NONE', *, *, #745, .F. ) ;
#2080 = CARTESIAN_POINT ( 'NONE',  ( 3.164015483288966202, 0.9999999999999995559, -2.333958209892104119 ) ) ;
#2081 = EDGE_CURVE ( 'NONE', #1570, #1229, #6072, .T. ) ;
#2082 = APPLICATION_PROTOCOL_DEFINITION ( 'draft international standard', 'automotive_design', 1998, #6077 ) ;
#2083 = ORIENTED_EDGE ( 'NONE', *, *, #325, .F. ) ;
#2084 = FILL_AREA_STYLE ('',( #3778 ) ) ;
#2085 = DIRECTION ( 'NONE',  ( -0.000000000000000000, 1.000000000000000000, -0.000000000000000000 ) ) ;
#2086 = SURFACE_SIDE_STYLE ('',( #3213 ) ) ;
#2087 = FILL_AREA_STYLE_COLOUR ( '', #6531 ) ;
#2088 = PRESENTATION_STYLE_ASSIGNMENT (( #2060 ) ) ;
#2089 = EDGE_LOOP ( 'NONE', ( #4378, #4737, #6865, #1333 ) ) ;
#2090 = CARTESIAN_POINT ( 'NONE',  ( 0.7899431657169917465, 0.9800000000000002043, -2.479257537496250663 ) ) ;
#2091 = EDGE_CURVE ( 'NONE', #1463, #3894, #100, .T. ) ;
#2092 = LINE ( 'NONE', #984, #3062 ) ;
#2093 = LINE ( 'NONE', #2064, #71 ) ;
#2094 = DIRECTION ( 'NONE',  ( 0.000000000000000000, 0.000000000000000000, -1.000000000000000000 ) ) ;
#2095 = CYLINDRICAL_SURFACE ( 'NONE', #3567, 0.7000000000000000666 ) ;
#2096 = CARTESIAN_POINT ( 'NONE',  ( -3.750000000000000000, 0.02000000000000000042, -4.529999999999998472 ) ) ;
#2097 = COLOUR_RGB ( '',0.5019607843137254832, 0.5019607843137254832, 0.5019607843137254832 ) ;
#2098 = EDGE_CURVE ( 'NONE', #4746, #7064, #6790, .T. ) ;
#2099 = FILL_AREA_STYLE ('',( #4903 ) ) ;
#2100 = CARTESIAN_POINT ( 'NONE',  ( 1.249999999999999778, 0.000000000000000000, -4.529999999999998472 ) ) ;
#2101 = COLOUR_RGB ( '',0.8980392156862745390, 0.8980392156862745390, 0.8980392156862745390 ) ;
#2102 = EDGE_LOOP ( 'NONE', ( #1201, #6190, #4299, #1190 ) ) ;
#2103 = CARTESIAN_POINT ( 'NONE',  ( 4.064612896080966209, 0.9799999999999999822, -1.797912084919873976 ) ) ;
#2104 = FILL_AREA_STYLE ('',( #6400 ) ) ;
#2105 = VECTOR ( 'NONE', #4585, 1000.000000000000000 ) ;
#2106 = VERTEX_POINT ( 'NONE', #6271 ) ;
#2107 = AXIS2_PLACEMENT_3D ( 'NONE', #2381, #1256, #2449 ) ;
#2108 = CARTESIAN_POINT ( 'NONE',  ( 3.216916361616590780, 0.9799999999999995381, -2.396655025554712548 ) ) ;
#2109 = EDGE_LOOP ( 'NONE', ( #621, #3549, #2201, #4794 ) ) ;
#2110 = UNCERTAINTY_MEASURE_WITH_UNIT (LENGTH_MEASURE( 1.000000000000000082E-05 ), #2796, 'distance_accuracy_value', 'NONE');
#2111 = CARTESIAN_POINT ( 'NONE',  ( 3.750000000000000000, 0.9799999999999999822, -4.529999999999998472 ) ) ;
#2112 = CARTESIAN_POINT ( 'NONE',  ( -1.265384615384615996, 1.000000000000000222, -2.087019230769231459 ) ) ;
#2113 = VECTOR ( 'NONE', #6556, 1000.000000000000000 ) ;
#2114 = VECTOR ( 'NONE', #6791, 1000.000000000000000 ) ;
#2115 = ORIENTED_EDGE ( 'NONE', *, *, #4278, .F. ) ;
#2116 = ADVANCED_FACE ( 'NONE', ( #773 ), #78, .T. ) ;
#2117 = COLOUR_RGB ( '',1.000000000000000000, 1.000000000000000000, 1.000000000000000000 ) ;
#2118 = CARTESIAN_POINT ( 'NONE',  ( 4.452783618309049452, 1.000000000000000000, -1.485952669604962972 ) ) ;
#2119 = EDGE_LOOP ( 'NONE', ( #1302, #4580, #1350, #4523 ) ) ;
#2120 = CARTESIAN_POINT ( 'NONE',  ( 4.452783618309049452, 0.9999999999999997780, -1.485952669604962972 ) ) ;
#2121 = UNCERTAINTY_MEASURE_WITH_UNIT (LENGTH_MEASURE( 1.000000000000000082E-05 ), #3179, 'distance_accuracy_value', 'NONE');
#2122 =( NAMED_UNIT ( * ) SI_UNIT ( $, .STERADIAN. ) SOLID_ANGLE_UNIT ( ) );
#2123 = CARTESIAN_POINT ( 'NONE',  ( 3.222230413182562536, 0.9799999999999999822, -1.806733771644927877 ) ) ;
#2124 = DIRECTION ( 'NONE',  ( 0.000000000000000000, 0.000000000000000000, 1.000000000000000000 ) ) ;
#2125 = VECTOR ( 'NONE', #6921, 1000.000000000000000 ) ;
#2126 = VERTEX_POINT ( 'NONE', #6463 ) ;
#2127 = EDGE_LOOP ( 'NONE', ( #1000, #6209, #102, #5404 ) ) ;
#2128 = SURFACE_SIDE_STYLE ('',( #944 ) ) ;
#2129 = CARTESIAN_POINT ( 'NONE',  ( 1.341700660866535166, 0.9799999999999999822, -2.130761294353221924 ) ) ;
#2130 = DIRECTION ( 'NONE',  ( 1.460279444460353998E-16, -0.7071067811865463515, 0.7071067811865487940 ) ) ;
#2131 = CARTESIAN_POINT ( 'NONE',  ( 4.376330897749777016, 0.9800000000000002043, -1.737672559770258918 ) ) ;
#2132 = PRESENTATION_LAYER_ASSIGNMENT (  '', '', ( #3413 ) ) ;
#2133 = CARTESIAN_POINT ( 'NONE',  ( 1.249999999999999778, 1.000000000000000000, -3.829999999999997851 ) ) ;
#2134 = DIRECTION ( 'NONE',  ( 0.000000000000000000, -1.000000000000000000, 0.000000000000000000 ) ) ;
#2135 = EDGE_CURVE ( 'NONE', #4411, #5487, #925, .T. ) ;
#2136 = LINE ( 'NONE', #7040, #1576 ) ;
#2137 = CYLINDRICAL_SURFACE ( 'NONE', #1282, 1.249999999999999778 ) ;
#2138 = CARTESIAN_POINT ( 'NONE',  ( 4.126274822465781256, 0.9800000000000002043, -2.024756300589606539 ) ) ;
#2139 = SURFACE_SIDE_STYLE ('',( #6042 ) ) ;
#2140 = MECHANICAL_DESIGN_GEOMETRIC_PRESENTATION_REPRESENTATION (  '', ( #5874 ), #6816 ) ;
#2141 = CARTESIAN_POINT ( 'NONE',  ( 3.834607329272061271, 0.9800000000000002043, -1.543799826820522636 ) ) ;
#2142 = DIRECTION ( 'NONE',  ( -0.000000000000000000, 1.000000000000000000, -0.000000000000000000 ) ) ;
#2143 = CARTESIAN_POINT ( 'NONE',  ( -3.249999999999999112, 2.250000000000000000, 7.530000000000002025 ) ) ;
#2144 = SURFACE_SIDE_STYLE ('',( #3102 ) ) ;
#2145 = AXIS2_PLACEMENT_3D ( 'NONE', #2026, #3745, #832 ) ;
#2146 = FACE_OUTER_BOUND ( 'NONE', #6485, .T. ) ;
#2147 = DIRECTION ( 'NONE',  ( -1.000000000000000000, 0.000000000000000000, 0.000000000000000000 ) ) ;
#2148 = ORIENTED_EDGE ( 'NONE', *, *, #788, .T. ) ;
#2149 = CARTESIAN_POINT ( 'NONE',  ( -1.149975952309855831, 0.9800000000000002043, -1.721786789765165304 ) ) ;
#2150 = DIRECTION ( 'NONE',  ( -0.000000000000000000, 1.000000000000000000, -0.000000000000000000 ) ) ;
#2151 = CARTESIAN_POINT ( 'NONE',  ( -3.750000000000000000, 0.02000000000000000042, -3.829999999999999183 ) ) ;
#2152 = PRESENTATION_LAYER_ASSIGNMENT (  '', '', ( #2504 ) ) ;
#2153 = ORIENTED_EDGE ( 'NONE', *, *, #1923, .T. ) ;
#2154 = PRESENTATION_STYLE_ASSIGNMENT (( #3738 ) ) ;
#2155 = CARTESIAN_POINT ( 'NONE',  ( 4.435626191752527703, 1.000000000000000000, -1.485065434931435613 ) ) ;
#2156 = VERTEX_POINT ( 'NONE', #5906 ) ;
#2157 = CARTESIAN_POINT ( 'NONE',  ( 1.331837243046398056, 0.9799999999999999822, -1.950651688228985492 ) ) ;
#2158 = AXIS2_PLACEMENT_3D ( 'NONE', #4776, #6977, #1973 ) ;
#2159 = PRESENTATION_LAYER_ASSIGNMENT (  '', '', ( #4643 ) ) ;
#2160 = FILL_AREA_STYLE ('',( #5630 ) ) ;
#2161 = ADVANCED_FACE ( 'NONE', ( #884 ), #3119, .T. ) ;
#2162 = EDGE_LOOP ( 'NONE', ( #6988, #2021, #6928, #3003 ) ) ;
#2163 = CARTESIAN_POINT ( 'NONE',  ( 3.777461160916183669, 0.9799999999999999822, -1.766456819533499312 ) ) ;
#2164 = FILL_AREA_STYLE ('',( #5388 ) ) ;
#2165 = SURFACE_SIDE_STYLE ('',( #6557 ) ) ;
#2166 = SURFACE_SIDE_STYLE ('',( #1024 ) ) ;
#2167 = CARTESIAN_POINT ( 'NONE',  ( 3.161648176412928724, 1.000000000000000000, -1.571407242212651489 ) ) ;
#2168 = COLOUR_RGB ( '',0.7921568627450980005, 0.8196078431372548767, 0.9333333333333333481 ) ;
#2169 = FILL_AREA_STYLE_COLOUR ( '', #5660 ) ;
#2170 = MECHANICAL_DESIGN_GEOMETRIC_PRESENTATION_REPRESENTATION (  '', ( #520 ), #642 ) ;
#2171 = B_SPLINE_SURFACE_WITH_KNOTS ( 'NONE', 3, 1, ( 
 ( #5310, #353 ),
 ( #6985, #1460 ),
 ( #2587, #3170 ),
 ( #1490, #2521 ),
 ( #4849, #822 ),
 ( #7053, #286 ),
 ( #3060, #4230 ),
 ( #4783, #2049 ),
 ( #3130, #3733 ),
 ( #5374, #6508 ),
 ( #387, #2622 ),
 ( #4885, #2080 ),
 ( #6095, #1633 ),
 ( #7227, #3392 ),
 ( #6052, #6579 ),
 ( #524, #595 ),
 ( #6647, #4952 ),
 ( #37, #3879 ),
 ( #5583, #6686 ) ),
 .UNSPECIFIED., .F., .F., .F.,
 ( 4, 1, 1, 1, 1, 1, 1, 1, 1, 1, 1, 1, 1, 1, 1, 1, 4 ),
 ( 2, 2 ),
 ( 0.000000000000000000, 0.06718757354736719367, 0.1319286902789454652, 0.1951888472476513980, 0.2571283310395822141, 0.3188425934467537526, 0.3804925116413725439, 0.4432187279583995609, 0.5071253041351039270, 0.5707121370126615467, 0.6324819649837610802, 0.6932526949398455374, 0.7531313290707891683, 0.8134576601575653765, 0.8738631107010356169, 0.9361102679396073878, 0.9999999999999998890 ),
 ( 0.000000000000000000, 1.000000000000000000 ),
 .UNSPECIFIED. ) ;
#2172 = CARTESIAN_POINT ( 'NONE',  ( 3.670304388675465823, 1.000000000000000000, -1.704733178952082762 ) ) ;
#2173 = CARTESIAN_POINT ( 'NONE',  ( 4.557692307692307487, 0.9799999999999999822, -1.615865384615384759 ) ) ;
#2174 = DIRECTION ( 'NONE',  ( 0.000000000000000000, -0.000000000000000000, 1.000000000000000000 ) ) ;
#2175 = EDGE_CURVE ( 'NONE', #4068, #276, #7104, .T. ) ;
#2176 = VECTOR ( 'NONE', #2641, 1000.000000000000000 ) ;
#2177 = VERTEX_POINT ( 'NONE', #955 ) ;
#2178 = CARTESIAN_POINT ( 'NONE',  ( 1.040867397965069774, 0.9799999999999999822, -2.360947421190576989 ) ) ;
#2179 = LINE ( 'NONE', #1625, #6938 ) ;
#2180 = CARTESIAN_POINT ( 'NONE',  ( 4.499793164885923957, 1.000000000000000222, -1.725149578684432639 ) ) ;
#2181 = ORIENTED_EDGE ( 'NONE', *, *, #4616, .F. ) ;
#2182 = CARTESIAN_POINT ( 'NONE',  ( 1.009472776553189455, 0.9999999999999997780, -1.786177100733938872 ) ) ;
#2183 = EDGE_CURVE ( 'NONE', #6863, #6957, #5840, .T. ) ;
#2184 = CARTESIAN_POINT ( 'NONE',  ( -1.378605769230769607, 0.9799999999999999822, -2.388461538461538414 ) ) ;
#2185 = PLANE ( 'NONE',  #5045 ) ;
#2186 = CARTESIAN_POINT ( 'NONE',  ( -1.307433387200309660, 0.9800000000000002043, -1.569766635114264508 ) ) ;
#2187 = PLANE ( 'NONE',  #7074 ) ;
#2188 =( NAMED_UNIT ( * ) SI_UNIT ( $, .STERADIAN. ) SOLID_ANGLE_UNIT ( ) );
#2189 = ORIENTED_EDGE ( 'NONE', *, *, #5333, .F. ) ;
#2190 = SURFACE_STYLE_USAGE ( .BOTH. , #7195 ) ;
#2191 = CARTESIAN_POINT ( 'NONE',  ( 3.096153846153846700, 1.000000000000000000, -2.106250000000000622 ) ) ;
#2192 = EDGE_CURVE ( 'NONE', #2341, #5278, #1590, .T. ) ;
#2193 = CARTESIAN_POINT ( 'NONE',  ( 4.426923076923076295, 1.000000000000000000, -1.484615384615384892 ) ) ;
#2194 = VERTEX_POINT ( 'NONE', #2070 ) ;
#2195 = CARTESIAN_POINT ( 'NONE',  ( 0.8183178626865640348, 0.9799999999999999822, -1.503691201114233156 ) ) ;
#2196 = UNCERTAINTY_MEASURE_WITH_UNIT (LENGTH_MEASURE( 1.000000000000000082E-05 ), #6109, 'distance_accuracy_value', 'NONE');
#2197 = CARTESIAN_POINT ( 'NONE',  ( -3.750000000000000000, 0.02000000000000000042, -4.529999999999998472 ) ) ;
#2198 = CARTESIAN_POINT ( 'NONE',  ( 4.219999999999999751, 2.250000000000000444, -8.655624622074400421 ) ) ;
#2199 = DIRECTION ( 'NONE',  ( 1.000000000000000000, 4.818676322157798854E-17, -0.000000000000000000 ) ) ;
#2200 = VERTEX_POINT ( 'NONE', #3836 ) ;
#2201 = ORIENTED_EDGE ( 'NONE', *, *, #1374, .T. ) ;
#2202 =( LENGTH_UNIT ( ) NAMED_UNIT ( * ) SI_UNIT ( .MILLI., .METRE. ) );
#2203 = LINE ( 'NONE', #2063, #602 ) ;
#2204 = DIRECTION ( 'NONE',  ( -0.000000000000000000, 1.000000000000000000, -0.000000000000000000 ) ) ;
#2205 = CARTESIAN_POINT ( 'NONE',  ( 0.8183178626865640348, 1.000000000000000000, -1.503691201114233156 ) ) ;
#2206 = PRESENTATION_LAYER_ASSIGNMENT (  '', '', ( #1270 ) ) ;
#2207 = CARTESIAN_POINT ( 'NONE',  ( 2.326923076923076650, 0.9799999999999999822, -2.176923076923077183 ) ) ;
#2208 = CARTESIAN_POINT ( 'NONE',  ( 3.484622394150776792, 1.000000000000000000, -1.469861727239917037 ) ) ;
#2209 = PRESENTATION_STYLE_ASSIGNMENT (( #5568 ) ) ;
#2210 = CARTESIAN_POINT ( 'NONE',  ( 3.439740390846067530, 1.000000000000000222, -1.473789602823553535 ) ) ;
#2211 = SURFACE_STYLE_FILL_AREA ( #2608 ) ;
#2212 = EDGE_CURVE ( 'NONE', #4646, #1172, #5959, .T. ) ;
#2213 = ORIENTED_EDGE ( 'NONE', *, *, #2316, .F. ) ;
#2214 = CARTESIAN_POINT ( 'NONE',  ( -1.458305036208929817, 0.9800000000000002043, -2.675556189337490842 ) ) ;
#2215 = SURFACE_SIDE_STYLE ('',( #3949 ) ) ;
#2216 = DIRECTION ( 'NONE',  ( -0.000000000000000000, 1.000000000000000000, -0.000000000000000000 ) ) ;
#2217 = ORIENTED_EDGE ( 'NONE', *, *, #6970, .F. ) ;
#2218 = MECHANICAL_DESIGN_GEOMETRIC_PRESENTATION_REPRESENTATION (  '', ( #6652 ), #3143 ) ;
#2219 = CARTESIAN_POINT ( 'NONE',  ( 3.750000000000000000, 0.9799999999999999822, -4.529999999999998472 ) ) ;
#2220 = CARTESIAN_POINT ( 'NONE',  ( 3.097141506061015903, 1.000000000000000000, -2.063342164923021471 ) ) ;
#2221 = COLOUR_RGB ( '',1.000000000000000000, 1.000000000000000000, 1.000000000000000000 ) ;
#2222 =( LENGTH_UNIT ( ) NAMED_UNIT ( * ) SI_UNIT ( .MILLI., .METRE. ) );
#2223 = PRESENTATION_STYLE_ASSIGNMENT (( #2753 ) ) ;
#2224 = SURFACE_STYLE_FILL_AREA ( #5548 ) ;
#2225 = EDGE_CURVE ( 'NONE', #5156, #3527, #5612, .T. ) ;
#2226 = VECTOR ( 'NONE', #6894, 1000.000000000000000 ) ;
#2227 = ORIENTED_EDGE ( 'NONE', *, *, #408, .F. ) ;
#2228 = CARTESIAN_POINT ( 'NONE',  ( 3.874618011762642755, 0.9999999999999997780, -2.645752928310922680 ) ) ;
#2229 = PRESENTATION_LAYER_ASSIGNMENT (  '', '', ( #5492 ) ) ;
#2230 = CARTESIAN_POINT ( 'NONE',  ( 4.556432752012588239, 0.9999999999999997780, -1.589899587244813839 ) ) ;
#2231 = ORIENTED_EDGE ( 'NONE', *, *, #4844, .F. ) ;
#2232 = COLOUR_RGB ( '',0.5019607843137254832, 0.5019607843137254832, 0.5019607843137254832 ) ;
#2233 = FILL_AREA_STYLE ('',( #2087 ) ) ;
#2234 = CARTESIAN_POINT ( 'NONE',  ( 2.881717596583309060, 0.9799999999999997602, -2.063149080050354467 ) ) ;
#2235 =( NAMED_UNIT ( * ) SI_UNIT ( $, .STERADIAN. ) SOLID_ANGLE_UNIT ( ) );
#2236 = ORIENTED_EDGE ( 'NONE', *, *, #5102, .F. ) ;
#2237 = ORIENTED_EDGE ( 'NONE', *, *, #1686, .F. ) ;
#2238 = CARTESIAN_POINT ( 'NONE',  ( 3.750000000000000000, 1.000000000000000000, -3.829999999999998739 ) ) ;
#2239 = SURFACE_STYLE_USAGE ( .BOTH. , #571 ) ;
#2240 =( NAMED_UNIT ( * ) SI_UNIT ( $, .STERADIAN. ) SOLID_ANGLE_UNIT ( ) );
#2241 = CARTESIAN_POINT ( 'NONE',  ( 1.084874305107383474, 1.000000000000000222, -1.569766635114264508 ) ) ;
#2242 = VECTOR ( 'NONE', #1444, 1000.000000000000000 ) ;
#2243 = CARTESIAN_POINT ( 'NONE',  ( 4.452783618309049452, 0.9799999999999999822, -1.485952669604962972 ) ) ;
#2244 = CARTESIAN_POINT ( 'NONE',  ( -1.266231290266351284, 1.000000000000000222, -2.133394881843516444 ) ) ;
#2245 = SURFACE_STYLE_FILL_AREA ( #6703 ) ;
#2246 = FILL_AREA_STYLE_COLOUR ( '', #3389 ) ;
#2247 = CARTESIAN_POINT ( 'NONE',  ( -4.288461538461538325, 1.000000000000000000, -2.700000000000000178 ) ) ;
#2248 = COLOUR_RGB ( '',0.8980392156862745390, 0.8980392156862745390, 0.8980392156862745390 ) ;
#2249 = CARTESIAN_POINT ( 'NONE',  ( 3.572829498586311825, 0.9800000000000002043, -1.469865817115347362 ) ) ;
#2250 = DIRECTION ( 'NONE',  ( 0.000000000000000000, 1.000000000000000000, 0.000000000000000000 ) ) ;
#2251 = ORIENTED_EDGE ( 'NONE', *, *, #7221, .T. ) ;
#2252 = CARTESIAN_POINT ( 'NONE',  ( 1.063774475136727515, 0.9799999999999997602, -2.329672672776229359 ) ) ;
#2253 =( LENGTH_UNIT ( ) NAMED_UNIT ( * ) SI_UNIT ( .MILLI., .METRE. ) );
#2254 = CARTESIAN_POINT ( 'NONE',  ( -1.505060308412942138, 0.9800000000000002043, -2.684574988228277004 ) ) ;
#2255 = EDGE_CURVE ( 'NONE', #7184, #283, #476, .T. ) ;
#2256 = EDGE_LOOP ( 'NONE', ( #107, #6759, #4887, #1560 ) ) ;
#2257 = SURFACE_STYLE_USAGE ( .BOTH. , #6755 ) ;
#2258 = CARTESIAN_POINT ( 'NONE',  ( 3.166939063269323729, 0.9999999999999995559, -1.871272808436583279 ) ) ;
#2259 = SURFACE_SIDE_STYLE ('',( #3953 ) ) ;
#2260 = CARTESIAN_POINT ( 'NONE',  ( -3.646634615384615863, 0.9799999999999999822, -1.500000000000000222 ) ) ;
#2261 = CARTESIAN_POINT ( 'NONE',  ( 0.3884615384615382472, 1.000000000000000000, -2.700000000000000178 ) ) ;
#2262 = DIRECTION ( 'NONE',  ( -1.000000000000000000, 0.000000000000000000, 0.000000000000000000 ) ) ;
#2263 = ORIENTED_EDGE ( 'NONE', *, *, #5526, .T. ) ;
#2264 =( GEOMETRIC_REPRESENTATION_CONTEXT ( 3 ) GLOBAL_UNCERTAINTY_ASSIGNED_CONTEXT ( ( #8 ) ) GLOBAL_UNIT_ASSIGNED_CONTEXT ( ( #2570, #6560, #3688 ) ) REPRESENTATION_CONTEXT ( 'NONE', 'WORKASPACE' ) );
#2265 = CARTESIAN_POINT ( 'NONE',  ( 3.747674403671148013, 0.9999999999999997780, -2.699027926121469800 ) ) ;
#2266 = ORIENTED_EDGE ( 'NONE', *, *, #1133, .T. ) ;
#2267 = CARTESIAN_POINT ( 'NONE',  ( 1.341772135782881126, 1.000000000000000000, -2.060548449902598556 ) ) ;
#2268 = UNCERTAINTY_MEASURE_WITH_UNIT (LENGTH_MEASURE( 1.000000000000000082E-05 ), #1825, 'distance_accuracy_value', 'NONE');
#2269 = ADVANCED_FACE ( 'NONE', ( #3345 ), #3308, .T. ) ;
#2270 = SURFACE_SIDE_STYLE ('',( #152 ) ) ;
#2271 = PRESENTATION_LAYER_ASSIGNMENT (  '', '', ( #6474 ) ) ;
#2272 = CARTESIAN_POINT ( 'NONE',  ( 3.234456676654614338, 0.9799999999999997602, -1.531099216689704390 ) ) ;
#2273 = DIRECTION ( 'NONE',  ( -0.000000000000000000, -0.000000000000000000, 1.000000000000000000 ) ) ;
#2274 = EDGE_LOOP ( 'NONE', ( #2588, #726, #6, #2266 ) ) ;
#2275 = CARTESIAN_POINT ( 'NONE',  ( -1.378605769230769829, 0.9800000000000002043, -2.388461538461538858 ) ) ;
#2276 = AXIS2_PLACEMENT_3D ( 'NONE', #2676, #6530, #3871 ) ;
#2277 = DIRECTION ( 'NONE',  ( -0.000000000000000000, 1.000000000000000000, -0.000000000000000000 ) ) ;
#2278 = FILL_AREA_STYLE ('',( #48 ) ) ;
#2279 = CARTESIAN_POINT ( 'NONE',  ( 1.272241457910151308, 1.000000000000000222, -1.772810115625022220 ) ) ;
#2280 = EDGE_CURVE ( 'NONE', #3680, #4676, #3496, .T. ) ;
#2281 = CARTESIAN_POINT ( 'NONE',  ( 3.249999999999999556, 3.720000000000000195, -8.655624622074400421 ) ) ;
#2282 = MECHANICAL_DESIGN_GEOMETRIC_PRESENTATION_REPRESENTATION (  '', ( #3322 ), #619 ) ;
#2283 = CARTESIAN_POINT ( 'NONE',  ( -1.265671631357701221, 1.000000000000000222, -2.102740203373589356 ) ) ;
#2284 = CARTESIAN_POINT ( 'NONE',  ( 4.042067307692308376, 0.9799999999999999822, -2.509134615384615241 ) ) ;
#2285 = COLOUR_RGB ( '',1.000000000000000000, 1.000000000000000000, 1.000000000000000000 ) ;
#2286 = LINE ( 'NONE', #4649, #7049 ) ;
#2287 = ADVANCED_FACE ( 'NONE', ( #5119 ), #544, .T. ) ;
#2288 = FACE_BOUND ( 'NONE', #2968, .T. ) ;
#2289 = EDGE_LOOP ( 'NONE', ( #3319, #3427 ) ) ;
#2290 = CARTESIAN_POINT ( 'NONE',  ( -1.732451923076923306, 0.9799999999999999822, -2.700000000000000178 ) ) ;
#2291 = PRESENTATION_LAYER_ASSIGNMENT (  '', '', ( #1116 ) ) ;
#2292 = CARTESIAN_POINT ( 'NONE',  ( -1.670394384456294290, 0.9799999999999999822, -2.699566196571411503 ) ) ;
#2293 = ORIENTED_EDGE ( 'NONE', *, *, #1120, .F. ) ;
#2294 = CARTESIAN_POINT ( 'NONE',  ( 1.819230769230768985, 0.9799999999999999822, -2.469230769230769784 ) ) ;
#2295 = AXIS2_PLACEMENT_3D ( 'NONE', #274, #1848, #6857 ) ;
#2296 = CARTESIAN_POINT ( 'NONE',  ( 3.096486376249743877, 1.000000000000000000, -2.091803583364763686 ) ) ;
#2297 = CARTESIAN_POINT ( 'NONE',  ( 3.061607105138693274, 1.000000000000000222, -2.546550300644570886 ) ) ;
#2298 = CARTESIAN_POINT ( 'NONE',  ( -1.074833416133305297, 1.000000000000000222, -1.887998703050046911 ) ) ;
#2299 = EDGE_CURVE ( 'NONE', #4082, #6410, #3576, .T. ) ;
#2300 = CARTESIAN_POINT ( 'NONE',  ( 0.7163461538461535216, 0.9999999999999988898, -1.715384615384615508 ) ) ;
#2301 = ORIENTED_EDGE ( 'NONE', *, *, #7221, .F. ) ;
#2302 = ORIENTED_EDGE ( 'NONE', *, *, #4296, .F. ) ;
#2303 = CARTESIAN_POINT ( 'NONE',  ( 1.297278640230924207, 0.9800000000000002043, -1.828541687717118780 ) ) ;
#2304 = EDGE_CURVE ( 'NONE', #4787, #920, #1228, .T. ) ;
#2305 = SURFACE_STYLE_FILL_AREA ( #6734 ) ;
#2306 = CARTESIAN_POINT ( 'NONE',  ( 4.125240384615385558, 0.9799999999999999822, -2.115384615384615419 ) ) ;
#2307 = ORIENTED_EDGE ( 'NONE', *, *, #3477, .F. ) ;
#2308 = FILL_AREA_STYLE ('',( #2874 ) ) ;
#2309 = CARTESIAN_POINT ( 'NONE',  ( -4.499999999999999112, 1.000000000000000000, 0.1300000000000016420 ) ) ;
#2310 = CARTESIAN_POINT ( 'NONE',  ( -1.249999999999999778, 0.000000000000000000, -4.529999999999998472 ) ) ;
#2311 = B_SPLINE_CURVE_WITH_KNOTS ( 'NONE', 3,
 ( #5699, #2914, #3521, #293, #4114, #256, #3553, #2525, #4076, #218, #2491 ),
 .UNSPECIFIED., .F., .F.,
 ( 4, 1, 1, 1, 1, 1, 1, 1, 4 ),
 ( 0.000000000000000000, 0.1292556063253775256, 0.2552415007642930833, 0.3789022272349729659, 0.5014238390024320369, 0.6232587093681611901, 0.7464370825446893232, 0.8713701220624808785, 1.000000000000000000 ),
 .UNSPECIFIED. ) ;
#2312 = CARTESIAN_POINT ( 'NONE',  ( 4.296153846153845102, 0.9799999999999999822, -1.615865384615384759 ) ) ;
#2313 = DIRECTION ( 'NONE',  ( -0.000000000000000000, 1.000000000000000000, -0.000000000000000000 ) ) ;
#2314 = CARTESIAN_POINT ( 'NONE',  ( -3.750000000000000000, 0.02000000000000000042, -5.229999999999997762 ) ) ;
#2315 = ORIENTED_EDGE ( 'NONE', *, *, #1145, .T. ) ;
#2316 = EDGE_CURVE ( 'NONE', #4487, #1327, #4652, .T. ) ;
#2317 = LINE ( 'NONE', #3976, #2339 ) ;
#2318 = CARTESIAN_POINT ( 'NONE',  ( 3.750000000000000000, 0.02000000000000000042, -4.529999999999998472 ) ) ;
#2319 = CARTESIAN_POINT ( 'NONE',  ( 3.544640239772606005, 0.9799999999999997602, -1.469445010985084954 ) ) ;
#2320 = FACE_BOUND ( 'NONE', #7205, .T. ) ;
#2321 = ORIENTED_EDGE ( 'NONE', *, *, #7211, .T. ) ;
#2322 = DIRECTION ( 'NONE',  ( -0.000000000000000000, -1.000000000000000000, -0.000000000000000000 ) ) ;
#2323 = CARTESIAN_POINT ( 'NONE',  ( -1.342899362076862557, 0.9800000000000002043, -2.635820081317661323 ) ) ;
#2324 = VERTEX_POINT ( 'NONE', #6149 ) ;
#2325 = PRESENTATION_LAYER_ASSIGNMENT (  '', '', ( #3372 ) ) ;
#2326 = B_SPLINE_CURVE_WITH_KNOTS ( 'NONE', 3,
 ( #2290, #3905, #5121, #4548, #4020, #6751, #2214, #1732, #94, #5505, #6116, #1115, #2706, #7181, #5157, #202, #131, #2362, #4171, #4685, #2396, #1927, #4088, #5190, #805, #1967, #3461 ),
 .UNSPECIFIED., .F., .F.,
 ( 4, 1, 1, 1, 1, 1, 1, 1, 1, 1, 1, 1, 1, 1, 1, 1, 1, 1, 1, 1, 1, 1, 1, 1, 4 ),
 ( 0.000000000000000000, 0.06014816166126854546, 0.1162670765768876596, 0.1686539552437568146, 0.2173989688871080794, 0.2624335227296114570, 0.3039327010691181274, 0.3422599668369525339, 0.3774413393780561288, 0.4114060993619980122, 0.4453983512867531469, 0.4797663873881683472, 0.5145844824148773089, 0.5502136512238752220, 0.5870009077288665944, 0.6246629869919994027, 0.6636154560171262373, 0.7034564283616511204, 0.7434501619923126192, 0.7840133859909412806, 0.8251325358492278550, 0.8672646628279302439, 0.9103064731819361377, 0.9544242045465899382, 1.000000000000000000 ),
 .UNSPECIFIED. ) ;
#2327 = FACE_BOUND ( 'NONE', #1075, .T. ) ;
#2328 = DIRECTION ( 'NONE',  ( 1.000000000000000000, 0.000000000000000000, 0.000000000000000000 ) ) ;
#2329 = DIRECTION ( 'NONE',  ( -0.000000000000000000, 0.000000000000000000, 1.000000000000000000 ) ) ;
#2330 = LINE ( 'NONE', #4586, #2114 ) ;
#2331 = VERTEX_POINT ( 'NONE', #1144 ) ;
#2332 = CARTESIAN_POINT ( 'NONE',  ( 1.124425299580950943, 0.9799999999999999822, -2.026821772455061677 ) ) ;
#2333 = MECHANICAL_DESIGN_GEOMETRIC_PRESENTATION_REPRESENTATION (  '', ( #1046 ), #6067 ) ;
#2334 = FILL_AREA_STYLE ('',( #5200 ) ) ;
#2335 = ORIENTED_EDGE ( 'NONE', *, *, #2000, .F. ) ;
#2336 = CARTESIAN_POINT ( 'NONE',  ( 3.795841459810090246, 0.9799999999999995381, -1.784070581613204975 ) ) ;
#2337 = SURFACE_STYLE_USAGE ( .BOTH. , #850 ) ;
#2338 = CARTESIAN_POINT ( 'NONE',  ( 3.353871678935218537, 0.9800000000000004263, -1.489244150293287383 ) ) ;
#2339 = VECTOR ( 'NONE', #579, 1000.000000000000000 ) ;
#2340 = CARTESIAN_POINT ( 'NONE',  ( -3.750000000000000444, 1.000000000000000000, -1.847596153846154055 ) ) ;
#2341 = VERTEX_POINT ( 'NONE', #620 ) ;
#2342 = VECTOR ( 'NONE', #3877, 1000.000000000000000 ) ;
#2343 = EDGE_CURVE ( 'NONE', #3280, #6014, #2820, .T. ) ;
#2344 = FILL_AREA_STYLE_COLOUR ( '', #4930 ) ;
#2345 = LINE ( 'NONE', #6699, #2907 ) ;
#2346 = PRESENTATION_STYLE_ASSIGNMENT (( #4045 ) ) ;
#2347 = CIRCLE ( 'NONE', #2107, 0.7000000000000000666 ) ;
#2348 = CARTESIAN_POINT ( 'NONE',  ( -3.854086538461539035, 1.000000000000000000, -1.500000000000000222 ) ) ;
#2349 = CARTESIAN_POINT ( 'NONE',  ( 3.144789001842730247, 0.9800000000000002043, -1.906143660695127640 ) ) ;
#2350 = CARTESIAN_POINT ( 'NONE',  ( -1.662575766196305649, 0.9799999999999999822, -1.715409143662370184 ) ) ;
#2351 = CARTESIAN_POINT ( 'NONE',  ( -1.292950469751111386, 1.000000000000000222, -2.259370600705898902 ) ) ;
#2352 = CARTESIAN_POINT ( 'NONE',  ( 3.799458688910024584, 0.9800000000000006484, -2.424386578687399929 ) ) ;
#2353 = ORIENTED_EDGE ( 'NONE', *, *, #1452, .F. ) ;
#2354 =( GEOMETRIC_REPRESENTATION_CONTEXT ( 3 ) GLOBAL_UNCERTAINTY_ASSIGNED_CONTEXT ( ( #5747 ) ) GLOBAL_UNIT_ASSIGNED_CONTEXT ( ( #2071, #885, #2612 ) ) REPRESENTATION_CONTEXT ( 'NONE', 'WORKASPACE' ) );
#2355 = CARTESIAN_POINT ( 'NONE',  ( 3.161648176412928724, 1.000000000000000222, -1.571407242212651489 ) ) ;
#2356 = DIRECTION ( 'NONE',  ( -1.000000000000000000, 0.000000000000000000, 0.000000000000000000 ) ) ;
#2357 = CYLINDRICAL_SURFACE ( 'NONE', #4594, 0.4999999999999995559 ) ;
#2358 = COLOUR_RGB ( '',1.000000000000000000, 1.000000000000000000, 1.000000000000000000 ) ;
#2359 = DIRECTION ( 'NONE',  ( 0.000000000000000000, 0.000000000000000000, -1.000000000000000000 ) ) ;
#2360 = ADVANCED_FACE ( 'NONE', ( #6221, #57, #2320, #2288, #6264, #5187, #4546, #2887, #168, #1808, #6749, #1730 ), #6185, .T. ) ;
#2361 = ORIENTED_EDGE ( 'NONE', *, *, #1726, .T. ) ;
#2362 = CARTESIAN_POINT ( 'NONE',  ( -1.132126945972029564, 0.9799999999999997602, -2.424243654629552935 ) ) ;
#2363 = SURFACE_STYLE_USAGE ( .BOTH. , #2470 ) ;
#2364 = FILL_AREA_STYLE_COLOUR ( '', #4863 ) ;
#2365 = VERTEX_POINT ( 'NONE', #4250 ) ;
#2366 = VECTOR ( 'NONE', #987, 1000.000000000000000 ) ;
#2367 = DIRECTION ( 'NONE',  ( 0.000000000000000000, 1.000000000000000000, 0.000000000000000000 ) ) ;
#2368 =( LENGTH_UNIT ( ) NAMED_UNIT ( * ) SI_UNIT ( .MILLI., .METRE. ) );
#2369 = FILL_AREA_STYLE_COLOUR ( '', #2582 ) ;
#2370 = CARTESIAN_POINT ( 'NONE',  ( 0.6639423076923075540, 0.9800000000000002043, -1.500000000000000444 ) ) ;
#2371 = EDGE_LOOP ( 'NONE', ( #2730, #5585, #2955, #1814 ) ) ;
#2372 = DIRECTION ( 'NONE',  ( 0.000000000000000000, 0.000000000000000000, -1.000000000000000000 ) ) ;
#2373 = SURFACE_STYLE_FILL_AREA ( #106 ) ;
#2374 = ORIENTED_EDGE ( 'NONE', *, *, #2731, .T. ) ;
#2375 = CARTESIAN_POINT ( 'NONE',  ( 4.418217899903063461, 0.9800000000000002043, -1.485061775287022323 ) ) ;
#2376 = CARTESIAN_POINT ( 'NONE',  ( 3.601038384305847107, 1.000000000000000000, -2.727434289677254320 ) ) ;
#2377 = COLOUR_RGB ( '',1.000000000000000000, 1.000000000000000000, 1.000000000000000000 ) ;
#2378 = CARTESIAN_POINT ( 'NONE',  ( 2.965424378310326681, 0.9800000000000002043, -1.781743301469564944 ) ) ;
#2379 = CARTESIAN_POINT ( 'NONE',  ( 3.799458688910024584, 0.9800000000000006484, -2.424386578687399929 ) ) ;
#2380 = DIRECTION ( 'NONE',  ( 0.000000000000000000, 1.000000000000000000, 0.000000000000000000 ) ) ;
#2381 = CARTESIAN_POINT ( 'NONE',  ( 3.750000000000000000, 0.02000000000000000042, -4.529999999999998472 ) ) ;
#2382 =( NAMED_UNIT ( * ) PLANE_ANGLE_UNIT ( ) SI_UNIT ( $, .RADIAN. ) );
#2383 = CIRCLE ( 'NONE', #2498, 1.250000000000000222 ) ;
#2384 = CARTESIAN_POINT ( 'NONE',  ( 4.500000000000000000, 1.000000000000000000, 6.830000000000001847 ) ) ;
#2385 = CARTESIAN_POINT ( 'NONE',  ( 3.254277636769286719, 0.9999999999999997780, -1.777966607290277556 ) ) ;
#2386 = ADVANCED_FACE ( 'NONE', ( #4727 ), #764, .F. ) ;
#2387 = FILL_AREA_STYLE ('',( #119 ) ) ;
#2388 = ORIENTED_EDGE ( 'NONE', *, *, #4025, .T. ) ;
#2389 = AXIS2_PLACEMENT_3D ( 'NONE', #5523, #1647, #6167 ) ;
#2390 = UNCERTAINTY_MEASURE_WITH_UNIT (LENGTH_MEASURE( 1.000000000000000082E-05 ), #5027, 'distance_accuracy_value', 'NONE');
#2391 = STYLED_ITEM ( 'NONE', ( #4739 ), #6623 ) ;
#2392 = DIRECTION ( 'NONE',  ( 0.000000000000000000, 0.000000000000000000, -1.000000000000000000 ) ) ;
#2393 = CARTESIAN_POINT ( 'NONE',  ( -1.249999999999999778, 0.02000000000000000042, -4.529999999999998472 ) ) ;
#2394 = SURFACE_STYLE_FILL_AREA ( #585 ) ;
#2395 = ORIENTED_EDGE ( 'NONE', *, *, #2416, .T. ) ;
#2396 = CARTESIAN_POINT ( 'NONE',  ( -1.081674423320946099, 0.9800000000000002043, -2.307893310465048309 ) ) ;
#2397 =( NAMED_UNIT ( * ) PLANE_ANGLE_UNIT ( ) SI_UNIT ( $, .RADIAN. ) );
#2398 = CARTESIAN_POINT ( 'NONE',  ( -1.070166415563106543, 1.000000000000000222, -2.265862051891942563 ) ) ;
#2399 = PRESENTATION_LAYER_ASSIGNMENT (  '', '', ( #1234 ) ) ;
#2400 = ADVANCED_FACE ( 'NONE', ( #6341 ), #2465, .T. ) ;
#2401 = CARTESIAN_POINT ( 'NONE',  ( -3.249999999999999556, 2.750000000000000000, -8.655624622074400421 ) ) ;
#2402 = PRESENTATION_LAYER_ASSIGNMENT (  '', '', ( #5672 ) ) ;
#2403 = CARTESIAN_POINT ( 'NONE',  ( -3.750000000000000000, 1.000000000000000000, -4.529999999999998472 ) ) ;
#2404 = DIRECTION ( 'NONE',  ( 0.000000000000000000, 0.000000000000000000, -1.000000000000000000 ) ) ;
#2405 = SURFACE_STYLE_USAGE ( .BOTH. , #706 ) ;
#2406 = EDGE_LOOP ( 'NONE', ( #3850, #825 ) ) ;
#2407 = COLOUR_RGB ( '',1.000000000000000000, 1.000000000000000000, 1.000000000000000000 ) ;
#2408 = ADVANCED_FACE ( 'NONE', ( #3608 ), #4209, .T. ) ;
#2409 = CARTESIAN_POINT ( 'NONE',  ( 3.038221153846154543, 0.9799999999999999822, -2.520913461538461409 ) ) ;
#2410 = PRESENTATION_STYLE_ASSIGNMENT (( #5168 ) ) ;
#2411 = VERTEX_POINT ( 'NONE', #6035 ) ;
#2412 = FACE_OUTER_BOUND ( 'NONE', #2109, .T. ) ;
#2413 =( NAMED_UNIT ( * ) SI_UNIT ( $, .STERADIAN. ) SOLID_ANGLE_UNIT ( ) );
#2414 = CARTESIAN_POINT ( 'NONE',  ( 3.987295893502466715, 0.9799999999999999822, -2.563168524851122232 ) ) ;
#2415 = ORIENTED_EDGE ( 'NONE', *, *, #5835, .F. ) ;
#2416 = EDGE_CURVE ( 'NONE', #7064, #4210, #5493, .T. ) ;
#2417 = CARTESIAN_POINT ( 'NONE',  ( 1.272241457910151308, 0.9800000000000002043, -1.772810115625022220 ) ) ;
#2418 = SURFACE_STYLE_FILL_AREA ( #3672 ) ;
#2419 = PRESENTATION_LAYER_ASSIGNMENT (  '', '', ( #2751 ) ) ;
#2420 = DIRECTION ( 'NONE',  ( -1.000000000000000000, 0.000000000000000000, 0.000000000000000000 ) ) ;
#2421 = CARTESIAN_POINT ( 'NONE',  ( 3.288985822571885542, 1.000000000000000000, -1.753151310834536236 ) ) ;
#2422 = CARTESIAN_POINT ( 'NONE',  ( -2.003846153846154277, 1.000000000000000000, -1.500000000000000222 ) ) ;
#2423 = DIRECTION ( 'NONE',  ( 0.000000000000000000, 0.000000000000000000, 1.000000000000000000 ) ) ;
#2424 = ORIENTED_EDGE ( 'NONE', *, *, #4154, .T. ) ;
#2425 = VERTEX_POINT ( 'NONE', #7171 ) ;
#2426 = SURFACE_STYLE_FILL_AREA ( #6962 ) ;
#2427 = FILL_AREA_STYLE ('',( #3568 ) ) ;
#2428 = ORIENTED_EDGE ( 'NONE', *, *, #988, .T. ) ;
#2429 = PRESENTATION_STYLE_ASSIGNMENT (( #2930 ) ) ;
#2430 = CARTESIAN_POINT ( 'NONE',  ( -1.081674423320946099, 1.000000000000000222, -2.307893310465048309 ) ) ;
#2431 = B_SPLINE_CURVE_WITH_KNOTS ( 'NONE', 3,
 ( #6358, #783, #6580, #1602, #3776, #7088, #5951, #2623, #1564, #1047, #3247 ),
 .UNSPECIFIED., .F., .F.,
 ( 4, 1, 1, 1, 1, 1, 1, 1, 4 ),
 ( 0.000000000000000000, 0.1289756962903355342, 0.2566142768832946341, 0.3823748611154020316, 0.5074502079341302041, 0.6312318059159224282, 0.7542207153102958861, 0.8773008482791450069, 1.000000000000000000 ),
 .UNSPECIFIED. ) ;
#2432 = ORIENTED_EDGE ( 'NONE', *, *, #3551, .T. ) ;
#2433 =( NAMED_UNIT ( * ) SI_UNIT ( $, .STERADIAN. ) SOLID_ANGLE_UNIT ( ) );
#2434 = ADVANCED_FACE ( 'NONE', ( #4384 ), #403, .F. ) ;
#2435 = CARTESIAN_POINT ( 'NONE',  ( 4.452736500423738697, 0.9799999999999997602, -1.744738558145270346 ) ) ;
#2436 = CARTESIAN_POINT ( 'NONE',  ( 0.6038461538461535882, 0.9799999999999999822, -1.715384615384615508 ) ) ;
#2437 = CARTESIAN_POINT ( 'NONE',  ( 0.3884615384615382472, 1.000000000000000000, -2.700000000000000178 ) ) ;
#2438 =( GEOMETRIC_REPRESENTATION_CONTEXT ( 3 ) GLOBAL_UNCERTAINTY_ASSIGNED_CONTEXT ( ( #150 ) ) GLOBAL_UNIT_ASSIGNED_CONTEXT ( ( #6807, #1974, #2011 ) ) REPRESENTATION_CONTEXT ( 'NONE', 'WORKASPACE' ) );
#2439 = VERTEX_POINT ( 'NONE', #434 ) ;
#2440 = CARTESIAN_POINT ( 'NONE',  ( 1.115558177776102777, 0.9799999999999999822, -1.971100086655241945 ) ) ;
#2441 = EDGE_LOOP ( 'NONE', ( #3855, #6316 ) ) ;
#2442 = ADVANCED_FACE ( 'NONE', ( #3150 ), #7134, .F. ) ;
#2443 = CARTESIAN_POINT ( 'NONE',  ( 3.665888127731289359, 0.9799999999999999822, -2.493394811263750732 ) ) ;
#2444 = COLOUR_RGB ( '',0.5019607843137254832, 0.5019607843137254832, 0.5019607843137254832 ) ;
#2445 = VERTEX_POINT ( 'NONE', #3859 ) ;
#2446 = PLANE ( 'NONE',  #5370 ) ;
#2447 = ORIENTED_EDGE ( 'NONE', *, *, #6811, .T. ) ;
#2448 = VECTOR ( 'NONE', #2978, 1000.000000000000000 ) ;
#2449 = DIRECTION ( 'NONE',  ( 0.000000000000000000, 0.000000000000000000, -1.000000000000000000 ) ) ;
#2450 = FACE_OUTER_BOUND ( 'NONE', #4091, .T. ) ;
#2451 =( GEOMETRIC_REPRESENTATION_CONTEXT ( 3 ) GLOBAL_UNCERTAINTY_ASSIGNED_CONTEXT ( ( #3138 ) ) GLOBAL_UNIT_ASSIGNED_CONTEXT ( ( #1028, #7138, #4286 ) ) REPRESENTATION_CONTEXT ( 'NONE', 'WORKASPACE' ) );
#2452 = CARTESIAN_POINT ( 'NONE',  ( -1.458305036208929817, 1.000000000000000222, -2.675556189337490842 ) ) ;
#2453 = PRESENTATION_LAYER_ASSIGNMENT (  '', '', ( #230 ) ) ;
#2454 = DIRECTION ( 'NONE',  ( 0.3402308794368851252, 0.000000000000000000, 0.9403419317873704664 ) ) ;
#2455 = VECTOR ( 'NONE', #2147, 1000.000000000000000 ) ;
#2456 = FILL_AREA_STYLE_COLOUR ( '', #5088 ) ;
#2457 = ORIENTED_EDGE ( 'NONE', *, *, #4999, .T. ) ;
#2458 = ORIENTED_EDGE ( 'NONE', *, *, #2492, .F. ) ;
#2459 = B_SPLINE_CURVE_WITH_KNOTS ( 'NONE', 3,
 ( #1799, #3488, #4645, #6334, #4080, #758, #6216, #1293, #3452, #651, #2881 ),
 .UNSPECIFIED., .F., .F.,
 ( 4, 1, 1, 1, 1, 1, 1, 1, 4 ),
 ( 0.000000000000000000, 0.1422766862527816978, 0.2774285141643557662, 0.4064771515299090421, 0.5305950716916276733, 0.6501429215018529328, 0.7668506965409357390, 0.8835020926432471944, 0.9999999999999998890 ),
 .UNSPECIFIED. ) ;
#2460 = VECTOR ( 'NONE', #2671, 1000.000000000000000 ) ;
#2461 = CARTESIAN_POINT ( 'NONE',  ( 1.081000830734855089, 0.9799999999999995381, -2.617905310651771789 ) ) ;
#2462 = DIRECTION ( 'NONE',  ( 2.891205793294678326E-16, -1.000000000000000000, 0.000000000000000000 ) ) ;
#2463 = AXIS2_PLACEMENT_3D ( 'NONE', #5573, #3270, #7143 ) ;
#2464 = CARTESIAN_POINT ( 'NONE',  ( -3.750000000000000000, 0.9799999999999999822, -4.529999999999998472 ) ) ;
#2465 = PLANE ( 'NONE',  #3698 ) ;
#2466 = ORIENTED_EDGE ( 'NONE', *, *, #4677, .F. ) ;
#2467 = CARTESIAN_POINT ( 'NONE',  ( 3.432404752853954299, 0.9999999999999997780, -2.508650646308208998 ) ) ;
#2468 = CARTESIAN_POINT ( 'NONE',  ( 3.524278846153846345, 1.000000000000000000, -2.730769230769230838 ) ) ;
#2469 = MECHANICAL_DESIGN_GEOMETRIC_PRESENTATION_REPRESENTATION (  '', ( #3401 ), #6554 ) ;
#2470 = SURFACE_SIDE_STYLE ('',( #3613 ) ) ;
#2471 = CARTESIAN_POINT ( 'NONE',  ( -1.081674423320946099, 0.9800000000000002043, -2.307893310465048309 ) ) ;
#2472 = EDGE_LOOP ( 'NONE', ( #4702, #4975, #5124, #3615 ) ) ;
#2473 = CARTESIAN_POINT ( 'NONE',  ( 3.866183066568298798, 1.000000000000000222, -2.366043932528768767 ) ) ;
#2474 = PRESENTATION_LAYER_ASSIGNMENT (  '', '', ( #707 ) ) ;
#2475 = CARTESIAN_POINT ( 'NONE',  ( 3.249999999999999556, 3.720000000000000195, 7.530000000000002025 ) ) ;
#2476 = CARTESIAN_POINT ( 'NONE',  ( 0.9363132565362859427, 0.9999999999999986677, -1.742614867231110365 ) ) ;
#2477 = CARTESIAN_POINT ( 'NONE',  ( 1.342307692307692202, 0.9799999999999999822, -2.083173076923077183 ) ) ;
#2478 = EDGE_CURVE ( 'NONE', #6569, #1556, #2093, .T. ) ;
#2479 = MECHANICAL_DESIGN_GEOMETRIC_PRESENTATION_REPRESENTATION (  '', ( #3295 ), #6565 ) ;
#2480 = ORIENTED_EDGE ( 'NONE', *, *, #525, .F. ) ;
#2481 = STYLED_ITEM ( 'NONE', ( #4305 ), #6160 ) ;
#2482 = CARTESIAN_POINT ( 'NONE',  ( 1.090744059651786113, 0.9799999999999997602, -1.897005307203841085 ) ) ;
#2483 =( NAMED_UNIT ( * ) PLANE_ANGLE_UNIT ( ) SI_UNIT ( $, .RADIAN. ) );
#2484 = ORIENTED_EDGE ( 'NONE', *, *, #1754, .F. ) ;
#2485 = CARTESIAN_POINT ( 'NONE',  ( 3.563841276898813692, 0.9799999999999997602, -1.684879084783887260 ) ) ;
#2486 = SURFACE_STYLE_FILL_AREA ( #214 ) ;
#2487 = CARTESIAN_POINT ( 'NONE',  ( 3.249999999999999556, 2.250000000000000444, 2.130000000000001670 ) ) ;
#2488 = EDGE_LOOP ( 'NONE', ( #345, #1755 ) ) ;
#2489 = ORIENTED_EDGE ( 'NONE', *, *, #6793, .F. ) ;
#2490 = EDGE_LOOP ( 'NONE', ( #3712, #4359, #4943, #5305, #81, #1938, #1089, #5785 ) ) ;
#2491 = CARTESIAN_POINT ( 'NONE',  ( 3.038221153846154543, 1.000000000000000000, -2.520913461538461409 ) ) ;
#2492 = EDGE_CURVE ( 'NONE', #5209, #5234, #1065, .T. ) ;
#2493 = DIRECTION ( 'NONE',  ( 0.000000000000000000, 0.000000000000000000, 1.000000000000000000 ) ) ;
#2494 = CARTESIAN_POINT ( 'NONE',  ( 1.819230769230768985, 0.9799999999999999822, -1.684615384615384848 ) ) ;
#2495 = CARTESIAN_POINT ( 'NONE',  ( 1.139343692243145911, 1.000000000000000000, -2.575222200027703856 ) ) ;
#2496 = VERTEX_POINT ( 'NONE', #4346 ) ;
#2497 = EDGE_LOOP ( 'NONE', ( #5593, #4806 ) ) ;
#2498 = AXIS2_PLACEMENT_3D ( 'NONE', #5381, #1955, #1434 ) ;
#2499 = CARTESIAN_POINT ( 'NONE',  ( 2.901789926795229402, 0.9799999999999999822, -1.938156654545170277 ) ) ;
#2500 = CARTESIAN_POINT ( 'NONE',  ( 1.279563824642594438, 0.9799999999999999822, -2.387187630493925905 ) ) ;
#2501 = FILL_AREA_STYLE_COLOUR ( '', #7140 ) ;
#2502 = ORIENTED_EDGE ( 'NONE', *, *, #2280, .F. ) ;
#2503 =( NAMED_UNIT ( * ) PLANE_ANGLE_UNIT ( ) SI_UNIT ( $, .RADIAN. ) );
#2504 = STYLED_ITEM ( 'NONE', ( #3256 ), #3513 ) ;
#2505 = CARTESIAN_POINT ( 'NONE',  ( 3.903103682113091555, 0.9799999999999999822, -2.628478880582843846 ) ) ;
#2506 = VERTEX_POINT ( 'NONE', #1543 ) ;
#2507 = CARTESIAN_POINT ( 'NONE',  ( 2.326923076923076650, 0.9799999999999999822, -1.976923076923077005 ) ) ;
#2508 = B_SPLINE_CURVE_WITH_KNOTS ( 'NONE', 3,
 ( #5112, #4568, #1838, #118, #2989, #192, #2452, #3523, #1218, #4078, #5742, #6772, #4009, #6214, #6810, #722, #1873, #220, #4717, #5284, #7060, #900, #869, #4855, #6992, #830, #3742 ),
 .UNSPECIFIED., .F., .F.,
 ( 4, 1, 1, 1, 1, 1, 1, 1, 1, 1, 1, 1, 1, 1, 1, 1, 1, 1, 1, 1, 1, 1, 1, 1, 4 ),
 ( 0.000000000000000000, 0.06014816166126854546, 0.1162670765768876596, 0.1686539552437568146, 0.2173989688871080794, 0.2624335227296114570, 0.3039327010691181274, 0.3422599668369525339, 0.3774413393780561288, 0.4114060993619980122, 0.4453983512867531469, 0.4797663873881683472, 0.5145844824148773089, 0.5502136512238752220, 0.5870009077288665944, 0.6246629869919994027, 0.6636154560171262373, 0.7034564283616511204, 0.7434501619923126192, 0.7840133859909412806, 0.8251325358492278550, 0.8672646628279302439, 0.9103064731819361377, 0.9544242045465899382, 1.000000000000000000 ),
 .UNSPECIFIED. ) ;
#2509 = CARTESIAN_POINT ( 'NONE',  ( -1.555393105096329887, 0.9799999999999997602, -2.471993520198598748 ) ) ;
#2510 = EDGE_CURVE ( 'NONE', #4747, #2545, #3789, .T. ) ;
#2511 = CARTESIAN_POINT ( 'NONE',  ( 3.348298706145740766, 0.9999999999999997780, -2.710743938206949366 ) ) ;
#2512 = PLANE ( 'NONE',  #2158 ) ;
#2513 = VECTOR ( 'NONE', #2576, 1000.000000000000000 ) ;
#2514 = STYLED_ITEM ( 'NONE', ( #2739 ), #4010 ) ;
#2515 = ORIENTED_EDGE ( 'NONE', *, *, #1550, .F. ) ;
#2516 = MECHANICAL_DESIGN_GEOMETRIC_PRESENTATION_REPRESENTATION (  '', ( #6717 ), #4173 ) ;
#2517 = FILL_AREA_STYLE_COLOUR ( '', #2687 ) ;
#2518 = CARTESIAN_POINT ( 'NONE',  ( -1.276749514531589469, 0.9999999999999995559, -1.971100086655241945 ) ) ;
#2519 = VERTEX_POINT ( 'NONE', #5203 ) ;
#2520 = SURFACE_STYLE_FILL_AREA ( #4912 ) ;
#2521 = CARTESIAN_POINT ( 'NONE',  ( 3.432404752853954299, 0.9999999999999997780, -2.508650646308208998 ) ) ;
#2522 = MECHANICAL_DESIGN_GEOMETRIC_PRESENTATION_REPRESENTATION (  '', ( #5672 ), #5330 ) ;
#2523 = VERTEX_POINT ( 'NONE', #5731 ) ;
#2524 = ORIENTED_EDGE ( 'NONE', *, *, #718, .T. ) ;
#2525 = CARTESIAN_POINT ( 'NONE',  ( 2.968595318196443511, 0.9999999999999997780, -2.429537138132684237 ) ) ;
#2526 = ADVANCED_FACE ( 'NONE', ( #4039, #5239 ), #1654, .T. ) ;
#2527 = COLOUR_RGB ( '',0.000000000000000000, 0.7529411764705882248, 0.000000000000000000 ) ;
#2528 = CARTESIAN_POINT ( 'NONE',  ( 4.557692307692307487, 0.9799999999999999822, -1.615865384615384759 ) ) ;
#2529 = DIRECTION ( 'NONE',  ( 1.000000000000000000, -0.000000000000000000, -0.000000000000000000 ) ) ;
#2530 = CARTESIAN_POINT ( 'NONE',  ( 0.6598557692307689404, 1.000000000000000000, -2.700000000000000178 ) ) ;
#2531 = VERTEX_POINT ( 'NONE', #151 ) ;
#2532 = UNCERTAINTY_MEASURE_WITH_UNIT (LENGTH_MEASURE( 1.000000000000000082E-05 ), #4681, 'distance_accuracy_value', 'NONE');
#2533 = CARTESIAN_POINT ( 'NONE',  ( 2.945590487330685736, 1.000000000000000000, -1.819609935538453627 ) ) ;
#2534 = CARTESIAN_POINT ( 'NONE',  ( 1.331314487054898965, 0.9799999999999999822, -2.222366563496354086 ) ) ;
#2535 = DIRECTION ( 'NONE',  ( -0.000000000000000000, 1.000000000000000000, -0.000000000000000000 ) ) ;
#2536 = SURFACE_STYLE_FILL_AREA ( #233 ) ;
#2537 = CARTESIAN_POINT ( 'NONE',  ( 3.503588758242764722, 1.000000000000000222, -2.515007888535688352 ) ) ;
#2538 = PLANE ( 'NONE',  #1918 ) ;
#2539 = ADVANCED_FACE ( 'NONE', ( #4147 ), #6867, .T. ) ;
#2540 = LINE ( 'NONE', #4175, #1932 ) ;
#2541 = DIRECTION ( 'NONE',  ( 0.000000000000000000, 0.000000000000000000, 1.000000000000000000 ) ) ;
#2542 = DIRECTION ( 'NONE',  ( 0.000000000000000000, -0.000000000000000000, 1.000000000000000000 ) ) ;
#2543 = CARTESIAN_POINT ( 'NONE',  ( 3.038221153846154543, 0.9799999999999999822, -2.520913461538461409 ) ) ;
#2544 = FACE_OUTER_BOUND ( 'NONE', #1382, .T. ) ;
#2545 = VERTEX_POINT ( 'NONE', #1317 ) ;
#2546 = CARTESIAN_POINT ( 'NONE',  ( 4.095638615270651428, 0.9800000000000002043, -1.871314592660197951 ) ) ;
#2547 = CARTESIAN_POINT ( 'NONE',  ( 2.919332364914923428, 0.9999999999999995559, -2.329307575323574575 ) ) ;
#2548 = FACE_OUTER_BOUND ( 'NONE', #518, .T. ) ;
#2549 = CARTESIAN_POINT ( 'NONE',  ( -1.416869283557318893, 0.9799999999999999822, -1.761478196617771275 ) ) ;
#2550 = ORIENTED_EDGE ( 'NONE', *, *, #1498, .T. ) ;
#2551 = SURFACE_SIDE_STYLE ('',( #2621 ) ) ;
#2552 = UNCERTAINTY_MEASURE_WITH_UNIT (LENGTH_MEASURE( 1.000000000000000082E-05 ), #5833, 'distance_accuracy_value', 'NONE');
#2553 = CARTESIAN_POINT ( 'NONE',  ( 4.353760116132646907, 0.9799999999999995381, -1.505739702536951219 ) ) ;
#2554 = ORIENTED_EDGE ( 'NONE', *, *, #4249, .T. ) ;
#2555 =( GEOMETRIC_REPRESENTATION_CONTEXT ( 3 ) GLOBAL_UNCERTAINTY_ASSIGNED_CONTEXT ( ( #2110 ) ) GLOBAL_UNIT_ASSIGNED_CONTEXT ( ( #2796, #6651, #3957 ) ) REPRESENTATION_CONTEXT ( 'NONE', 'WORKASPACE' ) );
#2556 = SURFACE_STYLE_FILL_AREA ( #5348 ) ;
#2557 = CARTESIAN_POINT ( 'NONE',  ( 1.115558177776102777, 1.000000000000000000, -1.971100086655241945 ) ) ;
#2558 =( NAMED_UNIT ( * ) SI_UNIT ( $, .STERADIAN. ) SOLID_ANGLE_UNIT ( ) );
#2559 = UNCERTAINTY_MEASURE_WITH_UNIT (LENGTH_MEASURE( 1.000000000000000082E-05 ), #3870, 'distance_accuracy_value', 'NONE');
#2560 = CARTESIAN_POINT ( 'NONE',  ( -3.750000000000000000, 0.9799999999999999822, -4.529999999999998472 ) ) ;
#2561 = VECTOR ( 'NONE', #1071, 1000.000000000000000 ) ;
#2562 = DIRECTION ( 'NONE',  ( 0.000000000000000000, 0.000000000000000000, -1.000000000000000000 ) ) ;
#2563 = EDGE_CURVE ( 'NONE', #1925, #6319, #1863, .T. ) ;
#2564 = EDGE_LOOP ( 'NONE', ( #742, #5026, #4720, #6551 ) ) ;
#2565 = COLOUR_RGB ( '',1.000000000000000000, 1.000000000000000000, 1.000000000000000000 ) ;
#2566 = CARTESIAN_POINT ( 'NONE',  ( 4.296153846153845102, 1.000000000000000000, -1.615865384615384759 ) ) ;
#2567 = AXIS2_PLACEMENT_3D ( 'NONE', #2781, #3273, #6086 ) ;
#2568 = CARTESIAN_POINT ( 'NONE',  ( 4.219999999999999751, 2.250000000000000444, -8.655624622074400421 ) ) ;
#2569 = CARTESIAN_POINT ( 'NONE',  ( 2.019230769230768718, 0.9799999999999999822, -1.684615384615384848 ) ) ;
#2570 =( LENGTH_UNIT ( ) NAMED_UNIT ( * ) SI_UNIT ( .MILLI., .METRE. ) );
#2571 = AXIS2_PLACEMENT_3D ( 'NONE', #4604, #1135, #1611 ) ;
#2572 = VECTOR ( 'NONE', #4402, 1000.000000000000000 ) ;
#2573 = FACE_OUTER_BOUND ( 'NONE', #6394, .T. ) ;
#2574 = CARTESIAN_POINT ( 'NONE',  ( 4.519752568665516890, 0.9799999999999997602, -1.708735258469130658 ) ) ;
#2575 = EDGE_CURVE ( 'NONE', #1229, #1570, #1947, .T. ) ;
#2576 = DIRECTION ( 'NONE',  ( 1.000000000000000000, 0.000000000000000000, 0.000000000000000000 ) ) ;
#2577 = VERTEX_POINT ( 'NONE', #539 ) ;
#2578 = CARTESIAN_POINT ( 'NONE',  ( 3.896477316912085875, 0.9800000000000002043, -1.585749488397031781 ) ) ;
#2579 = CARTESIAN_POINT ( 'NONE',  ( 0.9927562302286452312, 0.9799999999999999822, -1.773181274320753342 ) ) ;
#2580 = CARTESIAN_POINT ( 'NONE',  ( 2.880769230769231193, 0.9799999999999999822, -2.106009615384615508 ) ) ;
#2581 = AXIS2_PLACEMENT_3D ( 'NONE', #4017, #4615, #3378 ) ;
#2582 = COLOUR_RGB ( '',1.000000000000000000, 1.000000000000000000, 1.000000000000000000 ) ;
#2583 = FILL_AREA_STYLE_COLOUR ( '', #1745 ) ;
#2584 = VERTEX_POINT ( 'NONE', #3547 ) ;
#2585 = CARTESIAN_POINT ( 'NONE',  ( 1.083554840253742491, 0.9800000000000002043, -2.296002271410442219 ) ) ;
#2586 = VECTOR ( 'NONE', #3125, 1000.000000000000227 ) ;
#2587 = CARTESIAN_POINT ( 'NONE',  ( 3.474762363556442857, 0.9799999999999999822, -2.514268152344190987 ) ) ;
#2588 = ORIENTED_EDGE ( 'NONE', *, *, #4815, .F. ) ;
#2589 = AXIS2_PLACEMENT_3D ( 'NONE', #5859, #4168, #5684 ) ;
#2590 = ADVANCED_FACE ( 'NONE', ( #5037 ), #4936, .T. ) ;
#2591 = DIRECTION ( 'NONE',  ( -1.000000000000000000, -2.891205793294678326E-16, 0.000000000000000000 ) ) ;
#2592 = CARTESIAN_POINT ( 'NONE',  ( 4.426923076923076295, 0.9799999999999999822, -1.746153846153846390 ) ) ;
#2593 = LINE ( 'NONE', #5452, #6122 ) ;
#2594 =( LENGTH_UNIT ( ) NAMED_UNIT ( * ) SI_UNIT ( .MILLI., .METRE. ) );
#2595 = ORIENTED_EDGE ( 'NONE', *, *, #436, .T. ) ;
#2596 = UNCERTAINTY_MEASURE_WITH_UNIT (LENGTH_MEASURE( 1.000000000000000082E-05 ), #6507, 'distance_accuracy_value', 'NONE');
#2597 = CARTESIAN_POINT ( 'NONE',  ( 3.801382807619412496, 0.9999999999999997780, -1.526278599990921414 ) ) ;
#2598 = CARTESIAN_POINT ( 'NONE',  ( 3.249999999999999556, 4.000000000000000000, 7.530000000000002025 ) ) ;
#2599 =( LENGTH_UNIT ( ) NAMED_UNIT ( * ) SI_UNIT ( .MILLI., .METRE. ) );
#2600 = CARTESIAN_POINT ( 'NONE',  ( -1.706250000000000266, 0.9799999999999999822, -2.484615384615384670 ) ) ;
#2601 = EDGE_CURVE ( 'NONE', #4195, #365, #4301, .T. ) ;
#2602 = FILL_AREA_STYLE_COLOUR ( '', #2285 ) ;
#2603 = CARTESIAN_POINT ( 'NONE',  ( 3.096153846153846700, 1.000000000000000000, -2.106250000000000622 ) ) ;
#2604 = DIRECTION ( 'NONE',  ( -0.3403664315972771970, 0.000000000000000000, -0.9402928757795285808 ) ) ;
#2605 = VECTOR ( 'NONE', #23, 1000.000000000000000 ) ;
#2606 = FILL_AREA_STYLE ('',( #374 ) ) ;
#2607 = CARTESIAN_POINT ( 'NONE',  ( 3.518269230769230926, 0.9799999999999999822, -2.515384615384615330 ) ) ;
#2608 = FILL_AREA_STYLE ('',( #5426 ) ) ;
#2609 = LINE ( 'NONE', #3866, #2460 ) ;
#2610 = AXIS2_PLACEMENT_3D ( 'NONE', #4529, #1717, #531 ) ;
#2611 = CARTESIAN_POINT ( 'NONE',  ( 3.038221153846154543, 0.9799999999999999822, -2.520913461538461409 ) ) ;
#2612 =( NAMED_UNIT ( * ) SI_UNIT ( $, .STERADIAN. ) SOLID_ANGLE_UNIT ( ) );
#2613 = CARTESIAN_POINT ( 'NONE',  ( 4.095638615270651428, 0.9999999999999997780, -1.871314592660197951 ) ) ;
#2614 = CARTESIAN_POINT ( 'NONE',  ( 1.124425299580950943, 0.9999999999999988898, -2.026821772455061677 ) ) ;
#2615 = CARTESIAN_POINT ( 'NONE',  ( 0.8362677299024783295, 0.9799999999999999822, -2.691390507887257311 ) ) ;
#2616 = ADVANCED_FACE ( 'NONE', ( #1384 ), #2171, .T. ) ;
#2617 = STYLED_ITEM ( 'NONE', ( #5846 ), #3676 ) ;
#2618 = CARTESIAN_POINT ( 'NONE',  ( -1.307433387200309660, 1.000000000000000222, -1.569766635114264508 ) ) ;
#2619 = CARTESIAN_POINT ( 'NONE',  ( -1.382834915754502569, 0.9799999999999999822, -1.786177100733938872 ) ) ;
#2620 = ORIENTED_EDGE ( 'NONE', *, *, #3759, .F. ) ;
#2621 = SURFACE_STYLE_FILL_AREA ( #322 ) ;
#2622 = CARTESIAN_POINT ( 'NONE',  ( 3.188673229204503468, 1.000000000000000222, -2.366371881907380903 ) ) ;
#2623 = CARTESIAN_POINT ( 'NONE',  ( 3.747674403671148013, 0.9799999999999997602, -2.699027926121469800 ) ) ;
#2624 = CIRCLE ( 'NONE', #1939, 0.7000000000000000666 ) ;
#2625 = EDGE_CURVE ( 'NONE', #7056, #7094, #3282, .T. ) ;
#2626 = EDGE_LOOP ( 'NONE', ( #4224, #2083, #2524, #2428 ) ) ;
#2627 =( GEOMETRIC_REPRESENTATION_CONTEXT ( 3 ) GLOBAL_UNCERTAINTY_ASSIGNED_CONTEXT ( ( #6512 ) ) GLOBAL_UNIT_ASSIGNED_CONTEXT ( ( #1504, #2666, #5390 ) ) REPRESENTATION_CONTEXT ( 'NONE', 'WORKASPACE' ) );
#2628 = PLANE ( 'NONE',  #1752 ) ;
#2629 = UNCERTAINTY_MEASURE_WITH_UNIT (LENGTH_MEASURE( 1.000000000000000082E-05 ), #3356, 'distance_accuracy_value', 'NONE');
#2630 = DIRECTION ( 'NONE',  ( 0.000000000000000000, 1.000000000000000000, -0.000000000000000000 ) ) ;
#2631 = CARTESIAN_POINT ( 'NONE',  ( 3.519452531096125991, 0.9799999999999997602, -1.684974750284857770 ) ) ;
#2632 = ORIENTED_EDGE ( 'NONE', *, *, #765, .F. ) ;
#2633 = ADVANCED_FACE ( 'NONE', ( #5619, #2714 ), #4913, .T. ) ;
#2634 = CIRCLE ( 'NONE', #5554, 0.4999999999999995559 ) ;
#2635 = LINE ( 'NONE', #1473, #1513 ) ;
#2636 = CARTESIAN_POINT ( 'NONE',  ( 4.296153846153845102, 1.000000000000000000, -1.615865384615384759 ) ) ;
#2637 =( NAMED_UNIT ( * ) SI_UNIT ( $, .STERADIAN. ) SOLID_ANGLE_UNIT ( ) );
#2638 = CARTESIAN_POINT ( 'NONE',  ( 4.305072234592569380, 0.9999999999999997780, -1.666393287851660299 ) ) ;
#2639 = CARTESIAN_POINT ( 'NONE',  ( 0.6860576923076920908, 0.9799999999999999822, -2.484615384615384670 ) ) ;
#2640 = PRESENTATION_STYLE_ASSIGNMENT (( #3262 ) ) ;
#2641 = DIRECTION ( 'NONE',  ( 0.000000000000000000, 0.000000000000000000, 1.000000000000000000 ) ) ;
#2642 = CARTESIAN_POINT ( 'NONE',  ( -1.966666666666663899, 1.616666666666665586, 8.513333333333335418 ) ) ;
#2643 = LINE ( 'NONE', #1511, #1416 ) ;
#2644 = CARTESIAN_POINT ( 'NONE',  ( 5.999999999999998224, 1.000000000000000000, -6.829999999999998295 ) ) ;
#2645 = CARTESIAN_POINT ( 'NONE',  ( 1.083554840253742491, 0.9800000000000002043, -2.296002271410442219 ) ) ;
#2646 = DIRECTION ( 'NONE',  ( 1.000000000000000000, 0.000000000000000000, 0.000000000000000000 ) ) ;
#2647 = PRESENTATION_STYLE_ASSIGNMENT (( #3018 ) ) ;
#2648 = EDGE_CURVE ( 'NONE', #97, #6852, #1816, .T. ) ;
#2649 = CYLINDRICAL_SURFACE ( 'NONE', #143, 1.250000000000000222 ) ;
#2650 = CARTESIAN_POINT ( 'NONE',  ( 0.6639423076923074429, 1.000000000000000000, -1.500000000000000222 ) ) ;
#2651 = ORIENTED_EDGE ( 'NONE', *, *, #823, .T. ) ;
#2652 = CARTESIAN_POINT ( 'NONE',  ( -1.267882392726741525, 1.000000000000000000, -2.026821772455061677 ) ) ;
#2653 = EDGE_LOOP ( 'NONE', ( #5848, #3542, #886, #6728, #6103 ) ) ;
#2654 = DIRECTION ( 'NONE',  ( 0.000000000000000000, 1.000000000000000000, 0.000000000000000000 ) ) ;
#2655 = SURFACE_SIDE_STYLE ('',( #2057 ) ) ;
#2656 = CARTESIAN_POINT ( 'NONE',  ( -1.392521474558821915, 0.9799999999999999822, -1.531035498969075759 ) ) ;
#2657 = EDGE_LOOP ( 'NONE', ( #6295, #5662 ) ) ;
#2658 =( NAMED_UNIT ( * ) SI_UNIT ( $, .STERADIAN. ) SOLID_ANGLE_UNIT ( ) );
#2659 = EDGE_CURVE ( 'NONE', #6621, #93, #1562, .T. ) ;
#2660 = SURFACE_SIDE_STYLE ('',( #1572 ) ) ;
#2661 = FACE_OUTER_BOUND ( 'NONE', #2371, .T. ) ;
#2662 = ORIENTED_EDGE ( 'NONE', *, *, #3124, .F. ) ;
#2663 = DIRECTION ( 'NONE',  ( -0.000000000000000000, 1.000000000000000000, -0.000000000000000000 ) ) ;
#2664 = CARTESIAN_POINT ( 'NONE',  ( 3.592243523990025000, 0.9800000000000004263, -1.687715105755462019 ) ) ;
#2665 = FACE_OUTER_BOUND ( 'NONE', #2256, .T. ) ;
#2666 =( NAMED_UNIT ( * ) PLANE_ANGLE_UNIT ( ) SI_UNIT ( $, .RADIAN. ) );
#2667 = CARTESIAN_POINT ( 'NONE',  ( 2.949999999999996181, 0.000000000000000000, 7.530000000000002025 ) ) ;
#2668 = FACE_OUTER_BOUND ( 'NONE', #2119, .T. ) ;
#2669 = DIRECTION ( 'NONE',  ( -0.000000000000000000, 1.000000000000000000, -0.000000000000000000 ) ) ;
#2670 = PRESENTATION_STYLE_ASSIGNMENT (( #6564 ) ) ;
#2671 = DIRECTION ( 'NONE',  ( -0.000000000000000000, 1.000000000000000000, -0.000000000000000000 ) ) ;
#2672 = MECHANICAL_DESIGN_GEOMETRIC_PRESENTATION_REPRESENTATION (  '', ( #5950 ), #4581 ) ;
#2673 = LINE ( 'NONE', #6009, #7168 ) ;
#2674 = MECHANICAL_DESIGN_GEOMETRIC_PRESENTATION_REPRESENTATION (  '', ( #2789 ), #3146 ) ;
#2675 = CARTESIAN_POINT ( 'NONE',  ( 4.002108626877387110, 1.000000000000000222, -1.695164906708611419 ) ) ;
#2676 = CARTESIAN_POINT ( 'NONE',  ( 0.000000000000000000, 0.000000000000000000, 7.530000000000002025 ) ) ;
#2677 = VECTOR ( 'NONE', #1042, 1000.000000000000000 ) ;
#2678 = VECTOR ( 'NONE', #720, 1000.000000000000000 ) ;
#2679 = CARTESIAN_POINT ( 'NONE',  ( 1.120410734458586521, 0.9999999999999997780, -1.998379573614586624 ) ) ;
#2680 = CARTESIAN_POINT ( 'NONE',  ( 0.3884615384615382472, 0.9799999999999999822, -2.700000000000000178 ) ) ;
#2681 = ORIENTED_EDGE ( 'NONE', *, *, #200, .F. ) ;
#2682 = CARTESIAN_POINT ( 'NONE',  ( -1.573989829621128766, 0.9799999999999999822, -1.503691201114233156 ) ) ;
#2683 = EDGE_CURVE ( 'NONE', #4787, #2519, #1007, .T. ) ;
#2684 = CARTESIAN_POINT ( 'NONE',  ( 4.426923076923076295, 1.000000000000000000, -1.746153846153846390 ) ) ;
#2685 = MECHANICAL_DESIGN_GEOMETRIC_PRESENTATION_REPRESENTATION (  '', ( #3165 ), #7024 ) ;
#2686 = VERTEX_POINT ( 'NONE', #2684 ) ;
#2687 = COLOUR_RGB ( '',0.8980392156862745390, 0.8980392156862745390, 0.8980392156862745390 ) ;
#2688 = CARTESIAN_POINT ( 'NONE',  ( 0.7163461538461535216, 0.9799999999999999822, -1.715384615384615508 ) ) ;
#2689 = VERTEX_POINT ( 'NONE', #7114 ) ;
#2690 = CARTESIAN_POINT ( 'NONE',  ( 0.9192767412806158722, 0.9999999999999997780, -2.448142915585495238 ) ) ;
#2691 =( NAMED_UNIT ( * ) PLANE_ANGLE_UNIT ( ) SI_UNIT ( $, .RADIAN. ) );
#2692 =( LENGTH_UNIT ( ) NAMED_UNIT ( * ) SI_UNIT ( .MILLI., .METRE. ) );
#2693 = VERTEX_POINT ( 'NONE', #3811 ) ;
#2694 = EDGE_CURVE ( 'NONE', #4747, #1151, #1701, .T. ) ;
#2695 = CARTESIAN_POINT ( 'NONE',  ( 3.978132514172022294, 0.9999999999999997780, -1.664499468193611831 ) ) ;
#2696 = CARTESIAN_POINT ( 'NONE',  ( 1.013701923076922862, 1.000000000000000222, -2.388461538461538858 ) ) ;
#2697 = LINE ( 'NONE', #3225, #6685 ) ;
#2698 = DIRECTION ( 'NONE',  ( 0.000000000000000000, -0.000000000000000000, -1.000000000000000000 ) ) ;
#2699 = CARTESIAN_POINT ( 'NONE',  ( 1.013701923076922640, 1.000000000000000222, -2.388461538461538414 ) ) ;
#2700 = DIRECTION ( 'NONE',  ( -0.000000000000000000, -0.000000000000000000, -1.000000000000000000 ) ) ;
#2701 = EDGE_CURVE ( 'NONE', #2531, #1821, #4297, .T. ) ;
#2702 = CARTESIAN_POINT ( 'NONE',  ( 3.563841276898813692, 0.9999999999999997780, -1.684879084783887260 ) ) ;
#2703 = LINE ( 'NONE', #4465, #1306 ) ;
#2704 = DIRECTION ( 'NONE',  ( -1.000000000000000000, 0.000000000000000000, 0.000000000000000000 ) ) ;
#2705 = VERTEX_POINT ( 'NONE', #6722 ) ;
#2706 = CARTESIAN_POINT ( 'NONE',  ( -1.252964000064546557, 0.9799999999999999822, -2.575222200027703856 ) ) ;
#2707 = CARTESIAN_POINT ( 'NONE',  ( 1.090744059651786113, 0.9799999999999997602, -1.897005307203841085 ) ) ;
#2708 = ORIENTED_EDGE ( 'NONE', *, *, #4869, .F. ) ;
#2709 = EDGE_CURVE ( 'NONE', #3527, #2896, #1159, .T. ) ;
#2710 = FILL_AREA_STYLE_COLOUR ( '', #3641 ) ;
#2711 = PLANE ( 'NONE',  #364 ) ;
#2712 = LINE ( 'NONE', #6615, #2677 ) ;
#2713 = CARTESIAN_POINT ( 'NONE',  ( -1.307433387200309660, 1.000000000000000444, -1.569766635114264508 ) ) ;
#2714 = FACE_BOUND ( 'NONE', #2406, .T. ) ;
#2715 = CARTESIAN_POINT ( 'NONE',  ( -1.265812767427822783, 1.000000000000000000, -2.056539368774095600 ) ) ;
#2716 = AXIS2_PLACEMENT_3D ( 'NONE', #2143, #6088, #4397 ) ;
#2717 = ORIENTED_EDGE ( 'NONE', *, *, #1400, .T. ) ;
#2718 = VECTOR ( 'NONE', #3797, 1000.000000000000000 ) ;
#2719 = FILL_AREA_STYLE_COLOUR ( '', #5703 ) ;
#2720 = CARTESIAN_POINT ( 'NONE',  ( 3.096486376249743877, 1.000000000000000000, -2.091803583364763686 ) ) ;
#2721 = VECTOR ( 'NONE', #3689, 1000.000000000000000 ) ;
#2722 = CARTESIAN_POINT ( 'NONE',  ( -1.709613860324706414, 0.9799999999999999822, -1.500074585785847514 ) ) ;
#2723 = VERTEX_POINT ( 'NONE', #3244 ) ;
#2724 = CARTESIAN_POINT ( 'NONE',  ( 1.272241457910151308, 1.000000000000000222, -1.772810115625022220 ) ) ;
#2725 = CARTESIAN_POINT ( 'NONE',  ( 4.426923076923076295, 0.9799999999999999822, -1.746153846153846390 ) ) ;
#2726 = CIRCLE ( 'NONE', #6834, 0.7000000000000000666 ) ;
#2727 = CARTESIAN_POINT ( 'NONE',  ( 3.325298934820680508, 0.9799999999999997602, -1.731741066557076714 ) ) ;
#2728 =( GEOMETRIC_REPRESENTATION_CONTEXT ( 3 ) GLOBAL_UNCERTAINTY_ASSIGNED_CONTEXT ( ( #3888 ) ) GLOBAL_UNIT_ASSIGNED_CONTEXT ( ( #2033, #1366, #1332 ) ) REPRESENTATION_CONTEXT ( 'NONE', 'WORKASPACE' ) );
#2729 =( NAMED_UNIT ( * ) PLANE_ANGLE_UNIT ( ) SI_UNIT ( $, .RADIAN. ) );
#2730 = ORIENTED_EDGE ( 'NONE', *, *, #1120, .T. ) ;
#2731 = EDGE_CURVE ( 'NONE', #6014, #5507, #515, .T. ) ;
#2732 = UNCERTAINTY_MEASURE_WITH_UNIT (LENGTH_MEASURE( 1.000000000000000082E-05 ), #1008, 'distance_accuracy_value', 'NONE');
#2733 = CYLINDRICAL_SURFACE ( 'NONE', #7013, 0.9699999999999999734 ) ;
#2734 = CARTESIAN_POINT ( 'NONE',  ( 3.670304388675465823, 0.9799999999999999822, -1.704733178952082762 ) ) ;
#2735 = PRESENTATION_STYLE_ASSIGNMENT (( #3827 ) ) ;
#2736 = AXIS2_PLACEMENT_3D ( 'NONE', #7155, #2150, #1045 ) ;
#2737 = CARTESIAN_POINT ( 'NONE',  ( 1.242331739997836859, 1.000000000000000222, -1.721786789765165304 ) ) ;
#2738 = FACE_OUTER_BOUND ( 'NONE', #3620, .T. ) ;
#2739 = PRESENTATION_STYLE_ASSIGNMENT (( #3416 ) ) ;
#2740 = B_SPLINE_SURFACE_WITH_KNOTS ( 'NONE', 3, 1, ( 
 ( #272, #2699 ),
 ( #4423, #948 ),
 ( #5566, #6597 ),
 ( #3187, #6634 ),
 ( #6664, #3337 ),
 ( #4933, #1105 ),
 ( #7172, #990 ),
 ( #1615, #3860 ),
 ( #1584, #1656 ),
 ( #2772, #6036 ),
 ( #5038, #4968 ) ),
 .UNSPECIFIED., .F., .F., .F.,
 ( 4, 1, 1, 1, 1, 1, 1, 1, 4 ),
 ( 2, 2 ),
 ( 0.000000000000000000, 0.1016634760927243863, 0.2076361382691220558, 0.3187445673333755281, 0.4366799415637014903, 0.5635066463765688871, 0.6986812076536840221, 0.8444465558739923106, 1.000000000000000000 ),
 ( 0.000000000000000000, 1.000000000000000000 ),
 .UNSPECIFIED. ) ;
#2741 = CARTESIAN_POINT ( 'NONE',  ( 2.987749583952772792, 0.9799999999999997602, -1.745483128106626758 ) ) ;
#2742 =( NAMED_UNIT ( * ) SI_UNIT ( $, .STERADIAN. ) SOLID_ANGLE_UNIT ( ) );
#2743 = PRESENTATION_STYLE_ASSIGNMENT (( #6604 ) ) ;
#2744 = DIRECTION ( 'NONE',  ( 1.000000000000000000, 2.065146995210484695E-16, 0.000000000000000000 ) ) ;
#2745 = ADVANCED_FACE ( 'NONE', ( #7191 ), #2187, .T. ) ;
#2746 = EDGE_LOOP ( 'NONE', ( #4196, #5692, #731, #689 ) ) ;
#2747 = CARTESIAN_POINT ( 'NONE',  ( 3.249999999999999556, 2.750000000000000000, 7.530000000000002025 ) ) ;
#2748 = SURFACE_STYLE_USAGE ( .BOTH. , #3906 ) ;
#2749 = CARTESIAN_POINT ( 'NONE',  ( -1.732451923076923528, 0.9800000000000002043, -2.700000000000000622 ) ) ;
#2750 = CARTESIAN_POINT ( 'NONE',  ( 0.8873207699266084658, 0.9999999999999997780, -1.729008137715551063 ) ) ;
#2751 = STYLED_ITEM ( 'NONE', ( #5518 ), #1055 ) ;
#2752 = SURFACE_STYLE_USAGE ( .BOTH. , #2259 ) ;
#2753 = SURFACE_STYLE_USAGE ( .BOTH. , #522 ) ;
#2754 = DIRECTION ( 'NONE',  ( -0.000000000000000000, 1.000000000000000000, -0.000000000000000000 ) ) ;
#2755 = DIRECTION ( 'NONE',  ( 1.000000000000000000, 0.000000000000000000, 0.000000000000000000 ) ) ;
#2756 = EDGE_LOOP ( 'NONE', ( #5000, #7112, #5322, #1295 ) ) ;
#2757 = DIRECTION ( 'NONE',  ( -1.000000000000000000, 0.000000000000000000, -0.000000000000000000 ) ) ;
#2758 = CARTESIAN_POINT ( 'NONE',  ( -1.530803658252579469, 0.9799999999999999822, -1.507182465705265928 ) ) ;
#2759 = VERTEX_POINT ( 'NONE', #1311 ) ;
#2760 = SURFACE_STYLE_USAGE ( .BOTH. , #3325 ) ;
#2761 = FACE_OUTER_BOUND ( 'NONE', #5627, .T. ) ;
#2762 = DIRECTION ( 'NONE',  ( 0.000000000000000000, 0.000000000000000000, -1.000000000000000000 ) ) ;
#2763 = DIRECTION ( 'NONE',  ( -1.000000000000000000, 0.000000000000000000, 0.000000000000000000 ) ) ;
#2764 = ORIENTED_EDGE ( 'NONE', *, *, #1674, .F. ) ;
#2765 = CARTESIAN_POINT ( 'NONE',  ( 4.032927704842994565, 0.9999999999999997780, -2.518584581609914608 ) ) ;
#2766 = CARTESIAN_POINT ( 'NONE',  ( -1.602364526590700944, 1.000000000000000222, -2.479257537496250219 ) ) ;
#2767 = CARTESIAN_POINT ( 'NONE',  ( 1.120679172633726850, 1.000000000000000222, -2.178044090144684031 ) ) ;
#2768 = CARTESIAN_POINT ( 'NONE',  ( 0.9004159324057168234, 1.000000000000000222, -1.511097518071224277 ) ) ;
#2769 = DIRECTION ( 'NONE',  ( 0.000000000000000000, 0.000000000000000000, 1.000000000000000000 ) ) ;
#2770 = ADVANCED_FACE ( 'NONE', ( #1740 ), #6758, .F. ) ;
#2771 = MECHANICAL_DESIGN_GEOMETRIC_PRESENTATION_REPRESENTATION (  '', ( #5838 ), #4331 ) ;
#2772 = CARTESIAN_POINT ( 'NONE',  ( 0.7041777373950276475, 0.9799999999999999822, -2.484380434381103786 ) ) ;
#2773 = CARTESIAN_POINT ( 'NONE',  ( 3.840864324441973121, 0.9999999999999995559, -2.391393010974438571 ) ) ;
#2774 = SURFACE_STYLE_FILL_AREA ( #4461 ) ;
#2775 = CARTESIAN_POINT ( 'NONE',  ( 4.500000000000000000, 2.750000000000000000, 0.1300000000000016420 ) ) ;
#2776 = COLOUR_RGB ( '',1.000000000000000000, 1.000000000000000000, 1.000000000000000000 ) ;
#2777 = FILL_AREA_STYLE ('',( #6148 ) ) ;
#2778 = VECTOR ( 'NONE', #5353, 1000.000000000000000 ) ;
#2779 = CARTESIAN_POINT ( 'NONE',  ( 3.526923076923077272, 0.9799999999999999822, -1.900000000000000133 ) ) ;
#2780 = VERTEX_POINT ( 'NONE', #6351 ) ;
#2781 = CARTESIAN_POINT ( 'NONE',  ( 1.249999999999999778, 0.02000000000000000042, -4.529999999999998472 ) ) ;
#2782 = CARTESIAN_POINT ( 'NONE',  ( -3.249999999999999556, 2.750000000000000000, 7.530000000000002025 ) ) ;
#2783 = STYLED_ITEM ( 'NONE', ( #6854 ), #582 ) ;
#2784 = CARTESIAN_POINT ( 'NONE',  ( -1.225874765554582968, 0.9799999999999999822, -2.550161286182537346 ) ) ;
#2785 = ORIENTED_EDGE ( 'NONE', *, *, #5063, .T. ) ;
#2786 = ADVANCED_FACE ( 'NONE', ( #5129 ), #5758, .F. ) ;
#2787 = DIRECTION ( 'NONE',  ( -0.000000000000000000, -0.000000000000000000, 1.000000000000000000 ) ) ;
#2788 = CARTESIAN_POINT ( 'NONE',  ( 3.113130623006286513, 1.000000000000000000, -1.981389642417874075 ) ) ;
#2789 = STYLED_ITEM ( 'NONE', ( #4895 ), #4306 ) ;
#2790 = CARTESIAN_POINT ( 'NONE',  ( 1.249999999999999778, 0.02000000000000000042, -3.829999999999997851 ) ) ;
#2791 = CARTESIAN_POINT ( 'NONE',  ( -1.074833416133305297, 0.9799999999999999822, -1.887998703050046911 ) ) ;
#2792 = DIRECTION ( 'NONE',  ( 0.000000000000000000, -0.000000000000000000, 1.000000000000000000 ) ) ;
#2793 = MECHANICAL_DESIGN_GEOMETRIC_PRESENTATION_REPRESENTATION (  '', ( #3751 ), #456 ) ;
#2794 =( GEOMETRIC_REPRESENTATION_CONTEXT ( 3 ) GLOBAL_UNCERTAINTY_ASSIGNED_CONTEXT ( ( #5893 ) ) GLOBAL_UNIT_ASSIGNED_CONTEXT ( ( #3005, #5427, #4428 ) ) REPRESENTATION_CONTEXT ( 'NONE', 'WORKASPACE' ) );
#2795 = ORIENTED_EDGE ( 'NONE', *, *, #5102, .T. ) ;
#2796 =( LENGTH_UNIT ( ) NAMED_UNIT ( * ) SI_UNIT ( .MILLI., .METRE. ) );
#2797 = AXIS2_PLACEMENT_3D ( 'NONE', #3194, #1031, #3796 ) ;
#2798 = CARTESIAN_POINT ( 'NONE',  ( -1.265671631357701221, 0.9799999999999999822, -2.102740203373589356 ) ) ;
#2799 = ORIENTED_EDGE ( 'NONE', *, *, #811, .F. ) ;
#2800 = PRESENTATION_STYLE_ASSIGNMENT (( #2760 ) ) ;
#2801 = STYLED_ITEM ( 'NONE', ( #1921 ), #5261 ) ;
#2802 = CARTESIAN_POINT ( 'NONE',  ( 3.249999999999999556, 2.250000000000000444, 7.530000000000002025 ) ) ;
#2803 = PLANE ( 'NONE',  #5895 ) ;
#2804 = B_SPLINE_SURFACE_WITH_KNOTS ( 'NONE', 3, 1, ( 
 ( #676, #5339 ),
 ( #921, #3838 ),
 ( #3799, #4906 ),
 ( #6465, #5463 ),
 ( #4944, #317 ),
 ( #2072, #5399 ),
 ( #2546, #2613 ),
 ( #380, #3161 ),
 ( #2103, #1033 ),
 ( #4807, #6044 ),
 ( #4360, #443 ),
 ( #4257, #2675 ),
 ( #6570, #7010 ),
 ( #999, #7145 ),
 ( #1449, #1553 ),
 ( #2578, #3236 ),
 ( #2009, #414 ),
 ( #2141, #3697 ),
 ( #3764, #6500 ),
 ( #6012, #1592 ),
 ( #4842, #7079 ),
 ( #7045, #4395 ),
 ( #6609, #2042 ),
 ( #887, #5981 ),
 ( #3121, #5366 ),
 ( #4293, #4876 ),
 ( #1483, #3727 ) ),
 .UNSPECIFIED., .F., .F., .F.,
 ( 4, 1, 1, 1, 1, 1, 1, 1, 1, 1, 1, 1, 1, 1, 1, 1, 1, 1, 1, 1, 1, 1, 1, 1, 4 ),
 ( 2, 2 ),
 ( 0.000000000000000000, 0.04195372266421720092, 0.08383257525769619023, 0.1253224468957348237, 0.1668154700621971853, 0.2084751830704541231, 0.2506434167191427531, 0.2930936687606681690, 0.3364423456538534474, 0.3795937467411205635, 0.4216564160417495266, 0.4629884048755583681, 0.5037180680597173055, 0.5438632444771038799, 0.5836082316923878466, 0.6231429243126045403, 0.6630127359613451343, 0.7029317129670357156, 0.7428875242888832720, 0.7836516854457781234, 0.8248505851518201926, 0.8669256875343540614, 0.9100657235186399019, 0.9542124608440876177, 1.000000000000000000 ),
 ( 0.000000000000000000, 1.000000000000000000 ),
 .UNSPECIFIED. ) ;
#2805 = CARTESIAN_POINT ( 'NONE',  ( -0.4192307692307690736, 1.000000000000000000, -1.838461538461538813 ) ) ;
#2806 = ORIENTED_EDGE ( 'NONE', *, *, #3246, .F. ) ;
#2807 = VECTOR ( 'NONE', #6720, 1000.000000000000000 ) ;
#2808 = LINE ( 'NONE', #46, #6291 ) ;
#2809 = ADVANCED_FACE ( 'NONE', ( #141 ), #6789, .T. ) ;
#2810 = LINE ( 'NONE', #5077, #5048 ) ;
#2811 = FACE_OUTER_BOUND ( 'NONE', #5632, .T. ) ;
#2812 = DIRECTION ( 'NONE',  ( 0.000000000000000000, -1.000000000000000000, 0.000000000000000000 ) ) ;
#2813 = DIRECTION ( 'NONE',  ( -0.000000000000000000, -1.000000000000000000, 0.000000000000000000 ) ) ;
#2814 = PRESENTATION_STYLE_ASSIGNMENT (( #6110 ) ) ;
#2815 = CARTESIAN_POINT ( 'NONE',  ( 1.819230769230768985, 0.9799999999999999822, -1.976923076923077005 ) ) ;
#2816 =( LENGTH_UNIT ( ) NAMED_UNIT ( * ) SI_UNIT ( .MILLI., .METRE. ) );
#2817 = EDGE_CURVE ( 'NONE', #5133, #6470, #2634, .T. ) ;
#2818 = DIRECTION ( 'NONE',  ( 0.000000000000000000, 0.000000000000000000, 1.000000000000000000 ) ) ;
#2819 = DIRECTION ( 'NONE',  ( 0.000000000000000000, -1.000000000000000000, 0.000000000000000000 ) ) ;
#2820 = LINE ( 'NONE', #5086, #1464 ) ;
#2821 = VERTEX_POINT ( 'NONE', #922 ) ;
#2822 = LINE ( 'NONE', #6674, #4466 ) ;
#2823 =( NAMED_UNIT ( * ) PLANE_ANGLE_UNIT ( ) SI_UNIT ( $, .RADIAN. ) );
#2824 = CARTESIAN_POINT ( 'NONE',  ( 1.342307692307692202, 0.9799999999999999822, -2.083173076923077183 ) ) ;
#2825 = ORIENTED_EDGE ( 'NONE', *, *, #3264, .T. ) ;
#2826 = EDGE_CURVE ( 'NONE', #1898, #5810, #5940, .T. ) ;
#2827 = CARTESIAN_POINT ( 'NONE',  ( 3.038221153846154543, 0.9799999999999999822, -2.520913461538461409 ) ) ;
#2828 = DIRECTION ( 'NONE',  ( -1.000000000000000000, 0.000000000000000000, 0.000000000000000000 ) ) ;
#2829 = CARTESIAN_POINT ( 'NONE',  ( -1.060470449261294190, 0.9799999999999999822, -1.950651688228985492 ) ) ;
#2830 = VERTEX_POINT ( 'NONE', #6013 ) ;
#2831 = COLOUR_RGB ( '',0.5019607843137254832, 0.5019607843137254832, 0.5019607843137254832 ) ;
#2832 = ORIENTED_EDGE ( 'NONE', *, *, #4261, .T. ) ;
#2833 =( NAMED_UNIT ( * ) SI_UNIT ( $, .STERADIAN. ) SOLID_ANGLE_UNIT ( ) );
#2834 = UNCERTAINTY_MEASURE_WITH_UNIT (LENGTH_MEASURE( 1.000000000000000082E-05 ), #7183, 'distance_accuracy_value', 'NONE');
#2835 = MECHANICAL_DESIGN_GEOMETRIC_PRESENTATION_REPRESENTATION (  '', ( #2617 ), #1223 ) ;
#2836 = EDGE_CURVE ( 'NONE', #1626, #2577, #3839, .T. ) ;
#2837 = CARTESIAN_POINT ( 'NONE',  ( 2.885544235419648995, 0.9799999999999999822, -2.020726360281982270 ) ) ;
#2838 = CARTESIAN_POINT ( 'NONE',  ( 4.500000000000000000, 1.000000000000000444, 0.1300000000000016420 ) ) ;
#2839 = ORIENTED_EDGE ( 'NONE', *, *, #778, .F. ) ;
#2840 = CARTESIAN_POINT ( 'NONE',  ( -3.750000000000000000, 0.9799999999999999822, -4.529999999999998472 ) ) ;
#2841 = AXIS2_PLACEMENT_3D ( 'NONE', #2882, #5040, #3974 ) ;
#2842 = CARTESIAN_POINT ( 'NONE',  ( 1.013701923076922862, 1.000000000000000222, -2.388461538461538858 ) ) ;
#2843 = CARTESIAN_POINT ( 'NONE',  ( 4.353760116132646907, 0.9799999999999995381, -1.505739702536951219 ) ) ;
#2844 = LINE ( 'NONE', #5179, #1039 ) ;
#2845 = ADVANCED_FACE ( 'NONE', ( #4878 ), #444, .T. ) ;
#2846 =( GEOMETRIC_REPRESENTATION_CONTEXT ( 3 ) GLOBAL_UNCERTAINTY_ASSIGNED_CONTEXT ( ( #6803 ) ) GLOBAL_UNIT_ASSIGNED_CONTEXT ( ( #614, #1069, #1767 ) ) REPRESENTATION_CONTEXT ( 'NONE', 'WORKASPACE' ) );
#2847 = CARTESIAN_POINT ( 'NONE',  ( 2.892320084964774995, 1.000000000000000222, -1.979060479849231946 ) ) ;
#2848 = ORIENTED_EDGE ( 'NONE', *, *, #5235, .F. ) ;
#2849 = STYLED_ITEM ( 'NONE', ( #3261 ), #2434 ) ;
#2850 = CARTESIAN_POINT ( 'NONE',  ( 3.096087054879838707, 0.9799999999999997602, -1.620870501929022378 ) ) ;
#2851 = LINE ( 'NONE', #5152, #6299 ) ;
#2852 = CARTESIAN_POINT ( 'NONE',  ( 4.219999999999999751, 2.250000000000000444, 2.130000000000001670 ) ) ;
#2853 = PRESENTATION_LAYER_ASSIGNMENT (  '', '', ( #2053 ) ) ;
#2854 = VERTEX_POINT ( 'NONE', #3425 ) ;
#2855 = CARTESIAN_POINT ( 'NONE',  ( 3.526923076923077272, 0.9799999999999999822, -1.900000000000000133 ) ) ;
#2856 = AXIS2_PLACEMENT_3D ( 'NONE', #6558, #5932, #2698 ) ;
#2857 = CARTESIAN_POINT ( 'NONE',  ( -1.458305036208929817, 1.000000000000000222, -2.675556189337490842 ) ) ;
#2858 = ORIENTED_EDGE ( 'NONE', *, *, #2836, .T. ) ;
#2859 = FACE_BOUND ( 'NONE', #4924, .T. ) ;
#2860 = CARTESIAN_POINT ( 'NONE',  ( 3.348298706145740766, 0.9999999999999997780, -2.710743938206949366 ) ) ;
#2861 = B_SPLINE_SURFACE_WITH_KNOTS ( 'NONE', 3, 1, ( 
 ( #5148, #4541 ),
 ( #6744, #1727 ),
 ( #5009, #2773 ),
 ( #2352, #122 ),
 ( #688, #2923 ),
 ( #1260, #3489 ),
 ( #6256, #5706 ),
 ( #4611, #6814 ),
 ( #4051, #1800 ),
 ( #5393, #3305 ),
 ( #2607, #1546 ) ),
 .UNSPECIFIED., .F., .F., .F.,
 ( 4, 1, 1, 1, 1, 1, 1, 1, 4 ),
 ( 2, 2 ),
 ( 0.000000000000000000, 0.1344469729957879223, 0.2638071572604060444, 0.3892412375756165721, 0.5114964050416204167, 0.6324272219006807916, 0.7534387150183178283, 0.8752597545988098915, 1.000000000000000000 ),
 ( 0.000000000000000000, 1.000000000000000000 ),
 .UNSPECIFIED. ) ;
#2862 =( LENGTH_UNIT ( ) NAMED_UNIT ( * ) SI_UNIT ( .MILLI., .METRE. ) );
#2863 = FILL_AREA_STYLE_COLOUR ( '', #6614 ) ;
#2864 = ADVANCED_FACE ( 'NONE', ( #3310 ), #4021, .F. ) ;
#2865 = ORIENTED_EDGE ( 'NONE', *, *, #811, .T. ) ;
#2866 = CARTESIAN_POINT ( 'NONE',  ( 0.9363132565362859427, 0.9799999999999997602, -1.742614867231110365 ) ) ;
#2867 = CARTESIAN_POINT ( 'NONE',  ( -1.675961538461538725, 0.9799999999999999822, -1.715384615384615508 ) ) ;
#2868 = ORIENTED_EDGE ( 'NONE', *, *, #5454, .F. ) ;
#2869 = FACE_OUTER_BOUND ( 'NONE', #2626, .T. ) ;
#2870 = CARTESIAN_POINT ( 'NONE',  ( 3.817067307692307843, 0.9799999999999999822, -2.674038461538461586 ) ) ;
#2871 = CARTESIAN_POINT ( 'NONE',  ( 0.3884615384615382472, 1.000000000000000000, -1.500000000000000222 ) ) ;
#2872 = VERTEX_POINT ( 'NONE', #6225 ) ;
#2873 = VERTEX_POINT ( 'NONE', #6712 ) ;
#2874 = FILL_AREA_STYLE_COLOUR ( '', #335 ) ;
#2875 = DIRECTION ( 'NONE',  ( -0.000000000000000000, -0.000000000000000000, 1.000000000000000000 ) ) ;
#2876 = ADVANCED_FACE ( 'NONE', ( #4506 ), #6189, .F. ) ;
#2877 = CARTESIAN_POINT ( 'NONE',  ( 1.126923076923076694, 1.000000000000000222, -2.087019230769231459 ) ) ;
#2878 = CARTESIAN_POINT ( 'NONE',  ( 4.401103502017422286, 1.000000000000000222, -1.744749512889310905 ) ) ;
#2879 = CARTESIAN_POINT ( 'NONE',  ( 2.019230769230768718, 0.9799999999999999822, -2.469230769230769784 ) ) ;
#2880 = CARTESIAN_POINT ( 'NONE',  ( -1.283539978791825353, 0.9799999999999997602, -1.945185366950444639 ) ) ;
#2881 = CARTESIAN_POINT ( 'NONE',  ( -1.378605769230769829, 1.000000000000000222, -2.388461538461538858 ) ) ;
#2882 = CARTESIAN_POINT ( 'NONE',  ( -3.750000000000000000, 0.000000000000000000, -4.529999999999998472 ) ) ;
#2883 = ORIENTED_EDGE ( 'NONE', *, *, #3110, .T. ) ;
#2884 = CARTESIAN_POINT ( 'NONE',  ( 3.038133279128641284, 0.9799999999999997602, -1.678950739439275752 ) ) ;
#2885 =( NAMED_UNIT ( * ) PLANE_ANGLE_UNIT ( ) SI_UNIT ( $, .RADIAN. ) );
#2886 = CARTESIAN_POINT ( 'NONE',  ( 3.801382807619412496, 0.9799999999999997602, -1.526278599990921414 ) ) ;
#2887 = FACE_BOUND ( 'NONE', #2947, .T. ) ;
#2888 = FACE_OUTER_BOUND ( 'NONE', #6687, .T. ) ;
#2889 = CARTESIAN_POINT ( 'NONE',  ( 2.019230769230768718, 0.9799999999999999822, -1.976923076923077005 ) ) ;
#2890 = CARTESIAN_POINT ( 'NONE',  ( -1.225874765554582968, 1.000000000000000000, -2.550161286182537346 ) ) ;
#2891 = ORIENTED_EDGE ( 'NONE', *, *, #6472, .T. ) ;
#2892 = AXIS2_PLACEMENT_3D ( 'NONE', #1050, #1494, #3175 ) ;
#2893 = CARTESIAN_POINT ( 'NONE',  ( 3.165745293092681489, 0.9800000000000002043, -2.631812540834488345 ) ) ;
#2894 = CARTESIAN_POINT ( 'NONE',  ( 4.500000000000000000, 4.000000000000000000, 0.1300000000000016420 ) ) ;
#2895 = PRESENTATION_LAYER_ASSIGNMENT (  '', '', ( #6301 ) ) ;
#2896 = VERTEX_POINT ( 'NONE', #7218 ) ;
#2897 = EDGE_CURVE ( 'NONE', #7220, #4646, #5649, .T. ) ;
#2898 = CARTESIAN_POINT ( 'NONE',  ( 0.7163461538461535216, 0.9799999999999999822, -1.715384615384615508 ) ) ;
#2899 = VECTOR ( 'NONE', #5540, 1000.000000000000000 ) ;
#2900 = CARTESIAN_POINT ( 'NONE',  ( -1.533805561245018545, 0.9799999999999999822, -1.724239591707438013 ) ) ;
#2901 = EDGE_LOOP ( 'NONE', ( #4185, #6435, #6031, #6138, #6888, #2489, #5504, #223, #785, #6916 ) ) ;
#2902 = SURFACE_SIDE_STYLE ('',( #673 ) ) ;
#2903 = UNCERTAINTY_MEASURE_WITH_UNIT (LENGTH_MEASURE( 1.000000000000000082E-05 ), #6285, 'distance_accuracy_value', 'NONE');
#2904 = DIRECTION ( 'NONE',  ( -0.000000000000000000, 1.000000000000000000, -0.000000000000000000 ) ) ;
#2905 = FACE_OUTER_BOUND ( 'NONE', #3966, .T. ) ;
#2906 = CARTESIAN_POINT ( 'NONE',  ( 3.065935790692007501, 0.9799999999999997602, -1.648631775012778578 ) ) ;
#2907 = VECTOR ( 'NONE', #3933, 1000.000000000000000 ) ;
#2908 = DIRECTION ( 'NONE',  ( 0.03284611711292630826, 0.000000000000000000, 0.9994604207224035974 ) ) ;
#2909 = ORIENTED_EDGE ( 'NONE', *, *, #1452, .T. ) ;
#2910 = EDGE_LOOP ( 'NONE', ( #5680, #5068, #5689, #6422 ) ) ;
#2911 =( GEOMETRIC_REPRESENTATION_CONTEXT ( 3 ) GLOBAL_UNCERTAINTY_ASSIGNED_CONTEXT ( ( #6062 ) ) GLOBAL_UNIT_ASSIGNED_CONTEXT ( ( #4846, #2483, #5876 ) ) REPRESENTATION_CONTEXT ( 'NONE', 'WORKASPACE' ) );
#2912 = SURFACE_STYLE_FILL_AREA ( #749 ) ;
#2913 = LINE ( 'NONE', #1720, #1982 ) ;
#2914 = CARTESIAN_POINT ( 'NONE',  ( 2.881194464988898751, 0.9999999999999997780, -2.125586450420523743 ) ) ;
#2915 = CARTESIAN_POINT ( 'NONE',  ( 1.022753106323708749, 1.000000000000000000, -2.379294192103029726 ) ) ;
#2916 = VECTOR ( 'NONE', #238, 1000.000000000000000 ) ;
#2917 = CARTESIAN_POINT ( 'NONE',  ( 4.548775608636707268, 0.9800000000000002043, -1.565212834791893659 ) ) ;
#2918 = B_SPLINE_CURVE_WITH_KNOTS ( 'NONE', 3,
 ( #3036, #6297, #265, #6960, #1958, #1396, #3643, #835, #5184, #3182, #3713, #5386, #2695, #3682, #5894, #3258, #7130, #4963, #2597, #7032, #1539, #1577, #4380, #5489, #874, #5999, #366 ),
 .UNSPECIFIED., .F., .F.,
 ( 4, 1, 1, 1, 1, 1, 1, 1, 1, 1, 1, 1, 1, 1, 1, 1, 1, 1, 1, 1, 1, 1, 1, 1, 4 ),
 ( 0.000000000000000000, 0.04195372266421720092, 0.08383257525769619023, 0.1253224468957348237, 0.1668154700621971853, 0.2084751830704541231, 0.2506434167191427531, 0.2930936687606681690, 0.3364423456538534474, 0.3795937467411205635, 0.4216564160417495266, 0.4629884048755583681, 0.5037180680597173055, 0.5438632444771038799, 0.5836082316923878466, 0.6231429243126045403, 0.6630127359613451343, 0.7029317129670357156, 0.7428875242888832720, 0.7836516854457781234, 0.8248505851518201926, 0.8669256875343540614, 0.9100657235186399019, 0.9542124608440876177, 1.000000000000000000 ),
 .UNSPECIFIED. ) ;
#2919 = CARTESIAN_POINT ( 'NONE',  ( 3.534615384615384936, 0.9799999999999999822, -1.684615384615384848 ) ) ;
#2920 = CARTESIAN_POINT ( 'NONE',  ( -1.565286913297200933, 0.9799999999999997602, -1.719958759348470645 ) ) ;
#2921 = EDGE_CURVE ( 'NONE', #957, #4087, #4577, .T. ) ;
#2922 = PRESENTATION_LAYER_ASSIGNMENT (  '', '', ( #2801 ) ) ;
#2923 = CARTESIAN_POINT ( 'NONE',  ( 3.756575016775431930, 0.9999999999999997780, -2.452437633756392010 ) ) ;
#2924 = VERTEX_POINT ( 'NONE', #1231 ) ;
#2925 = LINE ( 'NONE', #4679, #1872 ) ;
#2926 = DIRECTION ( 'NONE',  ( 0.000000000000000000, 0.000000000000000000, -1.000000000000000000 ) ) ;
#2927 = CARTESIAN_POINT ( 'NONE',  ( 3.614389483732854735, 0.9799999999999997602, -1.473680679002199234 ) ) ;
#2928 = CIRCLE ( 'NONE', #6907, 1.249999999999999778 ) ;
#2929 = EDGE_LOOP ( 'NONE', ( #271, #2153, #1421, #3982 ) ) ;
#2930 = SURFACE_STYLE_USAGE ( .BOTH. , #3497 ) ;
#2931 = EDGE_CURVE ( 'NONE', #2942, #2106, #1822, .T. ) ;
#2932 = CARTESIAN_POINT ( 'NONE',  ( -1.050607031441156636, 0.9799999999999999822, -2.130761294353221924 ) ) ;
#2933 = ORIENTED_EDGE ( 'NONE', *, *, #6143, .T. ) ;
#2934 = COLOUR_RGB ( '',1.000000000000000000, 1.000000000000000000, 1.000000000000000000 ) ;
#2935 = CARTESIAN_POINT ( 'NONE',  ( 3.086466025370243393, 0.9799999999999997602, -2.570239176990176677 ) ) ;
#2936 = LINE ( 'NONE', #5757, #4932 ) ;
#2937 = CARTESIAN_POINT ( 'NONE',  ( 1.296470469820988125, 0.9799999999999999822, -2.348320808270443205 ) ) ;
#2938 = ADVANCED_FACE ( 'NONE', ( #806 ), #5295, .T. ) ;
#2939 = VERTEX_POINT ( 'NONE', #1303 ) ;
#2940 = VECTOR ( 'NONE', #6555, 1000.000000000000000 ) ;
#2941 = PLANE ( 'NONE',  #853 ) ;
#2942 = VERTEX_POINT ( 'NONE', #768 ) ;
#2943 = CARTESIAN_POINT ( 'NONE',  ( -3.249999999999999112, 1.280000000000000027, -8.655624622074400421 ) ) ;
#2944 = DIRECTION ( 'NONE',  ( 1.000000000000000000, 0.000000000000000000, 0.000000000000000000 ) ) ;
#2945 = DIRECTION ( 'NONE',  ( 0.000000000000000000, 0.000000000000000000, -1.000000000000000000 ) ) ;
#2946 = CARTESIAN_POINT ( 'NONE',  ( -3.249999999999999556, 2.750000000000000000, 0.1300000000000016420 ) ) ;
#2947 = EDGE_LOOP ( 'NONE', ( #4430, #7121, #557, #1347 ) ) ;
#2948 = DIRECTION ( 'NONE',  ( -0.000000000000000000, 1.000000000000000000, -0.000000000000000000 ) ) ;
#2949 = PLANE ( 'NONE',  #6713 ) ;
#2950 = SURFACE_SIDE_STYLE ('',( #6848 ) ) ;
#2951 = CARTESIAN_POINT ( 'NONE',  ( 3.363803068830458987, 1.000000000000000444, -1.714784845176637207 ) ) ;
#2952 = CARTESIAN_POINT ( 'NONE',  ( -1.479226889295409686, 0.9799999999999999822, -1.735644222418574190 ) ) ;
#2953 = CARTESIAN_POINT ( 'NONE',  ( -1.351440294342622694, 0.9799999999999999822, -2.360947421190576989 ) ) ;
#2954 = EDGE_CURVE ( 'NONE', #6450, #148, #5714, .T. ) ;
#2955 = ORIENTED_EDGE ( 'NONE', *, *, #2255, .F. ) ;
#2956 = VERTEX_POINT ( 'NONE', #1370 ) ;
#2957 = VECTOR ( 'NONE', #252, 1000.000000000000000 ) ;
#2958 = UNCERTAINTY_MEASURE_WITH_UNIT (LENGTH_MEASURE( 1.000000000000000082E-05 ), #5328, 'distance_accuracy_value', 'NONE');
#2959 = B_SPLINE_CURVE_WITH_KNOTS ( 'NONE', 3,
 ( #7012, #1485, #3659, #382, #2615, #3729, #2074, #4325, #5871, #5941, #1517, #3163, #5401, #3766, #5437, #3198, #5723, #3053, #5266, #2937, #3505, #4030, #1271, #6862, #4777, #776, #2477 ),
 .UNSPECIFIED., .F., .F.,
 ( 4, 1, 1, 1, 1, 1, 1, 1, 1, 1, 1, 1, 1, 1, 1, 1, 1, 1, 1, 1, 1, 1, 1, 1, 4 ),
 ( 0.000000000000000000, 0.06014816166126854546, 0.1162670765768876596, 0.1686539552437568146, 0.2173989688871081627, 0.2624335227296115125, 0.3039327010691181274, 0.3422599668369525339, 0.3774413393780561288, 0.4114060993619980122, 0.4453983512867531469, 0.4797663873881683472, 0.5145844824148773089, 0.5502136512238752220, 0.5870009077288665944, 0.6246629869919994027, 0.6636154560171262373, 0.7034564283616511204, 0.7434501619923126192, 0.7840133859909412806, 0.8251325358492278550, 0.8672646628279302439, 0.9103064731819361377, 0.9544242045465899382, 1.000000000000000000 ),
 .UNSPECIFIED. ) ;
#2960 =( LENGTH_UNIT ( ) NAMED_UNIT ( * ) SI_UNIT ( .MILLI., .METRE. ) );
#2961 =( GEOMETRIC_REPRESENTATION_CONTEXT ( 3 ) GLOBAL_UNCERTAINTY_ASSIGNED_CONTEXT ( ( #2958 ) ) GLOBAL_UNIT_ASSIGNED_CONTEXT ( ( #5328, #4766, #6495 ) ) REPRESENTATION_CONTEXT ( 'NONE', 'WORKASPACE' ) );
#2962 = CARTESIAN_POINT ( 'NONE',  ( 0.8362677299024783295, 0.9999999999999997780, -2.691390507887257311 ) ) ;
#2963 = DIRECTION ( 'NONE',  ( 0.000000000000000000, 1.000000000000000000, 0.000000000000000000 ) ) ;
#2964 = FACE_OUTER_BOUND ( 'NONE', #5250, .T. ) ;
#2965 = CARTESIAN_POINT ( 'NONE',  ( 3.750000000000000000, 0.9799999999999999822, -3.829999999999998739 ) ) ;
#2966 =( LENGTH_UNIT ( ) NAMED_UNIT ( * ) SI_UNIT ( .MILLI., .METRE. ) );
#2967 = PRESENTATION_LAYER_ASSIGNMENT (  '', '', ( #4401 ) ) ;
#2968 = EDGE_LOOP ( 'NONE', ( #6776, #5087 ) ) ;
#2969 = CARTESIAN_POINT ( 'NONE',  ( 4.477470546144165731, 0.9799999999999999822, -1.737734094882776414 ) ) ;
#2970 =( GEOMETRIC_REPRESENTATION_CONTEXT ( 3 ) GLOBAL_UNCERTAINTY_ASSIGNED_CONTEXT ( ( #2732 ) ) GLOBAL_UNIT_ASSIGNED_CONTEXT ( ( #1008, #4850, #2188 ) ) REPRESENTATION_CONTEXT ( 'NONE', 'WORKASPACE' ) );
#2971 = EDGE_CURVE ( 'NONE', #246, #2780, #4213, .T. ) ;
#2972 =( GEOMETRIC_REPRESENTATION_CONTEXT ( 3 ) GLOBAL_UNCERTAINTY_ASSIGNED_CONTEXT ( ( #2629 ) ) GLOBAL_UNIT_ASSIGNED_CONTEXT ( ( #3356, #1708, #1819 ) ) REPRESENTATION_CONTEXT ( 'NONE', 'WORKASPACE' ) );
#2973 = CYLINDRICAL_SURFACE ( 'NONE', #136, 1.250000000000000222 ) ;
#2974 = LINE ( 'NONE', #6231, #7226 ) ;
#2975 = EDGE_LOOP ( 'NONE', ( #4563, #133, #6222, #3802 ) ) ;
#2976 = COLOUR_RGB ( '',1.000000000000000000, 1.000000000000000000, 1.000000000000000000 ) ;
#2977 = FACE_OUTER_BOUND ( 'NONE', #3287, .T. ) ;
#2978 = DIRECTION ( 'NONE',  ( -1.000000000000000000, -2.065146995210484695E-16, 0.000000000000000000 ) ) ;
#2979 = ORIENTED_EDGE ( 'NONE', *, *, #3653, .F. ) ;
#2980 = CARTESIAN_POINT ( 'NONE',  ( 3.592243523990025000, 1.000000000000000444, -1.687715105755462019 ) ) ;
#2981 = FILL_AREA_STYLE ('',( #4705 ) ) ;
#2982 = DIRECTION ( 'NONE',  ( 1.000000000000000000, 0.000000000000000000, 0.000000000000000000 ) ) ;
#2983 = CARTESIAN_POINT ( 'NONE',  ( 3.535202322163609967, 0.9799999999999999822, -2.514846968343631861 ) ) ;
#2984 = VERTEX_POINT ( 'NONE', #2889 ) ;
#2985 = ORIENTED_EDGE ( 'NONE', *, *, #6707, .F. ) ;
#2986 = CARTESIAN_POINT ( 'NONE',  ( 1.039642106288849455, 0.9799999999999997602, -1.546065538491963931 ) ) ;
#2987 = CARTESIAN_POINT ( 'NONE',  ( 1.511538461538461275, 1.000000000000000000, -1.976923076923077005 ) ) ;
#2988 = PRESENTATION_STYLE_ASSIGNMENT (( #829 ) ) ;
#2989 = CARTESIAN_POINT ( 'NONE',  ( -1.556039962405213695, 0.9999999999999997780, -2.691390507887255978 ) ) ;
#2990 = FACE_OUTER_BOUND ( 'NONE', #4627, .T. ) ;
#2991 = ORIENTED_EDGE ( 'NONE', *, *, #1779, .F. ) ;
#2992 = ORIENTED_EDGE ( 'NONE', *, *, #1645, .F. ) ;
#2993 = B_SPLINE_CURVE_WITH_KNOTS ( 'NONE', 3,
 ( #341, #3722, #2435, #2969, #4734, #2574, #277, #3084, #3051, #732, #3579 ),
 .UNSPECIFIED., .F., .F.,
 ( 4, 1, 1, 1, 1, 1, 1, 1, 4 ),
 ( 0.000000000000000000, 0.1271196250723264087, 0.2502765869192754566, 0.3719693125512811283, 0.4993749699591257807, 0.6266295960519258079, 0.7493508004417345214, 0.8717133012381531598, 1.000000000000000000 ),
 .UNSPECIFIED. ) ;
#2994 = CARTESIAN_POINT ( 'NONE',  ( 2.881086756098961477, 1.000000000000000222, -2.091659345254252678 ) ) ;
#2995 = CARTESIAN_POINT ( 'NONE',  ( 1.216220402062044847, 0.9999999999999997780, -2.492125098472680378 ) ) ;
#2996 = DIRECTION ( 'NONE',  ( 1.000000000000000000, 0.000000000000000000, 0.000000000000000000 ) ) ;
#2997 = FACE_BOUND ( 'NONE', #7144, .T. ) ;
#2998 = ADVANCED_FACE ( 'NONE', ( #5158 ), #5557, .T. ) ;
#2999 = ORIENTED_EDGE ( 'NONE', *, *, #3134, .T. ) ;
#3000 = CARTESIAN_POINT ( 'NONE',  ( 3.188673229204503468, 1.000000000000000222, -2.366371881907380903 ) ) ;
#3001 = FILL_AREA_STYLE_COLOUR ( '', #2097 ) ;
#3002 = CARTESIAN_POINT ( 'NONE',  ( 3.826670052613668549, 0.9799999999999997602, -2.669851250350907534 ) ) ;
#3003 = ORIENTED_EDGE ( 'NONE', *, *, #3951, .F. ) ;
#3004 = CARTESIAN_POINT ( 'NONE',  ( 4.316926376772575402, 1.000000000000000444, -1.689057704615967825 ) ) ;
#3005 =( LENGTH_UNIT ( ) NAMED_UNIT ( * ) SI_UNIT ( .MILLI., .METRE. ) );
#3006 = CARTESIAN_POINT ( 'NONE',  ( 3.223000133376143328, 0.9800000000000002043, -2.664811878864163486 ) ) ;
#3007 =( NAMED_UNIT ( * ) SI_UNIT ( $, .STERADIAN. ) SOLID_ANGLE_UNIT ( ) );
#3008 = CARTESIAN_POINT ( 'NONE',  ( 0.8585021310626739233, 0.9799999999999999822, -1.724239591707438235 ) ) ;
#3009 = LINE ( 'NONE', #2370, #5476 ) ;
#3010 = CIRCLE ( 'NONE', #6873, 0.6999999999999992895 ) ;
#3011 = EDGE_CURVE ( 'NONE', #5234, #7162, #4801, .T. ) ;
#3012 = ORIENTED_EDGE ( 'NONE', *, *, #5927, .T. ) ;
#3013 = STYLED_ITEM ( 'NONE', ( #1378 ), #371 ) ;
#3014 = FILL_AREA_STYLE ('',( #4103 ) ) ;
#3015 = CARTESIAN_POINT ( 'NONE',  ( -1.265528724264681770, 0.9999999999999997780, -2.076760214500665835 ) ) ;
#3016 = ORIENTED_EDGE ( 'NONE', *, *, #2625, .T. ) ;
#3017 =( LENGTH_UNIT ( ) NAMED_UNIT ( * ) SI_UNIT ( .MILLI., .METRE. ) );
#3018 = SURFACE_STYLE_USAGE ( .BOTH. , #6641 ) ;
#3019 = ORIENTED_EDGE ( 'NONE', *, *, #303, .F. ) ;
#3020 = ORIENTED_EDGE ( 'NONE', *, *, #6731, .T. ) ;
#3021 = FACE_OUTER_BOUND ( 'NONE', #2657, .T. ) ;
#3022 = AXIS2_PLACEMENT_3D ( 'NONE', #6967, #5792, #767 ) ;
#3023 = DIRECTION ( 'NONE',  ( -1.000000000000000000, 0.000000000000000000, 0.000000000000000000 ) ) ;
#3024 = CARTESIAN_POINT ( 'NONE',  ( 4.500000000000000000, 1.000000000000000444, 0.1300000000000016420 ) ) ;
#3025 = FILL_AREA_STYLE ('',( #754 ) ) ;
#3026 = VECTOR ( 'NONE', #1588, 1000.000000000000000 ) ;
#3027 = CARTESIAN_POINT ( 'NONE',  ( -4.499999999999999112, 2.249999999999999556, 0.1300000000000016420 ) ) ;
#3028 = LINE ( 'NONE', #5285, #5329 ) ;
#3029 = VECTOR ( 'NONE', #1082, 1000.000000000000000 ) ;
#3030 = CARTESIAN_POINT ( 'NONE',  ( -1.328533217170964287, 0.9799999999999997602, -2.329672672776229359 ) ) ;
#3031 = EDGE_LOOP ( 'NONE', ( #3252, #1886, #712, #3424 ) ) ;
#3032 = ORIENTED_EDGE ( 'NONE', *, *, #3387, .F. ) ;
#3033 = EDGE_CURVE ( 'NONE', #6335, #1826, #3104, .T. ) ;
#3034 = PRESENTATION_LAYER_ASSIGNMENT (  '', '', ( #129 ) ) ;
#3035 = UNCERTAINTY_MEASURE_WITH_UNIT (LENGTH_MEASURE( 1.000000000000000082E-05 ), #3740, 'distance_accuracy_value', 'NONE');
#3036 = CARTESIAN_POINT ( 'NONE',  ( 4.126923076923076472, 1.000000000000000000, -2.064182692307692246 ) ) ;
#3037 = CARTESIAN_POINT ( 'NONE',  ( 0.9340026560987634285, 0.9799999999999999822, -2.675556189337490842 ) ) ;
#3038 = DIRECTION ( 'NONE',  ( -0.000000000000000000, 1.000000000000000000, -0.000000000000000000 ) ) ;
#3039 = DIRECTION ( 'NONE',  ( 0.000000000000000000, 0.000000000000000000, 1.000000000000000000 ) ) ;
#3040 = AXIS2_PLACEMENT_3D ( 'NONE', #3260, #6491, #4419 ) ;
#3041 = ORIENTED_EDGE ( 'NONE', *, *, #4831, .F. ) ;
#3042 = PRESENTATION_STYLE_ASSIGNMENT (( #4170 ) ) ;
#3043 = CARTESIAN_POINT ( 'NONE',  ( -3.440865384615384936, 0.9799999999999999822, -2.700000000000000178 ) ) ;
#3044 = STYLED_ITEM ( 'NONE', ( #5907 ), #6461 ) ;
#3045 =( NAMED_UNIT ( * ) SI_UNIT ( $, .STERADIAN. ) SOLID_ANGLE_UNIT ( ) );
#3046 = SURFACE_STYLE_FILL_AREA ( #3614 ) ;
#3047 = ADVANCED_FACE ( 'NONE', ( #338 ), #373, .T. ) ;
#3048 = EDGE_LOOP ( 'NONE', ( #4958, #4630, #1992, #3510 ) ) ;
#3049 = CARTESIAN_POINT ( 'NONE',  ( 4.333878316087130145, 1.000000000000000000, -1.708714930505141893 ) ) ;
#3050 = B_SPLINE_CURVE_WITH_KNOTS ( 'NONE', 3,
 ( #909, #2537, #4800, #2467, #7000, #4833, #7038, #2001, #3152, #4252, #3000, #1368, #372, #5862, #337, #5256, #1441, #3686, #2603 ),
 .UNSPECIFIED., .F., .F.,
 ( 4, 1, 1, 1, 1, 1, 1, 1, 1, 1, 1, 1, 1, 1, 1, 1, 4 ),
 ( 0.000000000000000000, 0.06718757354736719367, 0.1319286902789454652, 0.1951888472476513980, 0.2571283310395822141, 0.3188425934467537526, 0.3804925116413725439, 0.4432187279583995609, 0.5071253041351039270, 0.5707121370126615467, 0.6324819649837610802, 0.6932526949398455374, 0.7531313290707891683, 0.8134576601575653765, 0.8738631107010356169, 0.9361102679396073878, 0.9999999999999998890 ),
 .UNSPECIFIED. ) ;
#3051 = CARTESIAN_POINT ( 'NONE',  ( 4.556424446304453646, 0.9799999999999999822, -1.641827012462538704 ) ) ;
#3052 = CARTESIAN_POINT ( 'NONE',  ( 3.061607105138693274, 1.000000000000000222, -2.546550300644570886 ) ) ;
#3053 = CARTESIAN_POINT ( 'NONE',  ( 1.260180746335662239, 0.9799999999999997602, -2.424243654629552935 ) ) ;
#3054 = EDGE_CURVE ( 'NONE', #185, #5682, #4900, .T. ) ;
#3055 = ORIENTED_EDGE ( 'NONE', *, *, #7006, .F. ) ;
#3056 = DIRECTION ( 'NONE',  ( -0.000000000000000000, -1.000000000000000000, -0.000000000000000000 ) ) ;
#3057 = CARTESIAN_POINT ( 'NONE',  ( -1.267882392726741525, 0.9999999999999995559, -2.026821772455061677 ) ) ;
#3058 = ORIENTED_EDGE ( 'NONE', *, *, #6589, .F. ) ;
#3059 = FILL_AREA_STYLE_COLOUR ( '', #4940 ) ;
#3060 = CARTESIAN_POINT ( 'NONE',  ( 3.316288959897484734, 0.9799999999999999822, -2.469350492193210123 ) ) ;
#3061 = DIRECTION ( 'NONE',  ( -0.000000000000000000, 0.000000000000000000, 1.000000000000000000 ) ) ;
#3062 = VECTOR ( 'NONE', #3223, 1000.000000000000000 ) ;
#3063 = ORIENTED_EDGE ( 'NONE', *, *, #5872, .F. ) ;
#3064 = ORIENTED_EDGE ( 'NONE', *, *, #1009, .T. ) ;
#3065 = CARTESIAN_POINT ( 'NONE',  ( 0.9348828597137953667, 0.9799999999999997602, -1.516163720631590328 ) ) ;
#3066 = FACE_OUTER_BOUND ( 'NONE', #3399, .T. ) ;
#3067 = CARTESIAN_POINT ( 'NONE',  ( 1.249999999999999778, 1.000000000000000000, -5.229999999999998650 ) ) ;
#3068 = EDGE_CURVE ( 'NONE', #283, #5962, #6599, .T. ) ;
#3069 = SURFACE_STYLE_FILL_AREA ( #1359 ) ;
#3070 = DIRECTION ( 'NONE',  ( -0.000000000000000000, 1.000000000000000000, -0.000000000000000000 ) ) ;
#3071 = SURFACE_STYLE_FILL_AREA ( #5923 ) ;
#3072 = ORIENTED_EDGE ( 'NONE', *, *, #2091, .F. ) ;
#3073 = COLOUR_RGB ( '',0.000000000000000000, 0.7529411764705882248, 0.000000000000000000 ) ;
#3074 = CARTESIAN_POINT ( 'NONE',  ( 0.6639423076923075540, 0.9800000000000002043, -1.500000000000000444 ) ) ;
#3075 = CARTESIAN_POINT ( 'NONE',  ( 1.139343692243145911, 0.9799999999999999822, -2.575222200027703856 ) ) ;
#3076 = SURFACE_STYLE_USAGE ( .BOTH. , #4762 ) ;
#3077 = FILL_AREA_STYLE_COLOUR ( '', #5545 ) ;
#3078 = LINE ( 'NONE', #3115, #4866 ) ;
#3079 = CARTESIAN_POINT ( 'NONE',  ( 3.601038384305847107, 1.000000000000000000, -2.727434289677254320 ) ) ;
#3080 = AXIS2_PLACEMENT_3D ( 'NONE', #3854, #6065, #1059 ) ;
#3081 = FACE_BOUND ( 'NONE', #6797, .T. ) ;
#3082 = CARTESIAN_POINT ( 'NONE',  ( -1.050204524871799272, 1.000000000000000222, -2.099206800070118284 ) ) ;
#3083 = CARTESIAN_POINT ( 'NONE',  ( 1.819230769230768985, 1.000000000000000000, -1.976923076923077005 ) ) ;
#3084 = CARTESIAN_POINT ( 'NONE',  ( 4.548828174108968447, 0.9800000000000002043, -1.666465754511069708 ) ) ;
#3085 = PRESENTATION_LAYER_ASSIGNMENT (  '', '', ( #3322 ) ) ;
#3086 = CARTESIAN_POINT ( 'NONE',  ( 3.061607105138693274, 0.9800000000000002043, -2.546550300644570886 ) ) ;
#3087 = LINE ( 'NONE', #4840, #977 ) ;
#3088 = CIRCLE ( 'NONE', #6601, 0.7000000000000000666 ) ;
#3089 = EDGE_LOOP ( 'NONE', ( #4014, #3594, #3020, #451 ) ) ;
#3090 = COLOUR_RGB ( '',0.000000000000000000, 0.7529411764705882248, 0.000000000000000000 ) ;
#3091 = CARTESIAN_POINT ( 'NONE',  ( 2.889811179391716500, 0.9999999999999997780, -2.221189030258432950 ) ) ;
#3092 = VECTOR ( 'NONE', #3403, 1000.000000000000000 ) ;
#3093 = CARTESIAN_POINT ( 'NONE',  ( -1.491891759901975645, 1.000000000000000222, -1.511097518071223833 ) ) ;
#3094 = CARTESIAN_POINT ( 'NONE',  ( -1.271896957849105281, 0.9799999999999997602, -1.998379573614586624 ) ) ;
#3095 = ORIENTED_EDGE ( 'NONE', *, *, #6939, .F. ) ;
#3096 = CARTESIAN_POINT ( 'NONE',  ( 1.249999999999999778, 0.9799999999999999822, -5.229999999999998650 ) ) ;
#3097 = EDGE_CURVE ( 'NONE', #5201, #1463, #949, .T. ) ;
#3098 = FILL_AREA_STYLE_COLOUR ( '', #3935 ) ;
#3099 = VECTOR ( 'NONE', #2142, 1000.000000000000000 ) ;
#3100 = VERTEX_POINT ( 'NONE', #880 ) ;
#3101 = DIRECTION ( 'NONE',  ( -0.000000000000000000, 1.000000000000000000, -0.000000000000000000 ) ) ;
#3102 = SURFACE_STYLE_FILL_AREA ( #7149 ) ;
#3103 =( NAMED_UNIT ( * ) PLANE_ANGLE_UNIT ( ) SI_UNIT ( $, .RADIAN. ) );
#3104 = CIRCLE ( 'NONE', #6258, 0.7000000000000000666 ) ;
#3105 = CARTESIAN_POINT ( 'NONE',  ( 0.7041777373950276475, 1.000000000000000000, -2.484380434381103786 ) ) ;
#3106 = CARTESIAN_POINT ( 'NONE',  ( 0.9764732564916853708, 1.000000000000000000, -2.664243873743647573 ) ) ;
#3107 =( LENGTH_UNIT ( ) NAMED_UNIT ( * ) SI_UNIT ( .MILLI., .METRE. ) );
#3108 = B_SPLINE_CURVE_WITH_KNOTS ( 'NONE', 3,
 ( #4323, #6526, #1515, #958, #3197, #5434, #2645, #2252, #2178, #4431, #6188 ),
 .UNSPECIFIED., .F., .F.,
 ( 4, 1, 1, 1, 1, 1, 1, 1, 4 ),
 ( 0.000000000000000000, 0.1422766862527816978, 0.2774285141643557662, 0.4064771515299090421, 0.5305950716916276733, 0.6501429215018529328, 0.7668506965409357390, 0.8835020926432471944, 0.9999999999999998890 ),
 .UNSPECIFIED. ) ;
#3109 = ORIENTED_EDGE ( 'NONE', *, *, #5046, .F. ) ;
#3110 = EDGE_CURVE ( 'NONE', #1086, #833, #1507, .T. ) ;
#3111 = FILL_AREA_STYLE ('',( #3222 ) ) ;
#3112 = CARTESIAN_POINT ( 'NONE',  ( 0.8872473838947498859, 0.9799999999999997602, -2.684574988228274783 ) ) ;
#3113 = CARTESIAN_POINT ( 'NONE',  ( -0.8346153846153844258, 0.9799999999999999822, -2.038461538461538325 ) ) ;
#3114 =( NAMED_UNIT ( * ) SI_UNIT ( $, .STERADIAN. ) SOLID_ANGLE_UNIT ( ) );
#3115 = CARTESIAN_POINT ( 'NONE',  ( 3.750000000000000000, 0.02000000000000000042, -3.829999999999998739 ) ) ;
#3116 = CARTESIAN_POINT ( 'NONE',  ( 0.6038461538461535882, 0.9799999999999999822, -2.484615384615384670 ) ) ;
#3117 = CARTESIAN_POINT ( 'NONE',  ( 2.326923076923076650, 0.9799999999999999822, -1.976923076923077005 ) ) ;
#3118 = CARTESIAN_POINT ( 'NONE',  ( 3.524278846153846345, 0.9799999999999999822, -2.730769230769230838 ) ) ;
#3119 = PLANE ( 'NONE',  #5606 ) ;
#3120 = ORIENTED_EDGE ( 'NONE', *, *, #5943, .F. ) ;
#3121 = CARTESIAN_POINT ( 'NONE',  ( 3.572829498586311825, 0.9800000000000002043, -1.469865817115347362 ) ) ;
#3122 = CARTESIAN_POINT ( 'NONE',  ( 0.9754384087503729095, 0.9999999999999986677, -1.761478196617771053 ) ) ;
#3123 = CARTESIAN_POINT ( 'NONE',  ( 4.548828174108968447, 1.000000000000000222, -1.666465754511069708 ) ) ;
#3124 = EDGE_CURVE ( 'NONE', #932, #2686, #1477, .T. ) ;
#3125 = DIRECTION ( 'NONE',  ( -0.3408659031673632600, 0.000000000000000000, 0.9401119274096556566 ) ) ;
#3126 = PRESENTATION_STYLE_ASSIGNMENT (( #4327 ) ) ;
#3127 = ORIENTED_EDGE ( 'NONE', *, *, #3528, .F. ) ;
#3128 = DIRECTION ( 'NONE',  ( -0.000000000000000000, 1.000000000000000000, -0.000000000000000000 ) ) ;
#3129 = UNCERTAINTY_MEASURE_WITH_UNIT (LENGTH_MEASURE( 1.000000000000000082E-05 ), #1029, 'distance_accuracy_value', 'NONE');
#3130 = CARTESIAN_POINT ( 'NONE',  ( 3.247935617625323790, 0.9800000000000004263, -2.424391970406647889 ) ) ;
#3131 = CARTESIAN_POINT ( 'NONE',  ( -1.291710051538542903, 1.000000000000000000, -1.920409797398147989 ) ) ;
#3132 = B_SPLINE_CURVE_WITH_KNOTS ( 'NONE', 3,
 ( #558, #6726, #3, #2228, #1710, #6688, #3883, #1163, #3359, #2765, #5108 ),
 .UNSPECIFIED., .F., .F.,
 ( 4, 1, 1, 1, 1, 1, 1, 1, 4 ),
 ( 0.000000000000000000, 0.1117990193876811922, 0.2273961124226532848, 0.3456566425208966731, 0.4673998441801982540, 0.5942080136975990134, 0.7246775297613285982, 0.8596471198548477632, 1.000000000000000000 ),
 .UNSPECIFIED. ) ;
#3133 = ORIENTED_EDGE ( 'NONE', *, *, #3551, .F. ) ;
#3134 = EDGE_CURVE ( 'NONE', #750, #4517, #7073, .T. ) ;
#3135 = VECTOR ( 'NONE', #6979, 1000.000000000000000 ) ;
#3136 = MECHANICAL_DESIGN_GEOMETRIC_PRESENTATION_REPRESENTATION (  '', ( #3979 ), #3379 ) ;
#3137 = SURFACE_STYLE_FILL_AREA ( #328 ) ;
#3138 = UNCERTAINTY_MEASURE_WITH_UNIT (LENGTH_MEASURE( 1.000000000000000082E-05 ), #1028, 'distance_accuracy_value', 'NONE');
#3139 = CARTESIAN_POINT ( 'NONE',  ( 4.548828174108968447, 1.000000000000000222, -1.666465754511069708 ) ) ;
#3140 = VECTOR ( 'NONE', #3944, 1000.000000000000000 ) ;
#3141 = CARTESIAN_POINT ( 'NONE',  ( 1.049408330230830133, 1.000000000000000222, -2.635820081317662211 ) ) ;
#3142 = ORIENTED_EDGE ( 'NONE', *, *, #954, .F. ) ;
#3143 =( GEOMETRIC_REPRESENTATION_CONTEXT ( 3 ) GLOBAL_UNCERTAINTY_ASSIGNED_CONTEXT ( ( #4704 ) ) GLOBAL_UNIT_ASSIGNED_CONTEXT ( ( #4921, #2691, #2122 ) ) REPRESENTATION_CONTEXT ( 'NONE', 'WORKASPACE' ) );
#3144 = CARTESIAN_POINT ( 'NONE',  ( 0.8369145872113622486, 0.9799999999999997602, -2.471993520198598304 ) ) ;
#3145 = CARTESIAN_POINT ( 'NONE',  ( 4.376382509346844252, 1.000000000000000222, -1.493416868254552776 ) ) ;
#3146 =( GEOMETRIC_REPRESENTATION_CONTEXT ( 3 ) GLOBAL_UNCERTAINTY_ASSIGNED_CONTEXT ( ( #7128 ) ) GLOBAL_UNIT_ASSIGNED_CONTEXT ( ( #2062, #4312, #983 ) ) REPRESENTATION_CONTEXT ( 'NONE', 'WORKASPACE' ) );
#3147 = LINE ( 'NONE', #1022, #2113 ) ;
#3148 = DIRECTION ( 'NONE',  ( 1.000000000000000000, 0.000000000000000000, 0.000000000000000000 ) ) ;
#3149 =( GEOMETRIC_REPRESENTATION_CONTEXT ( 3 ) GLOBAL_UNCERTAINTY_ASSIGNED_CONTEXT ( ( #2559 ) ) GLOBAL_UNIT_ASSIGNED_CONTEXT ( ( #3870, #6223, #1076 ) ) REPRESENTATION_CONTEXT ( 'NONE', 'WORKASPACE' ) );
#3150 = FACE_OUTER_BOUND ( 'NONE', #2162, .T. ) ;
#3151 = ADVANCED_FACE ( 'NONE', ( #2067, #3081 ), #2538, .T. ) ;
#3152 = CARTESIAN_POINT ( 'NONE',  ( 3.247935617625323790, 1.000000000000000444, -2.424391970406647889 ) ) ;
#3153 = STYLED_ITEM ( 'NONE', ( #2006 ), #4926 ) ;
#3154 = SURFACE_STYLE_USAGE ( .BOTH. , #913 ) ;
#3155 = COLOUR_RGB ( '',1.000000000000000000, 1.000000000000000000, 1.000000000000000000 ) ;
#3156 = CARTESIAN_POINT ( 'NONE',  ( 3.619446054768474141, 0.9999999999999997780, -1.691769527411228990 ) ) ;
#3157 = DIRECTION ( 'NONE',  ( -0.000000000000000000, 0.000000000000000000, -1.000000000000000000 ) ) ;
#3158 = FILL_AREA_STYLE ('',( #7043 ) ) ;
#3159 = EDGE_CURVE ( 'NONE', #3624, #658, #6737, .T. ) ;
#3160 = ORIENTED_EDGE ( 'NONE', *, *, #788, .F. ) ;
#3161 = CARTESIAN_POINT ( 'NONE',  ( 4.081347594308010862, 0.9999999999999997780, -1.834372719655138484 ) ) ;
#3162 = CARTESIAN_POINT ( 'NONE',  ( 1.126923076923076694, 0.9800000000000002043, -2.087019230769231459 ) ) ;
#3163 = CARTESIAN_POINT ( 'NONE',  ( 1.110998918260579282, 0.9800000000000002043, -2.597949694402314158 ) ) ;
#3164 =( GEOMETRIC_REPRESENTATION_CONTEXT ( 3 ) GLOBAL_UNCERTAINTY_ASSIGNED_CONTEXT ( ( #5964 ) ) GLOBAL_UNIT_ASSIGNED_CONTEXT ( ( #4845, #6981, #6468 ) ) REPRESENTATION_CONTEXT ( 'NONE', 'WORKASPACE' ) );
#3165 = STYLED_ITEM ( 'NONE', ( #774 ), #6363 ) ;
#3166 = CARTESIAN_POINT ( 'NONE',  ( -1.455994435771405859, 0.9800000000000002043, -1.742614867231111031 ) ) ;
#3167 = ORIENTED_EDGE ( 'NONE', *, *, #1871, .T. ) ;
#3168 = DIRECTION ( 'NONE',  ( 1.000000000000000000, 0.000000000000000000, 0.000000000000000000 ) ) ;
#3169 = MECHANICAL_DESIGN_GEOMETRIC_PRESENTATION_REPRESENTATION (  '', ( #7037 ), #6199 ) ;
#3170 = CARTESIAN_POINT ( 'NONE',  ( 3.474762363556442857, 1.000000000000000000, -2.514268152344190987 ) ) ;
#3171 = EDGE_CURVE ( 'NONE', #844, #3324, #1658, .T. ) ;
#3172 = PRESENTATION_STYLE_ASSIGNMENT (( #930 ) ) ;
#3173 = ORIENTED_EDGE ( 'NONE', *, *, #4371, .F. ) ;
#3174 = FACE_OUTER_BOUND ( 'NONE', #5166, .T. ) ;
#3175 = DIRECTION ( 'NONE',  ( -1.000000000000000000, 0.000000000000000000, 0.000000000000000000 ) ) ;
#3176 = SURFACE_STYLE_USAGE ( .BOTH. , #2655 ) ;
#3177 = CARTESIAN_POINT ( 'NONE',  ( 4.477419222559344547, 0.9800000000000002043, -1.493354478283874576 ) ) ;
#3178 = CARTESIAN_POINT ( 'NONE',  ( 3.445785435729310286, 0.9799999999999999822, -1.691571826960297065 ) ) ;
#3179 =( LENGTH_UNIT ( ) NAMED_UNIT ( * ) SI_UNIT ( .MILLI., .METRE. ) );
#3180 = VERTEX_POINT ( 'NONE', #7212 ) ;
#3181 = UNCERTAINTY_MEASURE_WITH_UNIT (LENGTH_MEASURE( 1.000000000000000082E-05 ), #7135, 'distance_accuracy_value', 'NONE');
#3182 = CARTESIAN_POINT ( 'NONE',  ( 4.045862854014832699, 1.000000000000000444, -1.762087617989133381 ) ) ;
#3183 = CARTESIAN_POINT ( 'NONE',  ( 3.829223605039477896, 0.9799999999999997602, -1.825073511134189364 ) ) ;
#3184 = VECTOR ( 'NONE', #1062, 1000.000000000000000 ) ;
#3185 = CARTESIAN_POINT ( 'NONE',  ( 4.296153846153845102, 0.9799999999999999822, -1.615865384615384759 ) ) ;
#3186 = EDGE_CURVE ( 'NONE', #2106, #1718, #6037, .T. ) ;
#3187 = CARTESIAN_POINT ( 'NONE',  ( 0.9545435675335249837, 0.9799999999999997602, -2.431345987542615550 ) ) ;
#3188 = CARTESIAN_POINT ( 'NONE',  ( 4.042067307692308376, 1.000000000000000000, -2.509134615384615241 ) ) ;
#3189 =( NAMED_UNIT ( * ) SI_UNIT ( $, .STERADIAN. ) SOLID_ANGLE_UNIT ( ) );
#3190 = MECHANICAL_DESIGN_GEOMETRIC_PRESENTATION_REPRESENTATION (  '', ( #389 ), #1093 ) ;
#3191 = DIRECTION ( 'NONE',  ( -0.000000000000000000, 0.000000000000000000, -1.000000000000000000 ) ) ;
#3192 =( NAMED_UNIT ( * ) SI_UNIT ( $, .STERADIAN. ) SOLID_ANGLE_UNIT ( ) );
#3193 = VECTOR ( 'NONE', #4998, 1000.000000000000000 ) ;
#3194 = CARTESIAN_POINT ( 'NONE',  ( -3.750000000000000000, 0.000000000000000000, -4.529999999999998472 ) ) ;
#3195 = CARTESIAN_POINT ( 'NONE',  ( 3.750000000000000000, 0.02000000000000000042, -4.029999999999998472 ) ) ;
#3196 = ORIENTED_EDGE ( 'NONE', *, *, #4534, .F. ) ;
#3197 = CARTESIAN_POINT ( 'NONE',  ( 1.111893512740157464, 0.9799999999999999822, -2.220088008521744705 ) ) ;
#3198 = CARTESIAN_POINT ( 'NONE',  ( 1.216220402062044847, 0.9799999999999999822, -2.492125098472680378 ) ) ;
#3199 = FILL_AREA_STYLE ('',( #961 ) ) ;
#3200 = VECTOR ( 'NONE', #2199, 1000.000000000000000 ) ;
#3201 = ADVANCED_FACE ( 'NONE', ( #3973 ), #1831, .T. ) ;
#3202 = AXIS2_PLACEMENT_3D ( 'NONE', #3657, #315, #7008 ) ;
#3203 = CARTESIAN_POINT ( 'NONE',  ( -1.530803658252579469, 1.000000000000000000, -1.507182465705265928 ) ) ;
#3204 = VECTOR ( 'NONE', #5740, 1000.000000000000000 ) ;
#3205 = CYLINDRICAL_SURFACE ( 'NONE', #4240, 0.6999999999999992895 ) ;
#3206 = ORIENTED_EDGE ( 'NONE', *, *, #2648, .F. ) ;
#3207 =( NAMED_UNIT ( * ) SI_UNIT ( $, .STERADIAN. ) SOLID_ANGLE_UNIT ( ) );
#3208 = SURFACE_SIDE_STYLE ('',( #3775 ) ) ;
#3209 = CARTESIAN_POINT ( 'NONE',  ( -1.399551462079047015, 1.000000000000000000, -1.773181274320753342 ) ) ;
#3210 = COLOUR_RGB ( '',0.5019607843137254832, 0.5019607843137254832, 0.5019607843137254832 ) ;
#3211 = ORIENTED_EDGE ( 'NONE', *, *, #6418, .T. ) ;
#3212 = MECHANICAL_DESIGN_GEOMETRIC_PRESENTATION_REPRESENTATION (  '', ( #2849 ), #631 ) ;
#3213 = SURFACE_STYLE_FILL_AREA ( #971 ) ;
#3214 = ORIENTED_EDGE ( 'NONE', *, *, #454, .F. ) ;
#3215 = PRESENTATION_LAYER_ASSIGNMENT (  '', '', ( #1244 ) ) ;
#3216 = MECHANICAL_DESIGN_GEOMETRIC_PRESENTATION_REPRESENTATION (  '', ( #5439 ), #3467 ) ;
#3217 = CARTESIAN_POINT ( 'NONE',  ( -1.675961538461538725, 1.000000000000000000, -1.715384615384615508 ) ) ;
#3218 = CARTESIAN_POINT ( 'NONE',  ( 3.096486376249743877, 0.9799999999999999822, -2.091803583364763686 ) ) ;
#3219 = SURFACE_STYLE_USAGE ( .BOTH. , #1535 ) ;
#3220 = EDGE_LOOP ( 'NONE', ( #5130, #852, #4656, #1004 ) ) ;
#3221 = VECTOR ( 'NONE', #234, 1000.000000000000000 ) ;
#3222 = FILL_AREA_STYLE_COLOUR ( '', #6777 ) ;
#3223 = DIRECTION ( 'NONE',  ( -0.000000000000000000, 1.000000000000000000, -0.000000000000000000 ) ) ;
#3224 = DIRECTION ( 'NONE',  ( -0.000000000000000000, 1.000000000000000000, -0.000000000000000000 ) ) ;
#3225 = CARTESIAN_POINT ( 'NONE',  ( -4.058413461538461497, 1.000000000000000000, -2.700000000000000178 ) ) ;
#3226 = DIRECTION ( 'NONE',  ( -0.000000000000000000, 1.000000000000000000, -0.000000000000000000 ) ) ;
#3227 = FILL_AREA_STYLE_COLOUR ( '', #7193 ) ;
#3228 = DIRECTION ( 'NONE',  ( -0.5773502691896263972, 0.5773502691896245098, -0.5773502691896263972 ) ) ;
#3229 = ADVANCED_FACE ( 'NONE', ( #6915 ), #1840, .T. ) ;
#3230 = CARTESIAN_POINT ( 'NONE',  ( 1.249999999999999778, 0.000000000000000000, -3.829999999999997851 ) ) ;
#3231 = CARTESIAN_POINT ( 'NONE',  ( 1.126923076923076694, 0.9800000000000002043, -2.087019230769231459 ) ) ;
#3232 = CARTESIAN_POINT ( 'NONE',  ( 4.435617898473936727, 0.9799999999999999822, -1.745677129972541985 ) ) ;
#3233 =( LENGTH_UNIT ( ) NAMED_UNIT ( * ) SI_UNIT ( .MILLI., .METRE. ) );
#3234 = CARTESIAN_POINT ( 'NONE',  ( 3.149999999999998135, 2.200000000000000178, 7.330000000000000071 ) ) ;
#3235 = ORIENTED_EDGE ( 'NONE', *, *, #2694, .F. ) ;
#3236 = CARTESIAN_POINT ( 'NONE',  ( 3.896477316912085875, 0.9999999999999997780, -1.585749488397031781 ) ) ;
#3237 = CARTESIAN_POINT ( 'NONE',  ( 1.054230571285125428, 0.9999999999999986677, -1.834714841387226958 ) ) ;
#3238 = DIRECTION ( 'NONE',  ( 0.000000000000000000, 0.000000000000000000, -1.000000000000000000 ) ) ;
#3239 = ORIENTED_EDGE ( 'NONE', *, *, #1726, .F. ) ;
#3240 = CARTESIAN_POINT ( 'NONE',  ( 0.7297319261113863753, 1.000000000000000000, -1.715409143662370184 ) ) ;
#3241 = DIRECTION ( 'NONE',  ( -0.000000000000000000, 0.000000000000000000, 1.000000000000000000 ) ) ;
#3242 = VERTEX_POINT ( 'NONE', #6956 ) ;
#3243 = CARTESIAN_POINT ( 'NONE',  ( -1.427081502201720475, 1.000000000000000444, -1.521688114730937569 ) ) ;
#3244 = CARTESIAN_POINT ( 'NONE',  ( 3.518269230769230926, 0.9799999999999999822, -2.515384615384615330 ) ) ;
#3245 = EDGE_CURVE ( 'NONE', #5189, #6750, #1876, .T. ) ;
#3246 = EDGE_CURVE ( 'NONE', #2177, #695, #1220, .T. ) ;
#3247 = CARTESIAN_POINT ( 'NONE',  ( 3.817067307692307843, 0.9799999999999999822, -2.674038461538461586 ) ) ;
#3248 = B_SPLINE_CURVE_WITH_KNOTS ( 'NONE', 3,
 ( #5060, #1631, #3807, #3279, #3842, #1522, #4365, #1559, #7152, #2108, #417, #484, #4910, #7111, #4478, #4984, #6020, #6048, #6125 ),
 .UNSPECIFIED., .F., .F.,
 ( 4, 1, 1, 1, 1, 1, 1, 1, 1, 1, 1, 1, 1, 1, 1, 1, 4 ),
 ( 0.000000000000000000, 0.06718757354736719367, 0.1319286902789454652, 0.1951888472476513980, 0.2571283310395822141, 0.3188425934467537526, 0.3804925116413725439, 0.4432187279583995609, 0.5071253041351039270, 0.5707121370126615467, 0.6324819649837610802, 0.6932526949398455374, 0.7531313290707891683, 0.8134576601575653765, 0.8738631107010356169, 0.9361102679396073878, 0.9999999999999998890 ),
 .UNSPECIFIED. ) ;
#3249 = ORIENTED_EDGE ( 'NONE', *, *, #6472, .F. ) ;
#3250 =( NAMED_UNIT ( * ) SI_UNIT ( $, .STERADIAN. ) SOLID_ANGLE_UNIT ( ) );
#3251 = CARTESIAN_POINT ( 'NONE',  ( -1.328533217170964287, 0.9799999999999997602, -2.329672672776229359 ) ) ;
#3252 = ORIENTED_EDGE ( 'NONE', *, *, #5754, .F. ) ;
#3253 = CARTESIAN_POINT ( 'NONE',  ( 4.435626191752527703, 0.9999999999999997780, -1.485065434931435613 ) ) ;
#3254 =( NAMED_UNIT ( * ) SI_UNIT ( $, .STERADIAN. ) SOLID_ANGLE_UNIT ( ) );
#3255 = CARTESIAN_POINT ( 'NONE',  ( 5.999999999999998224, 1.000000000000000000, -6.829999999999998295 ) ) ;
#3256 = PRESENTATION_STYLE_ASSIGNMENT (( #4492 ) ) ;
#3257 = ORIENTED_EDGE ( 'NONE', *, *, #6075, .T. ) ;
#3258 = CARTESIAN_POINT ( 'NONE',  ( 3.896477316912085875, 1.000000000000000222, -1.585749488397031781 ) ) ;
#3259 = CARTESIAN_POINT ( 'NONE',  ( 3.758267378717827345, 0.9800000000000002043, -1.750494955012064757 ) ) ;
#3260 = CARTESIAN_POINT ( 'NONE',  ( -3.249999999999999112, 2.250000000000000000, 2.130000000000001670 ) ) ;
#3261 = PRESENTATION_STYLE_ASSIGNMENT (( #503 ) ) ;
#3262 = SURFACE_STYLE_USAGE ( .BOTH. , #3753 ) ;
#3263 = VECTOR ( 'NONE', #6481, 1000.000000000000000 ) ;
#3264 = EDGE_CURVE ( 'NONE', #2425, #2780, #2459, .T. ) ;
#3265 = CARTESIAN_POINT ( 'NONE',  ( 3.353871678935218537, 1.000000000000000444, -1.489244150293287383 ) ) ;
#3266 = PLANE ( 'NONE',  #7066 ) ;
#3267 = CYLINDRICAL_SURFACE ( 'NONE', #339, 0.7000000000000005107 ) ;
#3268 = CARTESIAN_POINT ( 'NONE',  ( 4.045862854014832699, 0.9800000000000004263, -1.762087617989133381 ) ) ;
#3269 = AXIS2_PLACEMENT_3D ( 'NONE', #5610, #1191, #3983 ) ;
#3270 = DIRECTION ( 'NONE',  ( -0.000000000000000000, 0.000000000000000000, 1.000000000000000000 ) ) ;
#3271 =( GEOMETRIC_REPRESENTATION_CONTEXT ( 3 ) GLOBAL_UNCERTAINTY_ASSIGNED_CONTEXT ( ( #125 ) ) GLOBAL_UNIT_ASSIGNED_CONTEXT ( ( #2202, #6172, #3969 ) ) REPRESENTATION_CONTEXT ( 'NONE', 'WORKASPACE' ) );
#3272 = ORIENTED_EDGE ( 'NONE', *, *, #2038, .F. ) ;
#3273 = DIRECTION ( 'NONE',  ( 0.000000000000000000, -1.000000000000000000, 0.000000000000000000 ) ) ;
#3274 = CARTESIAN_POINT ( 'NONE',  ( 0.9567343505257720482, 0.9999999999999991118, -1.751489362061791510 ) ) ;
#3275 = PRESENTATION_LAYER_ASSIGNMENT (  '', '', ( #3751 ) ) ;
#3276 = ORIENTED_EDGE ( 'NONE', *, *, #641, .F. ) ;
#3277 = CARTESIAN_POINT ( 'NONE',  ( 0.7163461538461535216, 1.000000000000000000, -1.715384615384615508 ) ) ;
#3278 = FACE_OUTER_BOUND ( 'NONE', #3882, .T. ) ;
#3279 = CARTESIAN_POINT ( 'NONE',  ( 3.432404752853954299, 0.9799999999999997602, -2.508650646308208998 ) ) ;
#3280 = VERTEX_POINT ( 'NONE', #3525 ) ;
#3281 = CARTESIAN_POINT ( 'NONE',  ( -1.728365384615384803, 0.9799999999999999822, -1.500000000000000222 ) ) ;
#3282 = LINE ( 'NONE', #5473, #868 ) ;
#3283 = EDGE_CURVE ( 'NONE', #5891, #1497, #5705, .T. ) ;
#3284 = CARTESIAN_POINT ( 'NONE',  ( -1.312671114558940699, 1.000000000000000222, -1.874776987338887313 ) ) ;
#3285 =( GEOMETRIC_REPRESENTATION_CONTEXT ( 3 ) GLOBAL_UNCERTAINTY_ASSIGNED_CONTEXT ( ( #5385 ) ) GLOBAL_UNIT_ASSIGNED_CONTEXT ( ( #4797, #3645, #4206 ) ) REPRESENTATION_CONTEXT ( 'NONE', 'WORKASPACE' ) );
#3286 = VECTOR ( 'NONE', #3316, 1000.000000000000000 ) ;
#3287 = EDGE_LOOP ( 'NONE', ( #4547, #4663, #183, #4993 ) ) ;
#3288 = LINE ( 'NONE', #391, #4223 ) ;
#3289 = FILL_AREA_STYLE_COLOUR ( '', #1618 ) ;
#3290 = CARTESIAN_POINT ( 'NONE',  ( 3.817067307692307843, 1.000000000000000000, -2.674038461538461586 ) ) ;
#3291 = EDGE_LOOP ( 'NONE', ( #324, #262, #4292, #1703 ) ) ;
#3292 = CARTESIAN_POINT ( 'NONE',  ( 0.6639423076923075540, 0.9800000000000002043, -1.500000000000000444 ) ) ;
#3293 = CARTESIAN_POINT ( 'NONE',  ( 4.316926376772575402, 0.9800000000000004263, -1.689057704615967825 ) ) ;
#3294 = CARTESIAN_POINT ( 'NONE',  ( 3.113130623006286513, 0.9799999999999999822, -1.981389642417874075 ) ) ;
#3295 = STYLED_ITEM ( 'NONE', ( #6367 ), #6105 ) ;
#3296 = EDGE_LOOP ( 'NONE', ( #5467, #447, #2395, #6115 ) ) ;
#3297 = DIRECTION ( 'NONE',  ( 0.000000000000000000, 0.000000000000000000, 1.000000000000000000 ) ) ;
#3298 = EDGE_CURVE ( 'NONE', #3324, #3813, #194, .T. ) ;
#3299 = CARTESIAN_POINT ( 'NONE',  ( 2.019230769230768718, 1.000000000000000000, -1.976923076923077005 ) ) ;
#3300 =( NAMED_UNIT ( * ) SI_UNIT ( $, .STERADIAN. ) SOLID_ANGLE_UNIT ( ) );
#3301 = DIRECTION ( 'NONE',  ( 0.000000000000000000, 1.000000000000000000, 0.000000000000000000 ) ) ;
#3302 = CARTESIAN_POINT ( 'NONE',  ( 4.426923076923076295, 0.9799999999999999822, -1.484615384615384892 ) ) ;
#3303 = CARTESIAN_POINT ( 'NONE',  ( 2.928245464473052451, 0.9999999999999997780, -1.858382667498173380 ) ) ;
#3304 = LINE ( 'NONE', #2815, #3921 ) ;
#3305 = CARTESIAN_POINT ( 'NONE',  ( 3.535202322163609967, 1.000000000000000000, -2.514846968343631861 ) ) ;
#3306 = CARTESIAN_POINT ( 'NONE',  ( -3.150000000000001688, 2.199999999999998845, 7.330000000000000071 ) ) ;
#3307 = DIRECTION ( 'NONE',  ( -0.000000000000000000, -0.000000000000000000, 1.000000000000000000 ) ) ;
#3308 = PLANE ( 'NONE',  #291 ) ;
#3309 = ORIENTED_EDGE ( 'NONE', *, *, #4296, .T. ) ;
#3310 = FACE_OUTER_BOUND ( 'NONE', #3602, .T. ) ;
#3311 = CARTESIAN_POINT ( 'NONE',  ( -1.458305036208929817, 0.9800000000000002043, -2.675556189337490842 ) ) ;
#3312 = DIRECTION ( 'NONE',  ( 0.000000000000000000, 0.000000000000000000, 1.000000000000000000 ) ) ;
#3313 = STYLED_ITEM ( 'NONE', ( #939 ), #3375 ) ;
#3314 = FILL_AREA_STYLE ('',( #5469 ) ) ;
#3315 = CARTESIAN_POINT ( 'NONE',  ( -3.440865384615384936, 1.000000000000000000, -2.700000000000000178 ) ) ;
#3316 = DIRECTION ( 'NONE',  ( -0.000000000000000000, 1.000000000000000000, -0.000000000000000000 ) ) ;
#3317 = DIRECTION ( 'NONE',  ( 0.000000000000000000, 0.000000000000000000, -1.000000000000000000 ) ) ;
#3318 = VECTOR ( 'NONE', #3383, 1000.000000000000000 ) ;
#3319 = ORIENTED_EDGE ( 'NONE', *, *, #3889, .T. ) ;
#3320 =( GEOMETRIC_REPRESENTATION_CONTEXT ( 3 ) GLOBAL_UNCERTAINTY_ASSIGNED_CONTEXT ( ( #4894 ) ) GLOBAL_UNIT_ASSIGNED_CONTEXT ( ( #5968, #404, #4347 ) ) REPRESENTATION_CONTEXT ( 'NONE', 'WORKASPACE' ) );
#3321 = ADVANCED_FACE ( 'NONE', ( #2990 ), #5249, .T. ) ;
#3322 = STYLED_ITEM ( 'NONE', ( #2003 ), #3804 ) ;
#3323 = CARTESIAN_POINT ( 'NONE',  ( -1.427081502201720475, 0.9800000000000002043, -1.521688114730937569 ) ) ;
#3324 = VERTEX_POINT ( 'NONE', #5321 ) ;
#3325 = SURFACE_SIDE_STYLE ('',( #3999 ) ) ;
#3326 = CARTESIAN_POINT ( 'NONE',  ( 4.376330897749777016, 0.9800000000000002043, -1.737672559770258918 ) ) ;
#3327 = DIRECTION ( 'NONE',  ( -0.000000000000000000, -1.000000000000000000, -0.000000000000000000 ) ) ;
#3328 = VECTOR ( 'NONE', #128, 1000.000000000000000 ) ;
#3329 = ORIENTED_EDGE ( 'NONE', *, *, #3621, .T. ) ;
#3330 = FILL_AREA_STYLE_COLOUR ( '', #2101 ) ;
#3331 = VECTOR ( 'NONE', #5769, 1000.000000000000000 ) ;
#3332 = CARTESIAN_POINT ( 'NONE',  ( -1.249999999999999778, 0.9799999999999999822, -4.529999999999998472 ) ) ;
#3333 = DIRECTION ( 'NONE',  ( 0.000000000000000000, 0.000000000000000000, -1.000000000000000000 ) ) ;
#3334 = VECTOR ( 'NONE', #5022, 1000.000000000000000 ) ;
#3335 = LINE ( 'NONE', #3936, #3537 ) ;
#3336 =( NAMED_UNIT ( * ) SI_UNIT ( $, .STERADIAN. ) SOLID_ANGLE_UNIT ( ) );
#3337 = CARTESIAN_POINT ( 'NONE',  ( 0.9192767412806158722, 1.000000000000000000, -2.448142915585495238 ) ) ;
#3338 = CARTESIAN_POINT ( 'NONE',  ( 2.885544235419648995, 1.000000000000000000, -2.020726360281982270 ) ) ;
#3339 = EDGE_CURVE ( 'NONE', #5658, #545, #2383, .T. ) ;
#3340 = DIRECTION ( 'NONE',  ( -0.7223872738535684901, 0.000000000000000000, 0.6914887031430155817 ) ) ;
#3341 = PRESENTATION_LAYER_ASSIGNMENT (  '', '', ( #6497 ) ) ;
#3342 = CARTESIAN_POINT ( 'NONE',  ( 3.514976087202323907, 0.9799999999999999822, -1.469442336939116966 ) ) ;
#3343 = CARTESIAN_POINT ( 'NONE',  ( 4.500000000000000000, 2.250000000000000444, 6.830000000000001847 ) ) ;
#3344 = LINE ( 'NONE', #3421, #5501 ) ;
#3345 = FACE_OUTER_BOUND ( 'NONE', #2746, .T. ) ;
#3346 = ORIENTED_EDGE ( 'NONE', *, *, #2625, .F. ) ;
#3347 = DIRECTION ( 'NONE',  ( 1.000000000000000000, 0.000000000000000000, 0.000000000000000000 ) ) ;
#3348 = CARTESIAN_POINT ( 'NONE',  ( 5.999999999999998224, 1.000000000000000000, 6.830000000000001847 ) ) ;
#3349 = FILL_AREA_STYLE ('',( #2364 ) ) ;
#3350 = VERTEX_POINT ( 'NONE', #4309 ) ;
#3351 = CARTESIAN_POINT ( 'NONE',  ( 0.6860576923076920908, 1.000000000000000000, -2.484615384615384670 ) ) ;
#3352 = CARTESIAN_POINT ( 'NONE',  ( 3.103434768602589600, 0.9999999999999997780, -2.021573809846368253 ) ) ;
#3353 = CARTESIAN_POINT ( 'NONE',  ( -1.602364526590700944, 0.9800000000000002043, -2.479257537496250219 ) ) ;
#3354 = DIRECTION ( 'NONE',  ( 0.000000000000000000, 0.000000000000000000, 1.000000000000000000 ) ) ;
#3355 = CARTESIAN_POINT ( 'NONE',  ( 3.524278846153846345, 0.9799999999999999822, -2.730769230769230838 ) ) ;
#3356 =( LENGTH_UNIT ( ) NAMED_UNIT ( * ) SI_UNIT ( .MILLI., .METRE. ) );
#3357 = EDGE_CURVE ( 'NONE', #957, #4068, #4823, .T. ) ;
#3358 = ORIENTED_EDGE ( 'NONE', *, *, #5024, .T. ) ;
#3359 = CARTESIAN_POINT ( 'NONE',  ( 4.014999052214913711, 1.000000000000000000, -2.537122056880323662 ) ) ;
#3360 = CARTESIAN_POINT ( 'NONE',  ( -1.271628519673966284, 0.9800000000000002043, -2.178044090144684031 ) ) ;
#3361 = ORIENTED_EDGE ( 'NONE', *, *, #2694, .T. ) ;
#3362 = CARTESIAN_POINT ( 'NONE',  ( 1.242331739997836859, 0.9800000000000002043, -1.721786789765165304 ) ) ;
#3363 = UNCERTAINTY_MEASURE_WITH_UNIT (LENGTH_MEASURE( 1.000000000000000082E-05 ), #795, 'distance_accuracy_value', 'NONE');
#3364 = CARTESIAN_POINT ( 'NONE',  ( 3.197199420071420661, 0.9800000000000002043, -1.549986930062983825 ) ) ;
#3365 = CARTESIAN_POINT ( 'NONE',  ( -3.750000000000000000, 1.000000000000000000, -5.229999999999997762 ) ) ;
#3366 = ADVANCED_FACE ( 'NONE', ( #979 ), #6484, .T. ) ;
#3367 = ORIENTED_EDGE ( 'NONE', *, *, #756, .T. ) ;
#3368 = LINE ( 'NONE', #646, #549 ) ;
#3369 = CARTESIAN_POINT ( 'NONE',  ( -1.653030056394481528, 0.9999999999999997780, -2.483925317998095572 ) ) ;
#3370 = CARTESIAN_POINT ( 'NONE',  ( 1.040867397965069774, 1.000000000000000000, -2.360947421190576989 ) ) ;
#3371 = CARTESIAN_POINT ( 'NONE',  ( -3.150000000000001688, 2.799999999999998490, 7.330000000000000071 ) ) ;
#3372 = STYLED_ITEM ( 'NONE', ( #5759 ), #336 ) ;
#3373 = DIRECTION ( 'NONE',  ( 0.000000000000000000, 0.000000000000000000, -1.000000000000000000 ) ) ;
#3374 = CARTESIAN_POINT ( 'NONE',  ( 3.312775914451927761, 0.9999999999999997780, -1.500410324788477245 ) ) ;
#3375 = ADVANCED_FACE ( 'NONE', ( #2661 ), #5960, .F. ) ;
#3376 = CARTESIAN_POINT ( 'NONE',  ( 3.795841459810090246, 0.9999999999999995559, -1.784070581613204975 ) ) ;
#3377 = FACE_OUTER_BOUND ( 'NONE', #4169, .T. ) ;
#3378 = DIRECTION ( 'NONE',  ( -0.3403664315972771970, 0.000000000000000000, -0.9402928757795285808 ) ) ;
#3379 =( GEOMETRIC_REPRESENTATION_CONTEXT ( 3 ) GLOBAL_UNCERTAINTY_ASSIGNED_CONTEXT ( ( #6792 ) ) GLOBAL_UNIT_ASSIGNED_CONTEXT ( ( #4525, #280, #1168 ) ) REPRESENTATION_CONTEXT ( 'NONE', 'WORKASPACE' ) );
#3380 = ORIENTED_EDGE ( 'NONE', *, *, #6431, .T. ) ;
#3381 = DIRECTION ( 'NONE',  ( -1.000000000000000000, 0.000000000000000000, 0.000000000000000000 ) ) ;
#3382 = PRESENTATION_LAYER_ASSIGNMENT (  '', '', ( #2783 ) ) ;
#3383 = DIRECTION ( 'NONE',  ( -0.000000000000000000, 1.000000000000000000, -0.000000000000000000 ) ) ;
#3384 = AXIS2_PLACEMENT_3D ( 'NONE', #3814, #1011, #5477 ) ;
#3385 = ORIENTED_EDGE ( 'NONE', *, *, #3434, .T. ) ;
#3386 = VECTOR ( 'NONE', #458, 1000.000000000000000 ) ;
#3387 = EDGE_CURVE ( 'NONE', #4676, #2496, #56, .T. ) ;
#3388 = CARTESIAN_POINT ( 'NONE',  ( 3.534615384615384936, 1.000000000000000000, -1.684615384615384848 ) ) ;
#3389 = COLOUR_RGB ( '',1.000000000000000000, 1.000000000000000000, 1.000000000000000000 ) ;
#3390 = CARTESIAN_POINT ( 'NONE',  ( -1.688129954912664710, 0.9800000000000002043, -2.484380434381103786 ) ) ;
#3391 = CARTESIAN_POINT ( 'NONE',  ( -1.050535556524811120, 1.000000000000000222, -2.060548449902598556 ) ) ;
#3392 = CARTESIAN_POINT ( 'NONE',  ( 3.125722544454802687, 0.9999999999999995559, -2.264378128668183443 ) ) ;
#3393 = VECTOR ( 'NONE', #35, 1000.000000000000000 ) ;
#3394 = VECTOR ( 'NONE', #475, 1000.000000000000000 ) ;
#3395 = ORIENTED_EDGE ( 'NONE', *, *, #3723, .T. ) ;
#3396 = PRESENTATION_LAYER_ASSIGNMENT (  '', '', ( #1521 ) ) ;
#3397 = EDGE_CURVE ( 'NONE', #6725, #6028, #4156, .T. ) ;
#3398 = LINE ( 'NONE', #5479, #3386 ) ;
#3399 = EDGE_LOOP ( 'NONE', ( #5279, #4765, #3016, #2651 ) ) ;
#3400 = MECHANICAL_DESIGN_GEOMETRIC_PRESENTATION_REPRESENTATION (  '', ( #3762 ), #5391 ) ;
#3401 = STYLED_ITEM ( 'NONE', ( #1277 ), #6179 ) ;
#3402 = SURFACE_STYLE_USAGE ( .BOTH. , #2270 ) ;
#3403 = DIRECTION ( 'NONE',  ( -0.000000000000000000, 1.000000000000000000, -0.000000000000000000 ) ) ;
#3404 = FACE_OUTER_BOUND ( 'NONE', #5803, .T. ) ;
#3405 = VERTEX_POINT ( 'NONE', #463 ) ;
#3406 = VECTOR ( 'NONE', #4691, 1000.000000000000000 ) ;
#3407 = UNCERTAINTY_MEASURE_WITH_UNIT (LENGTH_MEASURE( 1.000000000000000082E-05 ), #3017, 'distance_accuracy_value', 'NONE');
#3408 = PRESENTATION_STYLE_ASSIGNMENT (( #1173 ) ) ;
#3409 = CARTESIAN_POINT ( 'NONE',  ( 0.6860576923076920908, 0.9799999999999999822, -2.484615384615384670 ) ) ;
#3410 = DIRECTION ( 'NONE',  ( -0.000000000000000000, 1.000000000000000000, -0.000000000000000000 ) ) ;
#3411 = CARTESIAN_POINT ( 'NONE',  ( 4.426923076923076295, 1.000000000000000000, -1.746153846153846390 ) ) ;
#3412 = CARTESIAN_POINT ( 'NONE',  ( 3.519452531096125991, 0.9799999999999997602, -1.684974750284857770 ) ) ;
#3413 = STYLED_ITEM ( 'NONE', ( #4237 ), #6129 ) ;
#3414 =( NAMED_UNIT ( * ) SI_UNIT ( $, .STERADIAN. ) SOLID_ANGLE_UNIT ( ) );
#3415 = CARTESIAN_POINT ( 'NONE',  ( 2.880769230769231193, 1.000000000000000000, -2.106009615384615508 ) ) ;
#3416 = SURFACE_STYLE_USAGE ( .BOTH. , #89 ) ;
#3417 = EDGE_LOOP ( 'NONE', ( #1276, #2048, #6210, #1878 ) ) ;
#3418 = CARTESIAN_POINT ( 'NONE',  ( 3.530288461538461764, 0.9799999999999999822, -1.469230769230769562 ) ) ;
#3419 = LINE ( 'NONE', #5644, #2 ) ;
#3420 = MECHANICAL_DESIGN_GEOMETRIC_PRESENTATION_REPRESENTATION (  '', ( #4016 ), #259 ) ;
#3421 = CARTESIAN_POINT ( 'NONE',  ( 3.149999999999998135, 2.200000000000000178, -8.655624622074400421 ) ) ;
#3422 = EDGE_CURVE ( 'NONE', #6025, #5090, #5073, .T. ) ;
#3423 = SURFACE_SIDE_STYLE ('',( #2394 ) ) ;
#3424 = ORIENTED_EDGE ( 'NONE', *, *, #6289, .F. ) ;
#3425 = CARTESIAN_POINT ( 'NONE',  ( -3.750000000000000000, 1.000000000000000000, -3.829999999999999183 ) ) ;
#3426 =( LENGTH_UNIT ( ) NAMED_UNIT ( * ) SI_UNIT ( .MILLI., .METRE. ) );
#3427 = ORIENTED_EDGE ( 'NONE', *, *, #5914, .T. ) ;
#3428 = CARTESIAN_POINT ( 'NONE',  ( 3.381911856733625488, 0.9799999999999999822, -2.717801050505029181 ) ) ;
#3429 = PRESENTATION_LAYER_ASSIGNMENT (  '', '', ( #4738 ) ) ;
#3430 = CARTESIAN_POINT ( 'NONE',  ( -1.249999999999999778, 0.9799999999999999822, -4.529999999999998472 ) ) ;
#3431 = LINE ( 'NONE', #703, #1639 ) ;
#3432 = FILL_AREA_STYLE_COLOUR ( '', #4536 ) ;
#3433 = DIRECTION ( 'NONE',  ( 1.000000000000000000, 0.000000000000000000, 0.000000000000000000 ) ) ;
#3434 = EDGE_CURVE ( 'NONE', #4145, #3924, #5486, .T. ) ;
#3435 = VERTEX_POINT ( 'NONE', #3892 ) ;
#3436 = CARTESIAN_POINT ( 'NONE',  ( 1.067481383159013308, 0.9799999999999999822, -1.853940151505816480 ) ) ;
#3437 = ORIENTED_EDGE ( 'NONE', *, *, #3599, .F. ) ;
#3438 = CARTESIAN_POINT ( 'NONE',  ( 0.7706852777192975124, 0.9800000000000002043, -1.501794183810177818 ) ) ;
#3439 = UNCERTAINTY_MEASURE_WITH_UNIT (LENGTH_MEASURE( 1.000000000000000082E-05 ), #2036, 'distance_accuracy_value', 'NONE');
#3440 = FILL_AREA_STYLE_COLOUR ( '', #556 ) ;
#3441 = VECTOR ( 'NONE', #2763, 1000.000000000000000 ) ;
#3442 = DIRECTION ( 'NONE',  ( 0.000000000000000000, 0.000000000000000000, 1.000000000000000000 ) ) ;
#3443 = SURFACE_STYLE_USAGE ( .BOTH. , #1791 ) ;
#3444 = ORIENTED_EDGE ( 'NONE', *, *, #3815, .T. ) ;
#3445 = DIRECTION ( 'NONE',  ( 0.000000000000000000, 0.000000000000000000, 1.000000000000000000 ) ) ;
#3446 = VECTOR ( 'NONE', #1108, 1000.000000000000000 ) ;
#3447 = FACE_OUTER_BOUND ( 'NONE', #526, .T. ) ;
#3448 = CARTESIAN_POINT ( 'NONE',  ( 1.128056858081354363, 1.000000000000000000, -1.599821915657939408 ) ) ;
#3449 = VECTOR ( 'NONE', #2250, 1000.000000000000000 ) ;
#3450 = CARTESIAN_POINT ( 'NONE',  ( 3.166939063269323729, 0.9999999999999995559, -1.871272808436583279 ) ) ;
#3451 = CARTESIAN_POINT ( 'NONE',  ( -1.455994435771405859, 0.9800000000000002043, -1.742614867231111031 ) ) ;
#3452 = CARTESIAN_POINT ( 'NONE',  ( -1.351440294342622694, 1.000000000000000000, -2.360947421190576989 ) ) ;
#3453 = ORIENTED_EDGE ( 'NONE', *, *, #2731, .F. ) ;
#3454 = AXIS2_PLACEMENT_3D ( 'NONE', #3600, #5815, #794 ) ;
#3455 = AXIS2_PLACEMENT_3D ( 'NONE', #4108, #6908, #2769 ) ;
#3456 = CARTESIAN_POINT ( 'NONE',  ( 3.312775914451927761, 0.9799999999999997602, -1.500410324788477245 ) ) ;
#3457 = DIRECTION ( 'NONE',  ( 0.000000000000000000, 0.000000000000000000, -1.000000000000000000 ) ) ;
#3458 = FACE_OUTER_BOUND ( 'NONE', #1425, .T. ) ;
#3459 = CARTESIAN_POINT ( 'NONE',  ( 1.511538461538461275, 0.9799999999999999822, -2.176923076923077183 ) ) ;
#3460 = EDGE_LOOP ( 'NONE', ( #4950, #7160, #6923, #7044, #1606, #3109, #5746, #6131, #4328, #130, #1991, #224, #6097, #5738, #615 ) ) ;
#3461 = CARTESIAN_POINT ( 'NONE',  ( -1.050000000000000044, 0.9799999999999999822, -2.083173076923077183 ) ) ;
#3462 =( GEOMETRIC_REPRESENTATION_CONTEXT ( 3 ) GLOBAL_UNCERTAINTY_ASSIGNED_CONTEXT ( ( #4994 ) ) GLOBAL_UNIT_ASSIGNED_CONTEXT ( ( #1242, #4697, #180 ) ) REPRESENTATION_CONTEXT ( 'NONE', 'WORKASPACE' ) );
#3463 = FILL_AREA_STYLE_COLOUR ( '', #3940 ) ;
#3464 = PRESENTATION_STYLE_ASSIGNMENT (( #4471 ) ) ;
#3465 = EDGE_CURVE ( 'NONE', #2984, #2331, #3929, .T. ) ;
#3466 = DIRECTION ( 'NONE',  ( 1.000000000000000000, 0.000000000000000000, 0.000000000000000000 ) ) ;
#3467 =( GEOMETRIC_REPRESENTATION_CONTEXT ( 3 ) GLOBAL_UNCERTAINTY_ASSIGNED_CONTEXT ( ( #1532 ) ) GLOBAL_UNIT_ASSIGNED_CONTEXT ( ( #705, #4625, #3504 ) ) REPRESENTATION_CONTEXT ( 'NONE', 'WORKASPACE' ) );
#3468 = CARTESIAN_POINT ( 'NONE',  ( 3.416216072719198138, 1.000000000000000222, -2.723677675058170156 ) ) ;
#3469 = DIRECTION ( 'NONE',  ( -0.000000000000000000, 1.000000000000000000, -0.000000000000000000 ) ) ;
#3470 =( NAMED_UNIT ( * ) SI_UNIT ( $, .STERADIAN. ) SOLID_ANGLE_UNIT ( ) );
#3471 = ORIENTED_EDGE ( 'NONE', *, *, #1313, .T. ) ;
#3472 = VECTOR ( 'NONE', #752, 1000.000000000000000 ) ;
#3473 = CARTESIAN_POINT ( 'NONE',  ( 0.8585021310626739233, 0.9799999999999999822, -1.724239591707438235 ) ) ;
#3474 =( LENGTH_UNIT ( ) NAMED_UNIT ( * ) SI_UNIT ( .MILLI., .METRE. ) );
#3475 = EDGE_LOOP ( 'NONE', ( #4557, #1013, #5407, #422 ) ) ;
#3476 = CARTESIAN_POINT ( 'NONE',  ( 3.795841459810090246, 0.9999999999999995559, -1.784070581613204975 ) ) ;
#3477 = EDGE_CURVE ( 'NONE', #4676, #5795, #4416, .T. ) ;
#3478 = CARTESIAN_POINT ( 'NONE',  ( 3.601038384305847107, 0.9799999999999999822, -2.727434289677254320 ) ) ;
#3479 = LINE ( 'NONE', #5175, #5768 ) ;
#3480 = ORIENTED_EDGE ( 'NONE', *, *, #4142, .F. ) ;
#3481 = FACE_OUTER_BOUND ( 'NONE', #1393, .T. ) ;
#3482 = CYLINDRICAL_SURFACE ( 'NONE', #6646, 0.6999999999999992895 ) ;
#3483 = CARTESIAN_POINT ( 'NONE',  ( 0.7187604997886961611, 0.9799999999999995381, -1.500218044030600106 ) ) ;
#3484 = DIRECTION ( 'NONE',  ( 0.000000000000000000, 0.000000000000000000, 1.000000000000000000 ) ) ;
#3485 = SURFACE_STYLE_FILL_AREA ( #3025 ) ;
#3486 = CARTESIAN_POINT ( 'NONE',  ( 3.288985822571885542, 0.9799999999999999822, -1.753151310834536236 ) ) ;
#3487 = PRESENTATION_STYLE_ASSIGNMENT (( #1798 ) ) ;
#3488 = CARTESIAN_POINT ( 'NONE',  ( -1.265671631357701221, 1.000000000000000000, -2.102740203373589356 ) ) ;
#3489 = CARTESIAN_POINT ( 'NONE',  ( 3.712072160616373573, 1.000000000000000222, -2.475503173355745545 ) ) ;
#3490 = ORIENTED_EDGE ( 'NONE', *, *, #42, .T. ) ;
#3491 = UNCERTAINTY_MEASURE_WITH_UNIT (LENGTH_MEASURE( 1.000000000000000082E-05 ), #2222, 'distance_accuracy_value', 'NONE');
#3492 = CARTESIAN_POINT ( 'NONE',  ( 3.514976087202323907, 1.000000000000000222, -1.469442336939116966 ) ) ;
#3493 = CARTESIAN_POINT ( 'NONE',  ( 0.000000000000000000, 0.000000000000000000, 7.530000000000002025 ) ) ;
#3494 = DIRECTION ( 'NONE',  ( 0.000000000000000000, 0.000000000000000000, 1.000000000000000000 ) ) ;
#3495 = EDGE_CURVE ( 'NONE', #1851, #1497, #1574, .T. ) ;
#3496 = LINE ( 'NONE', #2852, #3449 ) ;
#3497 = SURFACE_SIDE_STYLE ('',( #5713 ) ) ;
#3498 = DIRECTION ( 'NONE',  ( -1.000000000000000000, 0.000000000000000000, 0.000000000000000000 ) ) ;
#3499 = CARTESIAN_POINT ( 'NONE',  ( -1.070166415563106543, 0.9800000000000002043, -2.265862051891942563 ) ) ;
#3500 = VERTEX_POINT ( 'NONE', #2805 ) ;
#3501 = CLOSED_SHELL ( 'NONE', ( #2442, #2770, #3915, #7148, #5542, #5318, #851, #1905, #5128, #866, #1518, #5176, #2360, #5402, #6516, #875, #4914, #1436, #1070, #2864, #3375, #4757, #6129, #1195, #3321, #2014, #103, #3676, #507, #6363, #5652, #7163, #4716, #6040, #2786, #2386, #6461, #6179, #4363, #6754, #4202, #7091, #5802, #2161, #1298, #582, #6745, #1596, #5261, #3366, #3151, #226, #5760, #7055, #4886, #490, #2633, #5429, #13, #5719, #1415, #4422, #2526, #5574, #5150, #1272, #5886, #427, #6105, #2590, #3835, #2998, #3981, #4010, #2616, #1084, #6168, #4926, #2287, #2539, #6678, #1361, #4184, #269, #2116, #1336, #6321, #2938, #176, #1820, #3047, #1765, #2408, #5512, #383, #3899, #3804, #940, #2269, #2400, #6995, #3513, #690, #6160, #51, #5409, #4306, #6721, #6194, #2809, #1980, #3903, #896, #5188, #6623, #336, #2434, #1055, #3754, #3795, #6268, #3229, #1345, #445, #5685, #3201, #1806, #3609, #2845, #5136, #5665, #2745, #6868, #371, #4099, #6496, #2876, #5018, #912 ) ) ;
#3502 = FILL_AREA_STYLE ('',( #5656 ) ) ;
#3503 = MECHANICAL_DESIGN_GEOMETRIC_PRESENTATION_REPRESENTATION (  '', ( #6879 ), #3736 ) ;
#3504 =( NAMED_UNIT ( * ) SI_UNIT ( $, .STERADIAN. ) SOLID_ANGLE_UNIT ( ) );
#3505 = CARTESIAN_POINT ( 'NONE',  ( 1.310633268986746591, 0.9800000000000002043, -2.307893310465048309 ) ) ;
#3506 = AXIS2_PLACEMENT_3D ( 'NONE', #2059, #2630, #298 ) ;
#3507 = VERTEX_POINT ( 'NONE', #6735 ) ;
#3508 = STYLED_ITEM ( 'NONE', ( #1770 ), #4184 ) ;
#3509 = STYLED_ITEM ( 'NONE', ( #478 ), #1436 ) ;
#3510 = ORIENTED_EDGE ( 'NONE', *, *, #4340, .F. ) ;
#3511 =( NAMED_UNIT ( * ) SI_UNIT ( $, .STERADIAN. ) SOLID_ANGLE_UNIT ( ) );
#3512 = UNCERTAINTY_MEASURE_WITH_UNIT (LENGTH_MEASURE( 1.000000000000000082E-05 ), #3922, 'distance_accuracy_value', 'NONE');
#3513 = ADVANCED_FACE ( 'NONE', ( #3404 ), #6696, .T. ) ;
#3514 =( LENGTH_UNIT ( ) NAMED_UNIT ( * ) SI_UNIT ( .MILLI., .METRE. ) );
#3515 = CARTESIAN_POINT ( 'NONE',  ( 3.675642829916731635, 0.9799999999999997602, -2.716866357621625205 ) ) ;
#3516 = CARTESIAN_POINT ( 'NONE',  ( 2.913453638848031879, 0.9800000000000002043, -1.897837002926723526 ) ) ;
#3517 = MECHANICAL_DESIGN_GEOMETRIC_PRESENTATION_REPRESENTATION (  '', ( #3636 ), #2451 ) ;
#3518 = LINE ( 'NONE', #1254, #5885 ) ;
#3519 = AXIS2_PLACEMENT_3D ( 'NONE', #1420, #3241, #1003 ) ;
#3520 = FACE_BOUND ( 'NONE', #2497, .T. ) ;
#3521 = CARTESIAN_POINT ( 'NONE',  ( 2.882034176499216560, 1.000000000000000222, -2.164244895472430041 ) ) ;
#3522 = CARTESIAN_POINT ( 'NONE',  ( -1.249999999999999778, 0.02000000000000000042, -3.829999999999997851 ) ) ;
#3523 = CARTESIAN_POINT ( 'NONE',  ( -1.415834435816005987, 0.9999999999999997780, -2.664243873743646684 ) ) ;
#3524 = CARTESIAN_POINT ( 'NONE',  ( -1.265528724264681770, 0.9800000000000002043, -2.076760214500665835 ) ) ;
#3525 = CARTESIAN_POINT ( 'NONE',  ( -4.219999999999998863, 2.250000000000000000, 2.130000000000001670 ) ) ;
#3526 = ORIENTED_EDGE ( 'NONE', *, *, #2416, .F. ) ;
#3527 = VERTEX_POINT ( 'NONE', #5558 ) ;
#3528 = EDGE_CURVE ( 'NONE', #1206, #7056, #497, .T. ) ;
#3529 = DIRECTION ( 'NONE',  ( -1.000000000000000000, 0.000000000000000000, 0.000000000000000000 ) ) ;
#3530 = CARTESIAN_POINT ( 'NONE',  ( 0.7219133078513984003, 0.9799999999999999822, -2.699566196571411503 ) ) ;
#3531 = SURFACE_STYLE_FILL_AREA ( #1882 ) ;
#3532 = STYLED_ITEM ( 'NONE', ( #882 ), #5512 ) ;
#3533 = ORIENTED_EDGE ( 'NONE', *, *, #5754, .T. ) ;
#3534 = CARTESIAN_POINT ( 'NONE',  ( 3.817067307692307843, 1.000000000000000000, -2.674038461538461586 ) ) ;
#3535 = SURFACE_STYLE_USAGE ( .BOTH. , #5827 ) ;
#3536 = ORIENTED_EDGE ( 'NONE', *, *, #5914, .F. ) ;
#3537 = VECTOR ( 'NONE', #1137, 1000.000000000000000 ) ;
#3538 =( NAMED_UNIT ( * ) PLANE_ANGLE_UNIT ( ) SI_UNIT ( $, .RADIAN. ) );
#3539 = CARTESIAN_POINT ( 'NONE',  ( 2.019230769230768718, 0.9799999999999999822, -2.176923076923077183 ) ) ;
#3540 = DIRECTION ( 'NONE',  ( -0.000000000000000000, -1.000000000000000000, -0.000000000000000000 ) ) ;
#3541 = SURFACE_SIDE_STYLE ('',( #6830 ) ) ;
#3542 = ORIENTED_EDGE ( 'NONE', *, *, #2601, .F. ) ;
#3543 = CARTESIAN_POINT ( 'NONE',  ( 2.882034176499216560, 0.9800000000000002043, -2.164244895472430041 ) ) ;
#3544 = CARTESIAN_POINT ( 'NONE',  ( 3.149999999999998135, 2.799999999999999822, 2.130000000000001670 ) ) ;
#3545 = VERTEX_POINT ( 'NONE', #3365 ) ;
#3546 = FILL_AREA_STYLE ('',( #5693 ) ) ;
#3547 = CARTESIAN_POINT ( 'NONE',  ( -1.706250000000000266, 1.000000000000000000, -2.484615384615384670 ) ) ;
#3548 = CARTESIAN_POINT ( 'NONE',  ( 3.866183066568298798, 0.9800000000000002043, -2.366043932528768767 ) ) ;
#3549 = ORIENTED_EDGE ( 'NONE', *, *, #4999, .F. ) ;
#3550 = DIRECTION ( 'NONE',  ( 1.000000000000000000, 0.000000000000000000, 0.000000000000000000 ) ) ;
#3551 = EDGE_CURVE ( 'NONE', #3100, #4617, #7203, .T. ) ;
#3552 = PRESENTATION_STYLE_ASSIGNMENT (( #1320 ) ) ;
#3553 = CARTESIAN_POINT ( 'NONE',  ( 2.941658102974963551, 1.000000000000000444, -2.380354410105990581 ) ) ;
#3554 = CARTESIAN_POINT ( 'NONE',  ( 1.819230769230768985, 0.9799999999999999822, -1.976923076923077005 ) ) ;
#3555 = PRESENTATION_LAYER_ASSIGNMENT (  '', '', ( #3313 ) ) ;
#3556 = CARTESIAN_POINT ( 'NONE',  ( 3.489575181987176755, 0.9799999999999999822, -1.685682855362241828 ) ) ;
#3557 = PLANE ( 'NONE',  #3454 ) ;
#3558 =( NAMED_UNIT ( * ) SI_UNIT ( $, .STERADIAN. ) SOLID_ANGLE_UNIT ( ) );
#3559 = ORIENTED_EDGE ( 'NONE', *, *, #6431, .F. ) ;
#3560 = ORIENTED_EDGE ( 'NONE', *, *, #4450, .F. ) ;
#3561 = VECTOR ( 'NONE', #215, 1000.000000000000000 ) ;
#3562 = CARTESIAN_POINT ( 'NONE',  ( 2.913453638848031879, 1.000000000000000444, -1.897837002926723526 ) ) ;
#3563 = PRESENTATION_LAYER_ASSIGNMENT (  '', '', ( #6360 ) ) ;
#3564 = CARTESIAN_POINT ( 'NONE',  ( 1.216220402062044847, 0.9799999999999999822, -2.492125098472680378 ) ) ;
#3565 = CARTESIAN_POINT ( 'NONE',  ( 2.019230769230768718, 0.9799999999999999822, -2.469230769230769784 ) ) ;
#3566 = PRESENTATION_LAYER_ASSIGNMENT (  '', '', ( #5098 ) ) ;
#3567 = AXIS2_PLACEMENT_3D ( 'NONE', #3939, #4500, #4459 ) ;
#3568 = FILL_AREA_STYLE_COLOUR ( '', #401 ) ;
#3569 = EDGE_CURVE ( 'NONE', #895, #2723, #6340, .T. ) ;
#3570 = ORIENTED_EDGE ( 'NONE', *, *, #3873, .T. ) ;
#3571 = DIRECTION ( 'NONE',  ( -0.000000000000000000, 1.000000000000000000, -0.000000000000000000 ) ) ;
#3572 =( LENGTH_UNIT ( ) NAMED_UNIT ( * ) SI_UNIT ( .MILLI., .METRE. ) );
#3573 = PRESENTATION_STYLE_ASSIGNMENT (( #2363 ) ) ;
#3574 = VECTOR ( 'NONE', #3327, 1000.000000000000000 ) ;
#3575 =( NAMED_UNIT ( * ) PLANE_ANGLE_UNIT ( ) SI_UNIT ( $, .RADIAN. ) );
#3576 = CIRCLE ( 'NONE', #1348, 0.5000000000000004441 ) ;
#3577 = ORIENTED_EDGE ( 'NONE', *, *, #6970, .T. ) ;
#3578 = CARTESIAN_POINT ( 'NONE',  ( 3.568672232051011584, 1.000000000000000444, -2.513784256426838226 ) ) ;
#3579 = CARTESIAN_POINT ( 'NONE',  ( 4.557692307692307487, 0.9799999999999999822, -1.615865384615384759 ) ) ;
#3580 = AXIS2_PLACEMENT_3D ( 'NONE', #5206, #6324, #6473 ) ;
#3581 = VECTOR ( 'NONE', #1601, 1000.000000000000000 ) ;
#3582 = CARTESIAN_POINT ( 'NONE',  ( 3.451454856899485613, 0.9799999999999997602, -2.727616496600647089 ) ) ;
#3583 = DIRECTION ( 'NONE',  ( 0.000000000000000000, 0.000000000000000000, -1.000000000000000000 ) ) ;
#3584 = FILL_AREA_STYLE ('',( #2863 ) ) ;
#3585 = EDGE_LOOP ( 'NONE', ( #4042, #2909, #4755, #3032 ) ) ;
#3586 = AXIS2_PLACEMENT_3D ( 'NONE', #1783, #1344, #6273 ) ;
#3587 = CARTESIAN_POINT ( 'NONE',  ( 0.7554772223352428373, 0.9799999999999997602, -1.715456319706018418 ) ) ;
#3588 = CARTESIAN_POINT ( 'NONE',  ( -1.265812767427822783, 0.9799999999999999822, -2.056539368774095600 ) ) ;
#3589 = ORIENTED_EDGE ( 'NONE', *, *, #2280, .T. ) ;
#3590 = CARTESIAN_POINT ( 'NONE',  ( 3.829223605039477896, 0.9799999999999997602, -1.825073511134189364 ) ) ;
#3591 = EDGE_CURVE ( 'NONE', #2759, #3405, #6145, .T. ) ;
#3592 = FILL_AREA_STYLE_COLOUR ( '', #499 ) ;
#3593 = AXIS2_PLACEMENT_3D ( 'NONE', #5884, #1837, #4077 ) ;
#3594 = ORIENTED_EDGE ( 'NONE', *, *, #729, .F. ) ;
#3595 = EDGE_LOOP ( 'NONE', ( #6980, #2017, #5916, #3975 ) ) ;
#3596 = CARTESIAN_POINT ( 'NONE',  ( 3.750000000000000000, 0.02000000000000000042, -3.829999999999998739 ) ) ;
#3597 = LINE ( 'NONE', #3024, #5425 ) ;
#3598 = PLANE ( 'NONE',  #941 ) ;
#3599 = EDGE_CURVE ( 'NONE', #3527, #3280, #1753, .T. ) ;
#3600 = CARTESIAN_POINT ( 'NONE',  ( -3.750000000000000444, 0.9799999999999999822, -1.847596153846154055 ) ) ;
#3601 = FILL_AREA_STYLE_COLOUR ( '', #5534 ) ;
#3602 = EDGE_LOOP ( 'NONE', ( #4653, #6891, #969, #533 ) ) ;
#3603 = EDGE_LOOP ( 'NONE', ( #3361, #3064 ) ) ;
#3604 = DIRECTION ( 'NONE',  ( 1.000000000000000000, 2.065146995210484695E-16, 0.000000000000000000 ) ) ;
#3605 = CARTESIAN_POINT ( 'NONE',  ( 1.260180746335662239, 0.9999999999999995559, -2.424243654629552935 ) ) ;
#3606 = DIRECTION ( 'NONE',  ( 0.000000000000000000, 0.000000000000000000, 1.000000000000000000 ) ) ;
#3607 = LINE ( 'NONE', #4724, #5180 ) ;
#3608 = FACE_OUTER_BOUND ( 'NONE', #3296, .T. ) ;
#3609 = ADVANCED_FACE ( 'NONE', ( #4635 ), #4708, .T. ) ;
#3610 = EDGE_LOOP ( 'NONE', ( #780, #1471, #6402, #5761, #4160, #5347 ) ) ;
#3611 = LINE ( 'NONE', #5900, #6006 ) ;
#3612 = CARTESIAN_POINT ( 'NONE',  ( 0.6038461538461535882, 1.000000000000000000, -1.715384615384615508 ) ) ;
#3613 = SURFACE_STYLE_FILL_AREA ( #697 ) ;
#3614 = FILL_AREA_STYLE ('',( #6345 ) ) ;
#3615 = ORIENTED_EDGE ( 'NONE', *, *, #6379, .F. ) ;
#3616 = CARTESIAN_POINT ( 'NONE',  ( -3.750000000000000444, 0.9799999999999999822, -1.847596153846154055 ) ) ;
#3617 = CARTESIAN_POINT ( 'NONE',  ( -3.854086538461539035, 1.000000000000000000, -1.500000000000000222 ) ) ;
#3618 = CARTESIAN_POINT ( 'NONE',  ( 0.8873207699266084658, 0.9999999999999986677, -1.729008137715551063 ) ) ;
#3619 = PRESENTATION_LAYER_ASSIGNMENT (  '', '', ( #5838 ) ) ;
#3620 = EDGE_LOOP ( 'NONE', ( #600, #5182, #1984, #350 ) ) ;
#3621 = EDGE_CURVE ( 'NONE', #6815, #4269, #3518, .T. ) ;
#3622 =( GEOMETRIC_REPRESENTATION_CONTEXT ( 3 ) GLOBAL_UNCERTAINTY_ASSIGNED_CONTEXT ( ( #7087 ) ) GLOBAL_UNIT_ASSIGNED_CONTEXT ( ( #6635, #1510, #2742 ) ) REPRESENTATION_CONTEXT ( 'NONE', 'WORKASPACE' ) );
#3623 = CARTESIAN_POINT ( 'NONE',  ( -1.455994435771405859, 0.9999999999999997780, -1.742614867231111031 ) ) ;
#3624 = VERTEX_POINT ( 'NONE', #1353 ) ;
#3625 = CARTESIAN_POINT ( 'NONE',  ( 3.544478259315943625, 1.000000000000000222, -1.684704375627027462 ) ) ;
#3626 = CARTESIAN_POINT ( 'NONE',  ( 4.401056407918956026, 0.9800000000000002043, -1.485941795292988088 ) ) ;
#3627 = CIRCLE ( 'NONE', #3739, 0.7000000000000005107 ) ;
#3628 = DIRECTION ( 'NONE',  ( -2.065146995210484695E-16, 1.000000000000000000, 0.000000000000000000 ) ) ;
#3629 = LINE ( 'NONE', #4785, #5319 ) ;
#3630 = ORIENTED_EDGE ( 'NONE', *, *, #285, .T. ) ;
#3631 = VECTOR ( 'NONE', #6266, 1000.000000000000000 ) ;
#3632 = EDGE_CURVE ( 'NONE', #301, #6621, #79, .T. ) ;
#3633 = DIRECTION ( 'NONE',  ( 2.891205793294678326E-16, -1.000000000000000000, 0.000000000000000000 ) ) ;
#3634 = PLANE ( 'NONE',  #3384 ) ;
#3635 = FACE_OUTER_BOUND ( 'NONE', #3089, .T. ) ;
#3636 = STYLED_ITEM ( 'NONE', ( #6079 ), #4099 ) ;
#3637 = CARTESIAN_POINT ( 'NONE',  ( -3.750000000000000000, 0.000000000000000000, -5.229999999999997762 ) ) ;
#3638 = DIRECTION ( 'NONE',  ( -0.000000000000000000, 0.000000000000000000, -1.000000000000000000 ) ) ;
#3639 = VERTEX_POINT ( 'NONE', #4003 ) ;
#3640 = ORIENTED_EDGE ( 'NONE', *, *, #1964, .T. ) ;
#3641 = COLOUR_RGB ( '',0.8980392156862745390, 0.8980392156862745390, 0.8980392156862745390 ) ;
#3642 = UNCERTAINTY_MEASURE_WITH_UNIT (LENGTH_MEASURE( 1.000000000000000082E-05 ), #4982, 'distance_accuracy_value', 'NONE');
#3643 = CARTESIAN_POINT ( 'NONE',  ( 4.095638615270651428, 1.000000000000000222, -1.871314592660197951 ) ) ;
#3644 = SURFACE_STYLE_FILL_AREA ( #5749 ) ;
#3645 =( NAMED_UNIT ( * ) PLANE_ANGLE_UNIT ( ) SI_UNIT ( $, .RADIAN. ) );
#3646 = CARTESIAN_POINT ( 'NONE',  ( 3.283875800996220562, 1.000000000000000222, -2.690994328447260830 ) ) ;
#3647 = STYLED_ITEM ( 'NONE', ( #4129 ), #5188 ) ;
#3648 = FILL_AREA_STYLE_COLOUR ( '', #5324 ) ;
#3649 = CARTESIAN_POINT ( 'NONE',  ( 3.712035363191839910, 1.000000000000000444, -2.709046762665793029 ) ) ;
#3650 = FACE_OUTER_BOUND ( 'NONE', #4531, .T. ) ;
#3651 = VERTEX_POINT ( 'NONE', #2340 ) ;
#3652 = FILL_AREA_STYLE ('',( #5299 ) ) ;
#3653 = EDGE_CURVE ( 'NONE', #4746, #6815, #3479, .T. ) ;
#3654 = CIRCLE ( 'NONE', #3768, 0.7000000000000005107 ) ;
#3655 = DIRECTION ( 'NONE',  ( -0.000000000000000000, -0.000000000000000000, 1.000000000000000000 ) ) ;
#3656 = CARTESIAN_POINT ( 'NONE',  ( 3.249999999999999556, 2.250000000000000444, 7.530000000000002025 ) ) ;
#3657 = CARTESIAN_POINT ( 'NONE',  ( 3.750000000000000000, 1.000000000000000000, -4.529999999999998472 ) ) ;
#3658 = DIRECTION ( 'NONE',  ( 0.000000000000000000, 4.428871259530664556E-13, 1.000000000000000000 ) ) ;
#3659 = CARTESIAN_POINT ( 'NONE',  ( 0.7219133078513984003, 0.9799999999999999822, -2.699566196571411503 ) ) ;
#3660 =( GEOMETRIC_REPRESENTATION_CONTEXT ( 3 ) GLOBAL_UNCERTAINTY_ASSIGNED_CONTEXT ( ( #3491 ) ) GLOBAL_UNIT_ASSIGNED_CONTEXT ( ( #2222, #4511, #4400 ) ) REPRESENTATION_CONTEXT ( 'NONE', 'WORKASPACE' ) );
#3661 = ORIENTED_EDGE ( 'NONE', *, *, #5872, .T. ) ;
#3662 = CARTESIAN_POINT ( 'NONE',  ( -1.621622414588394623, 1.000000000000000000, -1.501794183810177152 ) ) ;
#3663 = CARTESIAN_POINT ( 'NONE',  ( -1.265528724264681770, 0.9800000000000002043, -2.076760214500665835 ) ) ;
#3664 = ORIENTED_EDGE ( 'NONE', *, *, #3124, .T. ) ;
#3665 = LINE ( 'NONE', #5878, #6323 ) ;
#3666 = EDGE_CURVE ( 'NONE', #1718, #413, #5421, .T. ) ;
#3667 = SURFACE_SIDE_STYLE ('',( #5312 ) ) ;
#3668 = ORIENTED_EDGE ( 'NONE', *, *, #4351, .T. ) ;
#3669 = ORIENTED_EDGE ( 'NONE', *, *, #7170, .F. ) ;
#3670 = ORIENTED_EDGE ( 'NONE', *, *, #3033, .F. ) ;
#3671 = LINE ( 'NONE', #3351, #4243 ) ;
#3672 = FILL_AREA_STYLE ('',( #191 ) ) ;
#3673 = SURFACE_SIDE_STYLE ('',( #3137 ) ) ;
#3674 = CARTESIAN_POINT ( 'NONE',  ( 4.426923076923076295, 1.000000000000000000, -1.746153846153846390 ) ) ;
#3675 = CARTESIAN_POINT ( 'NONE',  ( 4.557692307692307487, 1.000000000000000000, -1.615865384615384759 ) ) ;
#3676 = ADVANCED_FACE ( 'NONE', ( #3801, #4908 ), #1594, .F. ) ;
#3677 = CARTESIAN_POINT ( 'NONE',  ( 0.9340026560987634285, 1.000000000000000000, -2.675556189337490842 ) ) ;
#3678 = CARTESIAN_POINT ( 'NONE',  ( 4.500000000000000000, 4.000000000000000000, 0.1300000000000016420 ) ) ;
#3679 = ORIENTED_EDGE ( 'NONE', *, *, #5726, .T. ) ;
#3680 = VERTEX_POINT ( 'NONE', #6572 ) ;
#3681 = VECTOR ( 'NONE', #2423, 1000.000000000000000 ) ;
#3682 = CARTESIAN_POINT ( 'NONE',  ( 3.952343392855576898, 1.000000000000000222, -1.636143998798361254 ) ) ;
#3683 = CARTESIAN_POINT ( 'NONE',  ( 0.8362677299024783295, 0.9799999999999999822, -2.691390507887257311 ) ) ;
#3684 = CARTESIAN_POINT ( 'NONE',  ( -2.003846153846154277, 0.9799999999999999822, -2.700000000000000178 ) ) ;
#3685 = CARTESIAN_POINT ( 'NONE',  ( -1.688129954912664710, 1.000000000000000444, -2.484380434381103786 ) ) ;
#3686 = CARTESIAN_POINT ( 'NONE',  ( 3.096510350390524025, 1.000000000000000000, -2.120213133835288311 ) ) ;
#3687 = MECHANICAL_DESIGN_GEOMETRIC_PRESENTATION_REPRESENTATION (  '', ( #7058 ), #733 ) ;
#3688 =( NAMED_UNIT ( * ) SI_UNIT ( $, .STERADIAN. ) SOLID_ANGLE_UNIT ( ) );
#3689 = DIRECTION ( 'NONE',  ( 1.000000000000000000, 0.000000000000000000, 0.000000000000000000 ) ) ;
#3690 = CARTESIAN_POINT ( 'NONE',  ( -3.249999999999999112, 1.279999999999999805, 7.530000000000002025 ) ) ;
#3691 = CARTESIAN_POINT ( 'NONE',  ( -1.653030056394481528, 0.9799999999999997602, -2.483925317998095572 ) ) ;
#3692 = COLOUR_RGB ( '',1.000000000000000000, 1.000000000000000000, 1.000000000000000000 ) ;
#3693 = CARTESIAN_POINT ( 'NONE',  ( 4.477470546144165731, 1.000000000000000000, -1.737734094882776414 ) ) ;
#3694 = CARTESIAN_POINT ( 'NONE',  ( 3.315716193979083126, 1.000000000000000000, -2.701467339603667916 ) ) ;
#3695 = CARTESIAN_POINT ( 'NONE',  ( 1.819230769230768985, 0.9799999999999999822, -2.469230769230769784 ) ) ;
#3696 = CIRCLE ( 'NONE', #508, 0.9699999999999999734 ) ;
#3697 = CARTESIAN_POINT ( 'NONE',  ( 3.834607329272061271, 0.9999999999999997780, -1.543799826820522636 ) ) ;
#3698 = AXIS2_PLACEMENT_3D ( 'NONE', #5861, #1924, #6378 ) ;
#3699 = CARTESIAN_POINT ( 'NONE',  ( 1.079636577748751991, 0.9800000000000002043, -1.874776987338887313 ) ) ;
#3700 = EDGE_CURVE ( 'NONE', #7094, #4787, #3629, .T. ) ;
#3701 = AXIS2_PLACEMENT_3D ( 'NONE', #5514, #486, #2755 ) ;
#3702 = DIRECTION ( 'NONE',  ( 0.000000000000000000, 0.000000000000000000, 1.000000000000000000 ) ) ;
#3703 = CARTESIAN_POINT ( 'NONE',  ( -1.367032173875429191, 0.9799999999999999822, -1.800847901605126866 ) ) ;
#3704 = VERTEX_POINT ( 'NONE', #3840 ) ;
#3705 = CARTESIAN_POINT ( 'NONE',  ( 4.297396182817280419, 0.9800000000000002043, -1.589890280025808567 ) ) ;
#3706 = ORIENTED_EDGE ( 'NONE', *, *, #6302, .T. ) ;
#3707 = EDGE_CURVE ( 'NONE', #895, #6937, #2179, .T. ) ;
#3708 = FILL_AREA_STYLE_COLOUR ( '', #1290 ) ;
#3709 = FACE_OUTER_BOUND ( 'NONE', #2127, .T. ) ;
#3710 = CARTESIAN_POINT ( 'NONE',  ( 1.342307692307692202, 1.000000000000000000, -2.083173076923077183 ) ) ;
#3711 = FILL_AREA_STYLE_COLOUR ( '', #3073 ) ;
#3712 = ORIENTED_EDGE ( 'NONE', *, *, #4393, .F. ) ;
#3713 = CARTESIAN_POINT ( 'NONE',  ( 4.024793201538703791, 0.9999999999999993339, -1.727713067907229449 ) ) ;
#3714 = EDGE_CURVE ( 'NONE', #1826, #6335, #1453, .T. ) ;
#3715 = CARTESIAN_POINT ( 'NONE',  ( -1.706250000000000266, 0.9799999999999999822, -2.484615384615384670 ) ) ;
#3716 = LINE ( 'NONE', #906, #5282 ) ;
#3717 = CARTESIAN_POINT ( 'NONE',  ( 4.297404378988376017, 1.000000000000000000, -1.641836481659772584 ) ) ;
#3718 = SURFACE_STYLE_FILL_AREA ( #6381 ) ;
#3719 = DIRECTION ( 'NONE',  ( -0.000000000000000000, -1.000000000000000000, -0.000000000000000000 ) ) ;
#3720 = FILL_AREA_STYLE_COLOUR ( '', #3692 ) ;
#3721 = CARTESIAN_POINT ( 'NONE',  ( -2.003846153846154277, 0.9799999999999999822, -1.500000000000000222 ) ) ;
#3722 = CARTESIAN_POINT ( 'NONE',  ( 4.435617898473936727, 0.9799999999999999822, -1.745677129972541985 ) ) ;
#3723 = EDGE_CURVE ( 'NONE', #4394, #5609, #5465, .T. ) ;
#3724 = DIRECTION ( 'NONE',  ( -0.000000000000000000, 0.000000000000000000, 1.000000000000000000 ) ) ;
#3725 = SURFACE_STYLE_FILL_AREA ( #2041 ) ;
#3726 = EDGE_LOOP ( 'NONE', ( #1, #568 ) ) ;
#3727 = CARTESIAN_POINT ( 'NONE',  ( 3.530288461538461764, 0.9999999999999995559, -1.469230769230769562 ) ) ;
#3728 = CARTESIAN_POINT ( 'NONE',  ( 1.124425299580950943, 0.9799999999999999822, -2.026821772455061677 ) ) ;
#3729 = CARTESIAN_POINT ( 'NONE',  ( 0.8872473838947498859, 0.9799999999999997602, -2.684574988228274783 ) ) ;
#3730 = CARTESIAN_POINT ( 'NONE',  ( -1.312671114558940699, 0.9800000000000002043, -1.874776987338887313 ) ) ;
#3731 = ORIENTED_EDGE ( 'NONE', *, *, #2648, .T. ) ;
#3732 = CARTESIAN_POINT ( 'NONE',  ( 1.022753106323708749, 1.000000000000000222, -2.379294192103029726 ) ) ;
#3733 = CARTESIAN_POINT ( 'NONE',  ( 3.247935617625323790, 1.000000000000000444, -2.424391970406647889 ) ) ;
#3734 = ORIENTED_EDGE ( 'NONE', *, *, #2709, .T. ) ;
#3735 = SURFACE_STYLE_FILL_AREA ( #2084 ) ;
#3736 =( GEOMETRIC_REPRESENTATION_CONTEXT ( 3 ) GLOBAL_UNCERTAINTY_ASSIGNED_CONTEXT ( ( #7018 ) ) GLOBAL_UNIT_ASSIGNED_CONTEXT ( ( #5809, #6284, #5736 ) ) REPRESENTATION_CONTEXT ( 'NONE', 'WORKASPACE' ) );
#3737 = EDGE_CURVE ( 'NONE', #6218, #1362, #4973, .T. ) ;
#3738 = SURFACE_STYLE_USAGE ( .BOTH. , #2086 ) ;
#3739 = AXIS2_PLACEMENT_3D ( 'NONE', #5214, #6877, #1289 ) ;
#3740 =( LENGTH_UNIT ( ) NAMED_UNIT ( * ) SI_UNIT ( .MILLI., .METRE. ) );
#3741 = UNCERTAINTY_MEASURE_WITH_UNIT (LENGTH_MEASURE( 1.000000000000000082E-05 ), #1035, 'distance_accuracy_value', 'NONE');
#3742 = CARTESIAN_POINT ( 'NONE',  ( -1.050000000000000044, 1.000000000000000000, -2.083173076923077183 ) ) ;
#3743 =( GEOMETRIC_REPRESENTATION_CONTEXT ( 3 ) GLOBAL_UNCERTAINTY_ASSIGNED_CONTEXT ( ( #352 ) ) GLOBAL_UNIT_ASSIGNED_CONTEXT ( ( #617, #2885, #6262 ) ) REPRESENTATION_CONTEXT ( 'NONE', 'WORKASPACE' ) );
#3744 = CARTESIAN_POINT ( 'NONE',  ( 3.127322768662878616, 0.9799999999999997602, -1.943087819884633305 ) ) ;
#3745 = DIRECTION ( 'NONE',  ( -0.7071067811865475727, 0.000000000000000000, 0.7071067811865475727 ) ) ;
#3746 = ORIENTED_EDGE ( 'NONE', *, *, #5063, .F. ) ;
#3747 = CIRCLE ( 'NONE', #6538, 0.7000000000000005107 ) ;
#3748 = CARTESIAN_POINT ( 'NONE',  ( 1.126923076923076694, 1.000000000000000222, -2.087019230769231459 ) ) ;
#3749 =( NAMED_UNIT ( * ) PLANE_ANGLE_UNIT ( ) SI_UNIT ( $, .RADIAN. ) );
#3750 = CARTESIAN_POINT ( 'NONE',  ( 4.316926376772575402, 1.000000000000000444, -1.689057704615967825 ) ) ;
#3751 = STYLED_ITEM ( 'NONE', ( #1706 ), #2014 ) ;
#3752 =( NAMED_UNIT ( * ) SI_UNIT ( $, .STERADIAN. ) SOLID_ANGLE_UNIT ( ) );
#3753 = SURFACE_SIDE_STYLE ('',( #1505 ) ) ;
#3754 = ADVANCED_FACE ( 'NONE', ( #4432 ), #4194, .T. ) ;
#3755 = CIRCLE ( 'NONE', #6439, 0.5000000000000004441 ) ;
#3756 = CARTESIAN_POINT ( 'NONE',  ( 0.6038461538461535882, 0.9799999999999999822, -2.484615384615384670 ) ) ;
#3757 = MECHANICAL_DESIGN_GEOMETRIC_PRESENTATION_REPRESENTATION (  '', ( #1521 ), #4770 ) ;
#3758 = CARTESIAN_POINT ( 'NONE',  ( 3.249999999999999556, 1.280000000000000471, -8.655624622074400421 ) ) ;
#3759 = EDGE_CURVE ( 'NONE', #2759, #5559, #5611, .T. ) ;
#3760 = FILL_AREA_STYLE ('',( #6668 ) ) ;
#3761 = DIRECTION ( 'NONE',  ( -0.000000000000000000, 1.000000000000000000, -0.000000000000000000 ) ) ;
#3762 = STYLED_ITEM ( 'NONE', ( #5645 ), #5136 ) ;
#3763 = CARTESIAN_POINT ( 'NONE',  ( 3.149999999999998135, 2.200000000000000178, -8.655624622074400421 ) ) ;
#3764 = CARTESIAN_POINT ( 'NONE',  ( 3.801382807619412496, 0.9799999999999997602, -1.526278599990921414 ) ) ;
#3765 = CARTESIAN_POINT ( 'NONE',  ( 1.054230571285125428, 0.9799999999999997602, -1.834714841387226958 ) ) ;
#3766 = CARTESIAN_POINT ( 'NONE',  ( 1.166432926753109500, 0.9799999999999999822, -2.550161286182537346 ) ) ;
#3767 = B_SPLINE_CURVE_WITH_KNOTS ( 'NONE', 3,
 ( #5597, #5143, #1177, #574, #5531, #4567, #2279, #2737, #6701, #4537, #3448, #2241, #1689, #5673, #5005, #1723, #2768, #6141, #2205, #7209, #117, #4454, #648 ),
 .UNSPECIFIED., .F., .F.,
 ( 4, 1, 1, 1, 1, 1, 1, 1, 1, 1, 1, 1, 1, 1, 1, 1, 1, 1, 1, 1, 4 ),
 ( 0.000000000000000000, 0.06577294654616611114, 0.1294778953864831605, 0.1914300882723854180, 0.2524456684589037603, 0.3117869583861930805, 0.3688175499237479338, 0.4240915179529632928, 0.4784921057091159891, 0.5313937439562549381, 0.5820039702205108689, 0.6312012707438624526, 0.6795030077413394265, 0.7055613742938304789, 0.7352217229481217142, 0.7691324857524239889, 0.8068583199113333881, 0.8489297713697361303, 0.8951166613253597193, 0.9454698037689633905, 1.000000000000000000 ),
 .UNSPECIFIED. ) ;
#3768 = AXIS2_PLACEMENT_3D ( 'NONE', #5839, #7083, #3702 ) ;
#3769 = AXIS2_PLACEMENT_3D ( 'NONE', #1933, #665, #735 ) ;
#3770 = CARTESIAN_POINT ( 'NONE',  ( -1.050535556524811120, 1.000000000000000000, -2.060548449902598556 ) ) ;
#3771 = FACE_OUTER_BOUND ( 'NONE', #3031, .T. ) ;
#3772 = ORIENTED_EDGE ( 'NONE', *, *, #5350, .F. ) ;
#3773 = FACE_OUTER_BOUND ( 'NONE', #5549, .T. ) ;
#3774 = AXIS2_PLACEMENT_3D ( 'NONE', #1023, #4420, #7097 ) ;
#3775 = SURFACE_STYLE_FILL_AREA ( #1525 ) ;
#3776 = CARTESIAN_POINT ( 'NONE',  ( 3.638685180307983380, 0.9799999999999999822, -2.723207213417450312 ) ) ;
#3777 = ORIENTED_EDGE ( 'NONE', *, *, #144, .T. ) ;
#3778 = FILL_AREA_STYLE_COLOUR ( '', #5592 ) ;
#3779 = COLOUR_RGB ( '',1.000000000000000000, 1.000000000000000000, 1.000000000000000000 ) ;
#3780 = CARTESIAN_POINT ( 'NONE',  ( 4.435626191752527703, 0.9799999999999999822, -1.485065434931435613 ) ) ;
#3781 = CARTESIAN_POINT ( 'NONE',  ( 4.418226183373953120, 0.9799999999999999822, -1.745680819895521818 ) ) ;
#3782 = DIRECTION ( 'NONE',  ( 1.000000000000000000, 0.000000000000000000, 0.000000000000000000 ) ) ;
#3783 = PRESENTATION_STYLE_ASSIGNMENT (( #1495 ) ) ;
#3784 = EDGE_CURVE ( 'NONE', #6608, #5289, #517, .T. ) ;
#3785 = ORIENTED_EDGE ( 'NONE', *, *, #3621, .F. ) ;
#3786 = SURFACE_STYLE_USAGE ( .BOTH. , #2128 ) ;
#3787 = CARTESIAN_POINT ( 'NONE',  ( -3.440865384615384936, 1.000000000000000000, -2.700000000000000178 ) ) ;
#3788 = CARTESIAN_POINT ( 'NONE',  ( 4.353843200736656982, 1.000000000000000000, -1.725232173164926497 ) ) ;
#3789 = LINE ( 'NONE', #989, #4880 ) ;
#3790 = CARTESIAN_POINT ( 'NONE',  ( 4.557692307692307487, 0.9799999999999999822, -1.615865384615384759 ) ) ;
#3791 = DIRECTION ( 'NONE',  ( 0.000000000000000000, 0.000000000000000000, 1.000000000000000000 ) ) ;
#3792 = DIRECTION ( 'NONE',  ( -1.000000000000000000, 0.000000000000000000, 0.000000000000000000 ) ) ;
#3793 = DIRECTION ( 'NONE',  ( -0.9401119274096557676, 0.000000000000000000, -0.3408659031673633155 ) ) ;
#3794 = DIRECTION ( 'NONE',  ( -0.7223872738535683791, 0.000000000000000000, 0.6914887031430155817 ) ) ;
#3795 = ADVANCED_FACE ( 'NONE', ( #1118 ), #702, .T. ) ;
#3796 = DIRECTION ( 'NONE',  ( 0.000000000000000000, 0.000000000000000000, -1.000000000000000000 ) ) ;
#3797 = DIRECTION ( 'NONE',  ( -0.000000000000000000, -1.000000000000000000, 0.000000000000000000 ) ) ;
#3798 = ORIENTED_EDGE ( 'NONE', *, *, #4043, .F. ) ;
#3799 = CARTESIAN_POINT ( 'NONE',  ( 4.126274822465781256, 0.9800000000000002043, -2.024756300589606539 ) ) ;
#3800 = CARTESIAN_POINT ( 'NONE',  ( 1.126494924879869020, 0.9799999999999999822, -2.056539368774095600 ) ) ;
#3801 = FACE_BOUND ( 'NONE', #5192, .T. ) ;
#3802 = ORIENTED_EDGE ( 'NONE', *, *, #2192, .T. ) ;
#3803 = COLOUR_RGB ( '',1.000000000000000000, 1.000000000000000000, 1.000000000000000000 ) ;
#3804 = ADVANCED_FACE ( 'NONE', ( #3650 ), #6385, .T. ) ;
#3805 =( NAMED_UNIT ( * ) SI_UNIT ( $, .STERADIAN. ) SOLID_ANGLE_UNIT ( ) );
#3806 =( GEOMETRIC_REPRESENTATION_CONTEXT ( 3 ) GLOBAL_UNCERTAINTY_ASSIGNED_CONTEXT ( ( #5766 ) ) GLOBAL_UNIT_ASSIGNED_CONTEXT ( ( #6287, #1357, #6990 ) ) REPRESENTATION_CONTEXT ( 'NONE', 'WORKASPACE' ) );
#3807 = CARTESIAN_POINT ( 'NONE',  ( 3.474762363556442857, 0.9799999999999999822, -2.514268152344190987 ) ) ;
#3808 = VERTEX_POINT ( 'NONE', #6927 ) ;
#3809 = CARTESIAN_POINT ( 'NONE',  ( 4.500000000000000000, 2.250000000000000444, 0.1300000000000016420 ) ) ;
#3810 = UNCERTAINTY_MEASURE_WITH_UNIT (LENGTH_MEASURE( 1.000000000000000082E-05 ), #790, 'distance_accuracy_value', 'NONE');
#3811 = CARTESIAN_POINT ( 'NONE',  ( -1.732451923076923306, 1.000000000000000000, -2.700000000000000178 ) ) ;
#3812 = PRESENTATION_LAYER_ASSIGNMENT (  '', '', ( #4875 ) ) ;
#3813 = VERTEX_POINT ( 'NONE', #5191 ) ;
#3814 = CARTESIAN_POINT ( 'NONE',  ( -2.003846153846154277, 0.9799999999999999822, -1.500000000000000222 ) ) ;
#3815 = EDGE_CURVE ( 'NONE', #2411, #1898, #2540, .T. ) ;
#3816 = CARTESIAN_POINT ( 'NONE',  ( -1.292950469751111386, 0.9799999999999999822, -2.259370600705898902 ) ) ;
#3817 = ORIENTED_EDGE ( 'NONE', *, *, #1489, .T. ) ;
#3818 = CARTESIAN_POINT ( 'NONE',  ( 4.452783618309049452, 0.9799999999999999822, -1.485952669604962972 ) ) ;
#3819 = UNCERTAINTY_MEASURE_WITH_UNIT (LENGTH_MEASURE( 1.000000000000000082E-05 ), #878, 'distance_accuracy_value', 'NONE');
#3820 = COLOUR_RGB ( '',1.000000000000000000, 1.000000000000000000, 1.000000000000000000 ) ;
#3821 = CARTESIAN_POINT ( 'NONE',  ( 3.149999999999998135, 2.799999999999999822, 2.130000000000001670 ) ) ;
#3822 = SURFACE_SIDE_STYLE ('',( #604 ) ) ;
#3823 = EDGE_LOOP ( 'NONE', ( #6049, #4962, #2999, #6784 ) ) ;
#3824 = PRESENTATION_LAYER_ASSIGNMENT (  '', '', ( #304 ) ) ;
#3825 = CARTESIAN_POINT ( 'NONE',  ( 0.9192767412806158722, 0.9799999999999997602, -2.448142915585495238 ) ) ;
#3826 = CARTESIAN_POINT ( 'NONE',  ( 3.544478259315943625, 0.9800000000000002043, -1.684704375627027462 ) ) ;
#3827 = SURFACE_STYLE_USAGE ( .BOTH. , #368 ) ;
#3828 = LINE ( 'NONE', #6595, #254 ) ;
#3829 = EDGE_CURVE ( 'NONE', #3813, #3500, #1266, .T. ) ;
#3830 = PRESENTATION_STYLE_ASSIGNMENT (( #908 ) ) ;
#3831 = CARTESIAN_POINT ( 'NONE',  ( 4.477419222559344547, 0.9800000000000002043, -1.493354478283874576 ) ) ;
#3832 = CARTESIAN_POINT ( 'NONE',  ( -1.788461538461538769, 0.9799999999999999822, -2.484615384615384670 ) ) ;
#3833 = SURFACE_STYLE_FILL_AREA ( #2606 ) ;
#3834 = CARTESIAN_POINT ( 'NONE',  ( -4.499999999999999112, 1.000000000000000000, 6.830000000000001847 ) ) ;
#3835 = ADVANCED_FACE ( 'NONE', ( #6267 ), #1304, .T. ) ;
#3836 = CARTESIAN_POINT ( 'NONE',  ( 3.871394230769231282, 1.000000000000000000, -1.900000000000000133 ) ) ;
#3837 = EDGE_LOOP ( 'NONE', ( #6590, #5288, #1668, #7017 ) ) ;
#3838 = CARTESIAN_POINT ( 'NONE',  ( 4.126706863486744759, 0.9999999999999995559, -2.051032739323002563 ) ) ;
#3839 = LINE ( 'NONE', #6045, #6732 ) ;
#3840 = CARTESIAN_POINT ( 'NONE',  ( 3.534615384615384936, 0.9799999999999999822, -1.684615384615384848 ) ) ;
#3841 = CARTESIAN_POINT ( 'NONE',  ( 1.126778968043010920, 1.000000000000000222, -2.076760214500665835 ) ) ;
#3842 = CARTESIAN_POINT ( 'NONE',  ( 3.391929461198757156, 0.9799999999999999822, -2.499266855089187001 ) ) ;
#3843 = VERTEX_POINT ( 'NONE', #6600 ) ;
#3844 = CARTESIAN_POINT ( 'NONE',  ( -1.222697250396283408, 1.000000000000000222, -1.634915726183040263 ) ) ;
#3845 = CARTESIAN_POINT ( 'NONE',  ( -4.219999999999999751, 2.750000000000000000, -8.655624622074400421 ) ) ;
#3846 = CARTESIAN_POINT ( 'NONE',  ( -1.504986922381083447, 1.000000000000000000, -1.729008137715551285 ) ) ;
#3847 = EDGE_CURVE ( 'NONE', #4988, #148, #5892, .T. ) ;
#3848 = ORIENTED_EDGE ( 'NONE', *, *, #2563, .T. ) ;
#3849 = CARTESIAN_POINT ( 'NONE',  ( -1.307433387200309660, 0.9800000000000002043, -1.569766635114264508 ) ) ;
#3850 = ORIENTED_EDGE ( 'NONE', *, *, #2701, .T. ) ;
#3851 = CARTESIAN_POINT ( 'NONE',  ( 3.534615384615384936, 0.9799999999999999822, -1.684615384615384848 ) ) ;
#3852 = PRESENTATION_STYLE_ASSIGNMENT (( #1533 ) ) ;
#3853 = CARTESIAN_POINT ( 'NONE',  ( 2.019230769230768718, 0.9799999999999999822, -2.469230769230769784 ) ) ;
#3854 = CARTESIAN_POINT ( 'NONE',  ( 0.3884615384615382472, 0.9799999999999999822, -2.700000000000000178 ) ) ;
#3855 = ORIENTED_EDGE ( 'NONE', *, *, #6511, .F. ) ;
#3856 = CARTESIAN_POINT ( 'NONE',  ( -0.8346153846153844258, 0.9799999999999999822, -1.838461538461538813 ) ) ;
#3857 = CYLINDRICAL_SURFACE ( 'NONE', #6552, 0.7000000000000005107 ) ;
#3858 = STYLED_ITEM ( 'NONE', ( #1661 ), #507 ) ;
#3859 = CARTESIAN_POINT ( 'NONE',  ( 4.125240384615385558, 1.000000000000000000, -2.115384615384615419 ) ) ;
#3860 = CARTESIAN_POINT ( 'NONE',  ( 0.7899431657169917465, 1.000000000000000444, -2.479257537496250663 ) ) ;
#3861 = VECTOR ( 'NONE', #4446, 1000.000000000000000 ) ;
#3862 =( NAMED_UNIT ( * ) SI_UNIT ( $, .STERADIAN. ) SOLID_ANGLE_UNIT ( ) );
#3863 =( NAMED_UNIT ( * ) SI_UNIT ( $, .STERADIAN. ) SOLID_ANGLE_UNIT ( ) );
#3864 = CARTESIAN_POINT ( 'NONE',  ( 1.249999999999999778, 0.02000000000000000042, -5.029999999999998472 ) ) ;
#3865 = DIRECTION ( 'NONE',  ( -1.000000000000000000, 0.000000000000000000, 0.000000000000000000 ) ) ;
#3866 = CARTESIAN_POINT ( 'NONE',  ( -4.288461538461538325, 0.9799999999999999822, -2.700000000000000178 ) ) ;
#3867 = STYLED_ITEM ( 'NONE', ( #2410 ), #1806 ) ;
#3868 = VECTOR ( 'NONE', #2875, 1000.000000000000000 ) ;
#3869 = EDGE_LOOP ( 'NONE', ( #5023, #493, #6941, #4131 ) ) ;
#3870 =( LENGTH_UNIT ( ) NAMED_UNIT ( * ) SI_UNIT ( .MILLI., .METRE. ) );
#3871 = DIRECTION ( 'NONE',  ( -1.000000000000000000, 0.000000000000000000, -0.000000000000000000 ) ) ;
#3872 = PRESENTATION_LAYER_ASSIGNMENT (  '', '', ( #1407 ) ) ;
#3873 = EDGE_CURVE ( 'NONE', #4517, #4487, #5902, .T. ) ;
#3874 = EDGE_LOOP ( 'NONE', ( #4234, #5049, #1038, #3679 ) ) ;
#3875 = CARTESIAN_POINT ( 'NONE',  ( 1.126923076923076694, 1.000000000000000222, -2.087019230769231459 ) ) ;
#3876 = CARTESIAN_POINT ( 'NONE',  ( -1.512367334036130773, 1.000000000000000000, -2.461461006307791521 ) ) ;
#3877 = DIRECTION ( 'NONE',  ( -1.000000000000000000, 0.000000000000000000, 0.000000000000000000 ) ) ;
#3878 = CARTESIAN_POINT ( 'NONE',  ( -1.728365384615384803, 1.000000000000000222, -1.500000000000000222 ) ) ;
#3879 = CARTESIAN_POINT ( 'NONE',  ( 3.096510350390524025, 1.000000000000000000, -2.120213133835288311 ) ) ;
#3880 = AXIS2_PLACEMENT_3D ( 'NONE', #5084, #2819, #5710 ) ;
#3881 = VECTOR ( 'NONE', #1310, 1000.000000000000000 ) ;
#3882 = EDGE_LOOP ( 'NONE', ( #6576, #5316, #5707, #1834 ) ) ;
#3883 = CARTESIAN_POINT ( 'NONE',  ( 3.959318142543168051, 1.000000000000000000, -2.586995512513970308 ) ) ;
#3884 = VECTOR ( 'NONE', #3333, 1000.000000000000000 ) ;
#3885 = CARTESIAN_POINT ( 'NONE',  ( -1.265384615384615996, 0.9800000000000002043, -2.087019230769231459 ) ) ;
#3886 = ORIENTED_EDGE ( 'NONE', *, *, #4450, .T. ) ;
#3887 = FILL_AREA_STYLE ('',( #563 ) ) ;
#3888 = UNCERTAINTY_MEASURE_WITH_UNIT (LENGTH_MEASURE( 1.000000000000000082E-05 ), #2033, 'distance_accuracy_value', 'NONE');
#3889 = EDGE_CURVE ( 'NONE', #6806, #6085, #981, .T. ) ;
#3890 = DIRECTION ( 'NONE',  ( 0.000000000000000000, 0.000000000000000000, -1.000000000000000000 ) ) ;
#3891 = CARTESIAN_POINT ( 'NONE',  ( 3.192768251420512460, 0.9800000000000002043, -1.837942746894883683 ) ) ;
#3892 = CARTESIAN_POINT ( 'NONE',  ( 1.249999999999999778, 0.9799999999999999822, -5.029999999999998472 ) ) ;
#3893 = AXIS2_PLACEMENT_3D ( 'NONE', #3430, #1399, #231 ) ;
#3894 = VERTEX_POINT ( 'NONE', #1443 ) ;
#3895 = SURFACE_STYLE_FILL_AREA ( #5527 ) ;
#3896 = CARTESIAN_POINT ( 'NONE',  ( -2.003846153846154277, 1.000000000000000000, -2.700000000000000178 ) ) ;
#3897 = LINE ( 'NONE', #3083, #3406 ) ;
#3898 = CARTESIAN_POINT ( 'NONE',  ( 4.305124650355351079, 0.9799999999999997602, -1.565284476229015675 ) ) ;
#3899 = ADVANCED_FACE ( 'NONE', ( #2668 ), #406, .T. ) ;
#3900 = SURFACE_SIDE_STYLE ('',( #1764 ) ) ;
#3901 = CARTESIAN_POINT ( 'NONE',  ( 3.127882621753902637, 1.000000000000000444, -1.594984545564449352 ) ) ;
#3902 = FACE_BOUND ( 'NONE', #3603, .T. ) ;
#3903 = ADVANCED_FACE ( 'NONE', ( #6562 ), #3266, .T. ) ;
#3904 = EDGE_LOOP ( 'NONE', ( #3239, #7125, #201, #5272 ) ) ;
#3905 = CARTESIAN_POINT ( 'NONE',  ( -1.711293621206112281, 0.9799999999999999822, -2.699852096230391130 ) ) ;
#3906 = SURFACE_SIDE_STYLE ('',( #1077 ) ) ;
#3907 = CARTESIAN_POINT ( 'NONE',  ( -1.377505965684136635, 1.000000000000000222, -2.651185687371526267 ) ) ;
#3908 = ORIENTED_EDGE ( 'NONE', *, *, #5954, .F. ) ;
#3909 = DIRECTION ( 'NONE',  ( -0.000000000000000000, -1.000000000000000000, -0.000000000000000000 ) ) ;
#3910 = VECTOR ( 'NONE', #3719, 1000.000000000000000 ) ;
#3911 = DIRECTION ( 'NONE',  ( 0.000000000000000000, 0.000000000000000000, 1.000000000000000000 ) ) ;
#3912 = CARTESIAN_POINT ( 'NONE',  ( -1.437764124774167040, 1.000000000000000222, -2.431345987542615994 ) ) ;
#3913 = CARTESIAN_POINT ( 'NONE',  ( -1.728365384615384803, 1.000000000000000000, -1.500000000000000222 ) ) ;
#3914 = LINE ( 'NONE', #1125, #2807 ) ;
#3915 = ADVANCED_FACE ( 'NONE', ( #7100 ), #2095, .F. ) ;
#3916 = CARTESIAN_POINT ( 'NONE',  ( 3.750000000000000000, 0.9799999999999999822, -4.529999999999998472 ) ) ;
#3917 = COLOUR_RGB ( '',1.000000000000000000, 1.000000000000000000, 1.000000000000000000 ) ;
#3918 = ORIENTED_EDGE ( 'NONE', *, *, #1964, .F. ) ;
#3919 = COLOUR_RGB ( '',0.000000000000000000, 0.7529411764705882248, 0.000000000000000000 ) ;
#3920 = DIRECTION ( 'NONE',  ( 0.000000000000000000, 0.000000000000000000, -1.000000000000000000 ) ) ;
#3921 = VECTOR ( 'NONE', #7213, 1000.000000000000000 ) ;
#3922 =( LENGTH_UNIT ( ) NAMED_UNIT ( * ) SI_UNIT ( .MILLI., .METRE. ) );
#3923 = CARTESIAN_POINT ( 'NONE',  ( -1.673547192518995974, 0.9799999999999999822, -1.500218044030600550 ) ) ;
#3924 = VERTEX_POINT ( 'NONE', #1140 ) ;
#3925 = CARTESIAN_POINT ( 'NONE',  ( 1.039642106288849455, 0.9999999999999997780, -1.546065538491963931 ) ) ;
#3926 = VECTOR ( 'NONE', #3972, 1000.000000000000000 ) ;
#3927 = LINE ( 'NONE', #77, #3092 ) ;
#3928 = PRESENTATION_LAYER_ASSIGNMENT (  '', '', ( #986 ) ) ;
#3929 = LINE ( 'NONE', #6588, #1098 ) ;
#3930 = ORIENTED_EDGE ( 'NONE', *, *, #4440, .F. ) ;
#3931 = EDGE_CURVE ( 'NONE', #7056, #4060, #3304, .T. ) ;
#3932 = DIRECTION ( 'NONE',  ( -0.000000000000000000, 1.000000000000000000, -0.000000000000000000 ) ) ;
#3933 = DIRECTION ( 'NONE',  ( 0.000000000000000000, 0.000000000000000000, 1.000000000000000000 ) ) ;
#3934 = DIRECTION ( 'NONE',  ( 1.000000000000000000, 0.000000000000000000, 0.000000000000000000 ) ) ;
#3935 = COLOUR_RGB ( '',1.000000000000000000, 1.000000000000000000, 1.000000000000000000 ) ;
#3936 = CARTESIAN_POINT ( 'NONE',  ( 4.500000000000000000, 2.750000000000000000, 0.1300000000000016420 ) ) ;
#3937 = DIRECTION ( 'NONE',  ( 1.000000000000000000, -0.000000000000000000, -0.000000000000000000 ) ) ;
#3938 = CARTESIAN_POINT ( 'NONE',  ( -1.280414179567535005, 0.9799999999999999822, -2.220088008521744705 ) ) ;
#3939 = CARTESIAN_POINT ( 'NONE',  ( 1.249999999999999778, 0.02000000000000000042, -4.529999999999998472 ) ) ;
#3940 = COLOUR_RGB ( '',1.000000000000000000, 1.000000000000000000, 1.000000000000000000 ) ;
#3941 = EDGE_CURVE ( 'NONE', #3500, #6401, #5640, .T. ) ;
#3942 = B_SPLINE_SURFACE_WITH_KNOTS ( 'NONE', 3, 1, ( 
 ( #7119, #2191 ),
 ( #4991, #2720 ),
 ( #7196, #4442 ),
 ( #491, #1913 ),
 ( #160, #5144 ),
 ( #5702, #6331 ),
 ( #2349, #5674 ),
 ( #6175, #3450 ),
 ( #6253, #5637 ),
 ( #1324, #6290 ),
 ( #86, #2385 ),
 ( #3486, #2421 ),
 ( #4048, #1797 ),
 ( #1178, #2951 ),
 ( #6914, #1258 ),
 ( #4672, #686 ),
 ( #3556, #1762 ),
 ( #3412, #4119 ),
 ( #2919, #649 ) ),
 .UNSPECIFIED., .F., .F., .F.,
 ( 4, 1, 1, 1, 1, 1, 1, 1, 1, 1, 1, 1, 1, 1, 1, 1, 4 ),
 ( 2, 2 ),
 ( 0.000000000000000000, 0.06387922505487574065, 0.1258508182289642119, 0.1864720878710257324, 0.2464764795623007321, 0.3062584143630101008, 0.3669511756525898338, 0.4288608758525594422, 0.4925686815092674142, 0.5566061100449887222, 0.6190867352860938144, 0.6810492005977588637, 0.7427850667630350179, 0.8048964525180756224, 0.8678490598723974658, 0.9329329606759887428, 1.000000000000000000 ),
 ( 0.000000000000000000, 1.000000000000000000 ),
 .UNSPECIFIED. ) ;
#3943 = FACE_OUTER_BOUND ( 'NONE', #1860, .T. ) ;
#3944 = DIRECTION ( 'NONE',  ( 0.000000000000000000, 0.000000000000000000, -1.000000000000000000 ) ) ;
#3945 = CARTESIAN_POINT ( 'NONE',  ( 3.871394230769231282, 1.000000000000000000, -1.900000000000000133 ) ) ;
#3946 = DIRECTION ( 'NONE',  ( -0.000000000000000000, 1.000000000000000000, -0.000000000000000000 ) ) ;
#3947 = ORIENTED_EDGE ( 'NONE', *, *, #4969, .T. ) ;
#3948 = SURFACE_SIDE_STYLE ('',( #1623 ) ) ;
#3949 = SURFACE_STYLE_FILL_AREA ( #6087 ) ;
#3950 = CARTESIAN_POINT ( 'NONE',  ( -1.342899362076862557, 1.000000000000000222, -2.635820081317661323 ) ) ;
#3951 = EDGE_CURVE ( 'NONE', #2872, #1172, #4425, .T. ) ;
#3952 = CARTESIAN_POINT ( 'NONE',  ( 3.222230413182562536, 1.000000000000000000, -1.806733771644927877 ) ) ;
#3953 = SURFACE_STYLE_FILL_AREA ( #3314 ) ;
#3954 = DIRECTION ( 'NONE',  ( 0.5773502691896251759, 0.5773502691896271743, 0.5773502691896251759 ) ) ;
#3955 = DIRECTION ( 'NONE',  ( 0.000000000000000000, 1.000000000000000000, 0.000000000000000000 ) ) ;
#3956 = EDGE_LOOP ( 'NONE', ( #5817, #3772, #5836, #1435, #281, #769, #3072 ) ) ;
#3957 =( NAMED_UNIT ( * ) SI_UNIT ( $, .STERADIAN. ) SOLID_ANGLE_UNIT ( ) );
#3958 = DIRECTION ( 'NONE',  ( 0.000000000000000000, 0.000000000000000000, 1.000000000000000000 ) ) ;
#3959 = ORIENTED_EDGE ( 'NONE', *, *, #4379, .F. ) ;
#3960 = CARTESIAN_POINT ( 'NONE',  ( 0.9348828597137953667, 0.9999999999999997780, -1.516163720631590328 ) ) ;
#3961 = UNCERTAINTY_MEASURE_WITH_UNIT (LENGTH_MEASURE( 1.000000000000000082E-05 ), #4976, 'distance_accuracy_value', 'NONE');
#3962 = CARTESIAN_POINT ( 'NONE',  ( 3.782792451937194489, 0.9799999999999999822, -2.687644723142706304 ) ) ;
#3963 = CARTESIAN_POINT ( 'NONE',  ( 2.880769230769231193, 0.9799999999999999822, -2.106009615384615508 ) ) ;
#3964 = DIRECTION ( 'NONE',  ( 0.000000000000000000, 0.000000000000000000, 1.000000000000000000 ) ) ;
#3965 = EDGE_LOOP ( 'NONE', ( #6625, #5677, #5100, #1235 ) ) ;
#3966 = EDGE_LOOP ( 'NONE', ( #6629, #4004, #980, #1768 ) ) ;
#3967 = EDGE_CURVE ( 'NONE', #1172, #4646, #973, .T. ) ;
#3968 = DIRECTION ( 'NONE',  ( 0.000000000000000000, 0.000000000000000000, 1.000000000000000000 ) ) ;
#3969 =( NAMED_UNIT ( * ) SI_UNIT ( $, .STERADIAN. ) SOLID_ANGLE_UNIT ( ) );
#3970 = DIRECTION ( 'NONE',  ( 0.000000000000000000, 0.000000000000000000, 1.000000000000000000 ) ) ;
#3971 = CARTESIAN_POINT ( 'NONE',  ( 4.426923076923076295, 0.9799999999999999822, -1.484615384615384892 ) ) ;
#3972 = DIRECTION ( 'NONE',  ( -0.000000000000000000, -0.000000000000000000, 1.000000000000000000 ) ) ;
#3973 = FACE_OUTER_BOUND ( 'NONE', #3965, .T. ) ;
#3974 = DIRECTION ( 'NONE',  ( 0.000000000000000000, 0.000000000000000000, -1.000000000000000000 ) ) ;
#3975 = ORIENTED_EDGE ( 'NONE', *, *, #7113, .T. ) ;
#3976 = CARTESIAN_POINT ( 'NONE',  ( 0.6038461538461535882, 0.9799999999999999822, -1.715384615384615508 ) ) ;
#3977 = STYLED_ITEM ( 'NONE', ( #2670 ), #445 ) ;
#3978 = CARTESIAN_POINT ( 'NONE',  ( -3.249999999999999556, 3.720000000000000195, 2.130000000000001670 ) ) ;
#3979 = STYLED_ITEM ( 'NONE', ( #5137 ), #1345 ) ;
#3980 = FILL_AREA_STYLE_COLOUR ( '', #3090 ) ;
#3981 = ADVANCED_FACE ( 'NONE', ( #1183 ), #540, .T. ) ;
#3982 = ORIENTED_EDGE ( 'NONE', *, *, #1097, .F. ) ;
#3983 = DIRECTION ( 'NONE',  ( 0.000000000000000000, 0.000000000000000000, -1.000000000000000000 ) ) ;
#3984 = B_SPLINE_CURVE_WITH_KNOTS ( 'NONE', 3,
 ( #3277, #3240, #4474, #1121, #4981, #7023, #2750, #4435, #5468, #5580, #5017, #1985, #2182, #7185, #4271, #4235, #865, #449, #6680, #1669, #6477, #2557, #2679, #5349, #1429, #3841, #3875 ),
 .UNSPECIFIED., .F., .F.,
 ( 4, 1, 1, 1, 1, 1, 1, 1, 1, 1, 1, 1, 1, 1, 1, 1, 1, 1, 1, 1, 1, 1, 1, 1, 4 ),
 ( 0.000000000000000000, 0.06261464793181534261, 0.1204288125492776751, 0.1741994859485837266, 0.2237246639590647623, 0.2690284504243910524, 0.3107650011525418532, 0.3481152575356891710, 0.3823781144346327099, 0.4147531609533670061, 0.4471954319285634250, 0.4800445791734141987, 0.5137386411999473879, 0.5479625035502666552, 0.5829178144656939065, 0.6193151011155169083, 0.6571235452560976187, 0.6956865764257776918, 0.7355137155615780742, 0.7758232002862923693, 0.8176522616681765054, 0.8607425835624210597, 0.9053869274729277050, 0.9519981971377819985, 1.000000000000000000 ),
 .UNSPECIFIED. ) ;
#3985 = CARTESIAN_POINT ( 'NONE',  ( -1.556039962405213695, 0.9999999999999997780, -2.691390507887255978 ) ) ;
#3986 = CIRCLE ( 'NONE', #5529, 0.4999999999999995559 ) ;
#3987 = ORIENTED_EDGE ( 'NONE', *, *, #2343, .F. ) ;
#3988 = CIRCLE ( 'NONE', #916, 0.7000000000000000666 ) ;
#3989 = CARTESIAN_POINT ( 'NONE',  ( 3.111955374760969839, 0.9799999999999997602, -2.592507597168781430 ) ) ;
#3990 = MECHANICAL_DESIGN_GEOMETRIC_PRESENTATION_REPRESENTATION (  '', ( #6181 ), #3271 ) ;
#3991 = LINE ( 'NONE', #1197, #5066 ) ;
#3992 = CARTESIAN_POINT ( 'NONE',  ( -1.051589830893443045, 1.000000000000000444, -2.016010547248966667 ) ) ;
#3993 = SURFACE_STYLE_FILL_AREA ( #6794 ) ;
#3994 = MECHANICAL_DESIGN_GEOMETRIC_PRESENTATION_REPRESENTATION (  '', ( #129 ), #1409 ) ;
#3995 = ORIENTED_EDGE ( 'NONE', *, *, #3186, .F. ) ;
#3996 = CARTESIAN_POINT ( 'NONE',  ( 2.968595318196443511, 0.9799999999999997602, -2.429537138132684237 ) ) ;
#3997 = CARTESIAN_POINT ( 'NONE',  ( -1.599660089956787656, 0.9799999999999999822, -1.717703355273922261 ) ) ;
#3998 = ORIENTED_EDGE ( 'NONE', *, *, #5466, .F. ) ;
#3999 = SURFACE_STYLE_FILL_AREA ( #3887 ) ;
#4000 = VECTOR ( 'NONE', #7077, 1000.000000000000000 ) ;
#4001 = STYLED_ITEM ( 'NONE', ( #4884 ), #6268 ) ;
#4002 = CARTESIAN_POINT ( 'NONE',  ( 3.562861089186312835, 1.000000000000000000, -2.730174226218879063 ) ) ;
#4003 = CARTESIAN_POINT ( 'NONE',  ( -2.949999999999999289, 2.599999999999996980, 7.530000000000002025 ) ) ;
#4004 = ORIENTED_EDGE ( 'NONE', *, *, #2659, .F. ) ;
#4005 = CARTESIAN_POINT ( 'NONE',  ( 5.999999999999998224, 0.000000000000000000, -6.829999999999998295 ) ) ;
#4006 = FACE_OUTER_BOUND ( 'NONE', #3595, .T. ) ;
#4007 = DIRECTION ( 'NONE',  ( -0.000000000000000000, 1.000000000000000000, -0.000000000000000000 ) ) ;
#4008 = DIRECTION ( 'NONE',  ( 0.000000000000000000, 0.000000000000000000, -1.000000000000000000 ) ) ;
#4009 = CARTESIAN_POINT ( 'NONE',  ( -1.252964000064546557, 1.000000000000000000, -2.575222200027703856 ) ) ;
#4010 = ADVANCED_FACE ( 'NONE', ( #19 ), #2861, .T. ) ;
#4011 =( GEOMETRIC_REPRESENTATION_CONTEXT ( 3 ) GLOBAL_UNCERTAINTY_ASSIGNED_CONTEXT ( ( #6553 ) ) GLOBAL_UNIT_ASSIGNED_CONTEXT ( ( #6252, #5741, #4047 ) ) REPRESENTATION_CONTEXT ( 'NONE', 'WORKASPACE' ) );
#4012 = CARTESIAN_POINT ( 'NONE',  ( -1.504986922381083447, 0.9799999999999999822, -1.729008137715551285 ) ) ;
#4013 = CARTESIAN_POINT ( 'NONE',  ( 2.019230769230768718, 1.000000000000000000, -1.684615384615384848 ) ) ;
#4014 = ORIENTED_EDGE ( 'NONE', *, *, #1657, .F. ) ;
#4015 = CARTESIAN_POINT ( 'NONE',  ( 3.844445326766584348, 1.000000000000000000, -1.848241363120863179 ) ) ;
#4016 = STYLED_ITEM ( 'NONE', ( #2800 ), #6168 ) ;
#4017 = CARTESIAN_POINT ( 'NONE',  ( -3.854086538461539035, 0.9799999999999999822, -1.500000000000000222 ) ) ;
#4018 = SURFACE_STYLE_USAGE ( .BOTH. , #6781 ) ;
#4019 = ORIENTED_EDGE ( 'NONE', *, *, #2135, .T. ) ;
#4020 = CARTESIAN_POINT ( 'NONE',  ( -1.556039962405213695, 0.9799999999999997602, -2.691390507887255978 ) ) ;
#4021 = PLANE ( 'NONE',  #4995 ) ;
#4022 =( GEOMETRIC_REPRESENTATION_CONTEXT ( 3 ) GLOBAL_UNCERTAINTY_ASSIGNED_CONTEXT ( ( #713 ) ) GLOBAL_UNIT_ASSIGNED_CONTEXT ( ( #536, #2382, #2240 ) ) REPRESENTATION_CONTEXT ( 'NONE', 'WORKASPACE' ) );
#4023 = CARTESIAN_POINT ( 'NONE',  ( -1.200390662830817856, 0.9799999999999999822, -2.522308471146830211 ) ) ;
#4024 = ORIENTED_EDGE ( 'NONE', *, *, #5089, .T. ) ;
#4025 = EDGE_CURVE ( 'NONE', #7220, #2872, #6949, .T. ) ;
#4026 = DIRECTION ( 'NONE',  ( -0.000000000000000000, 1.000000000000000000, -0.000000000000000000 ) ) ;
#4027 = DIRECTION ( 'NONE',  ( 0.000000000000000000, 0.000000000000000000, -1.000000000000000000 ) ) ;
#4028 = PLANE ( 'NONE',  #3769 ) ;
#4029 = SURFACE_SIDE_STYLE ('',( #6230 ) ) ;
#4030 = CARTESIAN_POINT ( 'NONE',  ( 1.322141276744585925, 0.9800000000000002043, -2.265862051891942563 ) ) ;
#4031 = ORIENTED_EDGE ( 'NONE', *, *, #2299, .T. ) ;
#4032 = MECHANICAL_DESIGN_GEOMETRIC_PRESENTATION_REPRESENTATION (  '', ( #5648 ), #1335 ) ;
#4033 = CARTESIAN_POINT ( 'NONE',  ( 2.941658102974963551, 0.9800000000000004263, -2.380354410105990581 ) ) ;
#4034 = CARTESIAN_POINT ( 'NONE',  ( 4.556424446304453646, 0.9799999999999999822, -1.641827012462538704 ) ) ;
#4035 = CARTESIAN_POINT ( 'NONE',  ( -1.636830469972448965, 0.9799999999999997602, -1.715456319706018418 ) ) ;
#4036 = VERTEX_POINT ( 'NONE', #4352 ) ;
#4037 = CARTESIAN_POINT ( 'NONE',  ( 3.871394230769231282, 0.9799999999999999822, -1.900000000000000133 ) ) ;
#4038 = UNCERTAINTY_MEASURE_WITH_UNIT (LENGTH_MEASURE( 1.000000000000000082E-05 ), #5774, 'distance_accuracy_value', 'NONE');
#4039 = FACE_OUTER_BOUND ( 'NONE', #2289, .T. ) ;
#4040 = FILL_AREA_STYLE ('',( #3440 ) ) ;
#4041 = CARTESIAN_POINT ( 'NONE',  ( 3.127882621753902637, 0.9800000000000002043, -1.594984545564449352 ) ) ;
#4042 = ORIENTED_EDGE ( 'NONE', *, *, #3477, .T. ) ;
#4043 = EDGE_CURVE ( 'NONE', #3894, #645, #2136, .T. ) ;
#4044 = LINE ( 'NONE', #6912, #6895 ) ;
#4045 = SURFACE_STYLE_USAGE ( .BOTH. , #5142 ) ;
#4046 = STYLED_ITEM ( 'NONE', ( #5275 ), #7091 ) ;
#4047 =( NAMED_UNIT ( * ) SI_UNIT ( $, .STERADIAN. ) SOLID_ANGLE_UNIT ( ) );
#4048 = CARTESIAN_POINT ( 'NONE',  ( 3.325298934820680508, 0.9799999999999997602, -1.731741066557076714 ) ) ;
#4049 = CARTESIAN_POINT ( 'NONE',  ( -1.271896957849105281, 0.9799999999999997602, -1.998379573614586624 ) ) ;
#4050 = CARTESIAN_POINT ( 'NONE',  ( -1.308752852053950422, 1.000000000000000444, -2.296002271410442219 ) ) ;
#4051 = CARTESIAN_POINT ( 'NONE',  ( 3.568672232051011584, 0.9800000000000004263, -2.513784256426838226 ) ) ;
#4052 = ORIENTED_EDGE ( 'NONE', *, *, #4371, .T. ) ;
#4053 = STYLED_ITEM ( 'NONE', ( #5173 ), #7075 ) ;
#4054 = CARTESIAN_POINT ( 'NONE',  ( 3.065935790692007501, 0.9799999999999997602, -1.648631775012778578 ) ) ;
#4055 = SURFACE_STYLE_USAGE ( .BOTH. , #6818 ) ;
#4056 = ORIENTED_EDGE ( 'NONE', *, *, #5382, .F. ) ;
#4057 = DIRECTION ( 'NONE',  ( 0.000000000000000000, 0.000000000000000000, 1.000000000000000000 ) ) ;
#4058 = PRESENTATION_STYLE_ASSIGNMENT (( #6344 ) ) ;
#4059 = CARTESIAN_POINT ( 'NONE',  ( -1.153559704717333156, 1.000000000000000222, -2.459173467542655089 ) ) ;
#4060 = VERTEX_POINT ( 'NONE', #5460 ) ;
#4061 = EDGE_CURVE ( 'NONE', #3507, #5891, #1617, .T. ) ;
#4062 = LINE ( 'NONE', #6757, #4587 ) ;
#4063 = LINE ( 'NONE', #1241, #4126 ) ;
#4064 = SURFACE_STYLE_USAGE ( .BOTH. , #101 ) ;
#4065 =( NAMED_UNIT ( * ) PLANE_ANGLE_UNIT ( ) SI_UNIT ( $, .RADIAN. ) );
#4066 = ORIENTED_EDGE ( 'NONE', *, *, #6606, .T. ) ;
#4067 = CARTESIAN_POINT ( 'NONE',  ( 1.040224265419077199, 0.9799999999999999822, -1.816999407971625180 ) ) ;
#4068 = VERTEX_POINT ( 'NONE', #7101 ) ;
#4069 = CARTESIAN_POINT ( 'NONE',  ( 3.867097865718073013, 0.9799999999999997602, -1.890969379035617459 ) ) ;
#4070 = SURFACE_SIDE_STYLE ('',( #2486 ) ) ;
#4071 = EDGE_CURVE ( 'NONE', #4571, #927, #438, .T. ) ;
#4072 = FILL_AREA_STYLE_COLOUR ( '', #7067 ) ;
#4073 = PRESENTATION_STYLE_ASSIGNMENT (( #3443 ) ) ;
#4074 = CARTESIAN_POINT ( 'NONE',  ( -3.440865384615384936, 0.9799999999999999822, -2.700000000000000178 ) ) ;
#4075 = SURFACE_STYLE_FILL_AREA ( #1793 ) ;
#4076 = CARTESIAN_POINT ( 'NONE',  ( 3.000729145388956631, 1.000000000000000000, -2.476803482445922633 ) ) ;
#4077 = DIRECTION ( 'NONE',  ( 0.000000000000000000, 0.000000000000000000, -1.000000000000000000 ) ) ;
#4078 = CARTESIAN_POINT ( 'NONE',  ( -1.342899362076862557, 1.000000000000000222, -2.635820081317661323 ) ) ;
#4079 = CARTESIAN_POINT ( 'NONE',  ( -1.636830469972448965, 0.9799999999999997602, -1.715456319706018418 ) ) ;
#4080 = CARTESIAN_POINT ( 'NONE',  ( -1.280414179567535005, 1.000000000000000000, -2.220088008521744705 ) ) ;
#4081 = ORIENTED_EDGE ( 'NONE', *, *, #4434, .T. ) ;
#4082 = VERTEX_POINT ( 'NONE', #3864 ) ;
#4083 = UNCERTAINTY_MEASURE_WITH_UNIT (LENGTH_MEASURE( 1.000000000000000082E-05 ), #4695, 'distance_accuracy_value', 'NONE');
#4084 = DIRECTION ( 'NONE',  ( -0.7223872738535683791, 0.000000000000000000, 0.6914887031430155817 ) ) ;
#4085 = CARTESIAN_POINT ( 'NONE',  ( -4.058413461538461497, 1.000000000000000000, -2.700000000000000178 ) ) ;
#4086 = FILL_AREA_STYLE_COLOUR ( '', #7070 ) ;
#4087 = VERTEX_POINT ( 'NONE', #3834 ) ;
#4088 = CARTESIAN_POINT ( 'NONE',  ( -1.060993205252793059, 0.9799999999999999822, -2.222366563496354086 ) ) ;
#4089 = DIRECTION ( 'NONE',  ( -0.000000000000000000, 1.000000000000000000, -0.000000000000000000 ) ) ;
#4090 = CARTESIAN_POINT ( 'NONE',  ( -1.054574894861833423, 0.9800000000000002043, -2.177319075516277458 ) ) ;
#4091 = EDGE_LOOP ( 'NONE', ( #2447, #4620, #3959, #1264 ) ) ;
#4092 = PRESENTATION_LAYER_ASSIGNMENT (  '', '', ( #4448 ) ) ;
#4093 = CARTESIAN_POINT ( 'NONE',  ( 4.426923076923076295, 1.000000000000000000, -1.746153846153846390 ) ) ;
#4094 = CARTESIAN_POINT ( 'NONE',  ( 3.416216072719198138, 0.9800000000000002043, -2.723677675058170156 ) ) ;
#4095 = CARTESIAN_POINT ( 'NONE',  ( 1.249999999999999778, 0.000000000000000000, -5.229999999999998650 ) ) ;
#4096 = CARTESIAN_POINT ( 'NONE',  ( -0.8346153846153844258, 1.000000000000000000, -1.838461538461538813 ) ) ;
#4097 = AXIS2_PLACEMENT_3D ( 'NONE', #5303, #4736, #6936 ) ;
#4098 = FACE_OUTER_BOUND ( 'NONE', #2027, .T. ) ;
#4099 = ADVANCED_FACE ( 'NONE', ( #2573 ), #5498, .T. ) ;
#4100 = VECTOR ( 'NONE', #1334, 1000.000000000000000 ) ;
#4101 = ORIENTED_EDGE ( 'NONE', *, *, #6589, .T. ) ;
#4102 = B_SPLINE_CURVE_WITH_KNOTS ( 'NONE', 3,
 ( #5629, #110, #1130, #6206, #1680, #2338, #5695, #10, #2272, #3364, #5590, #4041, #677, #2906, #153, #6166, #1716, #2378, #1280, #566, #3516, #530, #5029, #2837, #2234, #4491, #3963 ),
 .UNSPECIFIED., .F., .F.,
 ( 4, 1, 1, 1, 1, 1, 1, 1, 1, 1, 1, 1, 1, 1, 1, 1, 1, 1, 1, 1, 1, 1, 1, 1, 4 ),
 ( 0.000000000000000000, 0.04517287879862699057, 0.08954611918494199962, 0.1328127639003587879, 0.1751020071688609847, 0.2170301830540125043, 0.2583804467431638496, 0.2995763167954478279, 0.3407076851203929002, 0.3815382952685208440, 0.4219415929715220059, 0.4621152714130989936, 0.5024333950072055188, 0.5427515186013122106, 0.5834072057629401398, 0.6246627348097928412, 0.6667924017057104136, 0.7089883561164970205, 0.7506859261210352408, 0.7920551107057921536, 0.8332027837492655964, 0.8744393397510749066, 0.9158733303825455918, 0.9576559381140661298, 1.000000000000000000 ),
 .UNSPECIFIED. ) ;
#4103 = FILL_AREA_STYLE_COLOUR ( '', #6229 ) ;
#4104 = VECTOR ( 'NONE', #587, 1000.000000000000000 ) ;
#4105 = EDGE_LOOP ( 'NONE', ( #5219, #5268, #6583, #6265 ) ) ;
#4106 = CARTESIAN_POINT ( 'NONE',  ( 3.777461160916183669, 0.9799999999999999822, -1.766456819533499312 ) ) ;
#4107 = UNCERTAINTY_MEASURE_WITH_UNIT (LENGTH_MEASURE( 1.000000000000000082E-05 ), #5820, 'distance_accuracy_value', 'NONE');
#4108 = CARTESIAN_POINT ( 'NONE',  ( 1.249999999999999778, 0.9799999999999999822, -4.529999999999998472 ) ) ;
#4109 = CARTESIAN_POINT ( 'NONE',  ( 0.6038461538461536993, 0.9800000000003161738, -1.715384615384615508 ) ) ;
#4110 = CARTESIAN_POINT ( 'NONE',  ( 3.826670052613668549, 0.9799999999999997602, -2.669851250350907534 ) ) ;
#4111 = ORIENTED_EDGE ( 'NONE', *, *, #5614, .F. ) ;
#4112 = COLOUR_RGB ( '',1.000000000000000000, 1.000000000000000000, 1.000000000000000000 ) ;
#4113 = CARTESIAN_POINT ( 'NONE',  ( -3.750000000000000000, 0.9799999999999999822, -5.029999999999997584 ) ) ;
#4114 = CARTESIAN_POINT ( 'NONE',  ( 2.901934368276701814, 1.000000000000000000, -2.276276798882549635 ) ) ;
#4115 = EDGE_CURVE ( 'NONE', #3639, #849, #407, .T. ) ;
#4116 = SURFACE_STYLE_USAGE ( .BOTH. , #5812 ) ;
#4117 =( GEOMETRIC_REPRESENTATION_CONTEXT ( 3 ) GLOBAL_UNCERTAINTY_ASSIGNED_CONTEXT ( ( #2532 ) ) GLOBAL_UNIT_ASSIGNED_CONTEXT ( ( #4681, #5325, #3300 ) ) REPRESENTATION_CONTEXT ( 'NONE', 'WORKASPACE' ) );
#4118 = CARTESIAN_POINT ( 'NONE',  ( 4.557265891929709767, 0.9999999999999997780, -1.607074804361160680 ) ) ;
#4119 = CARTESIAN_POINT ( 'NONE',  ( 3.519452531096125991, 0.9999999999999997780, -1.684974750284857770 ) ) ;
#4120 = CARTESIAN_POINT ( 'NONE',  ( 1.337732797445859489, 1.000000000000000222, -2.177319075516277458 ) ) ;
#4121 = CARTESIAN_POINT ( 'NONE',  ( 1.013701923076922862, 0.9800000000000002043, -2.388461538461538858 ) ) ;
#4122 = B_SPLINE_CURVE_WITH_KNOTS ( 'NONE', 3,
 ( #442, #4942, #3543, #5659, #637, #1858, #4033, #3996, #1349, #4143, #2409 ),
 .UNSPECIFIED., .F., .F.,
 ( 4, 1, 1, 1, 1, 1, 1, 1, 4 ),
 ( 0.000000000000000000, 0.1292556063253775256, 0.2552415007642930833, 0.3789022272349729659, 0.5014238390024320369, 0.6232587093681611901, 0.7464370825446893232, 0.8713701220624808785, 1.000000000000000000 ),
 .UNSPECIFIED. ) ;
#4123 = COLOUR_RGB ( '',1.000000000000000000, 1.000000000000000000, 1.000000000000000000 ) ;
#4124 = ORIENTED_EDGE ( 'NONE', *, *, #1379, .T. ) ;
#4125 = ORIENTED_EDGE ( 'NONE', *, *, #4115, .T. ) ;
#4126 = VECTOR ( 'NONE', #3469, 1000.000000000000000 ) ;
#4127 = CARTESIAN_POINT ( 'NONE',  ( 2.987749583952772792, 1.000000000000000000, -1.745483128106626758 ) ) ;
#4128 = CARTESIAN_POINT ( 'NONE',  ( 0.8872473838947498859, 0.9999999999999995559, -2.684574988228274783 ) ) ;
#4129 = PRESENTATION_STYLE_ASSIGNMENT (( #5821 ) ) ;
#4130 = AXIS2_PLACEMENT_3D ( 'NONE', #1614, #7035, #1581 ) ;
#4131 = ORIENTED_EDGE ( 'NONE', *, *, #5244, .T. ) ;
#4132 = FILL_AREA_STYLE_COLOUR ( '', #2407 ) ;
#4133 = DIRECTION ( 'NONE',  ( -0.3408659031673632600, 0.000000000000000000, 0.9401119274096556566 ) ) ;
#4134 = ORIENTED_EDGE ( 'NONE', *, *, #6845, .F. ) ;
#4135 = CARTESIAN_POINT ( 'NONE',  ( 3.799458688910024584, 1.000000000000000666, -2.424386578687399929 ) ) ;
#4136 = DIRECTION ( 'NONE',  ( -0.000000000000000000, 1.000000000000000000, -0.000000000000000000 ) ) ;
#4137 = EDGE_CURVE ( 'NONE', #6401, #6569, #1509, .T. ) ;
#4138 = CARTESIAN_POINT ( 'NONE',  ( 3.165745293092681489, 1.000000000000000222, -2.631812540834488345 ) ) ;
#4139 = CARTESIAN_POINT ( 'NONE',  ( 0.7554772223352428373, 0.9799999999999997602, -1.715456319706018418 ) ) ;
#4140 = FILL_AREA_STYLE ('',( #1243 ) ) ;
#4141 = EDGE_LOOP ( 'NONE', ( #6820, #7085, #5784, #4905 ) ) ;
#4142 = EDGE_CURVE ( 'NONE', #5891, #185, #5972, .T. ) ;
#4143 = CARTESIAN_POINT ( 'NONE',  ( 3.025602934639471719, 0.9799999999999999822, -2.506067914225964532 ) ) ;
#4144 =( NAMED_UNIT ( * ) PLANE_ANGLE_UNIT ( ) SI_UNIT ( $, .RADIAN. ) );
#4145 = VERTEX_POINT ( 'NONE', #4902 ) ;
#4146 = CARTESIAN_POINT ( 'NONE',  ( 3.844445326766584348, 0.9799999999999999822, -1.848241363120863179 ) ) ;
#4147 = FACE_OUTER_BOUND ( 'NONE', #1194, .T. ) ;
#4148 = CARTESIAN_POINT ( 'NONE',  ( 5.999999999999998224, 1.000000000000000000, -6.829999999999998295 ) ) ;
#4149 =( GEOMETRIC_REPRESENTATION_CONTEXT ( 3 ) GLOBAL_UNCERTAINTY_ASSIGNED_CONTEXT ( ( #3363 ) ) GLOBAL_UNIT_ASSIGNED_CONTEXT ( ( #795, #6293, #3558 ) ) REPRESENTATION_CONTEXT ( 'NONE', 'WORKASPACE' ) );
#4150 = CARTESIAN_POINT ( 'NONE',  ( 3.846201770115875718, 0.9799999999999999822, -2.661334578638067327 ) ) ;
#4151 = SURFACE_STYLE_USAGE ( .BOTH. , #4638 ) ;
#4152 = LINE ( 'NONE', #4712, #6051 ) ;
#4153 = CARTESIAN_POINT ( 'NONE',  ( 1.084874305107383474, 0.9800000000000002043, -1.569766635114264508 ) ) ;
#4154 = EDGE_CURVE ( 'NONE', #5343, #2200, #1888, .T. ) ;
#4155 = CARTESIAN_POINT ( 'NONE',  ( 1.511538461538461275, 1.000000000000000000, -2.176923076923077183 ) ) ;
#4156 = CIRCLE ( 'NONE', #1802, 0.7000000000000005107 ) ;
#4157 = CARTESIAN_POINT ( 'NONE',  ( 4.536647966215848982, 0.9799999999999993161, -1.542506848521155050 ) ) ;
#4158 = CARTESIAN_POINT ( 'NONE',  ( 4.556424446304453646, 1.000000000000000000, -1.641827012462538704 ) ) ;
#4159 = CARTESIAN_POINT ( 'NONE',  ( -4.058413461538461497, 0.9799999999999999822, -2.700000000000000178 ) ) ;
#4160 = ORIENTED_EDGE ( 'NONE', *, *, #4481, .T. ) ;
#4161 = EDGE_LOOP ( 'NONE', ( #5805, #1977, #6342, #6983 ) ) ;
#4162 = UNCERTAINTY_MEASURE_WITH_UNIT (LENGTH_MEASURE( 1.000000000000000082E-05 ), #2599, 'distance_accuracy_value', 'NONE');
#4163 = CARTESIAN_POINT ( 'NONE',  ( 3.149999999999998135, 2.799999999999999822, 7.330000000000000071 ) ) ;
#4164 = AXIS2_PLACEMENT_3D ( 'NONE', #4904, #7105, #956 ) ;
#4165 = CARTESIAN_POINT ( 'NONE',  ( 1.296470469820988125, 0.9999999999999997780, -2.348320808270443205 ) ) ;
#4166 = CARTESIAN_POINT ( 'NONE',  ( 1.249999999999999778, 0.9799999999999999822, -4.529999999999998472 ) ) ;
#4167 = MECHANICAL_DESIGN_GEOMETRIC_PRESENTATION_REPRESENTATION (  '', ( #4519 ), #6947 ) ;
#4168 = DIRECTION ( 'NONE',  ( -0.000000000000000000, -1.000000000000000000, -0.000000000000000000 ) ) ;
#4169 = EDGE_LOOP ( 'NONE', ( #6364, #2054, #3630, #4590 ) ) ;
#4170 = SURFACE_STYLE_USAGE ( .BOTH. , #4728 ) ;
#4171 = CARTESIAN_POINT ( 'NONE',  ( -1.112743867665098252, 0.9799999999999999822, -2.387187630493925905 ) ) ;
#4172 = CARTESIAN_POINT ( 'NONE',  ( 3.874618011762642755, 0.9799999999999997602, -2.645752928310922680 ) ) ;
#4173 =( GEOMETRIC_REPRESENTATION_CONTEXT ( 3 ) GLOBAL_UNCERTAINTY_ASSIGNED_CONTEXT ( ( #4678 ) ) GLOBAL_UNIT_ASSIGNED_CONTEXT ( ( #6408, #5781, #1391 ) ) REPRESENTATION_CONTEXT ( 'NONE', 'WORKASPACE' ) );
#4174 = EDGE_CURVE ( 'NONE', #7162, #1626, #2317, .T. ) ;
#4175 = CARTESIAN_POINT ( 'NONE',  ( -3.211538461538461675, 0.9799999999999999822, -2.700000000000000178 ) ) ;
#4176 = ORIENTED_EDGE ( 'NONE', *, *, #4907, .F. ) ;
#4177 = FACE_OUTER_BOUND ( 'NONE', #1010, .T. ) ;
#4178 = DIRECTION ( 'NONE',  ( -0.000000000000000000, 1.000000000000000000, -0.000000000000000000 ) ) ;
#4179 = VECTOR ( 'NONE', #2904, 1000.000000000000000 ) ;
#4180 = CARTESIAN_POINT ( 'NONE',  ( 3.111955374760969839, 0.9999999999999997780, -2.592507597168781430 ) ) ;
#4181 = FILL_AREA_STYLE_COLOUR ( '', #4399 ) ;
#4182 = CARTESIAN_POINT ( 'NONE',  ( 0.8585021310626739233, 0.9999999999999988898, -1.724239591707438235 ) ) ;
#4183 = CARTESIAN_POINT ( 'NONE',  ( 4.556424446304453646, 1.000000000000000000, -1.641827012462538704 ) ) ;
#4184 = ADVANCED_FACE ( 'NONE', ( #3943 ), #6078, .T. ) ;
#4185 = ORIENTED_EDGE ( 'NONE', *, *, #2175, .T. ) ;
#4186 = MECHANICAL_DESIGN_GEOMETRIC_PRESENTATION_REPRESENTATION (  '', ( #76 ), #5001 ) ;
#4187 = CARTESIAN_POINT ( 'NONE',  ( -1.222697250396283408, 1.000000000000000000, -1.634915726183040263 ) ) ;
#4188 = FILL_AREA_STYLE ('',( #2583 ) ) ;
#4189 = EDGE_LOOP ( 'NONE', ( #5415, #2189, #1049, #70 ) ) ;
#4190 = CARTESIAN_POINT ( 'NONE',  ( 3.737923431706119182, 0.9999999999999997780, -1.736544869324513352 ) ) ;
#4191 = UNCERTAINTY_MEASURE_WITH_UNIT (LENGTH_MEASURE( 1.000000000000000082E-05 ), #1604, 'distance_accuracy_value', 'NONE');
#4192 = CARTESIAN_POINT ( 'NONE',  ( 4.296574432511615527, 0.9799999999999999822, -1.607071653452507132 ) ) ;
#4193 = FACE_OUTER_BOUND ( 'NONE', #4675, .T. ) ;
#4194 = PLANE ( 'NONE',  #6479 ) ;
#4195 = VERTEX_POINT ( 'NONE', #3074 ) ;
#4196 = ORIENTED_EDGE ( 'NONE', *, *, #995, .F. ) ;
#4197 = CARTESIAN_POINT ( 'NONE',  ( 1.207988032584759175, 0.9799999999999997602, -1.675745577443358059 ) ) ;
#4198 = FACE_OUTER_BOUND ( 'NONE', #3417, .T. ) ;
#4199 =( LENGTH_UNIT ( ) NAMED_UNIT ( * ) SI_UNIT ( .MILLI., .METRE. ) );
#4200 = DIRECTION ( 'NONE',  ( 0.000000000000000000, -1.000000000000000000, 0.000000000000000000 ) ) ;
#4201 = SURFACE_STYLE_FILL_AREA ( #6371 ) ;
#4202 = ADVANCED_FACE ( 'NONE', ( #6853 ), #1843, .T. ) ;
#4203 = ORIENTED_EDGE ( 'NONE', *, *, #4267, .T. ) ;
#4204 = CARTESIAN_POINT ( 'NONE',  ( 2.928245464473052451, 0.9799999999999997602, -1.858382667498173380 ) ) ;
#4205 = CARTESIAN_POINT ( 'NONE',  ( 1.049408330230830133, 0.9800000000000002043, -2.635820081317662211 ) ) ;
#4206 =( NAMED_UNIT ( * ) SI_UNIT ( $, .STERADIAN. ) SOLID_ANGLE_UNIT ( ) );
#4207 = ADVANCED_BREP_SHAPE_REPRESENTATION ( 'USB-C connector', ( #7075, #6015 ), #2970 ) ;
#4208 = FACE_OUTER_BOUND ( 'NONE', #2488, .T. ) ;
#4209 = PLANE ( 'NONE',  #4528 ) ;
#4210 = VERTEX_POINT ( 'NONE', #5748 ) ;
#4211 = SURFACE_STYLE_FILL_AREA ( #7072 ) ;
#4212 = CARTESIAN_POINT ( 'NONE',  ( -1.249999999999999778, 0.000000000000000000, -5.029999999999998472 ) ) ;
#4213 = LINE ( 'NONE', #5257, #3221 ) ;
#4214 = DIRECTION ( 'NONE',  ( 0.000000000000000000, 0.000000000000000000, -1.000000000000000000 ) ) ;
#4215 = ORIENTED_EDGE ( 'NONE', *, *, #5244, .F. ) ;
#4216 = DIRECTION ( 'NONE',  ( -0.000000000000000000, 1.000000000000000000, -0.000000000000000000 ) ) ;
#4217 = CARTESIAN_POINT ( 'NONE',  ( 1.249999999999999778, 0.02000000000000000042, -4.529999999999998472 ) ) ;
#4218 = EDGE_CURVE ( 'NONE', #3405, #895, #2925, .T. ) ;
#4219 = CARTESIAN_POINT ( 'NONE',  ( 3.086466025370243393, 0.9799999999999997602, -2.570239176990176677 ) ) ;
#4220 = DIRECTION ( 'NONE',  ( 1.734723475976807094E-15, -1.000000000000000000, 0.000000000000000000 ) ) ;
#4221 = CARTESIAN_POINT ( 'NONE',  ( -1.237483539692679990, 0.9799999999999999822, -2.560722534145662532 ) ) ;
#4222 = CARTESIAN_POINT ( 'NONE',  ( 2.968595318196443511, 0.9799999999999997602, -2.429537138132684237 ) ) ;
#4223 = VECTOR ( 'NONE', #2085, 1000.000000000000000 ) ;
#4224 = ORIENTED_EDGE ( 'NONE', *, *, #4154, .F. ) ;
#4225 = PRESENTATION_LAYER_ASSIGNMENT (  '', '', ( #3977 ) ) ;
#4226 = CARTESIAN_POINT ( 'NONE',  ( -1.573989829621128766, 1.000000000000000000, -1.503691201114233156 ) ) ;
#4227 = PLANE ( 'NONE',  #3519 ) ;
#4228 = EDGE_LOOP ( 'NONE', ( #5115, #1079, #787, #5552 ) ) ;
#4229 = CARTESIAN_POINT ( 'NONE',  ( 1.040867397965069774, 1.000000000000000222, -2.360947421190576989 ) ) ;
#4230 = CARTESIAN_POINT ( 'NONE',  ( 3.316288959897484734, 1.000000000000000000, -2.469350492193210123 ) ) ;
#4231 =( GEOMETRIC_REPRESENTATION_CONTEXT ( 3 ) GLOBAL_UNCERTAINTY_ASSIGNED_CONTEXT ( ( #1904 ) ) GLOBAL_UNIT_ASSIGNED_CONTEXT ( ( #6622, #7057, #897 ) ) REPRESENTATION_CONTEXT ( 'NONE', 'WORKASPACE' ) );
#4232 = CARTESIAN_POINT ( 'NONE',  ( 3.750000000000000000, 0.02000000000000000042, -4.529999999999998472 ) ) ;
#4233 = ORIENTED_EDGE ( 'NONE', *, *, #778, .T. ) ;
#4234 = ORIENTED_EDGE ( 'NONE', *, *, #1884, .T. ) ;
#4235 = CARTESIAN_POINT ( 'NONE',  ( 1.054230571285125428, 0.9999999999999997780, -1.834714841387226958 ) ) ;
#4236 = LINE ( 'NONE', #6847, #6362 ) ;
#4237 = PRESENTATION_STYLE_ASSIGNMENT (( #1465 ) ) ;
#4238 = CARTESIAN_POINT ( 'NONE',  ( 4.499793164885923957, 1.000000000000000222, -1.725149578684432639 ) ) ;
#4239 = SURFACE_SIDE_STYLE ('',( #901 ) ) ;
#4240 = AXIS2_PLACEMENT_3D ( 'NONE', #6092, #5582, #3354 ) ;
#4241 = ORIENTED_EDGE ( 'NONE', *, *, #6767, .F. ) ;
#4242 = ORIENTED_EDGE ( 'NONE', *, *, #5643, .T. ) ;
#4243 = VECTOR ( 'NONE', #1597, 1000.000000000000000 ) ;
#4244 = UNCERTAINTY_MEASURE_WITH_UNIT (LENGTH_MEASURE( 1.000000000000000082E-05 ), #2960, 'distance_accuracy_value', 'NONE');
#4245 = CARTESIAN_POINT ( 'NONE',  ( 2.928245464473052451, 1.000000000000000000, -1.858382667498173380 ) ) ;
#4246 = CARTESIAN_POINT ( 'NONE',  ( 1.337732797445859489, 0.9800000000000002043, -2.177319075516277458 ) ) ;
#4247 = DIRECTION ( 'NONE',  ( -0.000000000000000000, -1.000000000000000000, -0.000000000000000000 ) ) ;
#4248 = CARTESIAN_POINT ( 'NONE',  ( 5.999999999999998224, 1.000000000000000000, 6.830000000000001847 ) ) ;
#4249 = EDGE_CURVE ( 'NONE', #1126, #1626, #6885, .T. ) ;
#4250 = CARTESIAN_POINT ( 'NONE',  ( 4.426923076923076295, 1.000000000000000000, -1.484615384615384892 ) ) ;
#4251 = AXIS2_PLACEMENT_3D ( 'NONE', #5572, #127, #655 ) ;
#4252 = CARTESIAN_POINT ( 'NONE',  ( 3.216916361616590780, 0.9999999999999995559, -2.396655025554712548 ) ) ;
#4253 = CARTESIAN_POINT ( 'NONE',  ( 3.987295893502466715, 1.000000000000000000, -2.563168524851122232 ) ) ;
#4254 = CARTESIAN_POINT ( 'NONE',  ( 4.418226183373953120, 1.000000000000000000, -1.745680819895521818 ) ) ;
#4255 = AXIS2_PLACEMENT_3D ( 'NONE', #537, #2204, #4453 ) ;
#4256 = SURFACE_STYLE_USAGE ( .BOTH. , #918 ) ;
#4257 = CARTESIAN_POINT ( 'NONE',  ( 4.002108626877387110, 0.9800000000000006484, -1.695164906708611419 ) ) ;
#4258 =( LENGTH_UNIT ( ) NAMED_UNIT ( * ) SI_UNIT ( .MILLI., .METRE. ) );
#4259 = CARTESIAN_POINT ( 'NONE',  ( 2.901934368276701814, 0.9799999999999999822, -2.276276798882549635 ) ) ;
#4260 = AXIS2_PLACEMENT_3D ( 'NONE', #1780, #1737, #4027 ) ;
#4261 = EDGE_CURVE ( 'NONE', #849, #3242, #1919, .T. ) ;
#4262 = CARTESIAN_POINT ( 'NONE',  ( -1.427081502201720475, 1.000000000000000222, -1.521688114730937569 ) ) ;
#4263 = CARTESIAN_POINT ( 'NONE',  ( -1.504986922381083447, 0.9799999999999999822, -1.729008137715551285 ) ) ;
#4264 = ORIENTED_EDGE ( 'NONE', *, *, #354, .T. ) ;
#4265 = SURFACE_STYLE_USAGE ( .BOTH. , #2551 ) ;
#4266 = CARTESIAN_POINT ( 'NONE',  ( 4.296574432511615527, 1.000000000000000000, -1.607071653452507132 ) ) ;
#4267 = EDGE_CURVE ( 'NONE', #93, #3624, #2918, .T. ) ;
#4268 = AXIS2_PLACEMENT_3D ( 'NONE', #6660, #3934, #6212 ) ;
#4269 = VERTEX_POINT ( 'NONE', #4341 ) ;
#4270 = ORIENTED_EDGE ( 'NONE', *, *, #2212, .F. ) ;
#4271 = CARTESIAN_POINT ( 'NONE',  ( 1.040224265419077199, 1.000000000000000000, -1.816999407971625180 ) ) ;
#4272 = SURFACE_STYLE_USAGE ( .BOTH. , #4956 ) ;
#4273 = CARTESIAN_POINT ( 'NONE',  ( 1.342307692307692202, 0.9799999999999999822, -2.083173076923077183 ) ) ;
#4274 = VECTOR ( 'NONE', #4502, 1000.000000000000000 ) ;
#4275 =( NAMED_UNIT ( * ) PLANE_ANGLE_UNIT ( ) SI_UNIT ( $, .RADIAN. ) );
#4276 = CARTESIAN_POINT ( 'NONE',  ( 1.238747987590359756, 1.000000000000000222, -2.459173467542655089 ) ) ;
#4277 = VERTEX_POINT ( 'NONE', #5928 ) ;
#4278 = EDGE_CURVE ( 'NONE', #5764, #3624, #7165, .T. ) ;
#4279 = VECTOR ( 'NONE', #2700, 1000.000000000000000 ) ;
#4280 = CARTESIAN_POINT ( 'NONE',  ( 0.9865476363181331365, 0.9799999999999999822, -2.412228111417435095 ) ) ;
#4281 = DIRECTION ( 'NONE',  ( 0.000000000000000000, -0.000000000000000000, 1.000000000000000000 ) ) ;
#4282 = VECTOR ( 'NONE', #1681, 1000.000000000000000 ) ;
#4283 = CARTESIAN_POINT ( 'NONE',  ( 1.819230769230768985, 1.000000000000000000, -2.176923076923077183 ) ) ;
#4284 = DIRECTION ( 'NONE',  ( 2.255791807199057837E-13, 1.000000000000000000, 3.552417986668977847E-14 ) ) ;
#4285 = STYLED_ITEM ( 'NONE', ( #3487 ), #6754 ) ;
#4286 =( NAMED_UNIT ( * ) SI_UNIT ( $, .STERADIAN. ) SOLID_ANGLE_UNIT ( ) );
#4287 = SURFACE_SIDE_STYLE ('',( #5797 ) ) ;
#4288 = STYLED_ITEM ( 'NONE', ( #4350 ), #3899 ) ;
#4289 = CARTESIAN_POINT ( 'NONE',  ( 3.381911856733625488, 0.9799999999999999822, -2.717801050505029181 ) ) ;
#4290 = SURFACE_STYLE_USAGE ( .BOTH. , #1376 ) ;
#4291 = VECTOR ( 'NONE', #3070, 1000.000000000000000 ) ;
#4292 = ORIENTED_EDGE ( 'NONE', *, *, #4218, .T. ) ;
#4293 = CARTESIAN_POINT ( 'NONE',  ( 3.544640239772606005, 0.9799999999999997602, -1.469445010985084954 ) ) ;
#4294 = CARTESIAN_POINT ( 'NONE',  ( 1.115558177776102777, 0.9799999999999999822, -1.971100086655241945 ) ) ;
#4295 = CARTESIAN_POINT ( 'NONE',  ( 2.968595318196443511, 0.9999999999999997780, -2.429537138132684237 ) ) ;
#4296 = EDGE_CURVE ( 'NONE', #3507, #1851, #4859, .T. ) ;
#4297 = CIRCLE ( 'NONE', #6842, 0.4999999999999995559 ) ;
#4298 = CARTESIAN_POINT ( 'NONE',  ( -1.283539978791825353, 0.9799999999999997602, -1.945185366950444639 ) ) ;
#4299 = ORIENTED_EDGE ( 'NONE', *, *, #4578, .T. ) ;
#4300 = PRESENTATION_STYLE_ASSIGNMENT (( #5988 ) ) ;
#4301 = LINE ( 'NONE', #1423, #6959 ) ;
#4302 = SURFACE_STYLE_FILL_AREA ( #2052 ) ;
#4303 = ORIENTED_EDGE ( 'NONE', *, *, #596, .T. ) ;
#4304 =( NAMED_UNIT ( * ) PLANE_ANGLE_UNIT ( ) SI_UNIT ( $, .RADIAN. ) );
#4305 = PRESENTATION_STYLE_ASSIGNMENT (( #2058 ) ) ;
#4306 = ADVANCED_FACE ( 'NONE', ( #5417 ), #398, .T. ) ;
#4307 = CARTESIAN_POINT ( 'NONE',  ( -3.750000000000000000, 0.02000000000000000042, -5.029999999999997584 ) ) ;
#4308 =( NAMED_UNIT ( * ) PLANE_ANGLE_UNIT ( ) SI_UNIT ( $, .RADIAN. ) );
#4309 = CARTESIAN_POINT ( 'NONE',  ( 4.500000000000000000, 2.750000000000000000, 7.530000000000002025 ) ) ;
#4310 = VERTEX_POINT ( 'NONE', #2566 ) ;
#4311 = UNCERTAINTY_MEASURE_WITH_UNIT (LENGTH_MEASURE( 1.000000000000000082E-05 ), #5337, 'distance_accuracy_value', 'NONE');
#4312 =( NAMED_UNIT ( * ) PLANE_ANGLE_UNIT ( ) SI_UNIT ( $, .RADIAN. ) );
#4313 = DIRECTION ( 'NONE',  ( -0.000000000000000000, 1.000000000000000000, -0.000000000000000000 ) ) ;
#4314 = DIRECTION ( 'NONE',  ( -1.000000000000000000, 0.000000000000000000, 0.000000000000000000 ) ) ;
#4315 = CARTESIAN_POINT ( 'NONE',  ( 4.557692307692307487, 1.000000000000000000, -1.615865384615384759 ) ) ;
#4316 = CARTESIAN_POINT ( 'NONE',  ( 2.326923076923076650, 0.9799999999999999822, -2.176923076923077183 ) ) ;
#4317 = CARTESIAN_POINT ( 'NONE',  ( 4.014999052214913711, 1.000000000000000000, -2.537122056880323662 ) ) ;
#4318 =( NAMED_UNIT ( * ) PLANE_ANGLE_UNIT ( ) SI_UNIT ( $, .RADIAN. ) );
#4319 = DIRECTION ( 'NONE',  ( 0.000000000000000000, 0.000000000000000000, -1.000000000000000000 ) ) ;
#4320 = FACE_OUTER_BOUND ( 'NONE', #6762, .T. ) ;
#4321 =( NAMED_UNIT ( * ) PLANE_ANGLE_UNIT ( ) SI_UNIT ( $, .RADIAN. ) );
#4322 = FILL_AREA_STYLE ('',( #5538 ) ) ;
#4323 = CARTESIAN_POINT ( 'NONE',  ( 1.126923076923076694, 0.9800000000000002043, -2.087019230769231459 ) ) ;
#4324 = CARTESIAN_POINT ( 'NONE',  ( 1.040224265419077199, 0.9799999999999999822, -1.816999407971625180 ) ) ;
#4325 = CARTESIAN_POINT ( 'NONE',  ( 0.9764732564916853708, 0.9799999999999999822, -2.664243873743647573 ) ) ;
#4326 = CARTESIAN_POINT ( 'NONE',  ( -1.050000000000000044, 1.000000000000000000, -2.083173076923077183 ) ) ;
#4327 = SURFACE_STYLE_USAGE ( .BOTH. , #2047 ) ;
#4328 = ORIENTED_EDGE ( 'NONE', *, *, #1489, .F. ) ;
#4329 = CARTESIAN_POINT ( 'NONE',  ( 1.083554840253742491, 1.000000000000000444, -2.296002271410442219 ) ) ;
#4330 = EDGE_CURVE ( 'NONE', #6654, #2365, #7095, .T. ) ;
#4331 =( GEOMETRIC_REPRESENTATION_CONTEXT ( 3 ) GLOBAL_UNCERTAINTY_ASSIGNED_CONTEXT ( ( #2903 ) ) GLOBAL_UNIT_ASSIGNED_CONTEXT ( ( #6285, #5561, #1134 ) ) REPRESENTATION_CONTEXT ( 'NONE', 'WORKASPACE' ) );
#4332 = CARTESIAN_POINT ( 'NONE',  ( 4.316907492664156187, 0.9800000000000004263, -1.542436167618555398 ) ) ;
#4333 = ORIENTED_EDGE ( 'NONE', *, *, #3714, .F. ) ;
#4334 = CARTESIAN_POINT ( 'NONE',  ( 3.149999999999998135, 2.200000000000000178, 2.130000000000001670 ) ) ;
#4335 = AXIS2_PLACEMENT_3D ( 'NONE', #5011, #3191, #3865 ) ;
#4336 = CARTESIAN_POINT ( 'NONE',  ( 4.353843200736656982, 0.9799999999999999822, -1.725232173164926497 ) ) ;
#4337 = DIRECTION ( 'NONE',  ( 0.000000000000000000, 0.000000000000000000, 1.000000000000000000 ) ) ;
#4338 = ORIENTED_EDGE ( 'NONE', *, *, #22, .T. ) ;
#4339 = PRESENTATION_LAYER_ASSIGNMENT (  '', '', ( #1046 ) ) ;
#4340 = EDGE_CURVE ( 'NONE', #6470, #2531, #2635, .T. ) ;
#4341 = CARTESIAN_POINT ( 'NONE',  ( 2.326923076923076650, 1.000000000000000000, -2.176923076923077183 ) ) ;
#4342 = CARTESIAN_POINT ( 'NONE',  ( 1.337732797445859489, 1.000000000000000000, -2.177319075516277458 ) ) ;
#4343 = AXIS2_PLACEMENT_3D ( 'NONE', #6182, #3457, #1142 ) ;
#4344 = MECHANICAL_DESIGN_GEOMETRIC_PRESENTATION_REPRESENTATION (  '', ( #230 ), #669 ) ;
#4345 = AXIS2_PLACEMENT_3D ( 'NONE', #2403, #1781, #5617 ) ;
#4346 = CARTESIAN_POINT ( 'NONE',  ( 3.249999999999999556, 3.720000000000000195, 2.130000000000001670 ) ) ;
#4347 =( NAMED_UNIT ( * ) SI_UNIT ( $, .STERADIAN. ) SOLID_ANGLE_UNIT ( ) );
#4348 = CARTESIAN_POINT ( 'NONE',  ( -6.000000000000001776, 1.000000000000000000, -6.829999999999998295 ) ) ;
#4349 = VECTOR ( 'NONE', #2787, 1000.000000000000000 ) ;
#4350 = PRESENTATION_STYLE_ASSIGNMENT (( #6459 ) ) ;
#4351 = EDGE_CURVE ( 'NONE', #2177, #5209, #6689, .T. ) ;
#4352 = CARTESIAN_POINT ( 'NONE',  ( -3.249999999999999556, 1.000000000000000000, 6.830000000000001847 ) ) ;
#4353 = CARTESIAN_POINT ( 'NONE',  ( 4.557263080077145645, 0.9999999999999997780, -1.624654553300008741 ) ) ;
#4354 = CARTESIAN_POINT ( 'NONE',  ( 4.106844507937293720, 0.9799999999999997602, -1.908988231458552898 ) ) ;
#4355 = VECTOR ( 'NONE', #1996, 1000.000000000000000 ) ;
#4356 = CARTESIAN_POINT ( 'NONE',  ( 4.477470546144165731, 0.9799999999999999822, -1.737734094882776414 ) ) ;
#4357 = SURFACE_STYLE_FILL_AREA ( #2099 ) ;
#4358 = CYLINDRICAL_SURFACE ( 'NONE', #1102, 0.5000000000000004441 ) ;
#4359 = ORIENTED_EDGE ( 'NONE', *, *, #3422, .T. ) ;
#4360 = CARTESIAN_POINT ( 'NONE',  ( 4.024793201538703791, 0.9799999999999993161, -1.727713067907229449 ) ) ;
#4361 = SURFACE_STYLE_USAGE ( .BOTH. , #2010 ) ;
#4362 =( NAMED_UNIT ( * ) SI_UNIT ( $, .STERADIAN. ) SOLID_ANGLE_UNIT ( ) );
#4363 = ADVANCED_FACE ( 'NONE', ( #5033 ), #2733, .F. ) ;
#4364 =( NAMED_UNIT ( * ) PLANE_ANGLE_UNIT ( ) SI_UNIT ( $, .RADIAN. ) );
#4365 = CARTESIAN_POINT ( 'NONE',  ( 3.316288959897484734, 0.9799999999999999822, -2.469350492193210123 ) ) ;
#4366 = ORIENTED_EDGE ( 'NONE', *, *, #6782, .T. ) ;
#4367 = CIRCLE ( 'NONE', #5292, 0.6999999999999992895 ) ;
#4368 = CARTESIAN_POINT ( 'NONE',  ( -1.249999999999999778, 0.02000000000000000042, -4.529999999999998472 ) ) ;
#4369 = CARTESIAN_POINT ( 'NONE',  ( -1.301563632655905467, 0.9999999999999997780, -1.897005307203841085 ) ) ;
#4370 = ORIENTED_EDGE ( 'NONE', *, *, #2066, .F. ) ;
#4371 = EDGE_CURVE ( 'NONE', #777, #5189, #2345, .T. ) ;
#4372 = AXIS2_PLACEMENT_3D ( 'NONE', #460, #2591, #5919 ) ;
#4373 = FILL_AREA_STYLE_COLOUR ( '', #1002 ) ;
#4374 = CARTESIAN_POINT ( 'NONE',  ( 4.536647966215848982, 0.9999999999999993339, -1.542506848521155050 ) ) ;
#4375 = EDGE_LOOP ( 'NONE', ( #1929, #4134, #5622, #6161 ) ) ;
#4376 = CARTESIAN_POINT ( 'NONE',  ( 4.499875823712194745, 0.9999999999999997780, -1.505822946830044584 ) ) ;
#4377 = DIRECTION ( 'NONE',  ( -0.000000000000000000, 1.000000000000000000, -0.000000000000000000 ) ) ;
#4378 = ORIENTED_EDGE ( 'NONE', *, *, #5979, .F. ) ;
#4379 = EDGE_CURVE ( 'NONE', #5156, #2939, #4533, .T. ) ;
#4380 = CARTESIAN_POINT ( 'NONE',  ( 3.654555858607710039, 1.000000000000000222, -1.479294805306491378 ) ) ;
#4381 = CARTESIAN_POINT ( 'NONE',  ( 1.342307692307692202, 0.9999999999999997780, -2.083173076923077183 ) ) ;
#4382 = FACE_OUTER_BOUND ( 'NONE', #2653, .T. ) ;
#4383 = CARTESIAN_POINT ( 'NONE',  ( 4.376330897749777016, 1.000000000000000222, -1.737672559770258918 ) ) ;
#4384 = FACE_OUTER_BOUND ( 'NONE', #481, .T. ) ;
#4385 = B_SPLINE_CURVE_WITH_KNOTS ( 'NONE', 3,
 ( #3971, #4606, #5636, #610, #2843, #5111, #1796, #3898, #6071, #85, #2312 ),
 .UNSPECIFIED., .F., .F.,
 ( 4, 1, 1, 1, 1, 1, 1, 1, 4 ),
 ( 0.000000000000000000, 0.1266784397236885296, 0.2497354186915814178, 0.3720307030292076544, 0.4997387169341094282, 0.6274467308390119236, 0.7502207113971043340, 0.8721585370692582773, 1.000000000000000000 ),
 .UNSPECIFIED. ) ;
#4386 = FILL_AREA_STYLE ('',( #5007 ) ) ;
#4387 = SURFACE_SIDE_STYLE ('',( #4864 ) ) ;
#4388 = VECTOR ( 'NONE', #3791, 1000.000000000000000 ) ;
#4389 = CARTESIAN_POINT ( 'NONE',  ( 3.534615384615384936, 1.000000000000000000, -1.684615384615384848 ) ) ;
#4390 = DIRECTION ( 'NONE',  ( 0.000000000000000000, 0.000000000000000000, -1.000000000000000000 ) ) ;
#4391 = FILL_AREA_STYLE_COLOUR ( '', #134 ) ;
#4392 = AXIS2_PLACEMENT_3D ( 'NONE', #6247, #4600, #1832 ) ;
#4393 = EDGE_CURVE ( 'NONE', #6025, #4087, #5141, .T. ) ;
#4394 = VERTEX_POINT ( 'NONE', #115 ) ;
#4395 = CARTESIAN_POINT ( 'NONE',  ( 3.693350683047618599, 0.9999999999999995559, -1.487482227691808934 ) ) ;
#4396 = CARTESIAN_POINT ( 'NONE',  ( 1.126778968043010920, 0.9999999999999991118, -2.076760214500665835 ) ) ;
#4397 = DIRECTION ( 'NONE',  ( -1.000000000000000000, 0.000000000000000000, 0.000000000000000000 ) ) ;
#4398 = SURFACE_STYLE_USAGE ( .BOTH. , #2144 ) ;
#4399 = COLOUR_RGB ( '',1.000000000000000000, 1.000000000000000000, 1.000000000000000000 ) ;
#4400 =( NAMED_UNIT ( * ) SI_UNIT ( $, .STERADIAN. ) SOLID_ANGLE_UNIT ( ) );
#4401 = STYLED_ITEM ( 'NONE', ( #5155 ), #2360 ) ;
#4402 = DIRECTION ( 'NONE',  ( -0.000000000000000000, 1.000000000000000000, -0.000000000000000000 ) ) ;
#4403 = ORIENTED_EDGE ( 'NONE', *, *, #3054, .F. ) ;
#4404 = CARTESIAN_POINT ( 'NONE',  ( -1.491891759901975645, 0.9800000000000002043, -1.511097518071223833 ) ) ;
#4405 = DIRECTION ( 'NONE',  ( -0.000000000000000000, -1.000000000000000000, -0.000000000000000000 ) ) ;
#4406 = CARTESIAN_POINT ( 'NONE',  ( -1.338077121022566374, 0.9999999999999997780, -1.834714841387226958 ) ) ;
#4407 = ORIENTED_EDGE ( 'NONE', *, *, #2175, .F. ) ;
#4408 = VECTOR ( 'NONE', #4898, 1000.000000000000000 ) ;
#4409 = PRESENTATION_STYLE_ASSIGNMENT (( #3176 ) ) ;
#4410 = CARTESIAN_POINT ( 'NONE',  ( -2.949999999999999289, 2.199999999999998845, 7.530000000000002025 ) ) ;
#4411 = VERTEX_POINT ( 'NONE', #1721 ) ;
#4412 = CARTESIAN_POINT ( 'NONE',  ( 1.242331739997836859, 1.000000000000000222, -1.721786789765165304 ) ) ;
#4413 = CARTESIAN_POINT ( 'NONE',  ( 4.297404378988376017, 0.9799999999999999822, -1.641836481659772584 ) ) ;
#4414 = DIRECTION ( 'NONE',  ( 0.000000000000000000, 0.000000000000000000, -1.000000000000000000 ) ) ;
#4415 = B_SPLINE_SURFACE_WITH_KNOTS ( 'NONE', 3, 1, ( 
 ( #6135, #109 ),
 ( #6205, #1750 ),
 ( #715, #4002 ),
 ( #3478, #2376 ),
 ( #1251, #6281 ),
 ( #3515, #1413 ),
 ( #6243, #4632 ),
 ( #5172, #1829 ),
 ( #3962, #6165 ),
 ( #5694, #41 ),
 ( #2870, #5870 ) ),
 .UNSPECIFIED., .F., .F., .F.,
 ( 4, 1, 1, 1, 1, 1, 1, 1, 4 ),
 ( 2, 2 ),
 ( 0.000000000000000000, 0.1289756962903355342, 0.2566142768832946341, 0.3823748611154020316, 0.5074502079341302041, 0.6312318059159224282, 0.7542207153102958861, 0.8773008482791450069, 1.000000000000000000 ),
 ( 0.000000000000000000, 1.000000000000000000 ),
 .UNSPECIFIED. ) ;
#4416 = LINE ( 'NONE', #6137, #4750 ) ;
#4417 = ORIENTED_EDGE ( 'NONE', *, *, #2066, .T. ) ;
#4418 = CARTESIAN_POINT ( 'NONE',  ( 1.342103167435893196, 1.000000000000000000, -2.099206800070118284 ) ) ;
#4419 = DIRECTION ( 'NONE',  ( -1.000000000000000000, 0.000000000000000000, 0.000000000000000000 ) ) ;
#4420 = DIRECTION ( 'NONE',  ( 1.000000000000000000, -0.000000000000000000, 0.000000000000000000 ) ) ;
#4421 = DIRECTION ( 'NONE',  ( 0.000000000000000000, 0.000000000000000000, -1.000000000000000000 ) ) ;
#4422 = ADVANCED_FACE ( 'NONE', ( #4006 ), #6770, .F. ) ;
#4423 = CARTESIAN_POINT ( 'NONE',  ( 1.004776599363173650, 0.9799999999999997602, -2.396273356870988636 ) ) ;
#4424 = CARTESIAN_POINT ( 'NONE',  ( 2.881717596583309060, 0.9999999999999997780, -2.063149080050354467 ) ) ;
#4425 = LINE ( 'NONE', #2314, #5657 ) ;
#4426 = SURFACE_STYLE_FILL_AREA ( #2037 ) ;
#4427 = SURFACE_SIDE_STYLE ('',( #1620 ) ) ;
#4428 =( NAMED_UNIT ( * ) SI_UNIT ( $, .STERADIAN. ) SOLID_ANGLE_UNIT ( ) );
#4429 = CARTESIAN_POINT ( 'NONE',  ( 4.435617898473936727, 1.000000000000000000, -1.745677129972541985 ) ) ;
#4430 = ORIENTED_EDGE ( 'NONE', *, *, #745, .T. ) ;
#4431 = CARTESIAN_POINT ( 'NONE',  ( 1.022753106323708749, 0.9799999999999999822, -2.379294192103029726 ) ) ;
#4432 = FACE_OUTER_BOUND ( 'NONE', #5668, .T. ) ;
#4433 = CARTESIAN_POINT ( 'NONE',  ( 4.519752568665516890, 0.9799999999999997602, -1.708735258469130658 ) ) ;
#4434 = EDGE_CURVE ( 'NONE', #3405, #2689, #6068, .T. ) ;
#4435 = CARTESIAN_POINT ( 'NONE',  ( 0.9130808030122832264, 1.000000000000000222, -1.735644222418574856 ) ) ;
#4436 = LINE ( 'NONE', #1124, #569 ) ;
#4437 = CARTESIAN_POINT ( 'NONE',  ( -1.530803658252579469, 0.9799999999999999822, -1.507182465705265928 ) ) ;
#4438 = FILL_AREA_STYLE_COLOUR ( '', #5550 ) ;
#4439 = VERTEX_POINT ( 'NONE', #5002 ) ;
#4440 = EDGE_CURVE ( 'NONE', #2939, #2896, #6546, .T. ) ;
#4441 = PRESENTATION_STYLE_ASSIGNMENT (( #2190 ) ) ;
#4442 = CARTESIAN_POINT ( 'NONE',  ( 3.097141506061015903, 1.000000000000000000, -2.063342164923021471 ) ) ;
#4443 = CARTESIAN_POINT ( 'NONE',  ( -1.457424832593896769, 0.9799999999999997602, -1.516163720631590550 ) ) ;
#4444 = ORIENTED_EDGE ( 'NONE', *, *, #5798, .F. ) ;
#4445 = CARTESIAN_POINT ( 'NONE',  ( 1.340717861414249645, 1.000000000000000222, -2.016010547248966667 ) ) ;
#4446 = DIRECTION ( 'NONE',  ( -0.000000000000000000, 1.000000000000000000, -0.000000000000000000 ) ) ;
#4447 =( NAMED_UNIT ( * ) SI_UNIT ( $, .STERADIAN. ) SOLID_ANGLE_UNIT ( ) );
#4448 = STYLED_ITEM ( 'NONE', ( #1757 ), #269 ) ;
#4449 = VERTEX_POINT ( 'NONE', #4451 ) ;
#4450 = EDGE_CURVE ( 'NONE', #2780, #2584, #6932, .T. ) ;
#4451 = CARTESIAN_POINT ( 'NONE',  ( -3.750000000000000000, 0.9799999999999999822, -3.829999999999999183 ) ) ;
#4452 = CARTESIAN_POINT ( 'NONE',  ( -1.788461538461538769, 0.9799999999999999822, -2.484615384615384670 ) ) ;
#4453 = DIRECTION ( 'NONE',  ( 0.000000000000000000, 0.000000000000000000, 1.000000000000000000 ) ) ;
#4454 = CARTESIAN_POINT ( 'NONE',  ( 0.6826938319829860546, 1.000000000000000000, -1.500074585785847292 ) ) ;
#4455 =( GEOMETRIC_REPRESENTATION_CONTEXT ( 3 ) GLOBAL_UNCERTAINTY_ASSIGNED_CONTEXT ( ( #2552 ) ) GLOBAL_UNIT_ASSIGNED_CONTEXT ( ( #5833, #4065, #5698 ) ) REPRESENTATION_CONTEXT ( 'NONE', 'WORKASPACE' ) );
#4456 =( NAMED_UNIT ( * ) SI_UNIT ( $, .STERADIAN. ) SOLID_ANGLE_UNIT ( ) );
#4457 = PRESENTATION_LAYER_ASSIGNMENT (  '', '', ( #1283 ) ) ;
#4458 = CARTESIAN_POINT ( 'NONE',  ( 3.127882621753902637, 1.000000000000000222, -1.594984545564449352 ) ) ;
#4459 = DIRECTION ( 'NONE',  ( 0.000000000000000000, 0.000000000000000000, -1.000000000000000000 ) ) ;
#4460 = STYLED_ITEM ( 'NONE', ( #4795 ), #4202 ) ;
#4461 = FILL_AREA_STYLE ('',( #2246 ) ) ;
#4462 =( GEOMETRIC_REPRESENTATION_CONTEXT ( 3 ) GLOBAL_UNCERTAINTY_ASSIGNED_CONTEXT ( ( #4191 ) ) GLOBAL_UNIT_ASSIGNED_CONTEXT ( ( #1604, #4304, #1051 ) ) REPRESENTATION_CONTEXT ( 'NONE', 'WORKASPACE' ) );
#4463 = EDGE_CURVE ( 'NONE', #2519, #1086, #2810, .T. ) ;
#4464 = CARTESIAN_POINT ( 'NONE',  ( 3.518269230769230926, 0.9799999999999999822, -2.515384615384615330 ) ) ;
#4465 = CARTESIAN_POINT ( 'NONE',  ( 3.149999999999998135, 2.799999999999999822, -8.655624622074400421 ) ) ;
#4466 = VECTOR ( 'NONE', #1776, 1000.000000000000000 ) ;
#4467 = CARTESIAN_POINT ( 'NONE',  ( 3.750000000000000000, 0.000000000000000000, -4.529999999999998472 ) ) ;
#4468 = VECTOR ( 'NONE', #5280, 1000.000000000000000 ) ;
#4469 = VERTEX_POINT ( 'NONE', #3596 ) ;
#4470 = FACE_OUTER_BOUND ( 'NONE', #6965, .T. ) ;
#4471 = SURFACE_STYLE_USAGE ( .BOTH. , #1667 ) ;
#4472 = STYLED_ITEM ( 'NONE', ( #2223 ), #1980 ) ;
#4473 = CIRCLE ( 'NONE', #6783, 0.7000000000000000666 ) ;
#4474 = CARTESIAN_POINT ( 'NONE',  ( 0.7554772223352428373, 0.9999999999999997780, -1.715456319706018418 ) ) ;
#4475 = CARTESIAN_POINT ( 'NONE',  ( 3.403829906763389257, 0.9999999999999997780, -1.701170856979114410 ) ) ;
#4476 = CARTESIAN_POINT ( 'NONE',  ( -1.378605769230769607, 1.000000000000000222, -2.388461538461538414 ) ) ;
#4477 = B_SPLINE_SURFACE_WITH_KNOTS ( 'NONE', 3, 1, ( 
 ( #6577, #4782 ),
 ( #1561, #386 ),
 ( #5443, #6984 ),
 ( #6536, #7086 ),
 ( #1524, #351 ),
 ( #7052, #1978 ),
 ( #2585, #4329 ),
 ( #4812, #4848 ),
 ( #5344, #4229 ),
 ( #419, #3732 ),
 ( #5913, #5948 ) ),
 .UNSPECIFIED., .F., .F., .F.,
 ( 4, 1, 1, 1, 1, 1, 1, 1, 4 ),
 ( 2, 2 ),
 ( 0.000000000000000000, 0.1422766862527816978, 0.2774285141643557662, 0.4064771515299090421, 0.5305950716916276733, 0.6501429215018529328, 0.7668506965409357390, 0.8835020926432471944, 0.9999999999999998890 ),
 ( 0.000000000000000000, 1.000000000000000000 ),
 .UNSPECIFIED. ) ;
#4478 = CARTESIAN_POINT ( 'NONE',  ( 3.112566858978100370, 0.9800000000000002043, -2.227092777604009033 ) ) ;
#4479 = CARTESIAN_POINT ( 'NONE',  ( -1.051589830893443045, 0.9800000000000002043, -2.016010547248966667 ) ) ;
#4480 = SURFACE_SIDE_STYLE ('',( #2224 ) ) ;
#4481 = EDGE_CURVE ( 'NONE', #1718, #6025, #6404, .T. ) ;
#4482 =( GEOMETRIC_REPRESENTATION_CONTEXT ( 3 ) GLOBAL_UNCERTAINTY_ASSIGNED_CONTEXT ( ( #397 ) ) GLOBAL_UNIT_ASSIGNED_CONTEXT ( ( #7215, #4321, #3192 ) ) REPRESENTATION_CONTEXT ( 'NONE', 'WORKASPACE' ) );
#4483 = VECTOR ( 'NONE', #2754, 1000.000000000000000 ) ;
#4484 = ORIENTED_EDGE ( 'NONE', *, *, #200, .T. ) ;
#4485 = VECTOR ( 'NONE', #2031, 1000.000000000000227 ) ;
#4486 = CARTESIAN_POINT ( 'NONE',  ( -1.095029052076768705, 0.9800000000000002043, -1.828541687717118780 ) ) ;
#4487 = VERTEX_POINT ( 'NONE', #6808 ) ;
#4488 = CARTESIAN_POINT ( 'NONE',  ( 1.169610441911409504, 0.9799999999999999822, -1.634915726183040263 ) ) ;
#4489 = CARTESIAN_POINT ( 'NONE',  ( 4.296577207281008448, 0.9800000000000002043, -1.624657759045514904 ) ) ;
#4490 = EDGE_CURVE ( 'NONE', #4601, #6401, #5776, .T. ) ;
#4491 = CARTESIAN_POINT ( 'NONE',  ( 2.881086756098961477, 0.9799999999999999822, -2.091659345254252678 ) ) ;
#4492 = SURFACE_STYLE_USAGE ( .BOTH. , #3822 ) ;
#4493 = ORIENTED_EDGE ( 'NONE', *, *, #5744, .T. ) ;
#4494 = DIRECTION ( 'NONE',  ( 0.000000000000000000, 0.000000000000000000, -1.000000000000000000 ) ) ;
#4495 = CARTESIAN_POINT ( 'NONE',  ( -3.249999999999999112, 2.250000000000000000, -8.655624622074400421 ) ) ;
#4496 = CARTESIAN_POINT ( 'NONE',  ( 3.750000000000000000, 0.9799999999999999822, -5.229999999999998650 ) ) ;
#4497 = PLANE ( 'NONE',  #1342 ) ;
#4498 = EDGE_CURVE ( 'NONE', #4469, #5376, #2347, .T. ) ;
#4499 = CARTESIAN_POINT ( 'NONE',  ( -1.271628519673966284, 0.9800000000000002043, -2.178044090144684031 ) ) ;
#4500 = DIRECTION ( 'NONE',  ( -0.000000000000000000, -1.000000000000000000, -0.000000000000000000 ) ) ;
#4501 = CARTESIAN_POINT ( 'NONE',  ( 3.272943757888117755, 1.000000000000000444, -1.514426515105943505 ) ) ;
#4502 = DIRECTION ( 'NONE',  ( 1.000000000000000000, 0.000000000000000000, 0.000000000000000000 ) ) ;
#4503 =( LENGTH_UNIT ( ) NAMED_UNIT ( * ) SI_UNIT ( .MILLI., .METRE. ) );
#4504 = EDGE_LOOP ( 'NONE', ( #2991, #4215, #208, #425 ) ) ;
#4505 = CARTESIAN_POINT ( 'NONE',  ( -3.211538461538461675, 0.9799999999999999822, -2.700000000000000178 ) ) ;
#4506 = FACE_OUTER_BOUND ( 'NONE', #3956, .T. ) ;
#4507 = CARTESIAN_POINT ( 'NONE',  ( 0.000000000000000000, 0.000000000000000000, 0.000000000000000000 ) ) ;
#4508 = B_SPLINE_CURVE_WITH_KNOTS ( 'NONE', 3,
 ( #6227, #4798, #2297, #5822, #4584, #1922, #6195, #5654, #4553, #6756, #3646, #6788, #2860, #1238, #3468, #801, #6415, #5898, #5126 ),
 .UNSPECIFIED., .F., .F.,
 ( 4, 1, 1, 1, 1, 1, 1, 1, 1, 1, 1, 1, 1, 1, 1, 1, 4 ),
 ( 0.000000000000000000, 0.06378691041142112161, 0.1266160577673749732, 0.1883427175688253685, 0.2494790546609667037, 0.3098641696187233174, 0.3706562883855294976, 0.4306751569820286285, 0.4912776807977299320, 0.5518738213688570982, 0.6130654962055209767, 0.6751670177106505744, 0.7377045842895261218, 0.8014732993282047691, 0.8661155991141838983, 0.9322603771672383077, 0.9999999999999998890 ),
 .UNSPECIFIED. ) ;
#4509 = VECTOR ( 'NONE', #88, 1000.000000000000000 ) ;
#4510 = CARTESIAN_POINT ( 'NONE',  ( 3.445785435729310286, 1.000000000000000000, -1.691571826960297065 ) ) ;
#4511 =( NAMED_UNIT ( * ) PLANE_ANGLE_UNIT ( ) SI_UNIT ( $, .RADIAN. ) );
#4512 = LINE ( 'NONE', #4949, #3029 ) ;
#4513 = CARTESIAN_POINT ( 'NONE',  ( -1.457424832593896769, 0.9799999999999997602, -1.516163720631590550 ) ) ;
#4514 = PRESENTATION_STYLE_ASSIGNMENT (( #1673 ) ) ;
#4515 = EDGE_CURVE ( 'NONE', #5745, #276, #1284, .T. ) ;
#4516 =( GEOMETRIC_REPRESENTATION_CONTEXT ( 3 ) GLOBAL_UNCERTAINTY_ASSIGNED_CONTEXT ( ( #5628 ) ) GLOBAL_UNIT_ASSIGNED_CONTEXT ( ( #5807, #5696, #678 ) ) REPRESENTATION_CONTEXT ( 'NONE', 'WORKASPACE' ) );
#4517 = VERTEX_POINT ( 'NONE', #4748 ) ;
#4518 = PRESENTATION_LAYER_ASSIGNMENT (  '', '', ( #5424 ) ) ;
#4519 = STYLED_ITEM ( 'NONE', ( #2346 ), #912 ) ;
#4520 = AXIS2_PLACEMENT_3D ( 'NONE', #6038, #5971, #1478 ) ;
#4521 = SURFACE_SIDE_STYLE ('',( #3735 ) ) ;
#4522 = CARTESIAN_POINT ( 'NONE',  ( -1.308752852053950422, 0.9800000000000002043, -2.296002271410442219 ) ) ;
#4523 = ORIENTED_EDGE ( 'NONE', *, *, #303, .T. ) ;
#4524 = CARTESIAN_POINT ( 'NONE',  ( 1.297278640230924207, 1.000000000000000222, -1.828541687717118780 ) ) ;
#4525 =( LENGTH_UNIT ( ) NAMED_UNIT ( * ) SI_UNIT ( .MILLI., .METRE. ) );
#4526 = VECTOR ( 'NONE', #4337, 1000.000000000000000 ) ;
#4527 = SURFACE_STYLE_USAGE ( .BOTH. , #5666 ) ;
#4528 = AXIS2_PLACEMENT_3D ( 'NONE', #4316, #5006, #1582 ) ;
#4529 = CARTESIAN_POINT ( 'NONE',  ( 5.999999999999998224, 1.000000000000000000, -6.829999999999998295 ) ) ;
#4530 = VERTEX_POINT ( 'NONE', #6328 ) ;
#4531 = EDGE_LOOP ( 'NONE', ( #5575, #3019, #7031, #5198 ) ) ;
#4532 = LINE ( 'NONE', #6738, #1496 ) ;
#4533 = LINE ( 'NONE', #1685, #3868 ) ;
#4534 = EDGE_CURVE ( 'NONE', #6303, #1599, #4044, .T. ) ;
#4535 = CYLINDRICAL_SURFACE ( 'NONE', #7150, 0.7000000000000005107 ) ;
#4536 = COLOUR_RGB ( '',0.8980392156862745390, 0.8980392156862745390, 0.8980392156862745390 ) ;
#4537 = CARTESIAN_POINT ( 'NONE',  ( 1.169610441911409504, 1.000000000000000000, -1.634915726183040263 ) ) ;
#4538 = EDGE_CURVE ( 'NONE', #6608, #4195, #6325, .T. ) ;
#4539 = CARTESIAN_POINT ( 'NONE',  ( -4.219999999999999751, 2.750000000000000000, -8.655624622074400421 ) ) ;
#4540 = CARTESIAN_POINT ( 'NONE',  ( 3.530288461538461764, 1.000000000000000000, -1.469230769230769562 ) ) ;
#4541 = CARTESIAN_POINT ( 'NONE',  ( 3.879086538461538503, 1.000000000000000000, -2.353125000000000355 ) ) ;
#4542 = B_SPLINE_SURFACE_WITH_KNOTS ( 'NONE', 3, 1, ( 
 ( #2580, #6528 ),
 ( #889, #7047 ),
 ( #7081, #4879 ),
 ( #5368, #3091 ),
 ( #4259, #6467 ),
 ( #318, #2547 ),
 ( #5340, #2044 ),
 ( #4222, #4295 ),
 ( #1451, #5983 ),
 ( #1414, #923 ),
 ( #960, #6502 ) ),
 .UNSPECIFIED., .F., .F., .F.,
 ( 4, 1, 1, 1, 1, 1, 1, 1, 4 ),
 ( 2, 2 ),
 ( 0.000000000000000000, 0.1292556063253775256, 0.2552415007642930833, 0.3789022272349729659, 0.5014238390024320369, 0.6232587093681611901, 0.7464370825446893232, 0.8713701220624808785, 1.000000000000000000 ),
 ( 0.000000000000000000, 1.000000000000000000 ),
 .UNSPECIFIED. ) ;
#4543 = CARTESIAN_POINT ( 'NONE',  ( 3.813193504017746260, 1.000000000000000222, -1.803551418180772803 ) ) ;
#4544 = LINE ( 'NONE', #2247, #4274 ) ;
#4545 = CARTESIAN_POINT ( 'NONE',  ( 3.896477316912085875, 0.9800000000000002043, -1.585749488397031781 ) ) ;
#4546 = FACE_OUTER_BOUND ( 'NONE', #2490, .T. ) ;
#4547 = ORIENTED_EDGE ( 'NONE', *, *, #4588, .F. ) ;
#4548 = CARTESIAN_POINT ( 'NONE',  ( -1.611139481672578144, 0.9800000000000002043, -2.696344794924187216 ) ) ;
#4549 = CARTESIAN_POINT ( 'NONE',  ( 0.000000000000000000, 0.9799999999999999822, 0.000000000000000000 ) ) ;
#4550 = CARTESIAN_POINT ( 'NONE',  ( -1.611139481672578144, 0.9800000000000002043, -2.696344794924187216 ) ) ;
#4551 = ORIENTED_EDGE ( 'NONE', *, *, #1374, .F. ) ;
#4552 = LINE ( 'NONE', #1815, #4349 ) ;
#4553 = CARTESIAN_POINT ( 'NONE',  ( 3.223000133376143328, 1.000000000000000222, -2.664811878864163486 ) ) ;
#4554 = DIRECTION ( 'NONE',  ( 4.818676322157798854E-17, -1.000000000000000000, 0.000000000000000000 ) ) ;
#4555 = CARTESIAN_POINT ( 'NONE',  ( -1.120066234397541827, 0.9800000000000002043, -1.772810115625022220 ) ) ;
#4556 = CARTESIAN_POINT ( 'NONE',  ( 0.7554772223352428373, 0.9999999999999986677, -1.715456319706018418 ) ) ;
#4557 = ORIENTED_EDGE ( 'NONE', *, *, #3110, .F. ) ;
#4558 = EDGE_CURVE ( 'NONE', #3350, #699, #1176, .T. ) ;
#4559 = CARTESIAN_POINT ( 'NONE',  ( -1.662575766196305649, 0.9799999999999999822, -1.715409143662370184 ) ) ;
#4560 = ORIENTED_EDGE ( 'NONE', *, *, #6053, .T. ) ;
#4561 = CARTESIAN_POINT ( 'NONE',  ( 0.9997862177488706648, 1.000000000000000222, -1.531035498969075537 ) ) ;
#4562 = UNCERTAINTY_MEASURE_WITH_UNIT (LENGTH_MEASURE( 1.000000000000000082E-05 ), #3514, 'distance_accuracy_value', 'NONE');
#4563 = ORIENTED_EDGE ( 'NONE', *, *, #4570, .F. ) ;
#4564 = ORIENTED_EDGE ( 'NONE', *, *, #121, .T. ) ;
#4565 = SURFACE_STYLE_FILL_AREA ( #2308 ) ;
#4566 = FILL_AREA_STYLE_COLOUR ( '', #5302 ) ;
#4567 = CARTESIAN_POINT ( 'NONE',  ( 1.297278640230924207, 1.000000000000000222, -1.828541687717118780 ) ) ;
#4568 = CARTESIAN_POINT ( 'NONE',  ( -1.711293621206112281, 1.000000000000000000, -2.699852096230391130 ) ) ;
#4569 = CARTESIAN_POINT ( 'NONE',  ( -1.266231290266351284, 0.9799999999999999822, -2.133394881843516444 ) ) ;
#4570 = EDGE_CURVE ( 'NONE', #658, #5278, #2311, .T. ) ;
#4571 = VERTEX_POINT ( 'NONE', #1951 ) ;
#4572 = CARTESIAN_POINT ( 'NONE',  ( 3.858684383046074640, 1.000000000000000222, -1.873284901088208665 ) ) ;
#4573 = CARTESIAN_POINT ( 'NONE',  ( -3.750000000000000000, 0.000000000000000000, -4.529999999999998472 ) ) ;
#4574 = AXIS2_PLACEMENT_3D ( 'NONE', #2560, #5320, #5957 ) ;
#4575 = SURFACE_STYLE_FILL_AREA ( #1189 ) ;
#4576 = ORIENTED_EDGE ( 'NONE', *, *, #4558, .F. ) ;
#4577 = LINE ( 'NONE', #3348, #7186 ) ;
#4578 = EDGE_CURVE ( 'NONE', #3813, #4601, #5245, .T. ) ;
#4579 = CARTESIAN_POINT ( 'NONE',  ( -1.281308774047113186, 0.9800000000000002043, -2.597949694402314158 ) ) ;
#4580 = ORIENTED_EDGE ( 'NONE', *, *, #6637, .F. ) ;
#4581 =( GEOMETRIC_REPRESENTATION_CONTEXT ( 3 ) GLOBAL_UNCERTAINTY_ASSIGNED_CONTEXT ( ( #1608 ) ) GLOBAL_UNIT_ASSIGNED_CONTEXT ( ( #3572, #2503, #5753 ) ) REPRESENTATION_CONTEXT ( 'NONE', 'WORKASPACE' ) );
#4582 = CARTESIAN_POINT ( 'NONE',  ( 3.046055682867688574, 0.9799999999999999822, -2.529502060628774807 ) ) ;
#4583 = AXIS2_PLACEMENT_3D ( 'NONE', #4836, #3793, #993 ) ;
#4584 = CARTESIAN_POINT ( 'NONE',  ( 3.111955374760969839, 0.9999999999999997780, -2.592507597168781430 ) ) ;
#4585 = DIRECTION ( 'NONE',  ( 1.000000000000000000, 0.000000000000000000, 0.000000000000000000 ) ) ;
#4586 = CARTESIAN_POINT ( 'NONE',  ( 1.249999999999999778, 0.9799999999999999822, -3.829999999999997851 ) ) ;
#4587 = VECTOR ( 'NONE', #5162, 1000.000000000000000 ) ;
#4588 = EDGE_CURVE ( 'NONE', #1556, #3500, #4713, .T. ) ;
#4589 = VECTOR ( 'NONE', #4026, 1000.000000000000000 ) ;
#4590 = ORIENTED_EDGE ( 'NONE', *, *, #3784, .T. ) ;
#4591 = CARTESIAN_POINT ( 'NONE',  ( 1.126778968043010920, 0.9800000000000002043, -2.076760214500665835 ) ) ;
#4592 = ORIENTED_EDGE ( 'NONE', *, *, #4137, .F. ) ;
#4593 = CARTESIAN_POINT ( 'NONE',  ( 3.813193504017746260, 0.9800000000000002043, -1.803551418180772803 ) ) ;
#4594 = AXIS2_PLACEMENT_3D ( 'NONE', #4573, #1697, #3494 ) ;
#4595 = PRESENTATION_LAYER_ASSIGNMENT (  '', '', ( #3401 ) ) ;
#4596 =( NAMED_UNIT ( * ) PLANE_ANGLE_UNIT ( ) SI_UNIT ( $, .RADIAN. ) );
#4597 = FILL_AREA_STYLE_COLOUR ( '', #225 ) ;
#4598 = FACE_OUTER_BOUND ( 'NONE', #2274, .T. ) ;
#4599 = B_SPLINE_SURFACE_WITH_KNOTS ( 'NONE', 3, 1, ( 
 ( #2592, #3674 ),
 ( #3232, #4429 ),
 ( #1074, #7142 ),
 ( #4356, #3693 ),
 ( #5976, #2180 ),
 ( #4433, #5016 ),
 ( #4670, #82 ),
 ( #5909, #3123 ),
 ( #4034, #4183 ),
 ( #970, #4353 ),
 ( #2173, #473 ) ),
 .UNSPECIFIED., .F., .F., .F.,
 ( 4, 1, 1, 1, 1, 1, 1, 1, 4 ),
 ( 2, 2 ),
 ( 0.000000000000000000, 0.1271196250723264087, 0.2502765869192754566, 0.3719693125512811283, 0.4993749699591257807, 0.6266295960519258079, 0.7493508004417345214, 0.8717133012381531598, 1.000000000000000000 ),
 ( 0.000000000000000000, 1.000000000000000000 ),
 .UNSPECIFIED. ) ;
#4600 = DIRECTION ( 'NONE',  ( -0.000000000000000000, 0.000000000000000000, 1.000000000000000000 ) ) ;
#4601 = VERTEX_POINT ( 'NONE', #6875 ) ;
#4602 = PRESENTATION_STYLE_ASSIGNMENT (( #4151 ) ) ;
#4603 = VECTOR ( 'NONE', #432, 1000.000000000000000 ) ;
#4604 = CARTESIAN_POINT ( 'NONE',  ( 1.249999999999999778, 0.02000000000000000042, -4.529999999999998472 ) ) ;
#4605 = CARTESIAN_POINT ( 'NONE',  ( -0.8346153846153844258, 0.9799999999999999822, -2.038461538461538325 ) ) ;
#4606 = CARTESIAN_POINT ( 'NONE',  ( 4.418217899903063461, 0.9800000000000002043, -1.485061775287022323 ) ) ;
#4607 = LINE ( 'NONE', #4644, #798 ) ;
#4608 = STYLED_ITEM ( 'NONE', ( #2988 ), #6040 ) ;
#4609 = CARTESIAN_POINT ( 'NONE',  ( -1.382834915754502569, 0.9799999999999999822, -1.786177100733938872 ) ) ;
#4610 = EDGE_CURVE ( 'NONE', #528, #1735, #3755, .T. ) ;
#4611 = CARTESIAN_POINT ( 'NONE',  ( 3.618114058956970691, 0.9799999999999997602, -2.506193272304860997 ) ) ;
#4612 = ORIENTED_EDGE ( 'NONE', *, *, #3422, .F. ) ;
#4613 = CARTESIAN_POINT ( 'NONE',  ( 3.353871678935218537, 0.9800000000000004263, -1.489244150293287383 ) ) ;
#4614 = FILL_AREA_STYLE ('',( #5708 ) ) ;
#4615 = DIRECTION ( 'NONE',  ( 0.9402928757795286918, 0.000000000000000000, -0.3403664315972772525 ) ) ;
#4616 = EDGE_CURVE ( 'NONE', #6450, #5926, #5845, .T. ) ;
#4617 = VERTEX_POINT ( 'NONE', #6643 ) ;
#4618 = DIRECTION ( 'NONE',  ( -0.000000000000000000, 1.000000000000000000, -0.000000000000000000 ) ) ;
#4619 = CARTESIAN_POINT ( 'NONE',  ( -1.711293621206112281, 1.000000000000000000, -2.699852096230391130 ) ) ;
#4620 = ORIENTED_EDGE ( 'NONE', *, *, #641, .T. ) ;
#4621 = CARTESIAN_POINT ( 'NONE',  ( 3.223000133376143328, 0.9800000000000002043, -2.664811878864163486 ) ) ;
#4622 = EDGE_CURVE ( 'NONE', #4082, #3435, #7222, .T. ) ;
#4623 = DIRECTION ( 'NONE',  ( 1.000000000000000000, 4.818676322157798854E-17, 0.000000000000000000 ) ) ;
#4624 = FILL_AREA_STYLE ('',( #2369 ) ) ;
#4625 =( NAMED_UNIT ( * ) PLANE_ANGLE_UNIT ( ) SI_UNIT ( $, .RADIAN. ) );
#4626 = CARTESIAN_POINT ( 'NONE',  ( 1.819230769230768985, 0.9799999999999999822, -1.684615384615384848 ) ) ;
#4627 = EDGE_LOOP ( 'NONE', ( #1482, #6581, #3257, #3142, #759, #5107 ) ) ;
#4628 = AXIS2_PLACEMENT_3D ( 'NONE', #3678, #363, #3638 ) ;
#4629 = SURFACE_STYLE_FILL_AREA ( #3014 ) ;
#4630 = ORIENTED_EDGE ( 'NONE', *, *, #1619, .T. ) ;
#4631 = DIRECTION ( 'NONE',  ( 0.000000000000000000, -1.000000000000000000, 0.000000000000000000 ) ) ;
#4632 = CARTESIAN_POINT ( 'NONE',  ( 3.712035363191839910, 1.000000000000000444, -2.709046762665793029 ) ) ;
#4633 = COLOUR_RGB ( '',0.8980392156862745390, 0.8980392156862745390, 0.8980392156862745390 ) ;
#4634 = LINE ( 'NONE', #1209, #5778 ) ;
#4635 = FACE_OUTER_BOUND ( 'NONE', #1566, .T. ) ;
#4636 =( GEOMETRIC_REPRESENTATION_CONTEXT ( 3 ) GLOBAL_UNCERTAINTY_ASSIGNED_CONTEXT ( ( #3181 ) ) GLOBAL_UNIT_ASSIGNED_CONTEXT ( ( #7135, #1025, #4456 ) ) REPRESENTATION_CONTEXT ( 'NONE', 'WORKASPACE' ) );
#4637 = ORIENTED_EDGE ( 'NONE', *, *, #5396, .T. ) ;
#4638 = SURFACE_SIDE_STYLE ('',( #2912 ) ) ;
#4639 = CARTESIAN_POINT ( 'NONE',  ( -3.750000000000000000, 1.000000000000000000, -4.529999999999998472 ) ) ;
#4640 =( GEOMETRIC_REPRESENTATION_CONTEXT ( 3 ) GLOBAL_UNCERTAINTY_ASSIGNED_CONTEXT ( ( #75 ) ) GLOBAL_UNIT_ASSIGNED_CONTEXT ( ( #3426, #1193, #5650 ) ) REPRESENTATION_CONTEXT ( 'NONE', 'WORKASPACE' ) );
#4641 = CARTESIAN_POINT ( 'NONE',  ( 0.6639423076923075540, 0.9800000000000002043, -1.500000000000000444 ) ) ;
#4642 = CARTESIAN_POINT ( 'NONE',  ( -6.000000000000001776, 1.000000000000000000, 6.830000000000001847 ) ) ;
#4643 = STYLED_ITEM ( 'NONE', ( #5899 ), #2400 ) ;
#4644 = CARTESIAN_POINT ( 'NONE',  ( 5.999999999999998224, 0.000000000000000000, -6.829999999999998295 ) ) ;
#4645 = CARTESIAN_POINT ( 'NONE',  ( -1.266231290266351284, 1.000000000000000000, -2.133394881843516444 ) ) ;
#4646 = VERTEX_POINT ( 'NONE', #1628 ) ;
#4647 = MECHANICAL_DESIGN_GEOMETRIC_PRESENTATION_REPRESENTATION (  '', ( #4774 ), #6017 ) ;
#4648 = CARTESIAN_POINT ( 'NONE',  ( 2.892320084964774995, 0.9800000000000002043, -1.979060479849231946 ) ) ;
#4649 = CARTESIAN_POINT ( 'NONE',  ( 3.249999999999999556, 3.720000000000000195, 7.530000000000002025 ) ) ;
#4650 =( NAMED_UNIT ( * ) SI_UNIT ( $, .STERADIAN. ) SOLID_ANGLE_UNIT ( ) );
#4651 = EDGE_CURVE ( 'NONE', #750, #6697, #5883, .T. ) ;
#4652 = LINE ( 'NONE', #6709, #6236 ) ;
#4653 = ORIENTED_EDGE ( 'NONE', *, *, #1949, .T. ) ;
#4654 = CARTESIAN_POINT ( 'NONE',  ( 1.249999999999999778, 0.000000000000000000, -4.529999999999998472 ) ) ;
#4655 =( LENGTH_UNIT ( ) NAMED_UNIT ( * ) SI_UNIT ( .MILLI., .METRE. ) );
#4656 = ORIENTED_EDGE ( 'NONE', *, *, #2683, .T. ) ;
#4657 =( LENGTH_UNIT ( ) NAMED_UNIT ( * ) SI_UNIT ( .MILLI., .METRE. ) );
#4658 = PRESENTATION_STYLE_ASSIGNMENT (( #2257 ) ) ;
#4659 = DIRECTION ( 'NONE',  ( 1.000000000000000000, 0.000000000000000000, 0.000000000000000000 ) ) ;
#4660 = DIRECTION ( 'NONE',  ( 0.3402308794368850697, 0.000000000000000000, 0.9403419317873705774 ) ) ;
#4661 = CARTESIAN_POINT ( 'NONE',  ( 1.511538461538461275, 1.000000000000000000, -2.176923076923077183 ) ) ;
#4662 = EDGE_CURVE ( 'NONE', #2577, #803, #3984, .T. ) ;
#4663 = ORIENTED_EDGE ( 'NONE', *, *, #6951, .F. ) ;
#4664 = CARTESIAN_POINT ( 'NONE',  ( 0.8270207790104915357, 0.9799999999999999822, -1.719958759348471089 ) ) ;
#4665 = ORIENTED_EDGE ( 'NONE', *, *, #408, .T. ) ;
#4666 = CARTESIAN_POINT ( 'NONE',  ( 3.670304388675465823, 0.9799999999999999822, -1.704733178952082762 ) ) ;
#4667 = CARTESIAN_POINT ( 'NONE',  ( 4.426923076923076295, 1.000000000000000000, -1.484615384615384892 ) ) ;
#4668 = DIRECTION ( 'NONE',  ( -1.000000000000000000, 0.000000000000000000, 0.000000000000000000 ) ) ;
#4669 = EDGE_LOOP ( 'NONE', ( #1975, #766, #6996, #2839 ) ) ;
#4670 = CARTESIAN_POINT ( 'NONE',  ( 4.536629737879824376, 0.9800000000000002043, -1.688986639685390312 ) ) ;
#4671 = CARTESIAN_POINT ( 'NONE',  ( 0.9997862177488706648, 0.9800000000000002043, -1.531035498969075537 ) ) ;
#4672 = CARTESIAN_POINT ( 'NONE',  ( 3.445785435729310286, 0.9799999999999999822, -1.691571826960297065 ) ) ;
#4673 = CARTESIAN_POINT ( 'NONE',  ( 0.8872473838947498859, 0.9999999999999997780, -2.684574988228274783 ) ) ;
#4674 = CARTESIAN_POINT ( 'NONE',  ( -1.292950469751111386, 0.9799999999999999822, -2.259370600705898902 ) ) ;
#4675 = EDGE_LOOP ( 'NONE', ( #672, #5752, #4066, #3214 ) ) ;
#4676 = VERTEX_POINT ( 'NONE', #4819 ) ;
#4677 = EDGE_CURVE ( 'NONE', #498, #2019, #4473, .T. ) ;
#4678 = UNCERTAINTY_MEASURE_WITH_UNIT (LENGTH_MEASURE( 1.000000000000000082E-05 ), #6408, 'distance_accuracy_value', 'NONE');
#4679 = CARTESIAN_POINT ( 'NONE',  ( 4.042067307692308376, 0.9799999999999999822, -2.509134615384615241 ) ) ;
#4680 = CARTESIAN_POINT ( 'NONE',  ( 0.6598557692307690514, 1.000000000000000000, -2.700000000000000622 ) ) ;
#4681 =( LENGTH_UNIT ( ) NAMED_UNIT ( * ) SI_UNIT ( .MILLI., .METRE. ) );
#4682 = STYLED_ITEM ( 'NONE', ( #4441 ), #103 ) ;
#4683 = SURFACE_SIDE_STYLE ('',( #6964 ) ) ;
#4684 = ORIENTED_EDGE ( 'NONE', *, *, #163, .T. ) ;
#4685 = CARTESIAN_POINT ( 'NONE',  ( -1.095837222486703899, 0.9799999999999999822, -2.348320808270443205 ) ) ;
#4686 =( LENGTH_UNIT ( ) NAMED_UNIT ( * ) SI_UNIT ( .MILLI., .METRE. ) );
#4687 = CARTESIAN_POINT ( 'NONE',  ( -1.054574894861833423, 1.000000000000000222, -2.177319075516277458 ) ) ;
#4688 = EDGE_CURVE ( 'NONE', #2924, #1126, #3671, .T. ) ;
#4689 = ORIENTED_EDGE ( 'NONE', *, *, #2075, .F. ) ;
#4690 = PRESENTATION_LAYER_ASSIGNMENT (  '', '', ( #6879 ) ) ;
#4691 = DIRECTION ( 'NONE',  ( -1.000000000000000000, 0.000000000000000000, 0.000000000000000000 ) ) ;
#4692 = CARTESIAN_POINT ( 'NONE',  ( 1.249999999999999778, 0.9799999999999999822, -4.529999999999998472 ) ) ;
#4693 = STYLED_ITEM ( 'NONE', ( #6804 ), #1361 ) ;
#4694 = CARTESIAN_POINT ( 'NONE',  ( 3.138428184912579244, 0.9800000000000002043, -2.612883373277548049 ) ) ;
#4695 =( LENGTH_UNIT ( ) NAMED_UNIT ( * ) SI_UNIT ( .MILLI., .METRE. ) );
#4696 = AXIS2_PLACEMENT_3D ( 'NONE', #3493, #2926, #5185 ) ;
#4697 =( NAMED_UNIT ( * ) PLANE_ANGLE_UNIT ( ) SI_UNIT ( $, .RADIAN. ) );
#4698 = SURFACE_STYLE_USAGE ( .BOTH. , #3541 ) ;
#4699 = MECHANICAL_DESIGN_GEOMETRIC_PRESENTATION_REPRESENTATION (  '', ( #3509 ), #3149 ) ;
#4700 = EDGE_LOOP ( 'NONE', ( #4560, #6011, #6535, #3661, #5120, #2865, #6066 ) ) ;
#4701 = PRESENTATION_LAYER_ASSIGNMENT (  '', '', ( #3636 ) ) ;
#4702 = ORIENTED_EDGE ( 'NONE', *, *, #2575, .F. ) ;
#4703 = CARTESIAN_POINT ( 'NONE',  ( 3.534615384615384936, 1.000000000000000000, -1.684615384615384848 ) ) ;
#4704 = UNCERTAINTY_MEASURE_WITH_UNIT (LENGTH_MEASURE( 1.000000000000000082E-05 ), #4921, 'distance_accuracy_value', 'NONE');
#4705 = FILL_AREA_STYLE_COLOUR ( '', #3820 ) ;
#4706 = LINE ( 'NONE', #746, #6612 ) ;
#4707 = MECHANICAL_DESIGN_GEOMETRIC_PRESENTATION_REPRESENTATION (  '', ( #7020 ), #1644 ) ;
#4708 = PLANE ( 'NONE',  #4392 ) ;
#4709 = ORIENTED_EDGE ( 'NONE', *, *, #207, .F. ) ;
#4710 = ORIENTED_EDGE ( 'NONE', *, *, #1150, .F. ) ;
#4711 = VECTOR ( 'NONE', #2704, 1000.000000000000000 ) ;
#4712 = CARTESIAN_POINT ( 'NONE',  ( -3.854086538461539035, 0.9799999999999999822, -1.500000000000000222 ) ) ;
#4713 = LINE ( 'NONE', #5739, #2678 ) ;
#4714 = PRESENTATION_LAYER_ASSIGNMENT (  '', '', ( #3647 ) ) ;
#4715 = DIRECTION ( 'NONE',  ( 0.000000000000000000, -1.000000000000000000, 0.000000000000000000 ) ) ;
#4716 = ADVANCED_FACE ( 'NONE', ( #6091 ), #550, .F. ) ;
#4717 = CARTESIAN_POINT ( 'NONE',  ( -1.112743867665098252, 1.000000000000000000, -2.387187630493925905 ) ) ;
#4718 = FILL_AREA_STYLE_COLOUR ( '', #5432 ) ;
#4719 = STYLED_ITEM ( 'NONE', ( #6018 ), #5685 ) ;
#4720 = ORIENTED_EDGE ( 'NONE', *, *, #6289, .T. ) ;
#4721 = EDGE_LOOP ( 'NONE', ( #3998, #7147, #7021, #5588 ) ) ;
#4722 = CARTESIAN_POINT ( 'NONE',  ( 1.238747987590359756, 0.9800000000000002043, -2.459173467542655089 ) ) ;
#4723 = LINE ( 'NONE', #5858, #4355 ) ;
#4724 = CARTESIAN_POINT ( 'NONE',  ( 2.880769230769231193, 0.9799999999999999822, -2.106009615384615508 ) ) ;
#4725 = CIRCLE ( 'NONE', #6911, 0.7000000000000000666 ) ;
#4726 = EDGE_CURVE ( 'NONE', #283, #957, #4552, .T. ) ;
#4727 = FACE_OUTER_BOUND ( 'NONE', #1575, .T. ) ;
#4728 = SURFACE_SIDE_STYLE ('',( #4211 ) ) ;
#4729 = CARTESIAN_POINT ( 'NONE',  ( 3.750000000000000000, 0.000000000000000000, -5.029999999999997584 ) ) ;
#4730 = CARTESIAN_POINT ( 'NONE',  ( 3.826670052613668549, 0.9999999999999997780, -2.669851250350907534 ) ) ;
#4731 = CARTESIAN_POINT ( 'NONE',  ( -1.050000000000000044, 0.9799999999999999822, -2.083173076923077183 ) ) ;
#4732 = ORIENTED_EDGE ( 'NONE', *, *, #2563, .F. ) ;
#4733 = CARTESIAN_POINT ( 'NONE',  ( 3.756575016775431930, 0.9999999999999997780, -2.452437633756392010 ) ) ;
#4734 = CARTESIAN_POINT ( 'NONE',  ( 4.499793164885923957, 0.9800000000000002043, -1.725149578684432639 ) ) ;
#4735 = CARTESIAN_POINT ( 'NONE',  ( 0.9363132565362859427, 0.9799999999999997602, -1.742614867231110365 ) ) ;
#4736 = DIRECTION ( 'NONE',  ( -0.000000000000000000, 0.000000000000000000, -1.000000000000000000 ) ) ;
#4737 = ORIENTED_EDGE ( 'NONE', *, *, #42, .F. ) ;
#4738 = STYLED_ITEM ( 'NONE', ( #6106 ), #896 ) ;
#4739 = PRESENTATION_STYLE_ASSIGNMENT (( #248 ) ) ;
#4740 = CARTESIAN_POINT ( 'NONE',  ( -1.324826309148679604, 0.9999999999999995559, -1.853940151505816480 ) ) ;
#4741 = ORIENTED_EDGE ( 'NONE', *, *, #5215, .T. ) ;
#4742 = CARTESIAN_POINT ( 'NONE',  ( 3.645554217126922403, 0.9799999999999999822, -1.697137100233354845 ) ) ;
#4743 = EDGE_CURVE ( 'NONE', #2523, #3545, #32, .T. ) ;
#4744 =( NAMED_UNIT ( * ) SI_UNIT ( $, .STERADIAN. ) SOLID_ANGLE_UNIT ( ) );
#4745 = MECHANICAL_DESIGN_GEOMETRIC_PRESENTATION_REPRESENTATION (  '', ( #6474 ), #5313 ) ;
#4746 = VERTEX_POINT ( 'NONE', #6155 ) ;
#4747 = VERTEX_POINT ( 'NONE', #5683 ) ;
#4748 = CARTESIAN_POINT ( 'NONE',  ( -1.788461538461538769, 0.9800000000003817879, -1.715384615384615508 ) ) ;
#4749 = CARTESIAN_POINT ( 'NONE',  ( -3.150000000000001688, 2.199999999999998845, 2.130000000000001670 ) ) ;
#4750 = VECTOR ( 'NONE', #2273, 1000.000000000000000 ) ;
#4751 = CARTESIAN_POINT ( 'NONE',  ( -3.150000000000001688, 2.599999999999996980, 7.530000000000002025 ) ) ;
#4752 = CARTESIAN_POINT ( 'NONE',  ( 1.249999999999999778, 0.9799999999999999822, -5.229999999999998650 ) ) ;
#4753 = CARTESIAN_POINT ( 'NONE',  ( 1.279563824642594438, 1.000000000000000000, -2.387187630493925905 ) ) ;
#4754 = CARTESIAN_POINT ( 'NONE',  ( -1.728365384615384803, 0.9799999999999999822, -1.500000000000000222 ) ) ;
#4755 = ORIENTED_EDGE ( 'NONE', *, *, #6811, .F. ) ;
#4756 = STYLED_ITEM ( 'NONE', ( #2209 ), #3981 ) ;
#4757 = ADVANCED_FACE ( 'NONE', ( #1307, #2327, #2859, #5756, #6787 ), #1196, .F. ) ;
#4758 = CARTESIAN_POINT ( 'NONE',  ( 2.901789926795229402, 1.000000000000000222, -1.938156654545170277 ) ) ;
#4759 = PRESENTATION_LAYER_ASSIGNMENT (  '', '', ( #2391 ) ) ;
#4760 = CARTESIAN_POINT ( 'NONE',  ( 1.310633268986746591, 0.9800000000000002043, -2.307893310465048309 ) ) ;
#4761 = LINE ( 'NONE', #199, #6670 ) ;
#4762 = SURFACE_SIDE_STYLE ('',( #268 ) ) ;
#4763 = AXIS2_PLACEMENT_3D ( 'NONE', #2096, #4868, #4319 ) ;
#4764 = DIRECTION ( 'NONE',  ( 1.000000000000000000, -0.000000000000000000, 0.000000000000000000 ) ) ;
#4765 = ORIENTED_EDGE ( 'NONE', *, *, #3931, .F. ) ;
#4766 =( NAMED_UNIT ( * ) PLANE_ANGLE_UNIT ( ) SI_UNIT ( $, .RADIAN. ) );
#4767 = CARTESIAN_POINT ( 'NONE',  ( 3.903103682113091555, 1.000000000000000000, -2.628478880582843846 ) ) ;
#4768 = VECTOR ( 'NONE', #4377, 1000.000000000000000 ) ;
#4769 = CARTESIAN_POINT ( 'NONE',  ( -1.050204524871799272, 0.9800000000000002043, -2.099206800070118284 ) ) ;
#4770 =( GEOMETRIC_REPRESENTATION_CONTEXT ( 3 ) GLOBAL_UNCERTAINTY_ASSIGNED_CONTEXT ( ( #6656 ) ) GLOBAL_UNIT_ASSIGNED_CONTEXT ( ( #3233, #1663, #6672 ) ) REPRESENTATION_CONTEXT ( 'NONE', 'WORKASPACE' ) );
#4771 = ORIENTED_EDGE ( 'NONE', *, *, #4330, .F. ) ;
#4772 = CARTESIAN_POINT ( 'NONE',  ( 3.840864324441973121, 0.9999999999999995559, -2.391393010974438571 ) ) ;
#4773 = CARTESIAN_POINT ( 'NONE',  ( -1.688129954912664710, 0.9800000000000002043, -2.484380434381103786 ) ) ;
#4774 = STYLED_ITEM ( 'NONE', ( #1979 ), #2616 ) ;
#4775 = CARTESIAN_POINT ( 'NONE',  ( 3.165745293092681489, 0.9800000000000002043, -2.631812540834488345 ) ) ;
#4776 = CARTESIAN_POINT ( 'NONE',  ( -3.646634615384615863, 0.9799999999999999822, -1.500000000000000222 ) ) ;
#4777 = CARTESIAN_POINT ( 'NONE',  ( 1.341700660866535166, 0.9799999999999999822, -2.130761294353221924 ) ) ;
#4778 = ORIENTED_EDGE ( 'NONE', *, *, #5360, .F. ) ;
#4779 = CARTESIAN_POINT ( 'NONE',  ( -1.149975952309855831, 1.000000000000000222, -1.721786789765165304 ) ) ;
#4780 = CARTESIAN_POINT ( 'NONE',  ( -1.324826309148679604, 0.9799999999999999822, -1.853940151505816480 ) ) ;
#4781 = EDGE_LOOP ( 'NONE', ( #40, #1380, #4370, #4847 ) ) ;
#4782 = CARTESIAN_POINT ( 'NONE',  ( 1.126923076923076472, 1.000000000000000222, -2.087019230769231015 ) ) ;
#4783 = CARTESIAN_POINT ( 'NONE',  ( 3.281146988932452491, 0.9799999999999993161, -2.448777883339343653 ) ) ;
#4784 = CARTESIAN_POINT ( 'NONE',  ( 1.249999999999999778, 0.000000000000000000, -4.529999999999998472 ) ) ;
#4785 = CARTESIAN_POINT ( 'NONE',  ( 1.511538461538461275, 0.9799999999999999822, -1.976923076923077005 ) ) ;
#4786 = ORIENTED_EDGE ( 'NONE', *, *, #2954, .T. ) ;
#4787 = VERTEX_POINT ( 'NONE', #174 ) ;
#4788 = EDGE_CURVE ( 'NONE', #6440, #5169, #1778, .T. ) ;
#4789 = ORIENTED_EDGE ( 'NONE', *, *, #5989, .F. ) ;
#4790 = PRESENTATION_STYLE_ASSIGNMENT (( #4398 ) ) ;
#4791 = CARTESIAN_POINT ( 'NONE',  ( 4.557692307692307487, 0.9999999999999997780, -1.615865384615384759 ) ) ;
#4792 = DIRECTION ( 'NONE',  ( 0.000000000000000000, 0.000000000000000000, 1.000000000000000000 ) ) ;
#4793 = CARTESIAN_POINT ( 'NONE',  ( 0.7219133078513984003, 1.000000000000000000, -2.699566196571411503 ) ) ;
#4794 = ORIENTED_EDGE ( 'NONE', *, *, #3246, .T. ) ;
#4795 = PRESENTATION_STYLE_ASSIGNMENT (( #5252 ) ) ;
#4796 = CARTESIAN_POINT ( 'NONE',  ( 1.331314487054898965, 0.9999999999999997780, -2.222366563496354086 ) ) ;
#4797 =( LENGTH_UNIT ( ) NAMED_UNIT ( * ) SI_UNIT ( .MILLI., .METRE. ) );
#4798 = CARTESIAN_POINT ( 'NONE',  ( 3.046055682867688574, 1.000000000000000000, -2.529502060628774807 ) ) ;
#4799 = EDGE_CURVE ( 'NONE', #2341, #6303, #1790, .T. ) ;
#4800 = CARTESIAN_POINT ( 'NONE',  ( 3.474762363556442857, 1.000000000000000000, -2.514268152344190987 ) ) ;
#4801 = LINE ( 'NONE', #3116, #2176 ) ;
#4802 = DIRECTION ( 'NONE',  ( -0.000000000000000000, 1.000000000000000000, -0.000000000000000000 ) ) ;
#4803 = FILL_AREA_STYLE_COLOUR ( '', #15 ) ;
#4804 = CARTESIAN_POINT ( 'NONE',  ( 3.193985322808112759, 1.000000000000000000, -2.648940257519353469 ) ) ;
#4805 = CARTESIAN_POINT ( 'NONE',  ( -2.003846153846154277, 1.000000000000000000, -2.700000000000000178 ) ) ;
#4806 = ORIENTED_EDGE ( 'NONE', *, *, #2817, .T. ) ;
#4807 = CARTESIAN_POINT ( 'NONE',  ( 4.045862854014832699, 0.9800000000000004263, -1.762087617989133381 ) ) ;
#4808 = CARTESIAN_POINT ( 'NONE',  ( -6.000000000000001776, 1.000000000000000000, -6.829999999999998295 ) ) ;
#4809 = CARTESIAN_POINT ( 'NONE',  ( -1.074833416133305297, 1.000000000000000000, -1.887998703050046911 ) ) ;
#4810 = CARTESIAN_POINT ( 'NONE',  ( -1.352083426888615492, 0.9799999999999999822, -1.816999407971625180 ) ) ;
#4811 = VERTEX_POINT ( 'NONE', #3617 ) ;
#4812 = CARTESIAN_POINT ( 'NONE',  ( 1.063774475136727515, 0.9799999999999997602, -2.329672672776229359 ) ) ;
#4813 = CARTESIAN_POINT ( 'NONE',  ( 4.296153846153845102, 1.000000000000000000, -1.615865384615384759 ) ) ;
#4814 = AXIS2_PLACEMENT_3D ( 'NONE', #2802, #7161, #5071 ) ;
#4815 = EDGE_CURVE ( 'NONE', #2194, #396, #6462, .T. ) ;
#4816 = ORIENTED_EDGE ( 'NONE', *, *, #4481, .F. ) ;
#4817 = PLANE ( 'NONE',  #2892 ) ;
#4818 = VECTOR ( 'NONE', #5025, 1000.000000000000000 ) ;
#4819 = CARTESIAN_POINT ( 'NONE',  ( 4.219999999999999751, 2.750000000000000000, 2.130000000000001670 ) ) ;
#4820 = CARTESIAN_POINT ( 'NONE',  ( 0.9545435675335249837, 0.9999999999999997780, -2.431345987542615550 ) ) ;
#4821 = VECTOR ( 'NONE', #2277, 1000.000000000000000 ) ;
#4822 = LINE ( 'NONE', #7027, #3263 ) ;
#4823 = LINE ( 'NONE', #7029, #5416 ) ;
#4824 = VERTEX_POINT ( 'NONE', #2475 ) ;
#4825 = ORIENTED_EDGE ( 'NONE', *, *, #4788, .F. ) ;
#4826 = VECTOR ( 'NONE', #6286, 1000.000000000000000 ) ;
#4827 = UNCERTAINTY_MEASURE_WITH_UNIT (LENGTH_MEASURE( 1.000000000000000082E-05 ), #4657, 'distance_accuracy_value', 'NONE');
#4828 = DIRECTION ( 'NONE',  ( -0.000000000000000000, 1.000000000000000000, -0.000000000000000000 ) ) ;
#4829 = CARTESIAN_POINT ( 'NONE',  ( 0.7811682106351139909, 0.9999999999999997780, -2.696344794924186772 ) ) ;
#4830 = CARTESIAN_POINT ( 'NONE',  ( -3.211538461538461675, 1.000000000000000000, -2.700000000000000178 ) ) ;
#4831 = EDGE_CURVE ( 'NONE', #6410, #4082, #5496, .T. ) ;
#4832 = MECHANICAL_DESIGN_GEOMETRIC_PRESENTATION_REPRESENTATION (  '', ( #3647 ), #3285 ) ;
#4833 = CARTESIAN_POINT ( 'NONE',  ( 3.353145266564293347, 1.000000000000000222, -2.486267179209729505 ) ) ;
#4834 = MECHANICAL_DESIGN_GEOMETRIC_PRESENTATION_REPRESENTATION (  '', ( #4001 ), #5969 ) ;
#4835 = CARTESIAN_POINT ( 'NONE',  ( -2.003846153846154277, 0.9799999999999999822, -2.700000000000000178 ) ) ;
#4836 = CARTESIAN_POINT ( 'NONE',  ( -3.211538461538461675, 0.9799999999999999822, -2.700000000000000178 ) ) ;
#4837 = MECHANICAL_DESIGN_GEOMETRIC_PRESENTATION_REPRESENTATION (  '', ( #4719 ), #3660 ) ;
#4838 = CARTESIAN_POINT ( 'NONE',  ( 4.296153846153845102, 0.9799999999999999822, -1.615865384615384759 ) ) ;
#4839 = CARTESIAN_POINT ( 'NONE',  ( 3.086466025370243393, 0.9999999999999997780, -2.570239176990176677 ) ) ;
#4840 = CARTESIAN_POINT ( 'NONE',  ( 2.326923076923076650, 1.000000000000000000, -2.176923076923077183 ) ) ;
#4841 = EDGE_LOOP ( 'NONE', ( #4954, #1255, #5297, #1247 ) ) ;
#4842 = CARTESIAN_POINT ( 'NONE',  ( 3.730774788138872644, 0.9799999999999999822, -1.498093476204892305 ) ) ;
#4843 = CARTESIAN_POINT ( 'NONE',  ( 3.750000000000000000, 0.02000000000000000042, -4.529999999999998472 ) ) ;
#4844 = EDGE_CURVE ( 'NONE', #4517, #5475, #5262, .T. ) ;
#4845 =( LENGTH_UNIT ( ) NAMED_UNIT ( * ) SI_UNIT ( .MILLI., .METRE. ) );
#4846 =( LENGTH_UNIT ( ) NAMED_UNIT ( * ) SI_UNIT ( .MILLI., .METRE. ) );
#4847 = ORIENTED_EDGE ( 'NONE', *, *, #5643, .F. ) ;
#4848 = CARTESIAN_POINT ( 'NONE',  ( 1.063774475136727515, 1.000000000000000000, -2.329672672776229359 ) ) ;
#4849 = CARTESIAN_POINT ( 'NONE',  ( 3.391929461198757156, 0.9799999999999999822, -2.499266855089187001 ) ) ;
#4850 =( NAMED_UNIT ( * ) PLANE_ANGLE_UNIT ( ) SI_UNIT ( $, .RADIAN. ) );
#4851 = VECTOR ( 'NONE', #1474, 1000.000000000000000 ) ;
#4852 = ORIENTED_EDGE ( 'NONE', *, *, #2709, .F. ) ;
#4853 = DIRECTION ( 'NONE',  ( 0.000000000000000000, 0.000000000000000000, -1.000000000000000000 ) ) ;
#4854 = SURFACE_STYLE_FILL_AREA ( #4889 ) ;
#4855 = CARTESIAN_POINT ( 'NONE',  ( -1.054574894861833423, 1.000000000000000222, -2.177319075516277458 ) ) ;
#4856 = LINE ( 'NONE', #2198, #399 ) ;
#4857 = ORIENTED_EDGE ( 'NONE', *, *, #144, .F. ) ;
#4858 = MECHANICAL_DESIGN_GEOMETRIC_PRESENTATION_REPRESENTATION (  '', ( #3313 ), #1679 ) ;
#4859 = LINE ( 'NONE', #904, #567 ) ;
#4860 = CARTESIAN_POINT ( 'NONE',  ( 4.297396182817280419, 1.000000000000000222, -1.589890280025808567 ) ) ;
#4861 = CARTESIAN_POINT ( 'NONE',  ( 4.333878316087130145, 0.9799999999999999822, -1.708714930505141893 ) ) ;
#4862 = DIRECTION ( 'NONE',  ( -0.000000000000000000, -0.000000000000000000, -1.000000000000000000 ) ) ;
#4863 = COLOUR_RGB ( '',1.000000000000000000, 1.000000000000000000, 1.000000000000000000 ) ;
#4864 = SURFACE_STYLE_FILL_AREA ( #5970 ) ;
#4865 = PRESENTATION_STYLE_ASSIGNMENT (( #3154 ) ) ;
#4866 = VECTOR ( 'NONE', #2034, 1000.000000000000000 ) ;
#4867 = COLOUR_RGB ( '',1.000000000000000000, 1.000000000000000000, 1.000000000000000000 ) ;
#4868 = DIRECTION ( 'NONE',  ( 0.000000000000000000, -1.000000000000000000, 0.000000000000000000 ) ) ;
#4869 = EDGE_CURVE ( 'NONE', #932, #2439, #2993, .T. ) ;
#4870 = CARTESIAN_POINT ( 'NONE',  ( -3.249999999999999112, 2.250000000000000000, 0.1300000000000016420 ) ) ;
#4871 = CARTESIAN_POINT ( 'NONE',  ( 0.000000000000000000, 1.000000000000000000, 0.000000000000000000 ) ) ;
#4872 = PRESENTATION_LAYER_ASSIGNMENT (  '', '', ( #4980 ) ) ;
#4873 = CARTESIAN_POINT ( 'NONE',  ( 1.511538461538461275, 0.9799999999999999822, -1.976923076923077005 ) ) ;
#4874 = PRESENTATION_STYLE_ASSIGNMENT (( #4290 ) ) ;
#4875 = STYLED_ITEM ( 'NONE', ( #2088 ), #6995 ) ;
#4876 = CARTESIAN_POINT ( 'NONE',  ( 3.544640239772606005, 0.9999999999999993339, -1.469445010985084954 ) ) ;
#4877 = MECHANICAL_DESIGN_GEOMETRIC_PRESENTATION_REPRESENTATION (  '', ( #4643 ), #6836 ) ;
#4878 = FACE_OUTER_BOUND ( 'NONE', #3823, .T. ) ;
#4879 = CARTESIAN_POINT ( 'NONE',  ( 2.882034176499216560, 1.000000000000000222, -2.164244895472430041 ) ) ;
#4880 = VECTOR ( 'NONE', #3226, 1000.000000000000000 ) ;
#4881 = FACE_OUTER_BOUND ( 'NONE', #1261, .T. ) ;
#4882 = CARTESIAN_POINT ( 'NONE',  ( -1.435573341781920753, 0.9800000000000002043, -1.751489362061791510 ) ) ;
#4883 = VERTEX_POINT ( 'NONE', #4838 ) ;
#4884 = PRESENTATION_STYLE_ASSIGNMENT (( #4265 ) ) ;
#4885 = CARTESIAN_POINT ( 'NONE',  ( 3.164015483288966202, 0.9799999999999995381, -2.333958209892104119 ) ) ;
#4886 = ADVANCED_FACE ( 'NONE', ( #204, #1445 ), #1340, .T. ) ;
#4887 = ORIENTED_EDGE ( 'NONE', *, *, #4340, .T. ) ;
#4888 = FILL_AREA_STYLE ('',( #4373 ) ) ;
#4889 = FILL_AREA_STYLE ('',( #5410 ) ) ;
#4890 = CARTESIAN_POINT ( 'NONE',  ( 4.557263080077145645, 0.9999999999999997780, -1.624654553300008741 ) ) ;
#4891 = CARTESIAN_POINT ( 'NONE',  ( 0.3884615384615382472, 0.9799999999999999822, -1.500000000000000222 ) ) ;
#4892 =( NAMED_UNIT ( * ) PLANE_ANGLE_UNIT ( ) SI_UNIT ( $, .RADIAN. ) );
#4893 = ORIENTED_EDGE ( 'NONE', *, *, #3465, .F. ) ;
#4894 = UNCERTAINTY_MEASURE_WITH_UNIT (LENGTH_MEASURE( 1.000000000000000082E-05 ), #5968, 'distance_accuracy_value', 'NONE');
#4895 = PRESENTATION_STYLE_ASSIGNMENT (( #3786 ) ) ;
#4896 = LINE ( 'NONE', #3787, #275 ) ;
#4897 = DIRECTION ( 'NONE',  ( -1.000000000000000000, -2.065146995210484695E-16, 0.000000000000000000 ) ) ;
#4898 = DIRECTION ( 'NONE',  ( -1.000000000000000000, 0.000000000000000000, 0.000000000000000000 ) ) ;
#4899 = EDGE_CURVE ( 'NONE', #246, #5854, #5623, .T. ) ;
#4900 = LINE ( 'NONE', #4835, #1446 ) ;
#4901 = DIRECTION ( 'NONE',  ( 0.000000000000000000, 0.000000000000000000, 1.000000000000000000 ) ) ;
#4902 = CARTESIAN_POINT ( 'NONE',  ( 0.6598557692307689404, 0.9799999999999999822, -2.700000000000000178 ) ) ;
#4903 = FILL_AREA_STYLE_COLOUR ( '', #6898 ) ;
#4904 = CARTESIAN_POINT ( 'NONE',  ( 3.249999999999999556, 2.250000000000000444, -8.655624622074400421 ) ) ;
#4905 = ORIENTED_EDGE ( 'NONE', *, *, #2659, .T. ) ;
#4906 = CARTESIAN_POINT ( 'NONE',  ( 4.126274822465781256, 0.9999999999999997780, -2.024756300589606539 ) ) ;
#4907 = EDGE_CURVE ( 'NONE', #5962, #4068, #7041, .T. ) ;
#4908 = FACE_OUTER_BOUND ( 'NONE', #7089, .T. ) ;
#4909 = CARTESIAN_POINT ( 'NONE',  ( 3.249999999999999556, 4.000000000000000000, 0.1300000000000016420 ) ) ;
#4910 = CARTESIAN_POINT ( 'NONE',  ( 3.143012381075921624, 0.9800000000000002043, -2.300018172922825954 ) ) ;
#4911 = VERTEX_POINT ( 'NONE', #5867 ) ;
#4912 = FILL_AREA_STYLE ('',( #3059 ) ) ;
#4913 = PLANE ( 'NONE',  #4989 ) ;
#4914 = ADVANCED_FACE ( 'NONE', ( #1373 ), #5905, .F. ) ;
#4915 = CARTESIAN_POINT ( 'NONE',  ( -1.324826309148679604, 1.000000000000000000, -1.853940151505816480 ) ) ;
#4916 = VERTEX_POINT ( 'NONE', #2039 ) ;
#4917 = SURFACE_STYLE_FILL_AREA ( #4990 ) ;
#4918 = CARTESIAN_POINT ( 'NONE',  ( -1.573989829621128766, 0.9799999999999999822, -1.503691201114233156 ) ) ;
#4919 = EDGE_LOOP ( 'NONE', ( #3908, #5227, #6043, #173 ) ) ;
#4920 = UNCERTAINTY_MEASURE_WITH_UNIT (LENGTH_MEASURE( 1.000000000000000082E-05 ), #6663, 'distance_accuracy_value', 'NONE');
#4921 =( LENGTH_UNIT ( ) NAMED_UNIT ( * ) SI_UNIT ( .MILLI., .METRE. ) );
#4922 = CARTESIAN_POINT ( 'NONE',  ( 3.103434768602589600, 0.9799999999999997602, -2.021573809846368253 ) ) ;
#4923 = DIRECTION ( 'NONE',  ( -0.000000000000000000, -1.000000000000000000, -0.000000000000000000 ) ) ;
#4924 = EDGE_LOOP ( 'NONE', ( #6801, #2466 ) ) ;
#4925 = STYLED_ITEM ( 'NONE', ( #3126 ), #1820 ) ;
#4926 = ADVANCED_FACE ( 'NONE', ( #5830 ), #313, .T. ) ;
#4927 = CARTESIAN_POINT ( 'NONE',  ( 3.534615384615384936, 0.9799999999999999822, -1.684615384615384848 ) ) ;
#4928 = VECTOR ( 'NONE', #5786, 1000.000000000000000 ) ;
#4929 = LINE ( 'NONE', #7034, #4603 ) ;
#4930 = COLOUR_RGB ( '',1.000000000000000000, 1.000000000000000000, 1.000000000000000000 ) ;
#4931 = CARTESIAN_POINT ( 'NONE',  ( 4.296577207281008448, 1.000000000000000222, -1.624657759045514904 ) ) ;
#4932 = VECTOR ( 'NONE', #177, 1000.000000000000000 ) ;
#4933 = CARTESIAN_POINT ( 'NONE',  ( 0.8799403582715614736, 0.9799999999999997602, -2.461461006307791077 ) ) ;
#4934 = CARTESIAN_POINT ( 'NONE',  ( 4.032927704842994565, 0.9799999999999997602, -2.518584581609914608 ) ) ;
#4935 = PRESENTATION_LAYER_ASSIGNMENT (  '', '', ( #3153 ) ) ;
#4936 = B_SPLINE_SURFACE_WITH_KNOTS ( 'NONE', 3, 1, ( 
 ( #675, #4667 ),
 ( #2375, #744 ),
 ( #3626, #5843 ),
 ( #5915, #6943 ),
 ( #2553, #5444 ),
 ( #5406, #5345 ),
 ( #4332, #858 ),
 ( #6537, #1945 ),
 ( #3705, #7019 ),
 ( #4192, #4266 ),
 ( #2018, #4813 ) ),
 .UNSPECIFIED., .F., .F., .F.,
 ( 4, 1, 1, 1, 1, 1, 1, 1, 4 ),
 ( 2, 2 ),
 ( 0.000000000000000000, 0.1266784397236885296, 0.2497354186915814178, 0.3720307030292076544, 0.4997387169341094282, 0.6274467308390119236, 0.7502207113971043340, 0.8721585370692582773, 1.000000000000000000 ),
 ( 0.000000000000000000, 1.000000000000000000 ),
 .UNSPECIFIED. ) ;
#4937 = LINE ( 'NONE', #6669, #3394 ) ;
#4938 = EDGE_CURVE ( 'NONE', #2689, #6937, #410, .T. ) ;
#4939 = AXIS2_PLACEMENT_3D ( 'NONE', #4871, #6523, #2174 ) ;
#4940 = COLOUR_RGB ( '',1.000000000000000000, 1.000000000000000000, 1.000000000000000000 ) ;
#4941 =( LENGTH_UNIT ( ) NAMED_UNIT ( * ) SI_UNIT ( .MILLI., .METRE. ) );
#4942 = CARTESIAN_POINT ( 'NONE',  ( 2.881194464988898751, 0.9799999999999997602, -2.125586450420523743 ) ) ;
#4943 = ORIENTED_EDGE ( 'NONE', *, *, #954, .T. ) ;
#4944 = CARTESIAN_POINT ( 'NONE',  ( 4.115785953099144301, 0.9799999999999999822, -1.947032879573579178 ) ) ;
#4945 = CARTESIAN_POINT ( 'NONE',  ( 1.108767713515866227, 0.9999999999999986677, -1.945185366950444639 ) ) ;
#4946 = SURFACE_SIDE_STYLE ('',( #288 ) ) ;
#4947 = CARTESIAN_POINT ( 'NONE',  ( 1.249999999999999778, 0.000000000000000000, -4.529999999999998472 ) ) ;
#4948 = DIRECTION ( 'NONE',  ( 1.000000000000000000, 0.000000000000000000, 0.000000000000000000 ) ) ;
#4949 = CARTESIAN_POINT ( 'NONE',  ( 5.999999999999998224, 0.000000000000000000, 6.830000000000001847 ) ) ;
#4950 = ORIENTED_EDGE ( 'NONE', *, *, #3591, .F. ) ;
#4951 = CARTESIAN_POINT ( 'NONE',  ( -1.573989829621128766, 1.000000000000000222, -1.503691201114233156 ) ) ;
#4952 = CARTESIAN_POINT ( 'NONE',  ( 3.097214193308410746, 1.000000000000000000, -2.147780415932878384 ) ) ;
#4953 = CARTESIAN_POINT ( 'NONE',  ( -1.675961538461538725, 1.000000000000000000, -1.715384615384615508 ) ) ;
#4954 = ORIENTED_EDGE ( 'NONE', *, *, #6900, .F. ) ;
#4955 = EDGE_CURVE ( 'NONE', #1463, #862, #2609, .T. ) ;
#4956 = SURFACE_SIDE_STYLE ('',( #5378 ) ) ;
#4957 = CARTESIAN_POINT ( 'NONE',  ( -1.051589830893443045, 0.9800000000000002043, -2.016010547248966667 ) ) ;
#4958 = ORIENTED_EDGE ( 'NONE', *, *, #2817, .F. ) ;
#4959 = CARTESIAN_POINT ( 'NONE',  ( 4.477419222559344547, 1.000000000000000000, -1.493354478283874576 ) ) ;
#4960 = PLANE ( 'NONE',  #5263 ) ;
#4961 =( LENGTH_UNIT ( ) NAMED_UNIT ( * ) SI_UNIT ( .MILLI., .METRE. ) );
#4962 = ORIENTED_EDGE ( 'NONE', *, *, #4651, .F. ) ;
#4963 = CARTESIAN_POINT ( 'NONE',  ( 3.834607329272061271, 1.000000000000000222, -1.543799826820522636 ) ) ;
#4964 = CARTESIAN_POINT ( 'NONE',  ( 3.813193504017746260, 0.9800000000000002043, -1.803551418180772803 ) ) ;
#4965 = CARTESIAN_POINT ( 'NONE',  ( 1.966666666666661234, 1.616666666666667140, 8.513333333333335418 ) ) ;
#4966 = FACE_OUTER_BOUND ( 'NONE', #1622, .T. ) ;
#4967 = CARTESIAN_POINT ( 'NONE',  ( -3.750000000000000000, 0.02000000000000000042, -4.529999999999998472 ) ) ;
#4968 = CARTESIAN_POINT ( 'NONE',  ( 0.6860576923076920908, 1.000000000000000222, -2.484615384615384670 ) ) ;
#4969 = EDGE_CURVE ( 'NONE', #5475, #1327, #4937, .T. ) ;
#4970 = VECTOR ( 'NONE', #724, 1000.000000000000000 ) ;
#4971 = CARTESIAN_POINT ( 'NONE',  ( 3.592243523990025000, 1.000000000000000444, -1.687715105755462019 ) ) ;
#4972 = DIRECTION ( 'NONE',  ( 0.000000000000000000, 0.000000000000000000, 1.000000000000000000 ) ) ;
#4973 = CIRCLE ( 'NONE', #2716, 1.249999999999999778 ) ;
#4974 = SURFACE_STYLE_USAGE ( .BOTH. , #6567 ) ;
#4975 = ORIENTED_EDGE ( 'NONE', *, *, #6233, .T. ) ;
#4976 =( LENGTH_UNIT ( ) NAMED_UNIT ( * ) SI_UNIT ( .MILLI., .METRE. ) );
#4977 = PRESENTATION_LAYER_ASSIGNMENT (  '', '', ( #1934 ) ) ;
#4978 = CARTESIAN_POINT ( 'NONE',  ( 3.871394230769231282, 0.9799999999999999822, -1.900000000000000133 ) ) ;
#4979 = ORIENTED_EDGE ( 'NONE', *, *, #22, .F. ) ;
#4980 = STYLED_ITEM ( 'NONE', ( #5296 ), #3835 ) ;
#4981 = CARTESIAN_POINT ( 'NONE',  ( 0.8270207790104915357, 1.000000000000000000, -1.719958759348471089 ) ) ;
#4982 =( LENGTH_UNIT ( ) NAMED_UNIT ( * ) SI_UNIT ( .MILLI., .METRE. ) );
#4983 = AXIS2_PLACEMENT_3D ( 'NONE', #1999, #839, #4281 ) ;
#4984 = CARTESIAN_POINT ( 'NONE',  ( 3.103175421058802286, 0.9799999999999999822, -2.188189186959482946 ) ) ;
#4985 = CARTESIAN_POINT ( 'NONE',  ( -1.392521474558821915, 1.000000000000000222, -1.531035498969075759 ) ) ;
#4986 = CARTESIAN_POINT ( 'NONE',  ( 1.511538461538461275, 0.9799999999999999822, -2.176923076923077183 ) ) ;
#4987 = CARTESIAN_POINT ( 'NONE',  ( -1.636830469972448965, 0.9999999999999997780, -1.715456319706018418 ) ) ;
#4988 = VERTEX_POINT ( 'NONE', #6081 ) ;
#4989 = AXIS2_PLACEMENT_3D ( 'NONE', #3916, #3955, #2792 ) ;
#4990 = FILL_AREA_STYLE ('',( #2719 ) ) ;
#4991 = CARTESIAN_POINT ( 'NONE',  ( 3.096486376249743877, 0.9799999999999999822, -2.091803583364763686 ) ) ;
#4992 = CARTESIAN_POINT ( 'NONE',  ( -1.621622414588394623, 0.9799999999999999822, -1.501794183810177152 ) ) ;
#4993 = ORIENTED_EDGE ( 'NONE', *, *, #3829, .T. ) ;
#4994 = UNCERTAINTY_MEASURE_WITH_UNIT (LENGTH_MEASURE( 1.000000000000000082E-05 ), #1242, 'distance_accuracy_value', 'NONE');
#4995 = AXIS2_PLACEMENT_3D ( 'NONE', #516, #1733, #6676 ) ;
#4996 = PRESENTATION_STYLE_ASSIGNMENT (( #426 ) ) ;
#4997 = CARTESIAN_POINT ( 'NONE',  ( 3.097141506061015903, 0.9799999999999999822, -2.063342164923021471 ) ) ;
#4998 = DIRECTION ( 'NONE',  ( 0.000000000000000000, 0.000000000000000000, -1.000000000000000000 ) ) ;
#4999 = EDGE_CURVE ( 'NONE', #4530, #803, #1073, .T. ) ;
#5000 = ORIENTED_EDGE ( 'NONE', *, *, #5526, .F. ) ;
#5001 =( GEOMETRIC_REPRESENTATION_CONTEXT ( 3 ) GLOBAL_UNCERTAINTY_ASSIGNED_CONTEXT ( ( #5352 ) ) GLOBAL_UNIT_ASSIGNED_CONTEXT ( ( #4686, #171, #5226 ) ) REPRESENTATION_CONTEXT ( 'NONE', 'WORKASPACE' ) );
#5002 = CARTESIAN_POINT ( 'NONE',  ( 4.500000000000000000, 1.000000000000000000, 6.830000000000001847 ) ) ;
#5003 = LINE ( 'NONE', #7068, #3184 ) ;
#5004 = CARTESIAN_POINT ( 'NONE',  ( 0.3884615384615382472, 0.9799999999999999822, -1.500000000000000222 ) ) ;
#5005 = CARTESIAN_POINT ( 'NONE',  ( 0.9652261901059716598, 1.000000000000000222, -1.521688114730937569 ) ) ;
#5006 = DIRECTION ( 'NONE',  ( -1.000000000000000000, 0.000000000000000000, 0.000000000000000000 ) ) ;
#5007 = FILL_AREA_STYLE_COLOUR ( '', #1454 ) ;
#5008 = CARTESIAN_POINT ( 'NONE',  ( -1.265384615384615774, 1.000000000000000222, -2.087019230769231015 ) ) ;
#5009 = CARTESIAN_POINT ( 'NONE',  ( 3.840864324441973121, 0.9799999999999995381, -2.391393010974438571 ) ) ;
#5010 = CARTESIAN_POINT ( 'NONE',  ( 3.829223605039477896, 0.9999999999999997780, -1.825073511134189364 ) ) ;
#5011 = CARTESIAN_POINT ( 'NONE',  ( -1.706250000000000266, 0.9799999999999999822, -2.484615384615384670 ) ) ;
#5012 = EDGE_CURVE ( 'NONE', #6989, #3242, #2703, .T. ) ;
#5013 = EDGE_LOOP ( 'NONE', ( #5365, #4264, #2883, #5641, #5064, #3329, #974, #6573, #4052, #7216, #1909, #635 ) ) ;
#5014 = DIRECTION ( 'NONE',  ( 0.000000000000000000, 0.000000000000000000, -1.000000000000000000 ) ) ;
#5015 = CARTESIAN_POINT ( 'NONE',  ( -1.670394384456294290, 1.000000000000000000, -2.699566196571411503 ) ) ;
#5016 = CARTESIAN_POINT ( 'NONE',  ( 4.519752568665516890, 0.9999999999999997780, -1.708735258469130658 ) ) ;
#5017 = CARTESIAN_POINT ( 'NONE',  ( 0.9754384087503729095, 0.9999999999999997780, -1.761478196617771053 ) ) ;
#5018 = ADVANCED_FACE ( 'NONE', ( #7141 ), #377, .T. ) ;
#5019 = CARTESIAN_POINT ( 'NONE',  ( -4.288461538461538325, 0.9799999999999999822, -2.700000000000000178 ) ) ;
#5020 = CARTESIAN_POINT ( 'NONE',  ( -1.249999999999999778, 0.000000000000000000, -5.229999999999998650 ) ) ;
#5021 = CARTESIAN_POINT ( 'NONE',  ( -3.750000000000000000, 0.9799999999999999822, -3.829999999999999183 ) ) ;
#5022 = DIRECTION ( 'NONE',  ( -0.000000000000000000, -0.000000000000000000, 1.000000000000000000 ) ) ;
#5023 = ORIENTED_EDGE ( 'NONE', *, *, #5012, .T. ) ;
#5024 = EDGE_CURVE ( 'NONE', #73, #1709, #2643, .T. ) ;
#5025 = DIRECTION ( 'NONE',  ( 0.000000000000000000, -1.000000000000000000, 0.000000000000000000 ) ) ;
#5026 = ORIENTED_EDGE ( 'NONE', *, *, #5855, .F. ) ;
#5027 =( LENGTH_UNIT ( ) NAMED_UNIT ( * ) SI_UNIT ( .MILLI., .METRE. ) );
#5028 =( NAMED_UNIT ( * ) PLANE_ANGLE_UNIT ( ) SI_UNIT ( $, .RADIAN. ) );
#5029 = CARTESIAN_POINT ( 'NONE',  ( 2.892320084964774995, 0.9800000000000002043, -1.979060479849231946 ) ) ;
#5030 = ORIENTED_EDGE ( 'NONE', *, *, #4622, .F. ) ;
#5031 = UNCERTAINTY_MEASURE_WITH_UNIT (LENGTH_MEASURE( 1.000000000000000082E-05 ), #6539, 'distance_accuracy_value', 'NONE');
#5032 = AXIS2_PLACEMENT_3D ( 'NONE', #4221, #6427, #3658 ) ;
#5033 = FACE_OUTER_BOUND ( 'NONE', #1294, .T. ) ;
#5034 = SURFACE_STYLE_FILL_AREA ( #1687 ) ;
#5035 = CARTESIAN_POINT ( 'NONE',  ( 4.418226183373953120, 1.000000000000000000, -1.745680819895521818 ) ) ;
#5036 = CIRCLE ( 'NONE', #6532, 0.4999999999999995559 ) ;
#5037 = FACE_OUTER_BOUND ( 'NONE', #1328, .T. ) ;
#5038 = CARTESIAN_POINT ( 'NONE',  ( 0.6860576923076920908, 0.9799999999999999822, -2.484615384615384670 ) ) ;
#5039 = CARTESIAN_POINT ( 'NONE',  ( -1.265384615384615774, 0.9799999999999999822, -2.087019230769231015 ) ) ;
#5040 = DIRECTION ( 'NONE',  ( 0.000000000000000000, -1.000000000000000000, 0.000000000000000000 ) ) ;
#5041 =( GEOMETRIC_REPRESENTATION_CONTEXT ( 3 ) GLOBAL_UNCERTAINTY_ASSIGNED_CONTEXT ( ( #4244 ) ) GLOBAL_UNIT_ASSIGNED_CONTEXT ( ( #2960, #5222, #1329 ) ) REPRESENTATION_CONTEXT ( 'NONE', 'WORKASPACE' ) );
#5042 = CARTESIAN_POINT ( 'NONE',  ( 3.353871678935218537, 1.000000000000000666, -1.489244150293287383 ) ) ;
#5043 = CARTESIAN_POINT ( 'NONE',  ( 2.880769230769231193, 1.000000000000000000, -2.106009615384615508 ) ) ;
#5044 = CARTESIAN_POINT ( 'NONE',  ( 3.866245429234392628, 0.9799999999999997602, -1.563791163236879722 ) ) ;
#5045 = AXIS2_PLACEMENT_3D ( 'NONE', #2436, #2329, #1268 ) ;
#5046 = EDGE_CURVE ( 'NONE', #6621, #5764, #138, .T. ) ;
#5047 = CARTESIAN_POINT ( 'NONE',  ( 1.249999999999999778, 0.02000000000000000042, -4.529999999999998472 ) ) ;
#5048 = VECTOR ( 'NONE', #47, 1000.000000000000000 ) ;
#5049 = ORIENTED_EDGE ( 'NONE', *, *, #5943, .T. ) ;
#5050 = PLANE ( 'NONE',  #2567 ) ;
#5051 = DIRECTION ( 'NONE',  ( -0.000000000000000000, 0.000000000000000000, 1.000000000000000000 ) ) ;
#5052 = CARTESIAN_POINT ( 'NONE',  ( -1.095837222486703899, 0.9799999999999999822, -2.348320808270443205 ) ) ;
#5053 = MECHANICAL_DESIGN_GEOMETRIC_PRESENTATION_REPRESENTATION (  '', ( #4472 ), #6433 ) ;
#5054 = ORIENTED_EDGE ( 'NONE', *, *, #6693, .T. ) ;
#5055 = B_SPLINE_CURVE_WITH_KNOTS ( 'NONE', 3,
 ( #4927, #3826, #6033, #2664, #468, #1021, #2734, #6593, #367, #431, #3259, #2163, #5929, #4964, #3183, #500, #7166, #400, #5418 ),
 .UNSPECIFIED., .F., .F.,
 ( 4, 1, 1, 1, 1, 1, 1, 1, 1, 1, 1, 1, 1, 1, 1, 1, 4 ),
 ( 0.000000000000000000, 0.06934871325595018399, 0.1361469546042718137, 0.2005553513704651236, 0.2627938981591092515, 0.3234215623312627907, 0.3824643489379604411, 0.4409638725178809948, 0.4982922175092573402, 0.5558279989942981336, 0.6142840608122167589, 0.6736809141865972572, 0.7347653641184294093, 0.7975553011576232976, 0.8622761528751511362, 0.9296709880359621536, 0.9999999999999998890 ),
 .UNSPECIFIED. ) ;
#5056 = VECTOR ( 'NONE', #4314, 1000.000000000000000 ) ;
#5057 = FILL_AREA_STYLE ('',( #1704 ) ) ;
#5058 = CARTESIAN_POINT ( 'NONE',  ( 3.127322768662878616, 0.9999999999999997780, -1.943087819884633305 ) ) ;
#5059 = CARTESIAN_POINT ( 'NONE',  ( -1.387531092944518374, 0.9799999999999999822, -2.396273356870989080 ) ) ;
#5060 = CARTESIAN_POINT ( 'NONE',  ( 3.518269230769230926, 0.9799999999999999822, -2.515384615384615330 ) ) ;
#5061 = CARTESIAN_POINT ( 'NONE',  ( -1.222697250396283408, 0.9799999999999999822, -1.634915726183040263 ) ) ;
#5062 = MECHANICAL_DESIGN_GEOMETRIC_PRESENTATION_REPRESENTATION (  '', ( #707 ), #3164 ) ;
#5063 = EDGE_CURVE ( 'NONE', #2200, #2830, #5605, .T. ) ;
#5064 = ORIENTED_EDGE ( 'NONE', *, *, #6900, .T. ) ;
#5065 = CARTESIAN_POINT ( 'NONE',  ( -3.750000000000000000, 0.02000000000000000042, -4.529999999999998472 ) ) ;
#5066 = VECTOR ( 'NONE', #2328, 1000.000000000000000 ) ;
#5067 = CARTESIAN_POINT ( 'NONE',  ( 3.805654168384961178, 1.000000000000000222, -2.678569192761693252 ) ) ;
#5068 = ORIENTED_EDGE ( 'NONE', *, *, #4174, .F. ) ;
#5069 = CARTESIAN_POINT ( 'NONE',  ( 0.7706852777192975124, 1.000000000000000222, -1.501794183810177818 ) ) ;
#5070 = UNCERTAINTY_MEASURE_WITH_UNIT (LENGTH_MEASURE( 1.000000000000000082E-05 ), #4258, 'distance_accuracy_value', 'NONE');
#5071 = DIRECTION ( 'NONE',  ( 1.000000000000000000, 0.000000000000000000, 0.000000000000000000 ) ) ;
#5072 = FILL_AREA_STYLE_COLOUR ( '', #3210 ) ;
#5073 = LINE ( 'NONE', #2838, #3200 ) ;
#5074 =( GEOMETRIC_REPRESENTATION_CONTEXT ( 3 ) GLOBAL_UNCERTAINTY_ASSIGNED_CONTEXT ( ( #1957 ) ) GLOBAL_UNIT_ASSIGNED_CONTEXT ( ( #975, #5481, #5351 ) ) REPRESENTATION_CONTEXT ( 'NONE', 'WORKASPACE' ) );
#5075 = ORIENTED_EDGE ( 'NONE', *, *, #4578, .F. ) ;
#5076 = CARTESIAN_POINT ( 'NONE',  ( -3.249999999999999556, 4.000000000000000000, 0.1300000000000016420 ) ) ;
#5077 = CARTESIAN_POINT ( 'NONE',  ( 1.819230769230768985, 0.9799999999999999822, -2.176923076923077183 ) ) ;
#5078 = LINE ( 'NONE', #2348, #6798 ) ;
#5079 = LINE ( 'NONE', #1691, #63 ) ;
#5080 =( LENGTH_UNIT ( ) NAMED_UNIT ( * ) SI_UNIT ( .MILLI., .METRE. ) );
#5081 = SURFACE_STYLE_FILL_AREA ( #5533 ) ;
#5082 = AXIS2_PLACEMENT_3D ( 'NONE', #5596, #4007, #6740 ) ;
#5083 = DIRECTION ( 'NONE',  ( 1.000000000000000000, 6.672013369141566696E-17, 0.000000000000000000 ) ) ;
#5084 = CARTESIAN_POINT ( 'NONE',  ( -3.750000000000000000, 0.02000000000000000042, -4.529999999999998472 ) ) ;
#5085 = B_SPLINE_CURVE_WITH_KNOTS ( 'NONE', 3,
 ( #3790, #435, #6074, #17, #1067, #504, #6559, #3831, #2243, #5494, #3302 ),
 .UNSPECIFIED., .F., .F.,
 ( 4, 1, 1, 1, 1, 1, 1, 1, 4 ),
 ( 0.000000000000000000, 0.1279023639831299020, 0.2498982783358974502, 0.3732797639331223993, 0.5010486153180325752, 0.6288174667029388099, 0.7501456124741432419, 0.8732612132643389202, 1.000000000000000000 ),
 .UNSPECIFIED. ) ;
#5086 = CARTESIAN_POINT ( 'NONE',  ( -4.219999999999998863, 2.250000000000000000, -8.655624622074400421 ) ) ;
#5087 = ORIENTED_EDGE ( 'NONE', *, *, #1236, .F. ) ;
#5088 = COLOUR_RGB ( '',0.8980392156862745390, 0.8980392156862745390, 0.8980392156862745390 ) ;
#5089 = EDGE_CURVE ( 'NONE', #4916, #1222, #3344, .T. ) ;
#5090 = VERTEX_POINT ( 'NONE', #1729 ) ;
#5091 = CARTESIAN_POINT ( 'NONE',  ( 3.315716193979083126, 0.9799999999999999822, -2.701467339603667916 ) ) ;
#5092 = MECHANICAL_DESIGN_GEOMETRIC_PRESENTATION_REPRESENTATION (  '', ( #6591 ), #4516 ) ;
#5093 = CARTESIAN_POINT ( 'NONE',  ( -1.706250000000000266, 0.9799999999999999822, -2.484615384615384670 ) ) ;
#5094 = CARTESIAN_POINT ( 'NONE',  ( -1.050535556524811120, 0.9799999999999999822, -2.060548449902598556 ) ) ;
#5095 = PRESENTATION_STYLE_ASSIGNMENT (( #4064 ) ) ;
#5096 = ORIENTED_EDGE ( 'NONE', *, *, #4938, .T. ) ;
#5097 = MECHANICAL_DESIGN_GEOMETRIC_PRESENTATION_REPRESENTATION (  '', ( #1934 ), #2961 ) ;
#5098 = STYLED_ITEM ( 'NONE', ( #6366 ), #940 ) ;
#5099 = CARTESIAN_POINT ( 'NONE',  ( -1.675961538461538725, 0.9999999999999995559, -1.715384615384615508 ) ) ;
#5100 = ORIENTED_EDGE ( 'NONE', *, *, #1674, .T. ) ;
#5101 = CARTESIAN_POINT ( 'NONE',  ( 0.9652261901059716598, 0.9800000000000002043, -1.521688114730937569 ) ) ;
#5102 = EDGE_CURVE ( 'NONE', #5926, #6450, #1766, .T. ) ;
#5103 =( LENGTH_UNIT ( ) NAMED_UNIT ( * ) SI_UNIT ( .MILLI., .METRE. ) );
#5104 = PRESENTATION_LAYER_ASSIGNMENT (  '', '', ( #4053 ) ) ;
#5105 = DIRECTION ( 'NONE',  ( -0.000000000000000000, 1.000000000000000000, -0.000000000000000000 ) ) ;
#5106 = DIRECTION ( 'NONE',  ( 1.000000000000000000, 0.000000000000000000, 0.000000000000000000 ) ) ;
#5107 = ORIENTED_EDGE ( 'NONE', *, *, #5989, .T. ) ;
#5108 = CARTESIAN_POINT ( 'NONE',  ( 4.042067307692308376, 1.000000000000000000, -2.509134615384615241 ) ) ;
#5109 = CARTESIAN_POINT ( 'NONE',  ( 3.879086538461538503, 0.9799999999999999822, -2.353125000000000355 ) ) ;
#5110 = AXIS2_PLACEMENT_3D ( 'NONE', #6242, #4631, #250 ) ;
#5111 = CARTESIAN_POINT ( 'NONE',  ( 4.333879731483631481, 0.9799999999999999822, -1.522566896089974309 ) ) ;
#5112 = CARTESIAN_POINT ( 'NONE',  ( -1.732451923076923306, 1.000000000000000000, -2.700000000000000178 ) ) ;
#5113 = FACE_OUTER_BOUND ( 'NONE', #1492, .T. ) ;
#5114 = CARTESIAN_POINT ( 'NONE',  ( 3.011643429381113624, 1.000000000000000222, -1.710844610477147310 ) ) ;
#5115 = ORIENTED_EDGE ( 'NONE', *, *, #4249, .F. ) ;
#5116 = CARTESIAN_POINT ( 'NONE',  ( 3.096087054879838707, 1.000000000000000000, -1.620870501929022378 ) ) ;
#5117 = DIRECTION ( 'NONE',  ( -0.000000000000000000, -0.000000000000000000, 1.000000000000000000 ) ) ;
#5118 = EDGE_CURVE ( 'NONE', #6852, #97, #5963, .T. ) ;
#5119 = FACE_OUTER_BOUND ( 'NONE', #1312, .T. ) ;
#5120 = ORIENTED_EDGE ( 'NONE', *, *, #6543, .T. ) ;
#5121 = CARTESIAN_POINT ( 'NONE',  ( -1.670394384456294290, 0.9799999999999999822, -2.699566196571411503 ) ) ;
#5122 =( NAMED_UNIT ( * ) PLANE_ANGLE_UNIT ( ) SI_UNIT ( $, .RADIAN. ) );
#5123 = CARTESIAN_POINT ( 'NONE',  ( -1.415834435816005987, 0.9999999999999997780, -2.664243873743646684 ) ) ;
#5124 = ORIENTED_EDGE ( 'NONE', *, *, #1686, .T. ) ;
#5125 = CARTESIAN_POINT ( 'NONE',  ( 3.511933069298156074, 0.9800000000000002043, -2.730679910330774174 ) ) ;
#5126 = CARTESIAN_POINT ( 'NONE',  ( 3.524278846153846345, 1.000000000000000000, -2.730769230769230838 ) ) ;
#5127 = DIRECTION ( 'NONE',  ( 0.000000000000000000, 1.000000000000000000, 0.000000000000000000 ) ) ;
#5128 = ADVANCED_FACE ( 'NONE', ( #6706 ), #2357, .F. ) ;
#5129 = FACE_OUTER_BOUND ( 'NONE', #3585, .T. ) ;
#5130 = ORIENTED_EDGE ( 'NONE', *, *, #354, .F. ) ;
#5131 = CARTESIAN_POINT ( 'NONE',  ( 0.9130808030122832264, 0.9800000000000002043, -1.735644222418574856 ) ) ;
#5132 = SURFACE_SIDE_STYLE ('',( #2373 ) ) ;
#5133 = VERTEX_POINT ( 'NONE', #6748 ) ;
#5134 = CARTESIAN_POINT ( 'NONE',  ( 3.563841276898813692, 0.9999999999999997780, -1.684879084783887260 ) ) ;
#5135 = UNCERTAINTY_MEASURE_WITH_UNIT (LENGTH_MEASURE( 1.000000000000000082E-05 ), #2594, 'distance_accuracy_value', 'NONE');
#5136 = ADVANCED_FACE ( 'NONE', ( #6780 ), #1226, .T. ) ;
#5137 = PRESENTATION_STYLE_ASSIGNMENT (( #2337 ) ) ;
#5138 =( NAMED_UNIT ( * ) SI_UNIT ( $, .STERADIAN. ) SOLID_ANGLE_UNIT ( ) );
#5139 = ORIENTED_EDGE ( 'NONE', *, *, #6767, .T. ) ;
#5140 = SURFACE_SIDE_STYLE ('',( #4565 ) ) ;
#5141 = LINE ( 'NONE', #2309, #5720 ) ;
#5142 = SURFACE_SIDE_STYLE ('',( #647 ) ) ;
#5143 = CARTESIAN_POINT ( 'NONE',  ( 1.341772135782881126, 1.000000000000000000, -2.060548449902598556 ) ) ;
#5144 = CARTESIAN_POINT ( 'NONE',  ( 3.113130623006286513, 1.000000000000000000, -1.981389642417874075 ) ) ;
#5145 = STYLED_ITEM ( 'NONE', ( #3552 ), #51 ) ;
#5146 = CARTESIAN_POINT ( 'NONE',  ( -1.267882392726741525, 0.9799999999999999822, -2.026821772455061677 ) ) ;
#5147 = CARTESIAN_POINT ( 'NONE',  ( -1.378605769230769829, 1.000000000000000444, -2.388461538461538858 ) ) ;
#5148 = CARTESIAN_POINT ( 'NONE',  ( 3.879086538461538503, 0.9799999999999999822, -2.353125000000000355 ) ) ;
#5149 = ORIENTED_EDGE ( 'NONE', *, *, #1145, .F. ) ;
#5150 = ADVANCED_FACE ( 'NONE', ( #3458, #3902 ), #581, .T. ) ;
#5151 = CARTESIAN_POINT ( 'NONE',  ( 3.530288461538461764, 1.000000000000000222, -1.469230769230769562 ) ) ;
#5152 = CARTESIAN_POINT ( 'NONE',  ( -3.249999999999999112, 1.280000000000000027, 7.530000000000002025 ) ) ;
#5153 =( GEOMETRIC_REPRESENTATION_CONTEXT ( 3 ) GLOBAL_UNCERTAINTY_ASSIGNED_CONTEXT ( ( #3512 ) ) GLOBAL_UNIT_ASSIGNED_CONTEXT ( ( #3922, #5586, #899 ) ) REPRESENTATION_CONTEXT ( 'NONE', 'WORKASPACE' ) );
#5154 = DIRECTION ( 'NONE',  ( -1.000000000000000000, 0.000000000000000000, 0.000000000000000000 ) ) ;
#5155 = PRESENTATION_STYLE_ASSIGNMENT (( #4018 ) ) ;
#5156 = VERTEX_POINT ( 'NONE', #3978 ) ;
#5157 = CARTESIAN_POINT ( 'NONE',  ( -1.200390662830817856, 0.9799999999999999822, -2.522308471146830211 ) ) ;
#5158 = FACE_OUTER_BOUND ( 'NONE', #7198, .T. ) ;
#5159 = CARTESIAN_POINT ( 'NONE',  ( -1.176087290245647621, 1.000000000000000000, -2.492125098472680378 ) ) ;
#5160 = ORIENTED_EDGE ( 'NONE', *, *, #2971, .F. ) ;
#5161 = AXIS2_PLACEMENT_3D ( 'NONE', #2747, #1665, #3347 ) ;
#5162 = DIRECTION ( 'NONE',  ( -0.000000000000000000, 1.000000000000000000, -0.000000000000000000 ) ) ;
#5163 = FACE_OUTER_BOUND ( 'NONE', #6824, .T. ) ;
#5164 = AXIS2_PLACEMENT_3D ( 'NONE', #6228, #4554, #4623 ) ;
#5165 = SURFACE_STYLE_FILL_AREA ( #4140 ) ;
#5166 = EDGE_LOOP ( 'NONE', ( #4710, #2662, #1969, #5824 ) ) ;
#5167 = CARTESIAN_POINT ( 'NONE',  ( 0.7297319261113863753, 0.9799999999999999822, -1.715409143662370184 ) ) ;
#5168 = SURFACE_STYLE_USAGE ( .BOTH. , #5236 ) ;
#5169 = VERTEX_POINT ( 'NONE', #3565 ) ;
#5170 = AXIS2_PLACEMENT_3D ( 'NONE', #3113, #837, #2996 ) ;
#5171 = MECHANICAL_DESIGN_GEOMETRIC_PRESENTATION_REPRESENTATION (  '', ( #6671 ), #2013 ) ;
#5172 = CARTESIAN_POINT ( 'NONE',  ( 3.747674403671148013, 0.9799999999999997602, -2.699027926121469800 ) ) ;
#5173 = PRESENTATION_STYLE_ASSIGNMENT (( #4527 ) ) ;
#5174 = PRODUCT_DEFINITION_SHAPE ( 'NONE', 'NONE',  #6482 ) ;
#5175 = CARTESIAN_POINT ( 'NONE',  ( 2.019230769230768718, 0.9799999999999999822, -2.176923076923077183 ) ) ;
#5176 = ADVANCED_FACE ( 'NONE', ( #763 ), #6887, .F. ) ;
#5177 = CARTESIAN_POINT ( 'NONE',  ( 1.340717861414249645, 0.9800000000000002043, -2.016010547248966667 ) ) ;
#5178 =( NAMED_UNIT ( * ) SI_UNIT ( $, .STERADIAN. ) SOLID_ANGLE_UNIT ( ) );
#5179 = CARTESIAN_POINT ( 'NONE',  ( 1.249999999999999778, 0.02000000000000000042, -5.229999999999998650 ) ) ;
#5180 = VECTOR ( 'NONE', #5255, 1000.000000000000000 ) ;
#5181 = CARTESIAN_POINT ( 'NONE',  ( -1.435573341781920753, 0.9800000000000002043, -1.751489362061791510 ) ) ;
#5182 = ORIENTED_EDGE ( 'NONE', *, *, #6524, .F. ) ;
#5183 = UNCERTAINTY_MEASURE_WITH_UNIT (LENGTH_MEASURE( 1.000000000000000082E-05 ), #5202, 'distance_accuracy_value', 'NONE');
#5184 = CARTESIAN_POINT ( 'NONE',  ( 4.064612896080966209, 1.000000000000000000, -1.797912084919873976 ) ) ;
#5185 = DIRECTION ( 'NONE',  ( -1.000000000000000000, 0.000000000000000000, -0.000000000000000000 ) ) ;
#5186 = CARTESIAN_POINT ( 'NONE',  ( 3.730774788138872644, 0.9799999999999999822, -1.498093476204892305 ) ) ;
#5187 = FACE_BOUND ( 'NONE', #2441, .T. ) ;
#5188 = ADVANCED_FACE ( 'NONE', ( #5788 ), #5750, .T. ) ;
#5189 = VERTEX_POINT ( 'NONE', #1331 ) ;
#5190 = CARTESIAN_POINT ( 'NONE',  ( -1.054574894861833423, 0.9800000000000002043, -2.177319075516277458 ) ) ;
#5191 = CARTESIAN_POINT ( 'NONE',  ( -0.4192307692307690736, 0.9799999999999999822, -1.838461538461538813 ) ) ;
#5192 = EDGE_LOOP ( 'NONE', ( #3559, #3930, #3276, #2353, #2681, #145, #6616, #3453 ) ) ;
#5193 = CARTESIAN_POINT ( 'NONE',  ( 3.348298706145740766, 0.9799999999999997602, -2.710743938206949366 ) ) ;
#5194 = PRESENTATION_LAYER_ASSIGNMENT (  '', '', ( #5874 ) ) ;
#5195 =( NAMED_UNIT ( * ) SI_UNIT ( $, .STERADIAN. ) SOLID_ANGLE_UNIT ( ) );
#5196 = SURFACE_SIDE_STYLE ('',( #6350 ) ) ;
#5197 = SURFACE_STYLE_USAGE ( .BOTH. , #4029 ) ;
#5198 = ORIENTED_EDGE ( 'NONE', *, *, #3931, .T. ) ;
#5199 = AXIS2_PLACEMENT_3D ( 'NONE', #4754, #6851, #1915 ) ;
#5200 = FILL_AREA_STYLE_COLOUR ( '', #1164 ) ;
#5201 = VERTEX_POINT ( 'NONE', #307 ) ;
#5202 =( LENGTH_UNIT ( ) NAMED_UNIT ( * ) SI_UNIT ( .MILLI., .METRE. ) );
#5203 = CARTESIAN_POINT ( 'NONE',  ( 1.819230769230768985, 0.9799999999999999822, -2.176923076923077183 ) ) ;
#5204 = EDGE_CURVE ( 'NONE', #185, #856, #728, .T. ) ;
#5205 = COLOUR_RGB ( '',1.000000000000000000, 1.000000000000000000, 1.000000000000000000 ) ;
#5206 = CARTESIAN_POINT ( 'NONE',  ( 3.249999999999999556, 2.750000000000000000, 0.1300000000000016420 ) ) ;
#5207 = DIRECTION ( 'NONE',  ( 0.000000000000000000, -0.000000000000000000, -1.000000000000000000 ) ) ;
#5208 =( GEOMETRIC_REPRESENTATION_CONTEXT ( 3 ) GLOBAL_UNCERTAINTY_ASSIGNED_CONTEXT ( ( #6411 ) ) GLOBAL_UNIT_ASSIGNED_CONTEXT ( ( #6237, #6837, #5690 ) ) REPRESENTATION_CONTEXT ( 'NONE', 'WORKASPACE' ) );
#5209 = VERTEX_POINT ( 'NONE', #267 ) ;
#5210 = CARTESIAN_POINT ( 'NONE',  ( -0.8346153846153844258, 0.9799999999999999822, -1.838461538461538813 ) ) ;
#5211 = PRESENTATION_LAYER_ASSIGNMENT (  '', '', ( #4046 ) ) ;
#5212 = FILL_AREA_STYLE ('',( #5813 ) ) ;
#5213 = MECHANICAL_DESIGN_GEOMETRIC_PRESENTATION_REPRESENTATION (  '', ( #986 ), #1110 ) ;
#5214 = CARTESIAN_POINT ( 'NONE',  ( -1.249999999999999778, 1.000000000000000000, -4.529999999999998472 ) ) ;
#5215 = EDGE_CURVE ( 'NONE', #2106, #6218, #4761, .T. ) ;
#5216 = CARTESIAN_POINT ( 'NONE',  ( -1.265384615384615996, 0.9800000000000002043, -2.087019230769231459 ) ) ;
#5217 = CARTESIAN_POINT ( 'NONE',  ( -1.328533217170964287, 1.000000000000000000, -2.329672672776229359 ) ) ;
#5218 = ORIENTED_EDGE ( 'NONE', *, *, #2075, .T. ) ;
#5219 = ORIENTED_EDGE ( 'NONE', *, *, #6648, .F. ) ;
#5220 =( GEOMETRIC_REPRESENTATION_CONTEXT ( 3 ) GLOBAL_UNCERTAINTY_ASSIGNED_CONTEXT ( ( #5031 ) ) GLOBAL_UNIT_ASSIGNED_CONTEXT ( ( #6539, #6159, #1160 ) ) REPRESENTATION_CONTEXT ( 'NONE', 'WORKASPACE' ) );
#5221 = MECHANICAL_DESIGN_GEOMETRIC_PRESENTATION_REPRESENTATION (  '', ( #1116 ), #2972 ) ;
#5222 =( NAMED_UNIT ( * ) PLANE_ANGLE_UNIT ( ) SI_UNIT ( $, .RADIAN. ) );
#5223 = VERTEX_POINT ( 'NONE', #4830 ) ;
#5224 = DIRECTION ( 'NONE',  ( 0.000000000000000000, 0.000000000000000000, 1.000000000000000000 ) ) ;
#5225 = MECHANICAL_DESIGN_GEOMETRIC_PRESENTATION_REPRESENTATION (  '', ( #6497 ), #6134 ) ;
#5226 =( NAMED_UNIT ( * ) SI_UNIT ( $, .STERADIAN. ) SOLID_ANGLE_UNIT ( ) );
#5227 = ORIENTED_EDGE ( 'NONE', *, *, #3784, .F. ) ;
#5228 = PLANE ( 'NONE',  #1655 ) ;
#5229 = EDGE_CURVE ( 'NONE', #5745, #7184, #4723, .T. ) ;
#5230 = CARTESIAN_POINT ( 'NONE',  ( -1.387531092944518374, 0.9799999999999999822, -2.396273356870989080 ) ) ;
#5231 =( NAMED_UNIT ( * ) SI_UNIT ( $, .STERADIAN. ) SOLID_ANGLE_UNIT ( ) );
#5232 = PRESENTATION_STYLE_ASSIGNMENT (( #5197 ) ) ;
#5233 = DIRECTION ( 'NONE',  ( -0.000000000000000000, 1.000000000000000000, -0.000000000000000000 ) ) ;
#5234 = VERTEX_POINT ( 'NONE', #5254 ) ;
#5235 = EDGE_CURVE ( 'NONE', #3435, #5997, #1526, .T. ) ;
#5236 = SURFACE_SIDE_STYLE ('',( #5626 ) ) ;
#5237 = ORIENTED_EDGE ( 'NONE', *, *, #6860, .T. ) ;
#5238 = SURFACE_STYLE_USAGE ( .BOTH. , #2902 ) ;
#5239 = FACE_BOUND ( 'NONE', #6843, .T. ) ;
#5240 = CYLINDRICAL_SURFACE ( 'NONE', #184, 0.7000000000000000666 ) ;
#5241 = CARTESIAN_POINT ( 'NONE',  ( 4.042067307692308376, 0.9799999999999999822, -2.509134615384615241 ) ) ;
#5242 = ORIENTED_EDGE ( 'NONE', *, *, #2081, .T. ) ;
#5243 = DIRECTION ( 'NONE',  ( 0.000000000000000000, -0.000000000000000000, -1.000000000000000000 ) ) ;
#5244 = EDGE_CURVE ( 'NONE', #4916, #6989, #6920, .T. ) ;
#5245 = LINE ( 'NONE', #157, #4826 ) ;
#5246 = CARTESIAN_POINT ( 'NONE',  ( -1.249999999999999778, 0.9799999999999999822, -4.529999999999998472 ) ) ;
#5247 = CARTESIAN_POINT ( 'NONE',  ( 4.536647966215848982, 0.9999999999999991118, -1.542506848521155050 ) ) ;
#5248 = DIRECTION ( 'NONE',  ( -0.000000000000000000, -1.000000000000000000, -0.000000000000000000 ) ) ;
#5249 = PLANE ( 'NONE',  #4628 ) ;
#5250 = EDGE_LOOP ( 'NONE', ( #4637, #739, #1394, #5755 ) ) ;
#5251 = ORIENTED_EDGE ( 'NONE', *, *, #2510, .T. ) ;
#5252 = SURFACE_STYLE_USAGE ( .BOTH. , #5856 ) ;
#5253 = CARTESIAN_POINT ( 'NONE',  ( 1.260180746335662239, 0.9799999999999997602, -2.424243654629552935 ) ) ;
#5254 = CARTESIAN_POINT ( 'NONE',  ( 0.6038461538461535882, 0.9799999999999999822, -2.484615384615384670 ) ) ;
#5255 = DIRECTION ( 'NONE',  ( -0.000000000000000000, 1.000000000000000000, -0.000000000000000000 ) ) ;
#5256 = CARTESIAN_POINT ( 'NONE',  ( 3.103175421058802286, 1.000000000000000000, -2.188189186959482946 ) ) ;
#5257 = CARTESIAN_POINT ( 'NONE',  ( -1.378605769230769829, 0.9800000000000002043, -2.388461538461538858 ) ) ;
#5258 = CARTESIAN_POINT ( 'NONE',  ( -1.050607031441156636, 1.000000000000000000, -2.130761294353221924 ) ) ;
#5259 = MECHANICAL_DESIGN_GEOMETRIC_PRESENTATION_REPRESENTATION (  '', ( #1158 ), #5153 ) ;
#5260 = SURFACE_SIDE_STYLE ('',( #5904 ) ) ;
#5261 = ADVANCED_FACE ( 'NONE', ( #5357 ), #6376, .T. ) ;
#5262 = LINE ( 'NONE', #5300, #2916 ) ;
#5263 = AXIS2_PLACEMENT_3D ( 'NONE', #565, #6101, #9 ) ;
#5264 =( LENGTH_UNIT ( ) NAMED_UNIT ( * ) SI_UNIT ( .MILLI., .METRE. ) );
#5265 = CARTESIAN_POINT ( 'NONE',  ( 0.9130808030122832264, 0.9800000000000002043, -1.735644222418574856 ) ) ;
#5266 = CARTESIAN_POINT ( 'NONE',  ( 1.279563824642594438, 0.9799999999999999822, -2.387187630493925905 ) ) ;
#5267 = PRESENTATION_LAYER_ASSIGNMENT (  '', '', ( #5950 ) ) ;
#5268 = ORIENTED_EDGE ( 'NONE', *, *, #1563, .F. ) ;
#5269 = MECHANICAL_DESIGN_GEOMETRIC_PRESENTATION_REPRESENTATION (  '', ( #3508 ), #5837 ) ;
#5270 = CARTESIAN_POINT ( 'NONE',  ( 1.009472776553189455, 0.9799999999999997602, -1.786177100733938872 ) ) ;
#5271 = CIRCLE ( 'NONE', #4345, 0.6999999999999992895 ) ;
#5272 = ORIENTED_EDGE ( 'NONE', *, *, #258, .T. ) ;
#5273 = CARTESIAN_POINT ( 'NONE',  ( 3.544478259315943625, 0.9800000000000002043, -1.684704375627027462 ) ) ;
#5274 = EDGE_CURVE ( 'NONE', #2331, #1206, #5457, .T. ) ;
#5275 = PRESENTATION_STYLE_ASSIGNMENT (( #5806 ) ) ;
#5276 = AXIS2_PLACEMENT_3D ( 'NONE', #6846, #751, #3023 ) ;
#5277 =( NAMED_UNIT ( * ) PLANE_ANGLE_UNIT ( ) SI_UNIT ( $, .RADIAN. ) );
#5278 = VERTEX_POINT ( 'NONE', #5930 ) ;
#5279 = ORIENTED_EDGE ( 'NONE', *, *, #5447, .F. ) ;
#5280 = DIRECTION ( 'NONE',  ( -0.000000000000000000, 1.000000000000000000, -0.000000000000000000 ) ) ;
#5281 = LINE ( 'NONE', #2987, #7201 ) ;
#5282 = VECTOR ( 'NONE', #3224, 1000.000000000000000 ) ;
#5283 =( NAMED_UNIT ( * ) PLANE_ANGLE_UNIT ( ) SI_UNIT ( $, .RADIAN. ) );
#5284 = CARTESIAN_POINT ( 'NONE',  ( -1.095837222486703899, 1.000000000000000000, -2.348320808270443205 ) ) ;
#5285 = CARTESIAN_POINT ( 'NONE',  ( 2.019230769230768718, 1.000000000000000000, -2.469230769230769784 ) ) ;
#5286 = CARTESIAN_POINT ( 'NONE',  ( -1.378605769230769829, 0.9800000000000002043, -2.388461538461538858 ) ) ;
#5287 = MECHANICAL_DESIGN_GEOMETRIC_PRESENTATION_REPRESENTATION (  '', ( #5737 ), #821 ) ;
#5288 = ORIENTED_EDGE ( 'NONE', *, *, #4815, .T. ) ;
#5289 = VERTEX_POINT ( 'NONE', #6070 ) ;
#5290 = CARTESIAN_POINT ( 'NONE',  ( 1.166432926753109500, 0.9999999999999997780, -2.550161286182537346 ) ) ;
#5291 = FACE_OUTER_BOUND ( 'NONE', #3869, .T. ) ;
#5292 = AXIS2_PLACEMENT_3D ( 'NONE', #2464, #1997, #3039 ) ;
#5293 = LINE ( 'NONE', #2569, #6117 ) ;
#5294 = DIRECTION ( 'NONE',  ( 0.000000000000000000, -1.000000000000000000, 0.000000000000000000 ) ) ;
#5295 = PLANE ( 'NONE',  #2295 ) ;
#5296 = PRESENTATION_STYLE_ASSIGNMENT (( #3535 ) ) ;
#5297 = ORIENTED_EDGE ( 'NONE', *, *, #6931, .T. ) ;
#5298 = MECHANICAL_DESIGN_GEOMETRIC_PRESENTATION_REPRESENTATION (  '', ( #3413 ), #5074 ) ;
#5299 = FILL_AREA_STYLE_COLOUR ( '', #1891 ) ;
#5300 = CARTESIAN_POINT ( 'NONE',  ( -1.788461538461538769, 0.9799999999999999822, -1.715384615384615508 ) ) ;
#5301 = CARTESIAN_POINT ( 'NONE',  ( 3.111955374760969839, 0.9799999999999997602, -2.592507597168781430 ) ) ;
#5302 = COLOUR_RGB ( '',1.000000000000000000, 1.000000000000000000, 1.000000000000000000 ) ;
#5303 = CARTESIAN_POINT ( 'NONE',  ( -0.4192307692307690736, 0.9799999999999999822, -1.838461538461538813 ) ) ;
#5304 = EDGE_CURVE ( 'NONE', #7064, #4269, #1475, .T. ) ;
#5305 = ORIENTED_EDGE ( 'NONE', *, *, #1202, .T. ) ;
#5306 = CARTESIAN_POINT ( 'NONE',  ( -1.709613860324706414, 1.000000000000000000, -1.500074585785847514 ) ) ;
#5307 = CARTESIAN_POINT ( 'NONE',  ( -1.265812767427822783, 0.9999999999999995559, -2.056539368774095600 ) ) ;
#5308 = ORIENTED_EDGE ( 'NONE', *, *, #3298, .F. ) ;
#5309 = SURFACE_SIDE_STYLE ('',( #2520 ) ) ;
#5310 = CARTESIAN_POINT ( 'NONE',  ( 3.518269230769230926, 0.9799999999999999822, -2.515384615384615330 ) ) ;
#5311 = B_SPLINE_CURVE_WITH_KNOTS ( 'NONE', 3,
 ( #3885, #2798, #1012, #3360, #6098, #3816, #4522, #3251, #6690, #6027, #6727 ),
 .UNSPECIFIED., .F., .F.,
 ( 4, 1, 1, 1, 1, 1, 1, 1, 4 ),
 ( 0.000000000000000000, 0.1422766862527816978, 0.2774285141643557662, 0.4064771515299090421, 0.5305950716916276733, 0.6501429215018529328, 0.7668506965409357390, 0.8835020926432471944, 0.9999999999999998890 ),
 .UNSPECIFIED. ) ;
#5312 = SURFACE_STYLE_FILL_AREA ( #323 ) ;
#5313 =( GEOMETRIC_REPRESENTATION_CONTEXT ( 3 ) GLOBAL_UNCERTAINTY_ASSIGNED_CONTEXT ( ( #5920 ) ) GLOBAL_UNIT_ASSIGNED_CONTEXT ( ( #3107, #6550, #1392 ) ) REPRESENTATION_CONTEXT ( 'NONE', 'WORKASPACE' ) );
#5314 = CARTESIAN_POINT ( 'NONE',  ( -2.003846153846154277, 0.9799999999999999822, -2.700000000000000178 ) ) ;
#5315 = ORIENTED_EDGE ( 'NONE', *, *, #6002, .F. ) ;
#5316 = ORIENTED_EDGE ( 'NONE', *, *, #4955, .F. ) ;
#5317 = CARTESIAN_POINT ( 'NONE',  ( 0.6826938319829860546, 0.9799999999999999822, -1.500074585785847292 ) ) ;
#5318 = ADVANCED_FACE ( 'NONE', ( #6594 ), #3857, .F. ) ;
#5319 = VECTOR ( 'NONE', #1555, 1000.000000000000000 ) ;
#5320 = DIRECTION ( 'NONE',  ( -0.000000000000000000, -1.000000000000000000, -0.000000000000000000 ) ) ;
#5321 = CARTESIAN_POINT ( 'NONE',  ( -0.4192307692307690736, 0.9799999999999999822, -2.038461538461538325 ) ) ;
#5322 = ORIENTED_EDGE ( 'NONE', *, *, #3569, .T. ) ;
#5323 = UNCERTAINTY_MEASURE_WITH_UNIT (LENGTH_MEASURE( 1.000000000000000082E-05 ), #92, 'distance_accuracy_value', 'NONE');
#5324 = COLOUR_RGB ( '',1.000000000000000000, 1.000000000000000000, 1.000000000000000000 ) ;
#5325 =( NAMED_UNIT ( * ) PLANE_ANGLE_UNIT ( ) SI_UNIT ( $, .RADIAN. ) );
#5326 = LINE ( 'NONE', #308, #1536 ) ;
#5327 = SURFACE_STYLE_FILL_AREA ( #6999 ) ;
#5328 =( LENGTH_UNIT ( ) NAMED_UNIT ( * ) SI_UNIT ( .MILLI., .METRE. ) );
#5329 = VECTOR ( 'NONE', #428, 1000.000000000000000 ) ;
#5330 =( GEOMETRIC_REPRESENTATION_CONTEXT ( 3 ) GLOBAL_UNCERTAINTY_ASSIGNED_CONTEXT ( ( #2196 ) ) GLOBAL_UNIT_ASSIGNED_CONTEXT ( ( #6109, #1104, #3336 ) ) REPRESENTATION_CONTEXT ( 'NONE', 'WORKASPACE' ) );
#5331 = CARTESIAN_POINT ( 'NONE',  ( 4.296577207281008448, 1.000000000000000222, -1.624657759045514904 ) ) ;
#5332 = DIRECTION ( 'NONE',  ( 0.000000000000000000, 0.000000000000000000, 1.000000000000000000 ) ) ;
#5333 = EDGE_CURVE ( 'NONE', #844, #6569, #3716, .T. ) ;
#5334 =( GEOMETRIC_REPRESENTATION_CONTEXT ( 3 ) GLOBAL_UNCERTAINTY_ASSIGNED_CONTEXT ( ( #3407 ) ) GLOBAL_UNIT_ASSIGNED_CONTEXT ( ( #3017, #1424, #4744 ) ) REPRESENTATION_CONTEXT ( 'NONE', 'WORKASPACE' ) );
#5335 = MECHANICAL_DESIGN_GEOMETRIC_PRESENTATION_REPRESENTATION (  '', ( #873 ), #1358 ) ;
#5336 = CARTESIAN_POINT ( 'NONE',  ( 3.223000133376143328, 1.000000000000000222, -2.664811878864163486 ) ) ;
#5337 =( LENGTH_UNIT ( ) NAMED_UNIT ( * ) SI_UNIT ( .MILLI., .METRE. ) );
#5338 = EDGE_LOOP ( 'NONE', ( #2301, #2213, #5139, #1417 ) ) ;
#5339 = CARTESIAN_POINT ( 'NONE',  ( 4.126923076923076472, 0.9999999999999995559, -2.064182692307692246 ) ) ;
#5340 = CARTESIAN_POINT ( 'NONE',  ( 2.941658102974963551, 0.9800000000000004263, -2.380354410105990581 ) ) ;
#5341 = CARTESIAN_POINT ( 'NONE',  ( -3.211538461538461675, 1.000000000000000000, -2.700000000000000178 ) ) ;
#5342 = CARTESIAN_POINT ( 'NONE',  ( -1.301563632655905467, 0.9799999999999997602, -1.897005307203841085 ) ) ;
#5343 = VERTEX_POINT ( 'NONE', #7132 ) ;
#5344 = CARTESIAN_POINT ( 'NONE',  ( 1.040867397965069774, 0.9799999999999999822, -2.360947421190576989 ) ) ;
#5345 = CARTESIAN_POINT ( 'NONE',  ( 4.333879731483631481, 1.000000000000000000, -1.522566896089974309 ) ) ;
#5346 = FILL_AREA_STYLE_COLOUR ( '', #1462 ) ;
#5347 = ORIENTED_EDGE ( 'NONE', *, *, #4393, .T. ) ;
#5348 = FILL_AREA_STYLE ('',( #6327 ) ) ;
#5349 = CARTESIAN_POINT ( 'NONE',  ( 1.124425299580950943, 1.000000000000000000, -2.026821772455061677 ) ) ;
#5350 = EDGE_CURVE ( 'NONE', #1898, #5201, #3147, .T. ) ;
#5351 =( NAMED_UNIT ( * ) SI_UNIT ( $, .STERADIAN. ) SOLID_ANGLE_UNIT ( ) );
#5352 = UNCERTAINTY_MEASURE_WITH_UNIT (LENGTH_MEASURE( 1.000000000000000082E-05 ), #4686, 'distance_accuracy_value', 'NONE');
#5353 = DIRECTION ( 'NONE',  ( 0.000000000000000000, 0.000000000000000000, 1.000000000000000000 ) ) ;
#5354 = CARTESIAN_POINT ( 'NONE',  ( 0.6810140711015805204, 1.000000000000000000, -2.699852096230391130 ) ) ;
#5355 = ORIENTED_EDGE ( 'NONE', *, *, #532, .T. ) ;
#5356 = CARTESIAN_POINT ( 'NONE',  ( 1.238747987590359756, 1.000000000000000000, -2.459173467542655089 ) ) ;
#5357 = FACE_OUTER_BOUND ( 'NONE', #4781, .T. ) ;
#5358 = CARTESIAN_POINT ( 'NONE',  ( -3.646634615384615863, 1.000000000000000000, -1.500000000000000222 ) ) ;
#5359 = CARTESIAN_POINT ( 'NONE',  ( 3.959318142543168051, 0.9799999999999999822, -2.586995512513970308 ) ) ;
#5360 = EDGE_CURVE ( 'NONE', #3280, #1792, #6191, .T. ) ;
#5361 = DIRECTION ( 'NONE',  ( 0.000000000000000000, 0.000000000000000000, -1.000000000000000000 ) ) ;
#5362 = DIRECTION ( 'NONE',  ( 0.000000000000000000, 0.000000000000000000, -1.000000000000000000 ) ) ;
#5363 =( NAMED_UNIT ( * ) PLANE_ANGLE_UNIT ( ) SI_UNIT ( $, .RADIAN. ) );
#5364 = CYLINDRICAL_SURFACE ( 'NONE', #4164, 0.9700000000000004174 ) ;
#5365 = ORIENTED_EDGE ( 'NONE', *, *, #995, .T. ) ;
#5366 = CARTESIAN_POINT ( 'NONE',  ( 3.572829498586311825, 0.9999999999999997780, -1.469865817115347362 ) ) ;
#5367 = CARTESIAN_POINT ( 'NONE',  ( 1.025275518432263278, 0.9799999999999999822, -1.800847901605126866 ) ) ;
#5368 = CARTESIAN_POINT ( 'NONE',  ( 2.889811179391716500, 0.9799999999999997602, -2.221189030258432950 ) ) ;
#5369 = AXIS2_PLACEMENT_3D ( 'NONE', #1835, #570, #4494 ) ;
#5370 = AXIS2_PLACEMENT_3D ( 'NONE', #4074, #114, #3550 ) ;
#5371 = CARTESIAN_POINT ( 'NONE',  ( -1.728365384615384803, 1.000000000000000000, -1.500000000000000222 ) ) ;
#5372 = CARTESIAN_POINT ( 'NONE',  ( -1.416869283557318893, 0.9999999999999995559, -1.761478196617771275 ) ) ;
#5373 = EDGE_LOOP ( 'NONE', ( #249, #4366, #2891, #2315, #6055 ) ) ;
#5374 = CARTESIAN_POINT ( 'NONE',  ( 3.216916361616590780, 0.9799999999999995381, -2.396655025554712548 ) ) ;
#5375 = AXIS2_PLACEMENT_3D ( 'NONE', #331, #6592, #466 ) ;
#5376 = VERTEX_POINT ( 'NONE', #7069 ) ;
#5377 = VECTOR ( 'NONE', #1901, 1000.000000000000000 ) ;
#5378 = SURFACE_STYLE_FILL_AREA ( #4888 ) ;
#5379 = PRESENTATION_LAYER_ASSIGNMENT (  '', '', ( #7020 ) ) ;
#5380 = VECTOR ( 'NONE', #2828, 1000.000000000000000 ) ;
#5381 = CARTESIAN_POINT ( 'NONE',  ( 3.249999999999999556, 2.750000000000000000, 0.1300000000000016420 ) ) ;
#5382 = EDGE_CURVE ( 'NONE', #7162, #1719, #4929, .T. ) ;
#5383 = ORIENTED_EDGE ( 'NONE', *, *, #2192, .F. ) ;
#5384 = VECTOR ( 'NONE', #2963, 1000.000000000000000 ) ;
#5385 = UNCERTAINTY_MEASURE_WITH_UNIT (LENGTH_MEASURE( 1.000000000000000082E-05 ), #4797, 'distance_accuracy_value', 'NONE');
#5386 = CARTESIAN_POINT ( 'NONE',  ( 4.002108626877387110, 1.000000000000000666, -1.695164906708611419 ) ) ;
#5387 = CARTESIAN_POINT ( 'NONE',  ( 1.342307692307692202, 0.9799999999999999822, -2.083173076923077183 ) ) ;
#5388 = FILL_AREA_STYLE_COLOUR ( '', #2358 ) ;
#5389 = CARTESIAN_POINT ( 'NONE',  ( 0.6639423076923075540, 1.000000000000000222, -1.500000000000000444 ) ) ;
#5390 =( NAMED_UNIT ( * ) SI_UNIT ( $, .STERADIAN. ) SOLID_ANGLE_UNIT ( ) );
#5391 =( GEOMETRIC_REPRESENTATION_CONTEXT ( 3 ) GLOBAL_UNCERTAINTY_ASSIGNED_CONTEXT ( ( #5323 ) ) GLOBAL_UNIT_ASSIGNED_CONTEXT ( ( #92, #6183, #4650 ) ) REPRESENTATION_CONTEXT ( 'NONE', 'WORKASPACE' ) );
#5392 = DIRECTION ( 'NONE',  ( 0.03284611711292630132, 0.000000000000000000, 0.9994604207224035974 ) ) ;
#5393 = CARTESIAN_POINT ( 'NONE',  ( 3.535202322163609967, 0.9799999999999999822, -2.514846968343631861 ) ) ;
#5394 = AXIS2_PLACEMENT_3D ( 'NONE', #1455, #3056, #1486 ) ;
#5395 = FILL_AREA_STYLE ('',( #4391 ) ) ;
#5396 = EDGE_CURVE ( 'NONE', #6119, #3242, #6518, .T. ) ;
#5397 = CARTESIAN_POINT ( 'NONE',  ( 3.283875800996220562, 1.000000000000000222, -2.690994328447260830 ) ) ;
#5398 = EDGE_LOOP ( 'NONE', ( #1595, #815, #326, #3490 ) ) ;
#5399 = CARTESIAN_POINT ( 'NONE',  ( 4.106844507937293720, 0.9999999999999993339, -1.908988231458552898 ) ) ;
#5400 = CARTESIAN_POINT ( 'NONE',  ( -3.646634615384615863, 0.9799999999999999822, -1.500000000000000222 ) ) ;
#5401 = CARTESIAN_POINT ( 'NONE',  ( 1.139343692243145911, 0.9799999999999999822, -2.575222200027703856 ) ) ;
#5402 = ADVANCED_FACE ( 'NONE', ( #2665 ), #1613, .F. ) ;
#5403 = CARTESIAN_POINT ( 'NONE',  ( -1.271896957849105281, 0.9999999999999993339, -1.998379573614586624 ) ) ;
#5404 = ORIENTED_EDGE ( 'NONE', *, *, #3967, .T. ) ;
#5405 = CARTESIAN_POINT ( 'NONE',  ( -1.050000000000000044, 0.9799999999999999822, -2.083173076923077183 ) ) ;
#5406 = CARTESIAN_POINT ( 'NONE',  ( 4.333879731483631481, 0.9799999999999999822, -1.522566896089974309 ) ) ;
#5407 = ORIENTED_EDGE ( 'NONE', *, *, #7170, .T. ) ;
#5408 = CARTESIAN_POINT ( 'NONE',  ( -1.249999999999999778, 0.9799999999999999822, -4.529999999999998472 ) ) ;
#5409 = ADVANCED_FACE ( 'NONE', ( #7167, #4382 ), #1580, .T. ) ;
#5410 = FILL_AREA_STYLE_COLOUR ( '', #1899 ) ;
#5411 = UNCERTAINTY_MEASURE_WITH_UNIT (LENGTH_MEASURE( 1.000000000000000082E-05 ), #694, 'distance_accuracy_value', 'NONE');
#5412 = PLANE ( 'NONE',  #3506 ) ;
#5413 = LINE ( 'NONE', #3255, #3574 ) ;
#5414 = PRESENTATION_STYLE_ASSIGNMENT (( #3219 ) ) ;
#5415 = ORIENTED_EDGE ( 'NONE', *, *, #2478, .F. ) ;
#5416 = VECTOR ( 'NONE', #4923, 1000.000000000000000 ) ;
#5417 = FACE_OUTER_BOUND ( 'NONE', #639, .T. ) ;
#5418 = CARTESIAN_POINT ( 'NONE',  ( 3.871394230769231282, 0.9799999999999999822, -1.900000000000000133 ) ) ;
#5419 = SURFACE_STYLE_FILL_AREA ( #2164 ) ;
#5420 = EDGE_CURVE ( 'NONE', #365, #1925, #5564, .T. ) ;
#5421 = CIRCLE ( 'NONE', #1565, 1.250000000000000222 ) ;
#5422 = CARTESIAN_POINT ( 'NONE',  ( 3.931351406233436041, 1.000000000000000000, -2.608880856177456131 ) ) ;
#5423 = DIRECTION ( 'NONE',  ( -1.000000000000000000, 2.255791807199057837E-13, 0.000000000000000000 ) ) ;
#5424 = STYLED_ITEM ( 'NONE', ( #2640 ), #6745 ) ;
#5425 = VECTOR ( 'NONE', #1986, 1000.000000000000000 ) ;
#5426 = FILL_AREA_STYLE_COLOUR ( '', #446 ) ;
#5427 =( NAMED_UNIT ( * ) PLANE_ANGLE_UNIT ( ) SI_UNIT ( $, .RADIAN. ) );
#5428 = AXIS2_PLACEMENT_3D ( 'NONE', #991, #7137, #3792 ) ;
#5429 = ADVANCED_FACE ( 'NONE', ( #7208 ), #1652, .F. ) ;
#5430 = PRESENTATION_STYLE_ASSIGNMENT (( #5977 ) ) ;
#5431 = FACE_OUTER_BOUND ( 'NONE', #5398, .T. ) ;
#5432 = COLOUR_RGB ( '',1.000000000000000000, 1.000000000000000000, 1.000000000000000000 ) ;
#5433 = ORIENTED_EDGE ( 'NONE', *, *, #2081, .F. ) ;
#5434 = CARTESIAN_POINT ( 'NONE',  ( 1.099357222556580416, 0.9799999999999999822, -2.259370600705898902 ) ) ;
#5435 = VECTOR ( 'NONE', #469, 1000.000000000000000 ) ;
#5436 = CARTESIAN_POINT ( 'NONE',  ( 1.126778968043010920, 0.9800000000000002043, -2.076760214500665835 ) ) ;
#5437 = CARTESIAN_POINT ( 'NONE',  ( 1.191917029476874612, 0.9799999999999999822, -2.522308471146830211 ) ) ;
#5438 = SURFACE_STYLE_USAGE ( .BOTH. , #4946 ) ;
#5439 = STYLED_ITEM ( 'NONE', ( #5095 ), #2786 ) ;
#5440 = LINE ( 'NONE', #854, #5853 ) ;
#5441 = CARTESIAN_POINT ( 'NONE',  ( -4.500000000000000888, 0.9999999999999970024, 6.830000000000001847 ) ) ;
#5442 = ORIENTED_EDGE ( 'NONE', *, *, #3666, .T. ) ;
#5443 = CARTESIAN_POINT ( 'NONE',  ( 1.126076402041340518, 0.9799999999999999822, -2.133394881843516444 ) ) ;
#5444 = CARTESIAN_POINT ( 'NONE',  ( 4.353760116132646907, 0.9999999999999995559, -1.505739702536951219 ) ) ;
#5445 = CARTESIAN_POINT ( 'NONE',  ( -1.599660089956787656, 1.000000000000000000, -1.717703355273922261 ) ) ;
#5446 = PRESENTATION_LAYER_ASSIGNMENT (  '', '', ( #520 ) ) ;
#5447 = EDGE_CURVE ( 'NONE', #4060, #2324, #3897, .T. ) ;
#5448 = ORIENTED_EDGE ( 'NONE', *, *, #83, .T. ) ;
#5449 =( NAMED_UNIT ( * ) PLANE_ANGLE_UNIT ( ) SI_UNIT ( $, .RADIAN. ) );
#5450 = ORIENTED_EDGE ( 'NONE', *, *, #7126, .F. ) ;
#5451 =( LENGTH_UNIT ( ) NAMED_UNIT ( * ) SI_UNIT ( .MILLI., .METRE. ) );
#5452 = CARTESIAN_POINT ( 'NONE',  ( -0.4192307692307690736, 0.9799999999999999822, -2.038461538461538325 ) ) ;
#5453 = ORIENTED_EDGE ( 'NONE', *, *, #6398, .T. ) ;
#5454 = EDGE_CURVE ( 'NONE', #4310, #2686, #6675, .T. ) ;
#5455 = CARTESIAN_POINT ( 'NONE',  ( 4.426923076923076295, 0.9799999999999999822, -1.484615384615384892 ) ) ;
#5456 = CARTESIAN_POINT ( 'NONE',  ( 1.819230769230768985, 1.000000000000000000, -2.469230769230769784 ) ) ;
#5457 = LINE ( 'NONE', #5530, #5056 ) ;
#5458 = SURFACE_STYLE_USAGE ( .BOTH. , #2165 ) ;
#5459 = CARTESIAN_POINT ( 'NONE',  ( 4.032927704842994565, 0.9999999999999997780, -2.518584581609914608 ) ) ;
#5460 = CARTESIAN_POINT ( 'NONE',  ( 1.819230769230768985, 1.000000000000000000, -1.976923076923077005 ) ) ;
#5461 =( NAMED_UNIT ( * ) PLANE_ANGLE_UNIT ( ) SI_UNIT ( $, .RADIAN. ) );
#5462 = DIRECTION ( 'NONE',  ( 0.3409340545815550128, 0.000000000000000000, -0.9400872142660920971 ) ) ;
#5463 = CARTESIAN_POINT ( 'NONE',  ( 4.122326420609162767, 0.9999999999999993339, -1.985635159703083907 ) ) ;
#5464 = CARTESIAN_POINT ( 'NONE',  ( 1.126494924879869020, 0.9999999999999988898, -2.056539368774095600 ) ) ;
#5465 = LINE ( 'NONE', #4978, #2957 ) ;
#5466 = EDGE_CURVE ( 'NONE', #4036, #6430, #2928, .T. ) ;
#5467 = ORIENTED_EDGE ( 'NONE', *, *, #6503, .F. ) ;
#5468 = CARTESIAN_POINT ( 'NONE',  ( 0.9363132565362859427, 0.9999999999999997780, -1.742614867231110365 ) ) ;
#5469 = FILL_AREA_STYLE_COLOUR ( '', #4123 ) ;
#5470 = LINE ( 'NONE', #554, #2455 ) ;
#5471 = ORIENTED_EDGE ( 'NONE', *, *, #5783, .T. ) ;
#5472 = CARTESIAN_POINT ( 'NONE',  ( -1.264250834226337217, 1.000000000000000222, -1.599821915657939408 ) ) ;
#5473 = CARTESIAN_POINT ( 'NONE',  ( 1.819230769230768985, 0.9799999999999999822, -1.976923076923077005 ) ) ;
#5474 = CARTESIAN_POINT ( 'NONE',  ( -1.455994435771405859, 1.000000000000000222, -1.742614867231111031 ) ) ;
#5475 = VERTEX_POINT ( 'NONE', #6460 ) ;
#5476 = VECTOR ( 'NONE', #5233, 1000.000000000000000 ) ;
#5477 = DIRECTION ( 'NONE',  ( 0.000000000000000000, 0.000000000000000000, -1.000000000000000000 ) ) ;
#5478 = COLOUR_RGB ( '',0.8980392156862745390, 0.8980392156862745390, 0.8980392156862745390 ) ;
#5479 = CARTESIAN_POINT ( 'NONE',  ( 2.326923076923076650, 0.9799999999999999822, -1.976923076923077005 ) ) ;
#5480 = ORIENTED_EDGE ( 'NONE', *, *, #4490, .F. ) ;
#5481 =( NAMED_UNIT ( * ) PLANE_ANGLE_UNIT ( ) SI_UNIT ( $, .RADIAN. ) );
#5482 = UNCERTAINTY_MEASURE_WITH_UNIT (LENGTH_MEASURE( 1.000000000000000082E-05 ), #2692, 'distance_accuracy_value', 'NONE');
#5483 = EDGE_CURVE ( 'NONE', #4210, #2984, #6424, .T. ) ;
#5484 = SURFACE_SIDE_STYLE ('',( #6586 ) ) ;
#5485 = LINE ( 'NONE', #3853, #4526 ) ;
#5486 = LINE ( 'NONE', #1171, #4282 ) ;
#5487 = VERTEX_POINT ( 'NONE', #6929 ) ;
#5488 = VECTOR ( 'NONE', #6889, 1000.000000000000000 ) ;
#5489 = CARTESIAN_POINT ( 'NONE',  ( 3.614389483732854735, 0.9999999999999997780, -1.473680679002199234 ) ) ;
#5490 = CARTESIAN_POINT ( 'NONE',  ( 4.353760116132646907, 0.9999999999999995559, -1.505739702536951219 ) ) ;
#5491 = CARTESIAN_POINT ( 'NONE',  ( 3.750000000000000000, 0.000000000000000000, -4.529999999999998472 ) ) ;
#5492 = STYLED_ITEM ( 'NONE', ( #1410 ), #2116 ) ;
#5493 = LINE ( 'NONE', #2207, #5435 ) ;
#5494 = CARTESIAN_POINT ( 'NONE',  ( 4.435626191752527703, 0.9799999999999999822, -1.485065434931435613 ) ) ;
#5495 = CARTESIAN_POINT ( 'NONE',  ( 3.197199420071420661, 1.000000000000000222, -1.549986930062983825 ) ) ;
#5496 = CIRCLE ( 'NONE', #6310, 0.5000000000000004441 ) ;
#5497 = SURFACE_STYLE_FILL_AREA ( #5934 ) ;
#5498 = PLANE ( 'NONE',  #4583 ) ;
#5499 =( NAMED_UNIT ( * ) SI_UNIT ( $, .STERADIAN. ) SOLID_ANGLE_UNIT ( ) );
#5500 = CARTESIAN_POINT ( 'NONE',  ( 4.042067307692308376, 1.000000000000000000, -2.509134615384615241 ) ) ;
#5501 = VECTOR ( 'NONE', #5117, 1000.000000000000000 ) ;
#5502 = VECTOR ( 'NONE', #3128, 1000.000000000000000 ) ;
#5503 =( NAMED_UNIT ( * ) SI_UNIT ( $, .STERADIAN. ) SOLID_ANGLE_UNIT ( ) );
#5504 = ORIENTED_EDGE ( 'NONE', *, *, #5466, .T. ) ;
#5505 = CARTESIAN_POINT ( 'NONE',  ( -1.342899362076862557, 0.9800000000000002043, -2.635820081317661323 ) ) ;
#5506 = CARTESIAN_POINT ( 'NONE',  ( 1.067481383159013308, 0.9799999999999999822, -1.853940151505816480 ) ) ;
#5507 = VERTEX_POINT ( 'NONE', #3690 ) ;
#5508 = PRESENTATION_LAYER_ASSIGNMENT (  '', '', ( #5737 ) ) ;
#5509 = CARTESIAN_POINT ( 'NONE',  ( -1.405760055989559110, 1.000000000000000444, -2.412228111417435983 ) ) ;
#5510 = LINE ( 'NONE', #2650, #2342 ) ;
#5511 =( NAMED_UNIT ( * ) SI_UNIT ( $, .STERADIAN. ) SOLID_ANGLE_UNIT ( ) );
#5512 = ADVANCED_FACE ( 'NONE', ( #4177 ), #5228, .T. ) ;
#5513 =( GEOMETRIC_REPRESENTATION_CONTEXT ( 3 ) GLOBAL_UNCERTAINTY_ASSIGNED_CONTEXT ( ( #1363 ) ) GLOBAL_UNIT_ASSIGNED_CONTEXT ( ( #907, #877, #3114 ) ) REPRESENTATION_CONTEXT ( 'NONE', 'WORKASPACE' ) );
#5514 = CARTESIAN_POINT ( 'NONE',  ( -3.249999999999999112, 2.250000000000000000, 7.530000000000002025 ) ) ;
#5515 = CARTESIAN_POINT ( 'NONE',  ( -1.533805561245018545, 1.000000000000000000, -1.724239591707438013 ) ) ;
#5516 = ORIENTED_EDGE ( 'NONE', *, *, #1179, .T. ) ;
#5517 = CARTESIAN_POINT ( 'NONE',  ( -1.249999999999999778, 0.02000000000000000042, -4.029999999999997584 ) ) ;
#5518 = PRESENTATION_STYLE_ASSIGNMENT (( #4272 ) ) ;
#5519 = CARTESIAN_POINT ( 'NONE',  ( -1.060470449261294190, 0.9799999999999999822, -1.950651688228985492 ) ) ;
#5520 = ORIENTED_EDGE ( 'NONE', *, *, #7048, .F. ) ;
#5521 = CARTESIAN_POINT ( 'NONE',  ( 1.331837243046398056, 1.000000000000000000, -1.950651688228985492 ) ) ;
#5522 = CARTESIAN_POINT ( 'NONE',  ( 3.144789001842730247, 0.9800000000000002043, -1.906143660695127640 ) ) ;
#5523 = CARTESIAN_POINT ( 'NONE',  ( 3.249999999999999556, 2.750000000000000000, 2.130000000000001670 ) ) ;
#5524 = ORIENTED_EDGE ( 'NONE', *, *, #3714, .T. ) ;
#5525 = ORIENTED_EDGE ( 'NONE', *, *, #4831, .T. ) ;
#5526 = EDGE_CURVE ( 'NONE', #6937, #4277, #1870, .T. ) ;
#5527 = FILL_AREA_STYLE ('',( #3330 ) ) ;
#5528 = CARTESIAN_POINT ( 'NONE',  ( 4.333879731483631481, 1.000000000000000000, -1.522566896089974309 ) ) ;
#5529 = AXIS2_PLACEMENT_3D ( 'NONE', #2318, #166, #2392 ) ;
#5530 = CARTESIAN_POINT ( 'NONE',  ( 2.019230769230768718, 0.9799999999999999822, -1.684615384615384848 ) ) ;
#5531 = CARTESIAN_POINT ( 'NONE',  ( 1.317474276174387171, 1.000000000000000000, -1.887998703050046911 ) ) ;
#5532 = CARTESIAN_POINT ( 'NONE',  ( 3.038133279128641284, 0.9999999999999997780, -1.678950739439275752 ) ) ;
#5533 = FILL_AREA_STYLE ('',( #1221 ) ) ;
#5534 = COLOUR_RGB ( '',1.000000000000000000, 1.000000000000000000, 1.000000000000000000 ) ;
#5535 = EDGE_CURVE ( 'NONE', #2506, #2126, #845, .T. ) ;
#5536 = CARTESIAN_POINT ( 'NONE',  ( -1.728365384615384803, 0.9799999999999999822, -1.500000000000000222 ) ) ;
#5537 = FACE_OUTER_BOUND ( 'NONE', #4721, .T. ) ;
#5538 = FILL_AREA_STYLE_COLOUR ( '', #7015 ) ;
#5539 = ORIENTED_EDGE ( 'NONE', *, *, #963, .T. ) ;
#5540 = DIRECTION ( 'NONE',  ( 0.03284611711292630826, 0.000000000000000000, 0.9994604207224035974 ) ) ;
#5541 = MECHANICAL_DESIGN_GEOMETRIC_PRESENTATION_REPRESENTATION (  '', ( #5424 ), #3320 ) ;
#5542 = ADVANCED_FACE ( 'NONE', ( #6973 ), #312, .F. ) ;
#5543 = CARTESIAN_POINT ( 'NONE',  ( 1.249999999999999778, 0.000000000000000000, -5.029999999999998472 ) ) ;
#5544 = VECTOR ( 'NONE', #5958, 1000.000000000000000 ) ;
#5545 = COLOUR_RGB ( '',1.000000000000000000, 1.000000000000000000, 1.000000000000000000 ) ;
#5546 = FILL_AREA_STYLE ('',( #6644 ) ) ;
#5547 = CARTESIAN_POINT ( 'NONE',  ( -1.673547192518995974, 1.000000000000000222, -1.500218044030600550 ) ) ;
#5548 = FILL_AREA_STYLE ('',( #4438 ) ) ;
#5549 = EDGE_LOOP ( 'NONE', ( #4111, #680, #1788, #3309 ) ) ;
#5550 = COLOUR_RGB ( '',1.000000000000000000, 1.000000000000000000, 1.000000000000000000 ) ;
#5551 = CARTESIAN_POINT ( 'NONE',  ( -4.500000000000000000, 2.749999999999999556, 0.1300000000000016420 ) ) ;
#5552 = ORIENTED_EDGE ( 'NONE', *, *, #4174, .T. ) ;
#5553 = CARTESIAN_POINT ( 'NONE',  ( 0.7187604997886961611, 0.9799999999999995381, -1.500218044030600106 ) ) ;
#5554 = AXIS2_PLACEMENT_3D ( 'NONE', #4843, #7011, #2043 ) ;
#5555 = CYLINDRICAL_SURFACE ( 'NONE', #1993, 0.6999999999999992895 ) ;
#5556 = CARTESIAN_POINT ( 'NONE',  ( -3.249999999999999112, 1.280000000000000027, 2.130000000000001670 ) ) ;
#5557 = B_SPLINE_SURFACE_WITH_KNOTS ( 'NONE', 3, 1, ( 
 ( #1928, #3534 ),
 ( #3002, #4730 ),
 ( #1811, #6926 ),
 ( #4172, #6384 ),
 ( #2505, #4767 ),
 ( #6969, #5422 ),
 ( #5359, #842 ),
 ( #1585, #4253 ),
 ( #405, #4317 ),
 ( #4934, #5459 ),
 ( #2002, #3188 ) ),
 .UNSPECIFIED., .F., .F., .F.,
 ( 4, 1, 1, 1, 1, 1, 1, 1, 4 ),
 ( 2, 2 ),
 ( 0.000000000000000000, 0.1117990193876811922, 0.2273961124226532848, 0.3456566425208966731, 0.4673998441801982540, 0.5942080136975990134, 0.7246775297613285982, 0.8596471198548477632, 1.000000000000000000 ),
 ( 0.000000000000000000, 1.000000000000000000 ),
 .UNSPECIFIED. ) ;
#5558 = CARTESIAN_POINT ( 'NONE',  ( -4.219999999999999751, 2.750000000000000000, 2.130000000000001670 ) ) ;
#5559 = VERTEX_POINT ( 'NONE', #1419 ) ;
#5560 = EDGE_CURVE ( 'NONE', #4911, #2194, #3654, .T. ) ;
#5561 =( NAMED_UNIT ( * ) PLANE_ANGLE_UNIT ( ) SI_UNIT ( $, .RADIAN. ) );
#5562 = CARTESIAN_POINT ( 'NONE',  ( -1.473030951027076263, 1.000000000000000000, -2.448142915585495238 ) ) ;
#5563 = CYLINDRICAL_SURFACE ( 'NONE', #5082, 0.5000000000000004441 ) ;
#5564 = LINE ( 'NONE', #5004, #3884 ) ;
#5565 = CARTESIAN_POINT ( 'NONE',  ( -4.499999999999999112, 1.000000000000000000, 0.1300000000000016420 ) ) ;
#5566 = CARTESIAN_POINT ( 'NONE',  ( 0.9865476363181331365, 0.9799999999999999822, -2.412228111417435095 ) ) ;
#5567 = FILL_AREA_STYLE ('',( #5639 ) ) ;
#5568 = SURFACE_STYLE_USAGE ( .BOTH. , #6217 ) ;
#5569 = CIRCLE ( 'NONE', #3593, 0.4999999999999995559 ) ;
#5570 = CARTESIAN_POINT ( 'NONE',  ( 3.439740390846067530, 0.9799999999999999822, -1.473789602823553535 ) ) ;
#5571 = CARTESIAN_POINT ( 'NONE',  ( -1.050000000000000044, 0.9799999999999999822, -2.083173076923077183 ) ) ;
#5572 = CARTESIAN_POINT ( 'NONE',  ( 3.750000000000000000, 0.9799999999999999822, -4.529999999999998472 ) ) ;
#5573 = CARTESIAN_POINT ( 'NONE',  ( -3.249999999999999556, 2.750000000000000000, 2.130000000000001670 ) ) ;
#5574 = ADVANCED_FACE ( 'NONE', ( #4881 ), #6504, .F. ) ;
#5575 = ORIENTED_EDGE ( 'NONE', *, *, #6337, .F. ) ;
#5576 = DIRECTION ( 'NONE',  ( -0.000000000000000000, 1.000000000000000000, -0.000000000000000000 ) ) ;
#5577 = DIRECTION ( 'NONE',  ( 1.000000000000000000, -0.000000000000000000, -0.000000000000000000 ) ) ;
#5578 = CARTESIAN_POINT ( 'NONE',  ( -1.112743867665098252, 0.9799999999999999822, -2.387187630493925905 ) ) ;
#5579 = ORIENTED_EDGE ( 'NONE', *, *, #3465, .T. ) ;
#5580 = CARTESIAN_POINT ( 'NONE',  ( 0.9567343505257720482, 1.000000000000000222, -1.751489362061791510 ) ) ;
#5581 = CARTESIAN_POINT ( 'NONE',  ( -1.602364526590700944, 1.000000000000000444, -2.479257537496250219 ) ) ;
#5582 = DIRECTION ( 'NONE',  ( -0.000000000000000000, 1.000000000000000000, -0.000000000000000000 ) ) ;
#5583 = CARTESIAN_POINT ( 'NONE',  ( 3.096153846153846700, 0.9799999999999999822, -2.106250000000000622 ) ) ;
#5584 = APPLICATION_PROTOCOL_DEFINITION ( 'draft international standard', 'automotive_design', 1998, #6833 ) ;
#5585 = ORIENTED_EDGE ( 'NONE', *, *, #3068, .F. ) ;
#5586 =( NAMED_UNIT ( * ) PLANE_ANGLE_UNIT ( ) SI_UNIT ( $, .RADIAN. ) );
#5587 = CARTESIAN_POINT ( 'NONE',  ( 4.557692307692307487, 1.000000000000000000, -1.615865384615384759 ) ) ;
#5588 = ORIENTED_EDGE ( 'NONE', *, *, #1214, .F. ) ;
#5589 = CARTESIAN_POINT ( 'NONE',  ( 0.8615040340551122222, 0.9799999999999999822, -1.507182465705265706 ) ) ;
#5590 = CARTESIAN_POINT ( 'NONE',  ( 3.161648176412928724, 0.9799999999999999822, -1.571407242212651489 ) ) ;
#5591 = CARTESIAN_POINT ( 'NONE',  ( 1.249999999999999778, 1.000000000000000000, -4.529999999999998472 ) ) ;
#5592 = COLOUR_RGB ( '',1.000000000000000000, 1.000000000000000000, 1.000000000000000000 ) ;
#5593 = ORIENTED_EDGE ( 'NONE', *, *, #626, .T. ) ;
#5594 = DIRECTION ( 'NONE',  ( 0.000000000000000000, 0.000000000000000000, 1.000000000000000000 ) ) ;
#5595 = CARTESIAN_POINT ( 'NONE',  ( -1.688129954912664710, 1.000000000000000222, -2.484380434381103786 ) ) ;
#5596 = CARTESIAN_POINT ( 'NONE',  ( -1.249999999999999778, 0.000000000000000000, -4.529999999999998472 ) ) ;
#5597 = CARTESIAN_POINT ( 'NONE',  ( 1.342307692307692202, 1.000000000000000000, -2.083173076923077183 ) ) ;
#5598 = CIRCLE ( 'NONE', #4343, 1.250000000000000222 ) ;
#5599 = EDGE_CURVE ( 'NONE', #5223, #5810, #2015, .T. ) ;
#5600 = CARTESIAN_POINT ( 'NONE',  ( -1.249999999999999778, 0.02000000000000000042, -5.229999999999998650 ) ) ;
#5601 = CARTESIAN_POINT ( 'NONE',  ( 3.514976087202323907, 1.000000000000000000, -1.469442336939116966 ) ) ;
#5602 = VECTOR ( 'NONE', #951, 1000.000000000000000 ) ;
#5603 = CARTESIAN_POINT ( 'NONE',  ( 3.758267378717827345, 1.000000000000000222, -1.750494955012064757 ) ) ;
#5604 = CARTESIAN_POINT ( 'NONE',  ( 0.6598557692307690514, 0.9800000000000002043, -2.700000000000000622 ) ) ;
#5605 = LINE ( 'NONE', #3945, #5615 ) ;
#5606 = AXIS2_PLACEMENT_3D ( 'NONE', #3763, #6607, #2744 ) ;
#5607 = DIRECTION ( 'NONE',  ( 1.000000000000000000, 0.000000000000000000, 0.000000000000000000 ) ) ;
#5608 = VECTOR ( 'NONE', #3794, 999.9999999999998863 ) ;
#5609 = VERTEX_POINT ( 'NONE', #964 ) ;
#5610 = CARTESIAN_POINT ( 'NONE',  ( -6.000000000000001776, 1.000000000000000000, 6.830000000000001847 ) ) ;
#5611 = LINE ( 'NONE', #588, #3318 ) ;
#5612 = CIRCLE ( 'NONE', #2463, 0.9700000000000004174 ) ;
#5613 = ORIENTED_EDGE ( 'NONE', *, *, #656, .T. ) ;
#5614 = EDGE_CURVE ( 'NONE', #1212, #1851, #6498, .T. ) ;
#5615 = VECTOR ( 'NONE', #5154, 1000.000000000000000 ) ;
#5616 = PRESENTATION_LAYER_ASSIGNMENT (  '', '', ( #1649 ) ) ;
#5617 = DIRECTION ( 'NONE',  ( 0.000000000000000000, 0.000000000000000000, 1.000000000000000000 ) ) ;
#5618 = UNCERTAINTY_MEASURE_WITH_UNIT (LENGTH_MEASURE( 1.000000000000000082E-05 ), #5103, 'distance_accuracy_value', 'NONE');
#5619 = FACE_OUTER_BOUND ( 'NONE', #6198, .T. ) ;
#5620 = PRODUCT_CONTEXT ( 'NONE', #6077, 'mechanical' ) ;
#5621 = PRESENTATION_LAYER_ASSIGNMENT (  '', '', ( #3532 ) ) ;
#5622 = ORIENTED_EDGE ( 'NONE', *, *, #4788, .T. ) ;
#5623 = B_SPLINE_CURVE_WITH_KNOTS ( 'NONE', 3,
 ( #6425, #5230, #6930, #1892, #1931, #6388, #2509, #1971, #3691, #4773, #772 ),
 .UNSPECIFIED., .F., .F.,
 ( 4, 1, 1, 1, 1, 1, 1, 1, 4 ),
 ( 0.000000000000000000, 0.1016634760927243586, 0.2076361382691220003, 0.3187445673333756391, 0.4366799415637013793, 0.5635066463765689981, 0.6986812076536838001, 0.8444465558739920885, 1.000000000000000000 ),
 .UNSPECIFIED. ) ;
#5624 = CARTESIAN_POINT ( 'NONE',  ( 0.000000000000000000, 0.000000000000000000, 0.1300000000000016420 ) ) ;
#5625 = PRESENTATION_LAYER_ASSIGNMENT (  '', '', ( #3295 ) ) ;
#5626 = SURFACE_STYLE_FILL_AREA ( #2334 ) ;
#5627 = EDGE_LOOP ( 'NONE', ( #668, #6710, #7009, #5828, #1856, #3589, #872, #1426 ) ) ;
#5628 = UNCERTAINTY_MEASURE_WITH_UNIT (LENGTH_MEASURE( 1.000000000000000082E-05 ), #5807, 'distance_accuracy_value', 'NONE');
#5629 = CARTESIAN_POINT ( 'NONE',  ( 3.530288461538461764, 0.9799999999999999822, -1.469230769230769562 ) ) ;
#5630 = FILL_AREA_STYLE_COLOUR ( '', #5205 ) ;
#5631 = COLOUR_RGB ( '',0.8980392156862745390, 0.8980392156862745390, 0.8980392156862745390 ) ;
#5632 = EDGE_LOOP ( 'NONE', ( #4592, #5480, #3367, #6336 ) ) ;
#5633 = EDGE_CURVE ( 'NONE', #365, #7051, #5985, .T. ) ;
#5634 = CARTESIAN_POINT ( 'NONE',  ( -1.706250000000000266, 1.000000000000000000, -2.484615384615384670 ) ) ;
#5635 = SURFACE_SIDE_STYLE ('',( #5034 ) ) ;
#5636 = CARTESIAN_POINT ( 'NONE',  ( 4.401056407918956026, 0.9800000000000002043, -1.485941795292988088 ) ) ;
#5637 = CARTESIAN_POINT ( 'NONE',  ( 3.192768251420512460, 1.000000000000000222, -1.837942746894883683 ) ) ;
#5638 = CARTESIAN_POINT ( 'NONE',  ( -1.675961538461538725, 0.9799999999999999822, -1.715384615384615508 ) ) ;
#5639 = FILL_AREA_STYLE_COLOUR ( '', #6933 ) ;
#5640 = LINE ( 'NONE', #6144, #3446 ) ;
#5641 = ORIENTED_EDGE ( 'NONE', *, *, #5823, .T. ) ;
#5642 = CARTESIAN_POINT ( 'NONE',  ( 3.484622394150776792, 1.000000000000000222, -1.469861727239917037 ) ) ;
#5643 = EDGE_CURVE ( 'NONE', #1222, #488, #5440, .T. ) ;
#5644 = CARTESIAN_POINT ( 'NONE',  ( 4.296153846153845102, 0.9799999999999999822, -1.615865384615384759 ) ) ;
#5645 = PRESENTATION_STYLE_ASSIGNMENT (( #1143 ) ) ;
#5646 = DIRECTION ( 'NONE',  ( -0.000000000000000000, 1.000000000000000000, -0.000000000000000000 ) ) ;
#5647 = ORIENTED_EDGE ( 'NONE', *, *, #3700, .F. ) ;
#5648 = STYLED_ITEM ( 'NONE', ( #3783 ), #3321 ) ;
#5649 = LINE ( 'NONE', #95, #6251 ) ;
#5650 =( NAMED_UNIT ( * ) SI_UNIT ( $, .STERADIAN. ) SOLID_ANGLE_UNIT ( ) );
#5651 = EDGE_LOOP ( 'NONE', ( #290, #2985, #4576, #4789 ) ) ;
#5652 = ADVANCED_FACE ( 'NONE', ( #2548 ), #2649, .T. ) ;
#5653 =( NAMED_UNIT ( * ) SI_UNIT ( $, .STERADIAN. ) SOLID_ANGLE_UNIT ( ) );
#5654 = CARTESIAN_POINT ( 'NONE',  ( 3.193985322808112759, 1.000000000000000000, -2.648940257519353469 ) ) ;
#5655 =( LENGTH_UNIT ( ) NAMED_UNIT ( * ) SI_UNIT ( .MILLI., .METRE. ) );
#5656 = FILL_AREA_STYLE_COLOUR ( '', #465 ) ;
#5657 = VECTOR ( 'NONE', #577, 1000.000000000000000 ) ;
#5658 = VERTEX_POINT ( 'NONE', #4909 ) ;
#5659 = CARTESIAN_POINT ( 'NONE',  ( 2.889811179391716500, 0.9799999999999997602, -2.221189030258432950 ) ) ;
#5660 = COLOUR_RGB ( '',1.000000000000000000, 1.000000000000000000, 1.000000000000000000 ) ;
#5661 = CARTESIAN_POINT ( 'NONE',  ( -1.599660089956787656, 0.9999999999999995559, -1.717703355273922261 ) ) ;
#5662 = ORIENTED_EDGE ( 'NONE', *, *, #4498, .T. ) ;
#5663 = CARTESIAN_POINT ( 'NONE',  ( 0.6639423076923075540, 1.000000000000000222, -1.500000000000000444 ) ) ;
#5664 = AXIS2_PLACEMENT_3D ( 'NONE', #4539, #1763, #723 ) ;
#5665 = ADVANCED_FACE ( 'NONE', ( #3278 ), #2711, .T. ) ;
#5666 = SURFACE_SIDE_STYLE ('',( #2305 ) ) ;
#5667 = COLOUR_RGB ( '',1.000000000000000000, 1.000000000000000000, 1.000000000000000000 ) ;
#5668 = EDGE_LOOP ( 'NONE', ( #3249, #5938, #725, #3640 ) ) ;
#5669 = DIRECTION ( 'NONE',  ( 0.000000000000000000, 0.000000000000000000, 1.000000000000000000 ) ) ;
#5670 = DIRECTION ( 'NONE',  ( 1.000000000000000000, 0.000000000000000000, 0.000000000000000000 ) ) ;
#5671 = PLANE ( 'NONE',  #394 ) ;
#5672 = STYLED_ITEM ( 'NONE', ( #1828 ), #2539 ) ;
#5673 = CARTESIAN_POINT ( 'NONE',  ( 0.9997862177488706648, 1.000000000000000222, -1.531035498969075537 ) ) ;
#5674 = CARTESIAN_POINT ( 'NONE',  ( 3.144789001842730247, 1.000000000000000222, -1.906143660695127640 ) ) ;
#5675 = CARTESIAN_POINT ( 'NONE',  ( -1.338077121022566374, 0.9799999999999997602, -1.834714841387226958 ) ) ;
#5676 = CARTESIAN_POINT ( 'NONE',  ( -1.369554585983983941, 0.9799999999999999822, -2.379294192103029726 ) ) ;
#5677 = ORIENTED_EDGE ( 'NONE', *, *, #7065, .F. ) ;
#5678 =( GEOMETRIC_REPRESENTATION_CONTEXT ( 3 ) GLOBAL_UNCERTAINTY_ASSIGNED_CONTEXT ( ( #5070 ) ) GLOBAL_UNIT_ASSIGNED_CONTEXT ( ( #4258, #7107, #1554 ) ) REPRESENTATION_CONTEXT ( 'NONE', 'WORKASPACE' ) );
#5679 = DIRECTION ( 'NONE',  ( 1.000000000000000000, 0.000000000000000000, 0.000000000000000000 ) ) ;
#5680 = ORIENTED_EDGE ( 'NONE', *, *, #2836, .F. ) ;
#5681 = CARTESIAN_POINT ( 'NONE',  ( 1.249999999999999778, 0.9799999999999999822, -3.829999999999997851 ) ) ;
#5682 = VERTEX_POINT ( 'NONE', #6718 ) ;
#5683 = CARTESIAN_POINT ( 'NONE',  ( -3.750000000000000000, 0.02000000000000000042, -4.029999999999998472 ) ) ;
#5684 = DIRECTION ( 'NONE',  ( 0.000000000000000000, 0.000000000000000000, 1.000000000000000000 ) ) ;
#5685 = ADVANCED_FACE ( 'NONE', ( #2146 ), #7124, .T. ) ;
#5686 = SURFACE_STYLE_USAGE ( .BOTH. , #6197 ) ;
#5687 = DIRECTION ( 'NONE',  ( -0.9403419317873705774, 0.000000000000000000, 0.3402308794368850697 ) ) ;
#5688 = EDGE_CURVE ( 'NONE', #1151, #26, #5326, .T. ) ;
#5689 = ORIENTED_EDGE ( 'NONE', *, *, #5382, .T. ) ;
#5690 =( NAMED_UNIT ( * ) SI_UNIT ( $, .STERADIAN. ) SOLID_ANGLE_UNIT ( ) );
#5691 = DIRECTION ( 'NONE',  ( 1.000000000000000000, 0.000000000000000000, 0.000000000000000000 ) ) ;
#5692 = ORIENTED_EDGE ( 'NONE', *, *, #823, .F. ) ;
#5693 = FILL_AREA_STYLE_COLOUR ( '', #5631 ) ;
#5694 = CARTESIAN_POINT ( 'NONE',  ( 3.805654168384961178, 0.9800000000000002043, -2.678569192761693252 ) ) ;
#5695 = CARTESIAN_POINT ( 'NONE',  ( 3.312775914451927761, 0.9799999999999997602, -1.500410324788477245 ) ) ;
#5696 =( NAMED_UNIT ( * ) PLANE_ANGLE_UNIT ( ) SI_UNIT ( $, .RADIAN. ) );
#5697 = ORIENTED_EDGE ( 'NONE', *, *, #765, .T. ) ;
#5698 =( NAMED_UNIT ( * ) SI_UNIT ( $, .STERADIAN. ) SOLID_ANGLE_UNIT ( ) );
#5699 = CARTESIAN_POINT ( 'NONE',  ( 2.880769230769231193, 1.000000000000000000, -2.106009615384615508 ) ) ;
#5700 = EDGE_CURVE ( 'NONE', #2873, #658, #3607, .T. ) ;
#5701 = CARTESIAN_POINT ( 'NONE',  ( 1.126636060949991025, 1.000000000000000000, -2.102740203373589356 ) ) ;
#5702 = CARTESIAN_POINT ( 'NONE',  ( 3.127322768662878616, 0.9799999999999997602, -1.943087819884633305 ) ) ;
#5703 = COLOUR_RGB ( '',0.2509803921568627416, 0.2509803921568627416, 0.2509803921568627416 ) ;
#5704 = PLANE ( 'NONE',  #5664 ) ;
#5705 = LINE ( 'NONE', #687, #4970 ) ;
#5706 = CARTESIAN_POINT ( 'NONE',  ( 3.665888127731289359, 1.000000000000000000, -2.493394811263750732 ) ) ;
#5707 = ORIENTED_EDGE ( 'NONE', *, *, #2091, .T. ) ;
#5708 = FILL_AREA_STYLE_COLOUR ( '', #2444 ) ;
#5709 = MECHANICAL_DESIGN_GEOMETRIC_PRESENTATION_REPRESENTATION (  '', ( #3013 ), #4455 ) ;
#5710 = DIRECTION ( 'NONE',  ( 0.000000000000000000, -0.000000000000000000, -1.000000000000000000 ) ) ;
#5711 = DIRECTION ( 'NONE',  ( -0.000000000000000000, -0.000000000000000000, 1.000000000000000000 ) ) ;
#5712 = ORIENTED_EDGE ( 'NONE', *, *, #4651, .T. ) ;
#5713 = SURFACE_STYLE_FILL_AREA ( #1265 ) ;
#5714 = LINE ( 'NONE', #2965, #6383 ) ;
#5715 = DIRECTION ( 'NONE',  ( 1.000000000000000000, 0.000000000000000000, 0.000000000000000000 ) ) ;
#5716 = ORIENTED_EDGE ( 'NONE', *, *, #4610, .T. ) ;
#5717 = MECHANICAL_DESIGN_GEOMETRIC_PRESENTATION_REPRESENTATION (  '', ( #4925 ), #2911 ) ;
#5718 = CARTESIAN_POINT ( 'NONE',  ( 3.283875800996220562, 0.9800000000000002043, -2.690994328447260830 ) ) ;
#5719 = ADVANCED_FACE ( 'NONE', ( #838 ), #65, .F. ) ;
#5720 = VECTOR ( 'NONE', #1650, 1000.000000000000000 ) ;
#5721 = LINE ( 'NONE', #2894, #5380 ) ;
#5722 = CARTESIAN_POINT ( 'NONE',  ( -1.249999999999999778, 0.02000000000000000042, -4.529999999999998472 ) ) ;
#5723 = CARTESIAN_POINT ( 'NONE',  ( 1.238747987590359756, 0.9800000000000002043, -2.459173467542655089 ) ) ;
#5724 = AXIS2_PLACEMENT_3D ( 'NONE', #2219, #5918, #1001 ) ;
#5725 = EDGE_LOOP ( 'NONE', ( #390, #6180, #1902, #998, #586 ) ) ;
#5726 = EDGE_CURVE ( 'NONE', #6858, #1053, #1365, .T. ) ;
#5727 = CARTESIAN_POINT ( 'NONE',  ( 1.126494924879869020, 0.9799999999999999822, -2.056539368774095600 ) ) ;
#5728 = CARTESIAN_POINT ( 'NONE',  ( 2.019230769230768718, 0.9799999999999999822, -2.176923076923077183 ) ) ;
#5729 = ORIENTED_EDGE ( 'NONE', *, *, #4662, .T. ) ;
#5730 = CARTESIAN_POINT ( 'NONE',  ( 3.844445326766584348, 1.000000000000000000, -1.848241363120863179 ) ) ;
#5731 = CARTESIAN_POINT ( 'NONE',  ( -3.750000000000000000, 0.9799999999999999822, -5.229999999999997762 ) ) ;
#5732 = SURFACE_STYLE_FILL_AREA ( #1279 ) ;
#5733 = CARTESIAN_POINT ( 'NONE',  ( 1.511538461538461275, 0.9799999999999999822, -1.976923076923077005 ) ) ;
#5734 = CARTESIAN_POINT ( 'NONE',  ( 3.568672232051011584, 0.9800000000000004263, -2.513784256426838226 ) ) ;
#5735 = ORIENTED_EDGE ( 'NONE', *, *, #4570, .T. ) ;
#5736 =( NAMED_UNIT ( * ) SI_UNIT ( $, .STERADIAN. ) SOLID_ANGLE_UNIT ( ) );
#5737 = STYLED_ITEM ( 'NONE', ( #2735 ), #5409 ) ;
#5738 = ORIENTED_EDGE ( 'NONE', *, *, #3569, .F. ) ;
#5739 = CARTESIAN_POINT ( 'NONE',  ( -0.4192307692307690736, 1.000000000000000000, -2.038461538461538325 ) ) ;
#5740 = DIRECTION ( 'NONE',  ( -0.000000000000000000, -1.000000000000000000, -0.000000000000000000 ) ) ;
#5741 =( NAMED_UNIT ( * ) PLANE_ANGLE_UNIT ( ) SI_UNIT ( $, .RADIAN. ) );
#5742 = CARTESIAN_POINT ( 'NONE',  ( -1.311306861572836491, 0.9999999999999995559, -2.617905310651771789 ) ) ;
#5743 = SURFACE_SIDE_STYLE ('',( #222 ) ) ;
#5744 = EDGE_CURVE ( 'NONE', #73, #301, #3991, .T. ) ;
#5745 = VERTEX_POINT ( 'NONE', #4248 ) ;
#5746 = ORIENTED_EDGE ( 'NONE', *, *, #3632, .F. ) ;
#5747 = UNCERTAINTY_MEASURE_WITH_UNIT (LENGTH_MEASURE( 1.000000000000000082E-05 ), #2071, 'distance_accuracy_value', 'NONE');
#5748 = CARTESIAN_POINT ( 'NONE',  ( 2.326923076923076650, 0.9799999999999999822, -1.976923076923077005 ) ) ;
#5749 = FILL_AREA_STYLE ('',( #5896 ) ) ;
#5750 = PLANE ( 'NONE',  #5170 ) ;
#5751 = SURFACE_SIDE_STYLE ('',( #2536 ) ) ;
#5752 = ORIENTED_EDGE ( 'NONE', *, *, #6648, .T. ) ;
#5753 =( NAMED_UNIT ( * ) SI_UNIT ( $, .STERADIAN. ) SOLID_ANGLE_UNIT ( ) );
#5754 = EDGE_CURVE ( 'NONE', #2523, #4449, #4367, .T. ) ;
#5755 = ORIENTED_EDGE ( 'NONE', *, *, #6096, .F. ) ;
#5756 = FACE_BOUND ( 'NONE', #321, .T. ) ;
#5757 = CARTESIAN_POINT ( 'NONE',  ( 4.500000000000000000, 4.000000000000000000, 7.530000000000002025 ) ) ;
#5758 = CYLINDRICAL_SURFACE ( 'NONE', #3586, 0.9700000000000004174 ) ;
#5759 = PRESENTATION_STYLE_ASSIGNMENT (( #2405 ) ) ;
#5760 = ADVANCED_FACE ( 'NONE', ( #4208, #2997 ), #6963, .T. ) ;
#5761 = ORIENTED_EDGE ( 'NONE', *, *, #3186, .T. ) ;
#5762 = CARTESIAN_POINT ( 'NONE',  ( 4.126923076923076472, 0.9799999999999999822, -2.064182692307692246 ) ) ;
#5763 = FACE_OUTER_BOUND ( 'NONE', #5338, .T. ) ;
#5764 = VERTEX_POINT ( 'NONE', #630 ) ;
#5765 = CARTESIAN_POINT ( 'NONE',  ( 3.694039252503541704, 0.9799999999999999822, -1.713615857616529015 ) ) ;
#5766 = UNCERTAINTY_MEASURE_WITH_UNIT (LENGTH_MEASURE( 1.000000000000000082E-05 ), #6287, 'distance_accuracy_value', 'NONE');
#5767 = FILL_AREA_STYLE_COLOUR ( '', #5667 ) ;
#5768 = VECTOR ( 'NONE', #717, 1000.000000000000000 ) ;
#5769 = DIRECTION ( 'NONE',  ( 0.000000000000000000, 0.000000000000000000, -1.000000000000000000 ) ) ;
#5770 = CARTESIAN_POINT ( 'NONE',  ( 3.518269230769230926, 0.9799999999999999822, -2.515384615384615330 ) ) ;
#5771 = MECHANICAL_DESIGN_GEOMETRIC_PRESENTATION_REPRESENTATION (  '', ( #4285 ), #7178 ) ;
#5772 = MECHANICAL_DESIGN_GEOMETRIC_PRESENTATION_REPRESENTATION (  '', ( #5098 ), #3806 ) ;
#5773 = CARTESIAN_POINT ( 'NONE',  ( 2.019230769230768718, 0.9799999999999999822, -1.976923076923077005 ) ) ;
#5774 =( LENGTH_UNIT ( ) NAMED_UNIT ( * ) SI_UNIT ( .MILLI., .METRE. ) );
#5775 = MECHANICAL_DESIGN_GEOMETRIC_PRESENTATION_REPRESENTATION (  '', ( #4756 ), #6232 ) ;
#5776 = LINE ( 'NONE', #5210, #4468 ) ;
#5777 = CARTESIAN_POINT ( 'NONE',  ( 3.871394230769231282, 0.9799999999999999822, -1.900000000000000133 ) ) ;
#5778 = VECTOR ( 'NONE', #2762, 1000.000000000000000 ) ;
#5779 = CARTESIAN_POINT ( 'NONE',  ( 3.249999999999999556, 3.720000000000000195, -8.655624622074400421 ) ) ;
#5780 = LINE ( 'NONE', #2879, #1395 ) ;
#5781 =( NAMED_UNIT ( * ) PLANE_ANGLE_UNIT ( ) SI_UNIT ( $, .RADIAN. ) );
#5782 = CARTESIAN_POINT ( 'NONE',  ( -1.351440294342622694, 1.000000000000000222, -2.360947421190576989 ) ) ;
#5783 = EDGE_CURVE ( 'NONE', #5278, #1599, #4508, .T. ) ;
#5784 = ORIENTED_EDGE ( 'NONE', *, *, #3632, .T. ) ;
#5785 = ORIENTED_EDGE ( 'NONE', *, *, #2921, .T. ) ;
#5786 = DIRECTION ( 'NONE',  ( 0.000000000000000000, 0.000000000000000000, 1.000000000000000000 ) ) ;
#5787 = CARTESIAN_POINT ( 'NONE',  ( 1.191917029476874612, 0.9999999999999997780, -2.522308471146830211 ) ) ;
#5788 = FACE_OUTER_BOUND ( 'NONE', #4189, .T. ) ;
#5789 = DIRECTION ( 'NONE',  ( 0.000000000000000000, 0.000000000000000000, -1.000000000000000000 ) ) ;
#5790 = EDGE_LOOP ( 'NONE', ( #4024, #4242, #6372, #6871 ) ) ;
#5791 = SURFACE_STYLE_USAGE ( .BOTH. , #2065 ) ;
#5792 = DIRECTION ( 'NONE',  ( -1.460279444460358682E-16, 0.7071067811865486830, 0.7071067811865463515 ) ) ;
#5793 = MECHANICAL_DESIGN_GEOMETRIC_PRESENTATION_REPRESENTATION (  '', ( #996 ), #3462 ) ;
#5794 = CARTESIAN_POINT ( 'NONE',  ( 1.819230769230768985, 0.9799999999999999822, -1.684615384615384848 ) ) ;
#5795 = VERTEX_POINT ( 'NONE', #99 ) ;
#5796 = CARTESIAN_POINT ( 'NONE',  ( 4.376330897749777016, 1.000000000000000222, -1.737672559770258918 ) ) ;
#5797 = SURFACE_STYLE_FILL_AREA ( #7004 ) ;
#5798 = EDGE_CURVE ( 'NONE', #26, #2545, #590, .T. ) ;
#5799 = SURFACE_SIDE_STYLE ('',( #7007 ) ) ;
#5800 = SURFACE_STYLE_FILL_AREA ( #4624 ) ;
#5801 = LINE ( 'NONE', #4626, #3135 ) ;
#5802 = ADVANCED_FACE ( 'NONE', ( #5291 ), #664, .T. ) ;
#5803 = EDGE_LOOP ( 'NONE', ( #796, #4732, #1841, #3385 ) ) ;
#5804 = CARTESIAN_POINT ( 'NONE',  ( 3.750000000000000000, 0.000000000000000000, -4.529999999999998472 ) ) ;
#5805 = ORIENTED_EDGE ( 'NONE', *, *, #3941, .T. ) ;
#5806 = SURFACE_STYLE_USAGE ( .BOTH. , #1981 ) ;
#5807 =( LENGTH_UNIT ( ) NAMED_UNIT ( * ) SI_UNIT ( .MILLI., .METRE. ) );
#5808 = ORIENTED_EDGE ( 'NONE', *, *, #6016, .F. ) ;
#5809 =( LENGTH_UNIT ( ) NAMED_UNIT ( * ) SI_UNIT ( .MILLI., .METRE. ) );
#5810 = VERTEX_POINT ( 'NONE', #5358 ) ;
#5811 = CARTESIAN_POINT ( 'NONE',  ( -4.500000000000000000, 4.000000000000000000, 0.1300000000000016420 ) ) ;
#5812 = SURFACE_SIDE_STYLE ('',( #2418 ) ) ;
#5813 = FILL_AREA_STYLE_COLOUR ( '', #2248 ) ;
#5814 = LINE ( 'NONE', #1389, #7109 ) ;
#5815 = DIRECTION ( 'NONE',  ( 0.9400872142660920971, 0.000000000000000000, 0.3409340545815550128 ) ) ;
#5816 = FILL_AREA_STYLE ('',( #3601 ) ) ;
#5817 = ORIENTED_EDGE ( 'NONE', *, *, #3097, .F. ) ;
#5818 = EDGE_LOOP ( 'NONE', ( #113, #2237 ) ) ;
#5819 = CARTESIAN_POINT ( 'NONE',  ( 2.965424378310326681, 0.9800000000000002043, -1.781743301469564944 ) ) ;
#5820 =( LENGTH_UNIT ( ) NAMED_UNIT ( * ) SI_UNIT ( .MILLI., .METRE. ) );
#5821 = SURFACE_STYLE_USAGE ( .BOTH. , #1439 ) ;
#5822 = CARTESIAN_POINT ( 'NONE',  ( 3.086466025370243393, 0.9999999999999997780, -2.570239176990176677 ) ) ;
#5823 = EDGE_CURVE ( 'NONE', #833, #6234, #3828, .T. ) ;
#5824 = ORIENTED_EDGE ( 'NONE', *, *, #729, .T. ) ;
#5825 = CARTESIAN_POINT ( 'NONE',  ( 4.125240384615385558, 0.9799999999999999822, -2.115384615384615419 ) ) ;
#5826 = CARTESIAN_POINT ( 'NONE',  ( 3.524278846153846345, 1.000000000000000000, -2.730769230769230838 ) ) ;
#5827 = SURFACE_SIDE_STYLE ('',( #3046 ) ) ;
#5828 = ORIENTED_EDGE ( 'NONE', *, *, #6939, .T. ) ;
#5829 = CARTESIAN_POINT ( 'NONE',  ( 4.297404378988376017, 1.000000000000000000, -1.641836481659772584 ) ) ;
#5830 = FACE_OUTER_BOUND ( 'NONE', #6240, .T. ) ;
#5831 = FILL_AREA_STYLE ('',( #847 ) ) ;
#5832 = B_SPLINE_CURVE_WITH_KNOTS ( 'NONE', 3,
 ( #6480, #898, #6446, #4820, #2690, #1987, #935, #5992, #7025, #3105, #1431 ),
 .UNSPECIFIED., .F., .F.,
 ( 4, 1, 1, 1, 1, 1, 1, 1, 4 ),
 ( 0.000000000000000000, 0.1016634760927243863, 0.2076361382691220558, 0.3187445673333755281, 0.4366799415637014903, 0.5635066463765688871, 0.6986812076536840221, 0.8444465558739923106, 1.000000000000000000 ),
 .UNSPECIFIED. ) ;
#5833 =( LENGTH_UNIT ( ) NAMED_UNIT ( * ) SI_UNIT ( .MILLI., .METRE. ) );
#5834 = CIRCLE ( 'NONE', #1867, 0.5000000000000004441 ) ;
#5835 = EDGE_CURVE ( 'NONE', #5209, #2924, #402, .T. ) ;
#5836 = ORIENTED_EDGE ( 'NONE', *, *, #3815, .F. ) ;
#5837 =( GEOMETRIC_REPRESENTATION_CONTEXT ( 3 ) GLOBAL_UNCERTAINTY_ASSIGNED_CONTEXT ( ( #360 ) ) GLOBAL_UNIT_ASSIGNED_CONTEXT ( ( #2816, #1224, #7214 ) ) REPRESENTATION_CONTEXT ( 'NONE', 'WORKASPACE' ) );
#5838 = STYLED_ITEM ( 'NONE', ( #3408 ), #176 ) ;
#5839 = CARTESIAN_POINT ( 'NONE',  ( -1.249999999999999778, 0.9799999999999999822, -4.529999999999998472 ) ) ;
#5840 = CIRCLE ( 'NONE', #1883, 0.7000000000000000666 ) ;
#5841 = CARTESIAN_POINT ( 'NONE',  ( -1.312671114558940699, 0.9999999999999997780, -1.874776987338887313 ) ) ;
#5842 = ORIENTED_EDGE ( 'NONE', *, *, #2135, .F. ) ;
#5843 = CARTESIAN_POINT ( 'NONE',  ( 4.401056407918956026, 1.000000000000000222, -1.485941795292988088 ) ) ;
#5844 = FACE_OUTER_BOUND ( 'NONE', #5651, .T. ) ;
#5845 = CIRCLE ( 'NONE', #5724, 0.6999999999999996225 ) ;
#5846 = PRESENTATION_STYLE_ASSIGNMENT (( #5438 ) ) ;
#5847 = EDGE_LOOP ( 'NONE', ( #1956, #2806, #3668, #1488 ) ) ;
#5848 = ORIENTED_EDGE ( 'NONE', *, *, #5420, .F. ) ;
#5849 = CARTESIAN_POINT ( 'NONE',  ( 1.242331739997836859, 0.9800000000000002043, -1.721786789765165304 ) ) ;
#5850 = CARTESIAN_POINT ( 'NONE',  ( 3.249999999999999556, 1.280000000000000471, 7.530000000000002025 ) ) ;
#5851 = LINE ( 'NONE', #3027, #2778 ) ;
#5852 = CARTESIAN_POINT ( 'NONE',  ( 1.166432926753109500, 1.000000000000000000, -2.550161286182537346 ) ) ;
#5853 = VECTOR ( 'NONE', #6432, 1000.000000000000000 ) ;
#5854 = VERTEX_POINT ( 'NONE', #2600 ) ;
#5855 = EDGE_CURVE ( 'NONE', #4449, #2523, #6094, .T. ) ;
#5856 = SURFACE_SIDE_STYLE ('',( #227 ) ) ;
#5857 = CARTESIAN_POINT ( 'NONE',  ( 1.322141276744585925, 0.9800000000000002043, -2.265862051891942563 ) ) ;
#5858 = CARTESIAN_POINT ( 'NONE',  ( 5.999999999999998224, 1.000000000000000000, 6.830000000000001847 ) ) ;
#5859 = CARTESIAN_POINT ( 'NONE',  ( -3.750000000000000000, 0.9799999999999999822, -4.529999999999998472 ) ) ;
#5860 = PRESENTATION_LAYER_ASSIGNMENT (  '', '', ( #7037 ) ) ;
#5861 = CARTESIAN_POINT ( 'NONE',  ( 0.000000000000000000, 0.9799999999999999822, 0.000000000000000000 ) ) ;
#5862 = CARTESIAN_POINT ( 'NONE',  ( 3.125722544454802687, 0.9999999999999995559, -2.264378128668183443 ) ) ;
#5863 = CARTESIAN_POINT ( 'NONE',  ( 3.537184191224410856, 1.000000000000000000, -2.730570208150604028 ) ) ;
#5864 = CARTESIAN_POINT ( 'NONE',  ( -1.050000000000000044, 1.000000000000000000, -2.083173076923077183 ) ) ;
#5865 = EDGE_LOOP ( 'NONE', ( #1785, #548, #464, #3706 ) ) ;
#5866 = CARTESIAN_POINT ( 'NONE',  ( 3.712072160616373573, 1.000000000000000222, -2.475503173355745545 ) ) ;
#5867 = CARTESIAN_POINT ( 'NONE',  ( -1.249999999999999778, 0.9799999999999999822, -3.829999999999997851 ) ) ;
#5868 =( NAMED_UNIT ( * ) SI_UNIT ( $, .STERADIAN. ) SOLID_ANGLE_UNIT ( ) );
#5869 = CARTESIAN_POINT ( 'NONE',  ( -4.499999999999999112, 2.249999999999999556, 6.830000000000001847 ) ) ;
#5870 = CARTESIAN_POINT ( 'NONE',  ( 3.817067307692307843, 1.000000000000000000, -2.674038461538461586 ) ) ;
#5871 = CARTESIAN_POINT ( 'NONE',  ( 1.014801726623556055, 0.9799999999999997602, -2.651185687371525379 ) ) ;
#5872 = EDGE_CURVE ( 'NONE', #645, #3651, #2697, .T. ) ;
#5873 = VERTEX_POINT ( 'NONE', #5389 ) ;
#5874 = STYLED_ITEM ( 'NONE', ( #266 ), #690 ) ;
#5875 = DIRECTION ( 'NONE',  ( -0.000000000000000000, 1.000000000000000000, -0.000000000000000000 ) ) ;
#5876 =( NAMED_UNIT ( * ) SI_UNIT ( $, .STERADIAN. ) SOLID_ANGLE_UNIT ( ) );
#5877 = ORIENTED_EDGE ( 'NONE', *, *, #598, .F. ) ;
#5878 = CARTESIAN_POINT ( 'NONE',  ( 0.3884615384615382472, 0.9799999999999999822, -2.700000000000000178 ) ) ;
#5879 = PRESENTATION_STYLE_ASSIGNMENT (( #6438 ) ) ;
#5880 = MECHANICAL_DESIGN_GEOMETRIC_PRESENTATION_REPRESENTATION (  '', ( #278 ), #4149 ) ;
#5881 = ORIENTED_EDGE ( 'NONE', *, *, #2683, .F. ) ;
#5882 = VERTEX_POINT ( 'NONE', #4315 ) ;
#5883 = LINE ( 'NONE', #519, #1296 ) ;
#5884 = CARTESIAN_POINT ( 'NONE',  ( -3.750000000000000000, 0.02000000000000000042, -4.529999999999998472 ) ) ;
#5885 = VECTOR ( 'NONE', #5106, 1000.000000000000000 ) ;
#5886 = ADVANCED_FACE ( 'NONE', ( #4966 ), #137, .T. ) ;
#5887 = FILL_AREA_STYLE_COLOUR ( '', #5478 ) ;
#5888 = STYLED_ITEM ( 'NONE', ( #3042 ), #6721 ) ;
#5889 = LINE ( 'NONE', #6333, #4291 ) ;
#5890 = SURFACE_STYLE_USAGE ( .BOTH. , #6994 ) ;
#5891 = VERTEX_POINT ( 'NONE', #6108 ) ;
#5892 = CIRCLE ( 'NONE', #6598, 0.6999999999999996225 ) ;
#5893 = UNCERTAINTY_MEASURE_WITH_UNIT (LENGTH_MEASURE( 1.000000000000000082E-05 ), #3005, 'distance_accuracy_value', 'NONE');
#5894 = CARTESIAN_POINT ( 'NONE',  ( 3.925142841947402150, 1.000000000000000000, -1.609860299996180855 ) ) ;
#5895 = AXIS2_PLACEMENT_3D ( 'NONE', #1461, #3628, #860 ) ;
#5896 = FILL_AREA_STYLE_COLOUR ( '', #2377 ) ;
#5897 = DIRECTION ( 'NONE',  ( -0.000000000000000000, 1.000000000000000000, -0.000000000000000000 ) ) ;
#5898 = CARTESIAN_POINT ( 'NONE',  ( 3.511933069298156074, 1.000000000000000222, -2.730679910330774174 ) ) ;
#5899 = PRESENTATION_STYLE_ASSIGNMENT (( #6456 ) ) ;
#5900 = CARTESIAN_POINT ( 'NONE',  ( 3.249999999999999556, 4.000000000000000000, 0.1300000000000016420 ) ) ;
#5901 = CARTESIAN_POINT ( 'NONE',  ( -3.854086538461539035, 0.9799999999999999822, -1.500000000000000222 ) ) ;
#5902 = LINE ( 'NONE', #7175, #2721 ) ;
#5903 = VECTOR ( 'NONE', #453, 1000.000000000000000 ) ;
#5904 = SURFACE_STYLE_FILL_AREA ( #3652 ) ;
#5905 = CYLINDRICAL_SURFACE ( 'NONE', #348, 0.4999999999999995559 ) ;
#5906 = CARTESIAN_POINT ( 'NONE',  ( -2.949999999999999289, 2.400000000000001688, 7.530000000000002025 ) ) ;
#5907 = PRESENTATION_STYLE_ASSIGNMENT (( #4256 ) ) ;
#5908 = CARTESIAN_POINT ( 'NONE',  ( 1.115558177776102777, 0.9999999999999988898, -1.971100086655241945 ) ) ;
#5909 = CARTESIAN_POINT ( 'NONE',  ( 4.548828174108968447, 0.9800000000000002043, -1.666465754511069708 ) ) ;
#5910 = CARTESIAN_POINT ( 'NONE',  ( -1.051589830893443045, 1.000000000000000222, -2.016010547248966667 ) ) ;
#5911 = CARTESIAN_POINT ( 'NONE',  ( -1.338077121022566374, 0.9799999999999997602, -1.834714841387226958 ) ) ;
#5912 = ORIENTED_EDGE ( 'NONE', *, *, #2826, .T. ) ;
#5913 = CARTESIAN_POINT ( 'NONE',  ( 1.013701923076922862, 0.9800000000000002043, -2.388461538461538858 ) ) ;
#5914 = EDGE_CURVE ( 'NONE', #6085, #6806, #4725, .T. ) ;
#5915 = CARTESIAN_POINT ( 'NONE',  ( 4.376382509346844252, 0.9800000000000002043, -1.493416868254552776 ) ) ;
#5916 = ORIENTED_EDGE ( 'NONE', *, *, #1097, .T. ) ;
#5917 = DIRECTION ( 'NONE',  ( 0.000000000000000000, 0.000000000000000000, 1.000000000000000000 ) ) ;
#5918 = DIRECTION ( 'NONE',  ( 0.000000000000000000, 1.000000000000000000, 0.000000000000000000 ) ) ;
#5919 = DIRECTION ( 'NONE',  ( 2.891205793294678326E-16, -1.000000000000000000, 0.000000000000000000 ) ) ;
#5920 = UNCERTAINTY_MEASURE_WITH_UNIT (LENGTH_MEASURE( 1.000000000000000082E-05 ), #3107, 'distance_accuracy_value', 'NONE');
#5921 = CARTESIAN_POINT ( 'NONE',  ( 4.519752568665516890, 0.9999999999999997780, -1.708735258469130658 ) ) ;
#5922 = FACE_OUTER_BOUND ( 'NONE', #2061, .T. ) ;
#5923 = FILL_AREA_STYLE ('',( #3711 ) ) ;
#5924 = B_SPLINE_CURVE_WITH_KNOTS ( 'NONE', 3,
 ( #2530, #5354, #4793, #1954, #7028, #4673, #3677, #3106, #1914, #3141, #260, #2025, #2495, #5852, #362, #299, #4276, #6483, #4753, #831, #6370, #1470, #6880, #4120, #330, #6993, #3710 ),
 .UNSPECIFIED., .F., .F.,
 ( 4, 1, 1, 1, 1, 1, 1, 1, 1, 1, 1, 1, 1, 1, 1, 1, 1, 1, 1, 1, 1, 1, 1, 1, 4 ),
 ( 0.000000000000000000, 0.06014816166126854546, 0.1162670765768876596, 0.1686539552437568146, 0.2173989688871081627, 0.2624335227296115125, 0.3039327010691181274, 0.3422599668369525339, 0.3774413393780561288, 0.4114060993619980122, 0.4453983512867531469, 0.4797663873881683472, 0.5145844824148773089, 0.5502136512238752220, 0.5870009077288665944, 0.6246629869919994027, 0.6636154560171262373, 0.7034564283616511204, 0.7434501619923126192, 0.7840133859909412806, 0.8251325358492278550, 0.8672646628279302439, 0.9103064731819361377, 0.9544242045465899382, 1.000000000000000000 ),
 .UNSPECIFIED. ) ;
#5925 = ORIENTED_EDGE ( 'NONE', *, *, #5633, .F. ) ;
#5926 = VERTEX_POINT ( 'NONE', #4496 ) ;
#5927 = EDGE_CURVE ( 'NONE', #5234, #1126, #1064, .T. ) ;
#5928 = CARTESIAN_POINT ( 'NONE',  ( 3.518269230769230926, 1.000000000000000000, -2.515384615384615330 ) ) ;
#5929 = CARTESIAN_POINT ( 'NONE',  ( 3.795841459810090246, 0.9799999999999995381, -1.784070581613204975 ) ) ;
#5930 = CARTESIAN_POINT ( 'NONE',  ( 3.038221153846154543, 1.000000000000000000, -2.520913461538461409 ) ) ;
#5931 = CARTESIAN_POINT ( 'NONE',  ( 4.353843200736656982, 0.9799999999999999822, -1.725232173164926497 ) ) ;
#5932 = DIRECTION ( 'NONE',  ( 0.000000000000000000, -1.000000000000000000, 0.000000000000000000 ) ) ;
#5933 = CARTESIAN_POINT ( 'NONE',  ( 4.426923076923076295, 0.9799999999999999822, -1.746153846153846390 ) ) ;
#5934 = FILL_AREA_STYLE ('',( #3720 ) ) ;
#5935 = DIRECTION ( 'NONE',  ( 0.000000000000000000, 0.000000000000000000, -1.000000000000000000 ) ) ;
#5936 = CARTESIAN_POINT ( 'NONE',  ( 3.046055682867688574, 0.9799999999999999822, -2.529502060628774807 ) ) ;
#5937 =( NAMED_UNIT ( * ) PLANE_ANGLE_UNIT ( ) SI_UNIT ( $, .RADIAN. ) );
#5938 = ORIENTED_EDGE ( 'NONE', *, *, #5204, .F. ) ;
#5939 = CARTESIAN_POINT ( 'NONE',  ( -3.249999999999998668, 1.000000000000000000, 7.530000000000002025 ) ) ;
#5940 = LINE ( 'NONE', #5400, #3099 ) ;
#5941 = CARTESIAN_POINT ( 'NONE',  ( 1.049408330230830133, 0.9800000000000002043, -2.635820081317662211 ) ) ;
#5942 = CIRCLE ( 'NONE', #4574, 0.4999999999999995559 ) ;
#5943 = EDGE_CURVE ( 'NONE', #488, #849, #6809, .T. ) ;
#5944 =( GEOMETRIC_REPRESENTATION_CONTEXT ( 3 ) GLOBAL_UNCERTAINTY_ASSIGNED_CONTEXT ( ( #6578 ) ) GLOBAL_UNIT_ASSIGNED_CONTEXT ( ( #6899, #142, #3470 ) ) REPRESENTATION_CONTEXT ( 'NONE', 'WORKASPACE' ) );
#5945 = CARTESIAN_POINT ( 'NONE',  ( -1.184319659722932183, 0.9999999999999997780, -1.675745577443358059 ) ) ;
#5946 = CARTESIAN_POINT ( 'NONE',  ( -1.291710051538542903, 0.9799999999999999822, -1.920409797398147989 ) ) ;
#5947 = ORIENTED_EDGE ( 'NONE', *, *, #4616, .T. ) ;
#5948 = CARTESIAN_POINT ( 'NONE',  ( 1.013701923076922862, 1.000000000000000444, -2.388461538461538858 ) ) ;
#5949 = DIRECTION ( 'NONE',  ( -1.000000000000000000, 0.000000000000000000, 0.000000000000000000 ) ) ;
#5950 = STYLED_ITEM ( 'NONE', ( #2429 ), #1596 ) ;
#5951 = CARTESIAN_POINT ( 'NONE',  ( 3.712035363191839910, 0.9800000000000004263, -2.709046762665793029 ) ) ;
#5952 = VECTOR ( 'NONE', #4828, 1000.000000000000000 ) ;
#5953 = EDGE_LOOP ( 'NONE', ( #1747, #5383, #6150, #1354 ) ) ;
#5954 = EDGE_CURVE ( 'NONE', #5289, #5873, #3767, .T. ) ;
#5955 =( GEOMETRIC_REPRESENTATION_CONTEXT ( 3 ) GLOBAL_UNCERTAINTY_ASSIGNED_CONTEXT ( ( #7090 ) ) GLOBAL_UNIT_ASSIGNED_CONTEXT ( ( #5264, #5363, #5868 ) ) REPRESENTATION_CONTEXT ( 'NONE', 'WORKASPACE' ) );
#5956 = FACE_OUTER_BOUND ( 'NONE', #3610, .T. ) ;
#5957 = DIRECTION ( 'NONE',  ( 0.000000000000000000, 0.000000000000000000, 1.000000000000000000 ) ) ;
#5958 = DIRECTION ( 'NONE',  ( 1.000000000000000000, 6.672013369141566696E-17, 0.000000000000000000 ) ) ;
#5959 = CIRCLE ( 'NONE', #2797, 0.6999999999999992895 ) ;
#5960 = PLANE ( 'NONE',  #2610 ) ;
#5961 = ORIENTED_EDGE ( 'NONE', *, *, #2316, .T. ) ;
#5962 = VERTEX_POINT ( 'NONE', #6662 ) ;
#5963 = CIRCLE ( 'NONE', #6786, 0.5000000000000004441 ) ;
#5964 = UNCERTAINTY_MEASURE_WITH_UNIT (LENGTH_MEASURE( 1.000000000000000082E-05 ), #4845, 'distance_accuracy_value', 'NONE');
#5965 = CARTESIAN_POINT ( 'NONE',  ( 1.004776599363173650, 0.9799999999999997602, -2.396273356870988636 ) ) ;
#5966 = CARTESIAN_POINT ( 'NONE',  ( 4.426923076923076295, 1.000000000000000000, -1.484615384615384892 ) ) ;
#5967 = CARTESIAN_POINT ( 'NONE',  ( 4.333878316087130145, 1.000000000000000000, -1.708714930505141893 ) ) ;
#5968 =( LENGTH_UNIT ( ) NAMED_UNIT ( * ) SI_UNIT ( .MILLI., .METRE. ) );
#5969 =( GEOMETRIC_REPRESENTATION_CONTEXT ( 3 ) GLOBAL_UNCERTAINTY_ASSIGNED_CONTEXT ( ( #263 ) ) GLOBAL_UNIT_ASSIGNED_CONTEXT ( ( #1458, #6050, #5511 ) ) REPRESENTATION_CONTEXT ( 'NONE', 'WORKASPACE' ) );
#5970 = FILL_AREA_STYLE ('',( #3227 ) ) ;
#5971 = DIRECTION ( 'NONE',  ( 0.000000000000000000, -1.000000000000000000, 0.000000000000000000 ) ) ;
#5972 = LINE ( 'NONE', #3721, #1636 ) ;
#5973 = DIRECTION ( 'NONE',  ( -0.000000000000000000, 1.000000000000000000, -0.000000000000000000 ) ) ;
#5974 = VECTOR ( 'NONE', #3301, 1000.000000000000000 ) ;
#5975 = CARTESIAN_POINT ( 'NONE',  ( 4.126923076923076472, 0.9799999999999999822, -2.064182692307692246 ) ) ;
#5976 = CARTESIAN_POINT ( 'NONE',  ( 4.499793164885923957, 0.9800000000000002043, -1.725149578684432639 ) ) ;
#5977 = SURFACE_STYLE_USAGE ( .BOTH. , #2139 ) ;
#5978 = LINE ( 'NONE', #379, #584 ) ;
#5979 = EDGE_CURVE ( 'NONE', #4811, #862, #5078, .T. ) ;
#5980 = ORIENTED_EDGE ( 'NONE', *, *, #5118, .T. ) ;
#5981 = CARTESIAN_POINT ( 'NONE',  ( 3.614389483732854735, 0.9999999999999993339, -1.473680679002199234 ) ) ;
#5982 = CARTESIAN_POINT ( 'NONE',  ( 1.108767713515866227, 0.9799999999999997602, -1.945185366950444639 ) ) ;
#5983 = CARTESIAN_POINT ( 'NONE',  ( 3.000729145388956631, 1.000000000000000000, -2.476803482445922633 ) ) ;
#5984 = PRESENTATION_LAYER_ASSIGNMENT (  '', '', ( #4016 ) ) ;
#5985 = LINE ( 'NONE', #1520, #1773 ) ;
#5986 = LINE ( 'NONE', #2790, #3393 ) ;
#5987 = ORIENTED_EDGE ( 'NONE', *, *, #5304, .T. ) ;
#5988 = SURFACE_STYLE_USAGE ( .BOTH. , #5309 ) ;
#5989 = EDGE_CURVE ( 'NONE', #545, #3350, #3335, .T. ) ;
#5990 = CARTESIAN_POINT ( 'NONE',  ( -1.662575766196305649, 1.000000000000000000, -1.715409143662370184 ) ) ;
#5991 = ORIENTED_EDGE ( 'NONE', *, *, #6543, .F. ) ;
#5992 = CARTESIAN_POINT ( 'NONE',  ( 0.7899431657169917465, 1.000000000000000222, -2.479257537496250663 ) ) ;
#5993 = UNCERTAINTY_MEASURE_WITH_UNIT (LENGTH_MEASURE( 1.000000000000000082E-05 ), #4503, 'distance_accuracy_value', 'NONE');
#5994 = SURFACE_STYLE_FILL_AREA ( #461 ) ;
#5995 = PLANE ( 'NONE',  #1694 ) ;
#5996 = ORIENTED_EDGE ( 'NONE', *, *, #4969, .F. ) ;
#5997 = VERTEX_POINT ( 'NONE', #6741 ) ;
#5998 = PRESENTATION_LAYER_ASSIGNMENT (  '', '', ( #2617 ) ) ;
#5999 = CARTESIAN_POINT ( 'NONE',  ( 3.544640239772606005, 0.9999999999999997780, -1.469445010985084954 ) ) ;
#6000 = CARTESIAN_POINT ( 'NONE',  ( 1.341700660866535166, 0.9999999999999997780, -2.130761294353221924 ) ) ;
#6001 = DIRECTION ( 'NONE',  ( -0.000000000000000000, 1.000000000000000000, -0.000000000000000000 ) ) ;
#6002 = EDGE_CURVE ( 'NONE', #6654, #4883, #4385, .T. ) ;
#6003 = AXIS2_PLACEMENT_3D ( 'NONE', #1587, #4284, #5423 ) ;
#6004 = SURFACE_STYLE_USAGE ( .BOTH. , #4387 ) ;
#6005 =( NAMED_UNIT ( * ) PLANE_ANGLE_UNIT ( ) SI_UNIT ( $, .RADIAN. ) );
#6006 = VECTOR ( 'NONE', #4862, 1000.000000000000000 ) ;
#6007 = CARTESIAN_POINT ( 'NONE',  ( 4.002108626877387110, 0.9800000000000006484, -1.695164906708611419 ) ) ;
#6008 = MECHANICAL_DESIGN_GEOMETRIC_PRESENTATION_REPRESENTATION (  '', ( #2514 ), #2846 ) ;
#6009 = CARTESIAN_POINT ( 'NONE',  ( -3.750000000000000444, 1.000000000000000000, -1.847596153846154055 ) ) ;
#6010 =( GEOMETRIC_REPRESENTATION_CONTEXT ( 3 ) GLOBAL_UNCERTAINTY_ASSIGNED_CONTEXT ( ( #6630 ) ) GLOBAL_UNIT_ASSIGNED_CONTEXT ( ( #6869, #1385, #251 ) ) REPRESENTATION_CONTEXT ( 'NONE', 'WORKASPACE' ) );
#6011 = ORIENTED_EDGE ( 'NONE', *, *, #5979, .T. ) ;
#6012 = CARTESIAN_POINT ( 'NONE',  ( 3.766754532572594183, 0.9800000000000002043, -1.511037457077952340 ) ) ;
#6013 = CARTESIAN_POINT ( 'NONE',  ( 3.526923076923077272, 1.000000000000000000, -1.900000000000000133 ) ) ;
#6014 = VERTEX_POINT ( 'NONE', #1653 ) ;
#6015 = AXIS2_PLACEMENT_3D ( 'NONE', #6795, #1784, #3433 ) ;
#6016 = EDGE_CURVE ( 'NONE', #5090, #545, #6771, .T. ) ;
#6017 =( GEOMETRIC_REPRESENTATION_CONTEXT ( 3 ) GLOBAL_UNCERTAINTY_ASSIGNED_CONTEXT ( ( #564 ) ) GLOBAL_UNIT_ASSIGNED_CONTEXT ( ( #6437, #6471, #894 ) ) REPRESENTATION_CONTEXT ( 'NONE', 'WORKASPACE' ) );
#6018 = PRESENTATION_STYLE_ASSIGNMENT (( #7223 ) ) ;
#6019 = B_SPLINE_SURFACE_WITH_KNOTS ( 'NONE', 3, 1, ( 
 ( #2867, #5099 ),
 ( #4559, #1205 ),
 ( #4035, #6202 ),
 ( #3997, #5661 ),
 ( #6800, #6239 ),
 ( #2900, #926 ),
 ( #4263, #1487 ),
 ( #6469, #1942 ),
 ( #3166, #3623 ),
 ( #4882, #1456 ),
 ( #2549, #5372 ),
 ( #6534, #6982 ),
 ( #2619, #6505 ),
 ( #3703, #855 ),
 ( #4810, #320 ),
 ( #5911, #2078 ),
 ( #4780, #4740 ),
 ( #3730, #5841 ),
 ( #5342, #818 ),
 ( #5946, #7016 ),
 ( #4298, #349 ),
 ( #2016, #2518 ),
 ( #3094, #5403 ),
 ( #1976, #3057 ),
 ( #3588, #5307 ),
 ( #3663, #3015 ),
 ( #384, #891 ) ),
 .UNSPECIFIED., .F., .F., .F.,
 ( 4, 1, 1, 1, 1, 1, 1, 1, 1, 1, 1, 1, 1, 1, 1, 1, 1, 1, 1, 1, 1, 1, 1, 1, 4 ),
 ( 2, 2 ),
 ( 0.000000000000000000, 0.06261464793181550914, 0.1204288125492776751, 0.1741994859485837266, 0.2237246639590649289, 0.2690284504243910524, 0.3107650011525418532, 0.3481152575356891710, 0.3823781144346328764, 0.4147531609533668395, 0.4471954319285634250, 0.4800445791734141987, 0.5137386411999473879, 0.5479625035502666552, 0.5829178144656939065, 0.6193151011155169083, 0.6571235452560976187, 0.6956865764257776918, 0.7355137155615780742, 0.7758232002862923693, 0.8176522616681765054, 0.8607425835624210597, 0.9053869274729277050, 0.9519981971377819985, 1.000000000000000000 ),
 ( 0.000000000000000000, 1.000000000000000000 ),
 .UNSPECIFIED. ) ;
#6020 = CARTESIAN_POINT ( 'NONE',  ( 3.097214193308410746, 0.9799999999999999822, -2.147780415932878384 ) ) ;
#6021 = ORIENTED_EDGE ( 'NONE', *, *, #596, .F. ) ;
#6022 = DIRECTION ( 'NONE',  ( -0.000000000000000000, -0.000000000000000000, -1.000000000000000000 ) ) ;
#6023 = DIRECTION ( 'NONE',  ( -0.000000000000000000, 1.000000000000000000, -0.000000000000000000 ) ) ;
#6024 = COLOUR_RGB ( '',1.000000000000000000, 1.000000000000000000, 1.000000000000000000 ) ;
#6025 = VERTEX_POINT ( 'NONE', #5565 ) ;
#6026 = CARTESIAN_POINT ( 'NONE',  ( 4.126923076923076472, 1.000000000000000000, -2.064182692307692246 ) ) ;
#6027 = CARTESIAN_POINT ( 'NONE',  ( -1.369554585983983941, 0.9799999999999999822, -2.379294192103029726 ) ) ;
#6028 = VERTEX_POINT ( 'NONE', #3067 ) ;
#6029 = CARTESIAN_POINT ( 'NONE',  ( 4.499875823712194745, 0.9799999999999999822, -1.505822946830044584 ) ) ;
#6030 = CARTESIAN_POINT ( 'NONE',  ( -1.728365384615384803, 1.000000000000000000, -1.500000000000000222 ) ) ;
#6031 = ORIENTED_EDGE ( 'NONE', *, *, #1202, .F. ) ;
#6032 = CARTESIAN_POINT ( 'NONE',  ( 0.8799403582715614736, 0.9799999999999997602, -2.461461006307791077 ) ) ;
#6033 = CARTESIAN_POINT ( 'NONE',  ( 3.563841276898813692, 0.9799999999999997602, -1.684879084783887260 ) ) ;
#6034 = FILL_AREA_STYLE_COLOUR ( '', #2934 ) ;
#6035 = CARTESIAN_POINT ( 'NONE',  ( -3.211538461538461675, 0.9799999999999999822, -2.700000000000000178 ) ) ;
#6036 = CARTESIAN_POINT ( 'NONE',  ( 0.7041777373950276475, 1.000000000000000222, -2.484380434381103786 ) ) ;
#6037 = LINE ( 'NONE', #1181, #4279 ) ;
#6038 = CARTESIAN_POINT ( 'NONE',  ( -1.249999999999999778, 0.02000000000000000042, -4.529999999999998472 ) ) ;
#6039 = SURFACE_SIDE_STYLE ('',( #4426 ) ) ;
#6040 = ADVANCED_FACE ( 'NONE', ( #2450 ), #3598, .F. ) ;
#6041 = CARTESIAN_POINT ( 'NONE',  ( 4.115785953099144301, 0.9799999999999999822, -1.947032879573579178 ) ) ;
#6042 = SURFACE_STYLE_FILL_AREA ( #4322 ) ;
#6043 = ORIENTED_EDGE ( 'NONE', *, *, #4538, .T. ) ;
#6044 = CARTESIAN_POINT ( 'NONE',  ( 4.045862854014832699, 1.000000000000000000, -1.762087617989133381 ) ) ;
#6045 = CARTESIAN_POINT ( 'NONE',  ( 0.6038461538461535882, 1.000000000000000000, -1.715384615384615508 ) ) ;
#6046 = SURFACE_STYLE_FILL_AREA ( #3199 ) ;
#6047 = PRESENTATION_STYLE_ASSIGNMENT (( #2752 ) ) ;
#6048 = CARTESIAN_POINT ( 'NONE',  ( 3.096510350390524025, 0.9799999999999999822, -2.120213133835288311 ) ) ;
#6049 = ORIENTED_EDGE ( 'NONE', *, *, #244, .F. ) ;
#6050 =( NAMED_UNIT ( * ) PLANE_ANGLE_UNIT ( ) SI_UNIT ( $, .RADIAN. ) );
#6051 = VECTOR ( 'NONE', #3101, 1000.000000000000000 ) ;
#6052 = CARTESIAN_POINT ( 'NONE',  ( 3.112566858978100370, 0.9800000000000002043, -2.227092777604009033 ) ) ;
#6053 = EDGE_CURVE ( 'NONE', #5810, #4811, #1257, .T. ) ;
#6054 = CARTESIAN_POINT ( 'NONE',  ( -1.479226889295409686, 1.000000000000000000, -1.735644222418574190 ) ) ;
#6055 = ORIENTED_EDGE ( 'NONE', *, *, #5614, .T. ) ;
#6056 = VECTOR ( 'NONE', #5973, 1000.000000000000000 ) ;
#6057 = FILL_AREA_STYLE ('',( #3289 ) ) ;
#6058 = CIRCLE ( 'NONE', #4814, 0.9700000000000004174 ) ;
#6059 = CARTESIAN_POINT ( 'NONE',  ( 1.249999999999999778, 1.000000000000000000, -4.529999999999998472 ) ) ;
#6060 = ORIENTED_EDGE ( 'NONE', *, *, #6835, .T. ) ;
#6061 = CARTESIAN_POINT ( 'NONE',  ( 1.207988032584759175, 0.9799999999999997602, -1.675745577443358059 ) ) ;
#6062 = UNCERTAINTY_MEASURE_WITH_UNIT (LENGTH_MEASURE( 1.000000000000000082E-05 ), #4846, 'distance_accuracy_value', 'NONE');
#6063 = LINE ( 'NONE', #1571, #3861 ) ;
#6064 = CARTESIAN_POINT ( 'NONE',  ( 3.096153846153846700, 0.9799999999999999822, -2.106250000000000622 ) ) ;
#6065 = DIRECTION ( 'NONE',  ( -0.000000000000000000, 0.000000000000000000, 1.000000000000000000 ) ) ;
#6066 = ORIENTED_EDGE ( 'NONE', *, *, #5599, .T. ) ;
#6067 =( GEOMETRIC_REPRESENTATION_CONTEXT ( 3 ) GLOBAL_UNCERTAINTY_ASSIGNED_CONTEXT ( ( #2268 ) ) GLOBAL_UNIT_ASSIGNED_CONTEXT ( ( #1825, #4144, #1275 ) ) REPRESENTATION_CONTEXT ( 'NONE', 'WORKASPACE' ) );
#6068 = LINE ( 'NONE', #1061, #4821 ) ;
#6069 = CARTESIAN_POINT ( 'NONE',  ( 4.316907492664156187, 1.000000000000000444, -1.542436167618555398 ) ) ;
#6070 = CARTESIAN_POINT ( 'NONE',  ( 1.342307692307692202, 1.000000000000000000, -2.083173076923077183 ) ) ;
#6071 = CARTESIAN_POINT ( 'NONE',  ( 4.297396182817280419, 0.9800000000000002043, -1.589890280025808567 ) ) ;
#6072 = CIRCLE ( 'NONE', #2004, 0.7000000000000005107 ) ;
#6073 = DIRECTION ( 'NONE',  ( 1.000000000000000000, 0.000000000000000000, 0.000000000000000000 ) ) ;
#6074 = CARTESIAN_POINT ( 'NONE',  ( 4.556432752012588239, 0.9799999999999997602, -1.589899587244813839 ) ) ;
#6075 = EDGE_CURVE ( 'NONE', #429, #4439, #296, .T. ) ;
#6076 = AXIS2_PLACEMENT_3D ( 'NONE', #4507, #2367, #62 ) ;
#6077 = APPLICATION_CONTEXT ( 'automotive_design' ) ;
#6078 = B_SPLINE_SURFACE_WITH_KNOTS ( 'NONE', 3, 1, ( 
 ( #3418, #5151 ),
 ( #3342, #3492 ),
 ( #541, #5642 ),
 ( #5570, #2210 ),
 ( #6667, #1803 ),
 ( #4613, #5042 ),
 ( #3456, #616 ),
 ( #21, #4501 ),
 ( #653, #6704 ),
 ( #6778, #1141 ),
 ( #1660, #2355 ),
 ( #1696, #3901 ),
 ( #2850, #5116 ),
 ( #4054, #91 ),
 ( #2884, #6112 ),
 ( #6261, #509 ),
 ( #2741, #4127 ),
 ( #5819, #1994 ),
 ( #761, #2533 ),
 ( #4204, #4245 ),
 ( #6451, #3562 ),
 ( #2499, #4758 ),
 ( #4648, #6412 ),
 ( #1437, #165 ),
 ( #198, #305 ),
 ( #799, #2994 ),
 ( #1297, #6374 ) ),
 .UNSPECIFIED., .F., .F., .F.,
 ( 4, 1, 1, 1, 1, 1, 1, 1, 1, 1, 1, 1, 1, 1, 1, 1, 1, 1, 1, 1, 1, 1, 1, 1, 4 ),
 ( 2, 2 ),
 ( 0.000000000000000000, 0.04517287879862699057, 0.08954611918494199962, 0.1328127639003587879, 0.1751020071688609847, 0.2170301830540125043, 0.2583804467431638496, 0.2995763167954478279, 0.3407076851203929002, 0.3815382952685208440, 0.4219415929715220059, 0.4621152714130989936, 0.5024333950072055188, 0.5427515186013122106, 0.5834072057629401398, 0.6246627348097928412, 0.6667924017057104136, 0.7089883561164970205, 0.7506859261210352408, 0.7920551107057921536, 0.8332027837492655964, 0.8744393397510749066, 0.9158733303825455918, 0.9576559381140661298, 1.000000000000000000 ),
 ( 0.000000000000000000, 1.000000000000000000 ),
 .UNSPECIFIED. ) ;
#6079 = PRESENTATION_STYLE_ASSIGNMENT (( #6563 ) ) ;
#6080 = CARTESIAN_POINT ( 'NONE',  ( 3.750000000000000000, 0.02000000000000000042, -5.229999999999998650 ) ) ;
#6081 = CARTESIAN_POINT ( 'NONE',  ( 3.750000000000000000, 1.000000000000000000, -5.229999999999998650 ) ) ;
#6082 = AXIS2_PLACEMENT_3D ( 'NONE', #4166, #4247, #6414 ) ;
#6083 = PRESENTATION_LAYER_ASSIGNMENT (  '', '', ( #3165 ) ) ;
#6084 = DIRECTION ( 'NONE',  ( -0.000000000000000000, 1.000000000000000000, -0.000000000000000000 ) ) ;
#6085 = VERTEX_POINT ( 'NONE', #6876 ) ;
#6086 = DIRECTION ( 'NONE',  ( 0.000000000000000000, -0.000000000000000000, -1.000000000000000000 ) ) ;
#6087 = FILL_AREA_STYLE ('',( #1666 ) ) ;
#6088 = DIRECTION ( 'NONE',  ( -0.000000000000000000, 0.000000000000000000, 1.000000000000000000 ) ) ;
#6089 = EDGE_LOOP ( 'NONE', ( #7153, #3196, #2321, #6902 ) ) ;
#6090 = PRESENTATION_LAYER_ASSIGNMENT (  '', '', ( #4719 ) ) ;
#6091 = FACE_OUTER_BOUND ( 'NONE', #6441, .T. ) ;
#6092 = CARTESIAN_POINT ( 'NONE',  ( -3.750000000000000000, 0.9799999999999999822, -4.529999999999998472 ) ) ;
#6093 = LINE ( 'NONE', #1083, #3286 ) ;
#6094 = CIRCLE ( 'NONE', #4130, 0.6999999999999992895 ) ;
#6095 = CARTESIAN_POINT ( 'NONE',  ( 3.143012381075921624, 0.9800000000000002043, -2.300018172922825954 ) ) ;
#6096 = EDGE_CURVE ( 'NONE', #6119, #3639, #6954, .T. ) ;
#6097 = ORIENTED_EDGE ( 'NONE', *, *, #1871, .F. ) ;
#6098 = CARTESIAN_POINT ( 'NONE',  ( -1.280414179567535005, 0.9799999999999999822, -2.220088008521744705 ) ) ;
#6099 = ORIENTED_EDGE ( 'NONE', *, *, #1538, .F. ) ;
#6100 = CARTESIAN_POINT ( 'NONE',  ( 1.342307692307692202, 1.000000000000000000, -2.083173076923077183 ) ) ;
#6101 = DIRECTION ( 'NONE',  ( 0.000000000000000000, 0.000000000000000000, -1.000000000000000000 ) ) ;
#6102 = CARTESIAN_POINT ( 'NONE',  ( 3.288985822571885542, 0.9799999999999999822, -1.753151310834536236 ) ) ;
#6103 = ORIENTED_EDGE ( 'NONE', *, *, #6220, .F. ) ;
#6104 = CARTESIAN_POINT ( 'NONE',  ( -1.437764124774167040, 1.000000000000000000, -2.431345987542615994 ) ) ;
#6105 = ADVANCED_FACE ( 'NONE', ( #3635 ), #1253, .T. ) ;
#6106 = PRESENTATION_STYLE_ASSIGNMENT (( #84 ) ) ;
#6107 = CARTESIAN_POINT ( 'NONE',  ( 1.154824152615012256, 0.9799999999999999822, -2.560722534145662532 ) ) ;
#6108 = CARTESIAN_POINT ( 'NONE',  ( -2.003846153846154277, 0.9799999999999999822, -1.500000000000000222 ) ) ;
#6109 =( LENGTH_UNIT ( ) NAMED_UNIT ( * ) SI_UNIT ( .MILLI., .METRE. ) );
#6110 = SURFACE_STYLE_USAGE ( .BOTH. , #3900 ) ;
#6111 = VECTOR ( 'NONE', #911, 1000.000000000000000 ) ;
#6112 = CARTESIAN_POINT ( 'NONE',  ( 3.038133279128641284, 1.000000000000000000, -1.678950739439275752 ) ) ;
#6113 = PRESENTATION_LAYER_ASSIGNMENT (  '', '', ( #6591 ) ) ;
#6114 =( NAMED_UNIT ( * ) PLANE_ANGLE_UNIT ( ) SI_UNIT ( $, .RADIAN. ) );
#6115 = ORIENTED_EDGE ( 'NONE', *, *, #1690, .T. ) ;
#6116 = CARTESIAN_POINT ( 'NONE',  ( -1.311306861572836491, 0.9799999999999995381, -2.617905310651771789 ) ) ;
#6117 = VECTOR ( 'NONE', #3571, 1000.000000000000000 ) ;
#6118 = CARTESIAN_POINT ( 'NONE',  ( -1.176087290245647621, 0.9799999999999999822, -2.492125098472680378 ) ) ;
#6119 = VERTEX_POINT ( 'NONE', #6545 ) ;
#6120 = STYLED_ITEM ( 'NONE', ( #4865 ), #3903 ) ;
#6121 = DIRECTION ( 'NONE',  ( 0.000000000000000000, 0.000000000000000000, -1.000000000000000000 ) ) ;
#6122 = VECTOR ( 'NONE', #1058, 1000.000000000000000 ) ;
#6123 = CARTESIAN_POINT ( 'NONE',  ( 3.288985822571885542, 1.000000000000000000, -1.753151310834536236 ) ) ;
#6124 = CARTESIAN_POINT ( 'NONE',  ( -1.555393105096329887, 1.000000000000000000, -2.471993520198598748 ) ) ;
#6125 = CARTESIAN_POINT ( 'NONE',  ( 3.096153846153846700, 0.9799999999999999822, -2.106250000000000622 ) ) ;
#6126 = CARTESIAN_POINT ( 'NONE',  ( -1.491891759901975645, 1.000000000000000444, -1.511097518071223833 ) ) ;
#6127 = EDGE_LOOP ( 'NONE', ( #6306, #3533 ) ) ;
#6128 = DIRECTION ( 'NONE',  ( 0.000000000000000000, -1.000000000000000000, 0.000000000000000000 ) ) ;
#6129 = ADVANCED_FACE ( 'NONE', ( #5956 ), #6584, .T. ) ;
#6130 = CARTESIAN_POINT ( 'NONE',  ( -1.120066234397541827, 0.9800000000000002043, -1.772810115625022220 ) ) ;
#6131 = ORIENTED_EDGE ( 'NONE', *, *, #5744, .F. ) ;
#6132 = CARTESIAN_POINT ( 'NONE',  ( 1.169610441911409504, 1.000000000000000000, -1.634915726183040263 ) ) ;
#6133 = UNCERTAINTY_MEASURE_WITH_UNIT (LENGTH_MEASURE( 1.000000000000000082E-05 ), #5080, 'distance_accuracy_value', 'NONE');
#6134 =( GEOMETRIC_REPRESENTATION_CONTEXT ( 3 ) GLOBAL_UNCERTAINTY_ASSIGNED_CONTEXT ( ( #1091 ) ) GLOBAL_UNIT_ASSIGNED_CONTEXT ( ( #6304, #2397, #3045 ) ) REPRESENTATION_CONTEXT ( 'NONE', 'WORKASPACE' ) );
#6135 = CARTESIAN_POINT ( 'NONE',  ( 3.524278846153846345, 0.9799999999999999822, -2.730769230769230838 ) ) ;
#6136 = CARTESIAN_POINT ( 'NONE',  ( 1.819230769230768985, 0.9799999999999999822, -1.976923076923077005 ) ) ;
#6137 = CARTESIAN_POINT ( 'NONE',  ( 4.219999999999999751, 2.750000000000000000, -8.655624622074400421 ) ) ;
#6138 = ORIENTED_EDGE ( 'NONE', *, *, #6075, .F. ) ;
#6139 = LINE ( 'NONE', #5076, #1386 ) ;
#6140 = CARTESIAN_POINT ( 'NONE',  ( 1.083554840253742491, 1.000000000000000222, -2.296002271410442219 ) ) ;
#6141 = CARTESIAN_POINT ( 'NONE',  ( 0.8615040340551122222, 1.000000000000000000, -1.507182465705265706 ) ) ;
#6142 = CARTESIAN_POINT ( 'NONE',  ( -1.280414179567535005, 1.000000000000000222, -2.220088008521744705 ) ) ;
#6143 = EDGE_CURVE ( 'NONE', #695, #2924, #5832, .T. ) ;
#6144 = CARTESIAN_POINT ( 'NONE',  ( -0.4192307692307690736, 1.000000000000000000, -1.838461538461538813 ) ) ;
#6145 = B_SPLINE_CURVE_WITH_KNOTS ( 'NONE', 3,
 ( #784, #4110, #4150, #1319, #748, #6805, #6359, #2414, #1281, #1864, #5241 ),
 .UNSPECIFIED., .F., .F.,
 ( 4, 1, 1, 1, 1, 1, 1, 1, 4 ),
 ( 0.000000000000000000, 0.1117990193876811922, 0.2273961124226532848, 0.3456566425208966731, 0.4673998441801982540, 0.5942080136975990134, 0.7246775297613285982, 0.8596471198548477632, 1.000000000000000000 ),
 .UNSPECIFIED. ) ;
#6146 = SURFACE_STYLE_USAGE ( .BOTH. , #6746 ) ;
#6147 = LINE ( 'NONE', #1225, #1508 ) ;
#6148 = FILL_AREA_STYLE_COLOUR ( '', #700 ) ;
#6149 = CARTESIAN_POINT ( 'NONE',  ( 1.511538461538461275, 1.000000000000000000, -1.976923076923077005 ) ) ;
#6150 = ORIENTED_EDGE ( 'NONE', *, *, #4799, .T. ) ;
#6151 = FILL_AREA_STYLE_COLOUR ( '', #12 ) ;
#6152 = FILL_AREA_STYLE ('',( #3463 ) ) ;
#6153 = CARTESIAN_POINT ( 'NONE',  ( -1.311306861572836491, 0.9799999999999995381, -2.617905310651771789 ) ) ;
#6154 = ORIENTED_EDGE ( 'NONE', *, *, #1037, .T. ) ;
#6155 = CARTESIAN_POINT ( 'NONE',  ( 2.019230769230768718, 0.9799999999999999822, -2.176923076923077183 ) ) ;
#6156 = CARTESIAN_POINT ( 'NONE',  ( 3.489575181987176755, 1.000000000000000000, -1.685682855362241828 ) ) ;
#6157 = CARTESIAN_POINT ( 'NONE',  ( -1.437764124774167040, 0.9799999999999999822, -2.431345987542615994 ) ) ;
#6158 = CARTESIAN_POINT ( 'NONE',  ( -1.095029052076768705, 1.000000000000000444, -1.828541687717118780 ) ) ;
#6159 =( NAMED_UNIT ( * ) PLANE_ANGLE_UNIT ( ) SI_UNIT ( $, .RADIAN. ) );
#6160 = ADVANCED_FACE ( 'NONE', ( #2023 ), #20, .T. ) ;
#6161 = ORIENTED_EDGE ( 'NONE', *, *, #1109, .T. ) ;
#6162 = PRESENTATION_LAYER_ASSIGNMENT (  '', '', ( #5145 ) ) ;
#6163 = CARTESIAN_POINT ( 'NONE',  ( -1.074833416133305297, 0.9799999999999999822, -1.887998703050046911 ) ) ;
#6164 = ORIENTED_EDGE ( 'NONE', *, *, #3889, .F. ) ;
#6165 = CARTESIAN_POINT ( 'NONE',  ( 3.782792451937194489, 1.000000000000000000, -2.687644723142706304 ) ) ;
#6166 = CARTESIAN_POINT ( 'NONE',  ( 3.011643429381113624, 0.9800000000000002043, -1.710844610477147310 ) ) ;
#6167 = DIRECTION ( 'NONE',  ( -1.000000000000000000, 0.000000000000000000, 0.000000000000000000 ) ) ;
#6168 = ADVANCED_FACE ( 'NONE', ( #2869 ), #6259, .T. ) ;
#6169 = COLOUR_RGB ( '',1.000000000000000000, 1.000000000000000000, 1.000000000000000000 ) ;
#6170 = ORIENTED_EDGE ( 'NONE', *, *, #7006, .T. ) ;
#6171 = FACE_OUTER_BOUND ( 'NONE', #2975, .T. ) ;
#6172 =( NAMED_UNIT ( * ) PLANE_ANGLE_UNIT ( ) SI_UNIT ( $, .RADIAN. ) );
#6173 = CARTESIAN_POINT ( 'NONE',  ( 1.126076402041340518, 1.000000000000000000, -2.133394881843516444 ) ) ;
#6174 = CARTESIAN_POINT ( 'NONE',  ( 0.6038461538461535882, 0.9799999999999999822, -2.484615384615384670 ) ) ;
#6175 = CARTESIAN_POINT ( 'NONE',  ( 3.166939063269323729, 0.9799999999999995381, -1.871272808436583279 ) ) ;
#6176 = CARTESIAN_POINT ( 'NONE',  ( 2.019230769230768718, 1.000000000000000000, -2.176923076923077183 ) ) ;
#6177 = PRESENTATION_LAYER_ASSIGNMENT (  '', '', ( #3867 ) ) ;
#6178 = CARTESIAN_POINT ( 'NONE',  ( 3.096087054879838707, 0.9999999999999997780, -1.620870501929022378 ) ) ;
#6179 = ADVANCED_FACE ( 'NONE', ( #743 ), #6241, .F. ) ;
#6180 = ORIENTED_EDGE ( 'NONE', *, *, #7048, .T. ) ;
#6181 = STYLED_ITEM ( 'NONE', ( #607 ), #4363 ) ;
#6182 = CARTESIAN_POINT ( 'NONE',  ( 3.249999999999999556, 2.250000000000000444, 6.830000000000001847 ) ) ;
#6183 =( NAMED_UNIT ( * ) PLANE_ANGLE_UNIT ( ) SI_UNIT ( $, .RADIAN. ) );
#6184 = VECTOR ( 'NONE', #6827, 1000.000000000000000 ) ;
#6185 = PLANE ( 'NONE',  #4983 ) ;
#6186 = VECTOR ( 'NONE', #6443, 1000.000000000000000 ) ;
#6187 = ORIENTED_EDGE ( 'NONE', *, *, #6931, .F. ) ;
#6188 = CARTESIAN_POINT ( 'NONE',  ( 1.013701923076922862, 0.9800000000000002043, -2.388461538461538858 ) ) ;
#6189 = PLANE ( 'NONE',  #1472 ) ;
#6190 = ORIENTED_EDGE ( 'NONE', *, *, #3829, .F. ) ;
#6191 = CIRCLE ( 'NONE', #3040, 0.9699999999999999734 ) ;
#6192 = CARTESIAN_POINT ( 'NONE',  ( 3.138428184912579244, 0.9800000000000002043, -2.612883373277548049 ) ) ;
#6193 = COLOUR_RGB ( '',0.8980392156862745390, 0.8980392156862745390, 0.8980392156862745390 ) ;
#6194 = ADVANCED_FACE ( 'NONE', ( #2412 ), #4477, .T. ) ;
#6195 = CARTESIAN_POINT ( 'NONE',  ( 3.165745293092681489, 1.000000000000000222, -2.631812540834488345 ) ) ;
#6196 = B_SPLINE_SURFACE_WITH_KNOTS ( 'NONE', 3, 1, ( 
 ( #5604, #4680 ),
 ( #228, #876 ),
 ( #3530, #6375 ),
 ( #1364, #4829 ),
 ( #3683, #2962 ),
 ( #3112, #4128 ),
 ( #3037, #6886 ),
 ( #6339, #306 ),
 ( #1995, #6452 ),
 ( #4205, #1881 ),
 ( #2461, #762 ),
 ( #1330, #1397 ),
 ( #3075, #6919 ),
 ( #1960, #5290 ),
 ( #7033, #5787 ),
 ( #3564, #2995 ),
 ( #4722, #5356 ),
 ( #5253, #3605 ),
 ( #2500, #1920 ),
 ( #332, #4165 ),
 ( #4760, #6961 ),
 ( #5857, #836 ),
 ( #2534, #4796 ),
 ( #4246, #4342 ),
 ( #2129, #6000 ),
 ( #945, #4418 ),
 ( #5387, #4381 ) ),
 .UNSPECIFIED., .F., .F., .F.,
 ( 4, 1, 1, 1, 1, 1, 1, 1, 1, 1, 1, 1, 1, 1, 1, 1, 1, 1, 1, 1, 1, 1, 1, 1, 4 ),
 ( 2, 2 ),
 ( 0.000000000000000000, 0.06014816166126854546, 0.1162670765768876596, 0.1686539552437568146, 0.2173989688871081627, 0.2624335227296115125, 0.3039327010691181274, 0.3422599668369525339, 0.3774413393780561288, 0.4114060993619980122, 0.4453983512867531469, 0.4797663873881683472, 0.5145844824148773089, 0.5502136512238752220, 0.5870009077288665944, 0.6246629869919994027, 0.6636154560171262373, 0.7034564283616511204, 0.7434501619923126192, 0.7840133859909412806, 0.8251325358492278550, 0.8672646628279302439, 0.9103064731819361377, 0.9544242045465899382, 1.000000000000000000 ),
 ( 0.000000000000000000, 1.000000000000000000 ),
 .UNSPECIFIED. ) ;
#6197 = SURFACE_SIDE_STYLE ('',( #593 ) ) ;
#6198 = EDGE_LOOP ( 'NONE', ( #5947, #2795 ) ) ;
#6199 =( GEOMETRIC_REPRESENTATION_CONTEXT ( 3 ) GLOBAL_UNCERTAINTY_ASSIGNED_CONTEXT ( ( #6487 ) ) GLOBAL_UNIT_ASSIGNED_CONTEXT ( ( #947, #334, #2032 ) ) REPRESENTATION_CONTEXT ( 'NONE', 'WORKASPACE' ) );
#6200 = CARTESIAN_POINT ( 'NONE',  ( 0.7926476023509049229, 0.9799999999999999822, -1.717703355273921817 ) ) ;
#6201 = EDGE_CURVE ( 'NONE', #5487, #429, #6436, .T. ) ;
#6202 = CARTESIAN_POINT ( 'NONE',  ( -1.636830469972448965, 0.9999999999999993339, -1.715456319706018418 ) ) ;
#6203 = ORIENTED_EDGE ( 'NONE', *, *, #2051, .F. ) ;
#6204 = CARTESIAN_POINT ( 'NONE',  ( 0.9004159324057168234, 1.000000000000000222, -1.511097518071224277 ) ) ;
#6205 = CARTESIAN_POINT ( 'NONE',  ( 3.537184191224410856, 0.9799999999999999822, -2.730570208150604028 ) ) ;
#6206 = CARTESIAN_POINT ( 'NONE',  ( 3.439740390846067530, 0.9799999999999999822, -1.473789602823553535 ) ) ;
#6207 = SURFACE_STYLE_FILL_AREA ( #6282 ) ;
#6208 = PRESENTATION_LAYER_ASSIGNMENT (  '', '', ( #2481 ) ) ;
#6209 = ORIENTED_EDGE ( 'NONE', *, *, #121, .F. ) ;
#6210 = ORIENTED_EDGE ( 'NONE', *, *, #4142, .T. ) ;
#6211 = CARTESIAN_POINT ( 'NONE',  ( -3.249999999999999556, 2.750000000000000000, 7.530000000000002025 ) ) ;
#6212 = DIRECTION ( 'NONE',  ( 0.000000000000000000, 0.000000000000000000, -1.000000000000000000 ) ) ;
#6213 = DIRECTION ( 'NONE',  ( -0.000000000000000000, 1.000000000000000000, -0.000000000000000000 ) ) ;
#6214 = CARTESIAN_POINT ( 'NONE',  ( -1.225874765554582968, 1.000000000000000000, -2.550161286182537346 ) ) ;
#6215 = CARTESIAN_POINT ( 'NONE',  ( -1.352083426888615492, 0.9799999999999999822, -1.816999407971625180 ) ) ;
#6216 = CARTESIAN_POINT ( 'NONE',  ( -1.308752852053950422, 1.000000000000000222, -2.296002271410442219 ) ) ;
#6217 = SURFACE_SIDE_STYLE ('',( #5081 ) ) ;
#6218 = VERTEX_POINT ( 'NONE', #1422 ) ;
#6219 = CARTESIAN_POINT ( 'NONE',  ( 3.871394230769231282, 1.000000000000000000, -1.900000000000000133 ) ) ;
#6220 = EDGE_CURVE ( 'NONE', #1925, #4145, #3665, .T. ) ;
#6221 = FACE_BOUND ( 'NONE', #4161, .T. ) ;
#6222 = ORIENTED_EDGE ( 'NONE', *, *, #6561, .T. ) ;
#6223 =( NAMED_UNIT ( * ) PLANE_ANGLE_UNIT ( ) SI_UNIT ( $, .RADIAN. ) );
#6224 = AXIS2_PLACEMENT_3D ( 'NONE', #7136, #1442, #1544 ) ;
#6225 = CARTESIAN_POINT ( 'NONE',  ( -3.750000000000000000, 0.02000000000000000042, -5.229999999999997762 ) ) ;
#6226 = ORIENTED_EDGE ( 'NONE', *, *, #3159, .T. ) ;
#6227 = CARTESIAN_POINT ( 'NONE',  ( 3.038221153846154543, 1.000000000000000000, -2.520913461538461409 ) ) ;
#6228 = CARTESIAN_POINT ( 'NONE',  ( 4.500000000000000000, 1.000000000000000444, 0.1300000000000016420 ) ) ;
#6229 = COLOUR_RGB ( '',1.000000000000000000, 1.000000000000000000, 1.000000000000000000 ) ;
#6230 = SURFACE_STYLE_FILL_AREA ( #3584 ) ;
#6231 = CARTESIAN_POINT ( 'NONE',  ( 3.534615384615384936, 0.9799999999999999822, -1.684615384615384848 ) ) ;
#6232 =( GEOMETRIC_REPRESENTATION_CONTEXT ( 3 ) GLOBAL_UNCERTAINTY_ASSIGNED_CONTEXT ( ( #640 ) ) GLOBAL_UNIT_ASSIGNED_CONTEXT ( ( #1659, #52, #3863 ) ) REPRESENTATION_CONTEXT ( 'NONE', 'WORKASPACE' ) );
#6233 = EDGE_CURVE ( 'NONE', #1229, #6028, #857, .T. ) ;
#6234 = VERTEX_POINT ( 'NONE', #928 ) ;
#6235 =( GEOMETRIC_REPRESENTATION_CONTEXT ( 3 ) GLOBAL_UNCERTAINTY_ASSIGNED_CONTEXT ( ( #4311 ) ) GLOBAL_UNIT_ASSIGNED_CONTEXT ( ( #5337, #5937, #813 ) ) REPRESENTATION_CONTEXT ( 'NONE', 'WORKASPACE' ) );
#6236 = VECTOR ( 'NONE', #3946, 1000.000000000000000 ) ;
#6237 =( LENGTH_UNIT ( ) NAMED_UNIT ( * ) SI_UNIT ( .MILLI., .METRE. ) );
#6238 = B_SPLINE_CURVE_WITH_KNOTS ( 'NONE', 3,
 ( #6627, #4489, #4413, #1609, #3293, #1092, #4336, #3326, #6547, #3781, #2725 ),
 .UNSPECIFIED., .F., .F.,
 ( 4, 1, 1, 1, 1, 1, 1, 1, 4 ),
 ( 0.000000000000000000, 0.1282260268668413694, 0.2505306575576872752, 0.3726387697203865090, 0.4998332120264979417, 0.6271786142189264002, 0.7498417788579285759, 0.8729404948669966524, 1.000000000000000000 ),
 .UNSPECIFIED. ) ;
#6239 = CARTESIAN_POINT ( 'NONE',  ( -1.565286913297200933, 0.9999999999999993339, -1.719958759348470645 ) ) ;
#6240 = EDGE_LOOP ( 'NONE', ( #3746, #203, #3395, #1032 ) ) ;
#6241 = PLANE ( 'NONE',  #6445 ) ;
#6242 = CARTESIAN_POINT ( 'NONE',  ( -1.249999999999999778, 0.02000000000000000042, -4.529999999999998472 ) ) ;
#6243 = CARTESIAN_POINT ( 'NONE',  ( 3.712035363191839910, 0.9800000000000004263, -2.709046762665793029 ) ) ;
#6244 = MECHANICAL_DESIGN_GEOMETRIC_PRESENTATION_REPRESENTATION (  '', ( #4875 ), #740 ) ;
#6245 = CARTESIAN_POINT ( 'NONE',  ( -1.249999999999999778, 0.9799999999999999822, -4.529999999999998472 ) ) ;
#6246 = PRESENTATION_LAYER_ASSIGNMENT (  '', '', ( #4774 ) ) ;
#6247 = CARTESIAN_POINT ( 'NONE',  ( -1.788461538461538769, 0.9799999999999999822, -1.715384615384615508 ) ) ;
#6248 = EDGE_LOOP ( 'NONE', ( #3785, #2979, #1537, #5987 ) ) ;
#6249 = FACE_OUTER_BOUND ( 'NONE', #2564, .T. ) ;
#6250 = CARTESIAN_POINT ( 'NONE',  ( 1.169610441911409504, 0.9799999999999999822, -1.634915726183040263 ) ) ;
#6251 = VECTOR ( 'NONE', #2322, 1000.000000000000000 ) ;
#6252 =( LENGTH_UNIT ( ) NAMED_UNIT ( * ) SI_UNIT ( .MILLI., .METRE. ) );
#6253 = CARTESIAN_POINT ( 'NONE',  ( 3.192768251420512460, 0.9800000000000002043, -1.837942746894883683 ) ) ;
#6254 = CARTESIAN_POINT ( 'NONE',  ( -1.599660089956787656, 0.9799999999999999822, -1.717703355273922261 ) ) ;
#6255 = PRESENTATION_STYLE_ASSIGNMENT (( #261 ) ) ;
#6256 = CARTESIAN_POINT ( 'NONE',  ( 3.665888127731289359, 0.9799999999999999822, -2.493394811263750732 ) ) ;
#6257 = ORIENTED_EDGE ( 'NONE', *, *, #3666, .F. ) ;
#6258 = AXIS2_PLACEMENT_3D ( 'NONE', #311, #2134, #6458 ) ;
#6259 = B_SPLINE_SURFACE_WITH_KNOTS ( 'NONE', 3, 1, ( 
 ( #3851, #4703 ),
 ( #5273, #3625 ),
 ( #2485, #5134 ),
 ( #781, #2980 ),
 ( #6866, #6906 ),
 ( #4742, #1944 ),
 ( #4666, #6320 ),
 ( #5765, #6942 ),
 ( #820, #1903 ),
 ( #1861, #4190 ),
 ( #6397, #108 ),
 ( #4106, #1316 ),
 ( #2336, #3476 ),
 ( #4593, #6802 ),
 ( #3590, #6840 ),
 ( #4146, #5730 ),
 ( #1789, #1351 ),
 ( #4069, #1248 ),
 ( #4037, #6278 ) ),
 .UNSPECIFIED., .F., .F., .F.,
 ( 4, 1, 1, 1, 1, 1, 1, 1, 1, 1, 1, 1, 1, 1, 1, 1, 4 ),
 ( 2, 2 ),
 ( 0.000000000000000000, 0.06934871325595018399, 0.1361469546042718137, 0.2005553513704651236, 0.2627938981591092515, 0.3234215623312627907, 0.3824643489379604411, 0.4409638725178809948, 0.4982922175092573402, 0.5558279989942981336, 0.6142840608122167589, 0.6736809141865972572, 0.7347653641184294093, 0.7975553011576232976, 0.8622761528751511362, 0.9296709880359621536, 0.9999999999999998890 ),
 ( 0.000000000000000000, 1.000000000000000000 ),
 .UNSPECIFIED. ) ;
#6260 = UNCERTAINTY_MEASURE_WITH_UNIT (LENGTH_MEASURE( 1.000000000000000082E-05 ), #1080, 'distance_accuracy_value', 'NONE');
#6261 = CARTESIAN_POINT ( 'NONE',  ( 3.011643429381113624, 0.9800000000000002043, -1.710844610477147310 ) ) ;
#6262 =( NAMED_UNIT ( * ) SI_UNIT ( $, .STERADIAN. ) SOLID_ANGLE_UNIT ( ) );
#6263 = SURFACE_STYLE_FILL_AREA ( #2777 ) ;
#6264 = FACE_BOUND ( 'NONE', #5818, .T. ) ;
#6265 = ORIENTED_EDGE ( 'NONE', *, *, #2183, .T. ) ;
#6266 = DIRECTION ( 'NONE',  ( 1.000000000000000000, 2.065146995210484695E-16, 0.000000000000000000 ) ) ;
#6267 = FACE_OUTER_BOUND ( 'NONE', #385, .T. ) ;
#6268 = ADVANCED_FACE ( 'NONE', ( #3773 ), #7188, .T. ) ;
#6269 = PRODUCT_DEFINITION_CONTEXT ( 'detailed design', #6833, 'design' ) ;
#6270 = CARTESIAN_POINT ( 'NONE',  ( 3.253016005188609672, 0.9799999999999995381, -2.678616939764981275 ) ) ;
#6271 = CARTESIAN_POINT ( 'NONE',  ( -4.500000000000000000, 2.749999999999999556, 7.530000000000002025 ) ) ;
#6272 = LINE ( 'NONE', #2437, #934 ) ;
#6273 = DIRECTION ( 'NONE',  ( 1.000000000000000000, 0.000000000000000000, 0.000000000000000000 ) ) ;
#6274 = ORIENTED_EDGE ( 'NONE', *, *, #6233, .F. ) ;
#6275 = CARTESIAN_POINT ( 'NONE',  ( 1.120410734458586521, 0.9799999999999997602, -1.998379573614586624 ) ) ;
#6276 = CARTESIAN_POINT ( 'NONE',  ( 2.326923076923076650, 1.000000000000000000, -1.976923076923077005 ) ) ;
#6277 = ORIENTED_EDGE ( 'NONE', *, *, #2098, .F. ) ;
#6278 = CARTESIAN_POINT ( 'NONE',  ( 3.871394230769231282, 1.000000000000000000, -1.900000000000000133 ) ) ;
#6279 = EDGE_CURVE ( 'NONE', #4911, #2956, #6093, .T. ) ;
#6280 = CARTESIAN_POINT ( 'NONE',  ( 3.526923076923077272, 0.9799999999999999822, -2.115384615384615419 ) ) ;
#6281 = CARTESIAN_POINT ( 'NONE',  ( 3.638685180307983380, 1.000000000000000000, -2.723207213417450312 ) ) ;
#6282 = FILL_AREA_STYLE ('',( #3592 ) ) ;
#6283 = MECHANICAL_DESIGN_GEOMETRIC_PRESENTATION_REPRESENTATION (  '', ( #1270 ), #4231 ) ;
#6284 =( NAMED_UNIT ( * ) PLANE_ANGLE_UNIT ( ) SI_UNIT ( $, .RADIAN. ) );
#6285 =( LENGTH_UNIT ( ) NAMED_UNIT ( * ) SI_UNIT ( .MILLI., .METRE. ) );
#6286 = DIRECTION ( 'NONE',  ( -1.000000000000000000, 0.000000000000000000, 0.000000000000000000 ) ) ;
#6287 =( LENGTH_UNIT ( ) NAMED_UNIT ( * ) SI_UNIT ( .MILLI., .METRE. ) );
#6288 = DIRECTION ( 'NONE',  ( -1.000000000000000000, -2.065146995210484695E-16, 0.000000000000000000 ) ) ;
#6289 = EDGE_CURVE ( 'NONE', #4449, #2854, #523, .T. ) ;
#6290 = CARTESIAN_POINT ( 'NONE',  ( 3.222230413182562536, 1.000000000000000000, -1.806733771644927877 ) ) ;
#6291 = VECTOR ( 'NONE', #1683, 1000.000000000000000 ) ;
#6292 = CARTESIAN_POINT ( 'NONE',  ( -1.291710051538542903, 0.9799999999999999822, -1.920409797398147989 ) ) ;
#6293 =( NAMED_UNIT ( * ) PLANE_ANGLE_UNIT ( ) SI_UNIT ( $, .RADIAN. ) );
#6294 = ORIENTED_EDGE ( 'NONE', *, *, #3011, .F. ) ;
#6295 = ORIENTED_EDGE ( 'NONE', *, *, #1563, .T. ) ;
#6296 = PRESENTATION_LAYER_ASSIGNMENT (  '', '', ( #3979 ) ) ;
#6297 = CARTESIAN_POINT ( 'NONE',  ( 4.126706863486744759, 1.000000000000000000, -2.051032739323002563 ) ) ;
#6298 = LINE ( 'NONE', #5571, #2605 ) ;
#6299 = VECTOR ( 'NONE', #5083, 1000.000000000000000 ) ;
#6300 = SURFACE_SIDE_STYLE ('',( #2426 ) ) ;
#6301 = STYLED_ITEM ( 'NONE', ( #1469 ), #1195 ) ;
#6302 = EDGE_CURVE ( 'NONE', #2821, #6119, #3914, .T. ) ;
#6303 = VERTEX_POINT ( 'NONE', #3355 ) ;
#6304 =( LENGTH_UNIT ( ) NAMED_UNIT ( * ) SI_UNIT ( .MILLI., .METRE. ) );
#6305 = VECTOR ( 'NONE', #3228, 1000.000000000000114 ) ;
#6306 = ORIENTED_EDGE ( 'NONE', *, *, #5855, .T. ) ;
#6307 = PRESENTATION_LAYER_ASSIGNMENT (  '', '', ( #3509 ) ) ;
#6308 = DIRECTION ( 'NONE',  ( -1.000000000000000000, 0.000000000000000000, 0.000000000000000000 ) ) ;
#6309 = CARTESIAN_POINT ( 'NONE',  ( 3.451454856899485613, 0.9799999999999997602, -2.727616496600647089 ) ) ;
#6310 = AXIS2_PLACEMENT_3D ( 'NONE', #4217, #4178, #5362 ) ;
#6311 = DIRECTION ( 'NONE',  ( 0.000000000000000000, 0.000000000000000000, 1.000000000000000000 ) ) ;
#6312 = PRESENTATION_STYLE_ASSIGNMENT (( #1199 ) ) ;
#6313 = CARTESIAN_POINT ( 'NONE',  ( 0.7163461538461535216, 0.9799999999999999822, -1.715384615384615508 ) ) ;
#6314 = MECHANICAL_DESIGN_GEOMETRIC_PRESENTATION_REPRESENTATION (  '', ( #5492 ), #5955 ) ;
#6315 = CARTESIAN_POINT ( 'NONE',  ( 0.3884615384615382472, 0.9799999999999999822, -1.500000000000000222 ) ) ;
#6316 = ORIENTED_EDGE ( 'NONE', *, *, #3847, .F. ) ;
#6317 = CARTESIAN_POINT ( 'NONE',  ( 1.025275518432263278, 0.9799999999999999822, -1.800847901605126866 ) ) ;
#6318 = PRESENTATION_STYLE_ASSIGNMENT (( #1859 ) ) ;
#6319 = VERTEX_POINT ( 'NONE', #2261 ) ;
#6320 = CARTESIAN_POINT ( 'NONE',  ( 3.670304388675465823, 1.000000000000000000, -1.704733178952082762 ) ) ;
#6321 = ADVANCED_FACE ( 'NONE', ( #1707 ), #4028, .T. ) ;
#6322 = MECHANICAL_DESIGN_GEOMETRIC_PRESENTATION_REPRESENTATION (  '', ( #3532 ), #7030 ) ;
#6323 = VECTOR ( 'NONE', #3168, 1000.000000000000000 ) ;
#6324 = DIRECTION ( 'NONE',  ( 0.000000000000000000, 0.000000000000000000, 1.000000000000000000 ) ) ;
#6325 = B_SPLINE_CURVE_WITH_KNOTS ( 'NONE', 3,
 ( #6950, #1911, #5177, #190, #1356, #1387, #2417, #5849, #4197, #6250, #684, #4153, #2986, #4671, #828, #3065, #6365, #1836, #1321, #1868, #3483, #5317, #4641 ),
 .UNSPECIFIED., .F., .F.,
 ( 4, 1, 1, 1, 1, 1, 1, 1, 1, 1, 1, 1, 1, 1, 1, 1, 1, 1, 1, 1, 4 ),
 ( 0.000000000000000000, 0.06577294654616611114, 0.1294778953864831605, 0.1914300882723854180, 0.2524456684589037603, 0.3117869583861930805, 0.3688175499237479338, 0.4240915179529632928, 0.4784921057091159891, 0.5313937439562549381, 0.5820039702205108689, 0.6312012707438624526, 0.6795030077413394265, 0.7055613742938304789, 0.7352217229481217142, 0.7691324857524239889, 0.8068583199113333881, 0.8489297713697361303, 0.8951166613253597193, 0.9454698037689633905, 1.000000000000000000 ),
 .UNSPECIFIED. ) ;
#6326 = DIRECTION ( 'NONE',  ( 1.734723475976806897E-15, -1.000000000000000000, 0.000000000000000000 ) ) ;
#6327 = FILL_AREA_STYLE_COLOUR ( '', #440 ) ;
#6328 = CARTESIAN_POINT ( 'NONE',  ( 1.126923076923076694, 0.9800000000000002043, -2.087019230769231459 ) ) ;
#6329 = DIRECTION ( 'NONE',  ( -0.000000000000000000, 0.000000000000000000, -1.000000000000000000 ) ) ;
#6330 = CARTESIAN_POINT ( 'NONE',  ( 4.556432752012588239, 0.9999999999999995559, -1.589899587244813839 ) ) ;
#6331 = CARTESIAN_POINT ( 'NONE',  ( 3.127322768662878616, 0.9999999999999997780, -1.943087819884633305 ) ) ;
#6332 = PRESENTATION_LAYER_ASSIGNMENT (  '', '', ( #2020 ) ) ;
#6333 = CARTESIAN_POINT ( 'NONE',  ( 1.819230769230768985, 0.9799999999999999822, -2.469230769230769784 ) ) ;
#6334 = CARTESIAN_POINT ( 'NONE',  ( -1.271628519673966284, 1.000000000000000222, -2.178044090144684031 ) ) ;
#6335 = VERTEX_POINT ( 'NONE', #1818 ) ;
#6336 = ORIENTED_EDGE ( 'NONE', *, *, #5333, .T. ) ;
#6337 = EDGE_CURVE ( 'NONE', #6750, #4060, #1895, .T. ) ;
#6338 = DIRECTION ( 'NONE',  ( 0.000000000000000000, 0.000000000000000000, 1.000000000000000000 ) ) ;
#6339 = CARTESIAN_POINT ( 'NONE',  ( 0.9764732564916853708, 0.9799999999999999822, -2.664243873743647573 ) ) ;
#6340 = B_SPLINE_CURVE_WITH_KNOTS ( 'NONE', 3,
 ( #6870, #3548, #6910, #2379, #1210, #154, #2443, #1908, #5734, #2983, #5770 ),
 .UNSPECIFIED., .F., .F.,
 ( 4, 1, 1, 1, 1, 1, 1, 1, 4 ),
 ( 0.000000000000000000, 0.1344469729957879223, 0.2638071572604060444, 0.3892412375756165721, 0.5114964050416204167, 0.6324272219006807916, 0.7534387150183178283, 0.8752597545988098915, 1.000000000000000000 ),
 .UNSPECIFIED. ) ;
#6341 = FACE_OUTER_BOUND ( 'NONE', #1801, .T. ) ;
#6342 = ORIENTED_EDGE ( 'NONE', *, *, #2478, .T. ) ;
#6343 = PLANE ( 'NONE',  #3022 ) ;
#6344 = SURFACE_STYLE_USAGE ( .BOTH. , #1403 ) ;
#6345 = FILL_AREA_STYLE_COLOUR ( '', #1227 ) ;
#6346 = ORIENTED_EDGE ( 'NONE', *, *, #5633, .T. ) ;
#6347 = CARTESIAN_POINT ( 'NONE',  ( 3.665888127731289359, 1.000000000000000000, -2.493394811263750732 ) ) ;
#6348 = SURFACE_STYLE_USAGE ( .BOTH. , #4287 ) ;
#6349 = CARTESIAN_POINT ( 'NONE',  ( 3.381911856733625488, 1.000000000000000000, -2.717801050505029181 ) ) ;
#6350 = SURFACE_STYLE_FILL_AREA ( #3502 ) ;
#6351 = CARTESIAN_POINT ( 'NONE',  ( -1.378605769230769829, 1.000000000000000222, -2.388461538461538858 ) ) ;
#6352 = ORIENTED_EDGE ( 'NONE', *, *, #1690, .F. ) ;
#6353 = PRESENTATION_LAYER_ASSIGNMENT (  '', '', ( #389 ) ) ;
#6354 = CARTESIAN_POINT ( 'NONE',  ( 1.342307692307692202, 0.9799999999999999822, -2.083173076923077183 ) ) ;
#6355 = ORIENTED_EDGE ( 'NONE', *, *, #1309, .T. ) ;
#6356 = SURFACE_STYLE_FILL_AREA ( #2981 ) ;
#6357 = VECTOR ( 'NONE', #2908, 1000.000000000000000 ) ;
#6358 = CARTESIAN_POINT ( 'NONE',  ( 3.524278846153846345, 0.9799999999999999822, -2.730769230769230838 ) ) ;
#6359 = CARTESIAN_POINT ( 'NONE',  ( 3.959318142543168051, 0.9799999999999999822, -2.586995512513970308 ) ) ;
#6360 = STYLED_ITEM ( 'NONE', ( #4874 ), #6496 ) ;
#6361 = EDGE_LOOP ( 'NONE', ( #3063, #3798, #6060, #6514 ) ) ;
#6362 = VECTOR ( 'NONE', #1430, 1000.000000000000000 ) ;
#6363 = ADVANCED_FACE ( 'NONE', ( #5163 ), #2973, .T. ) ;
#6364 = ORIENTED_EDGE ( 'NONE', *, *, #6825, .F. ) ;
#6365 = CARTESIAN_POINT ( 'NONE',  ( 0.9004159324057168234, 0.9800000000000002043, -1.511097518071224277 ) ) ;
#6366 = PRESENTATION_STYLE_ASSIGNMENT (( #4116 ) ) ;
#6367 = PRESENTATION_STYLE_ASSIGNMENT (( #1952 ) ) ;
#6368 = PRESENTATION_LAYER_ASSIGNMENT (  '', '', ( #2849 ) ) ;
#6369 = FACE_OUTER_BOUND ( 'NONE', #819, .T. ) ;
#6370 = CARTESIAN_POINT ( 'NONE',  ( 1.310633268986746591, 1.000000000000000222, -2.307893310465048309 ) ) ;
#6371 = FILL_AREA_STYLE ('',( #2456 ) ) ;
#6372 = ORIENTED_EDGE ( 'NONE', *, *, #1884, .F. ) ;
#6373 = PRESENTATION_LAYER_ASSIGNMENT (  '', '', ( #5439 ) ) ;
#6374 = CARTESIAN_POINT ( 'NONE',  ( 2.880769230769231193, 1.000000000000000222, -2.106009615384615508 ) ) ;
#6375 = CARTESIAN_POINT ( 'NONE',  ( 0.7219133078513984003, 0.9999999999999997780, -2.699566196571411503 ) ) ;
#6376 = PLANE ( 'NONE',  #931 ) ;
#6377 = CARTESIAN_POINT ( 'NONE',  ( -1.706250000000000266, 1.000000000000000222, -2.484615384615384670 ) ) ;
#6378 = DIRECTION ( 'NONE',  ( 0.000000000000000000, -0.000000000000000000, 1.000000000000000000 ) ) ;
#6379 = EDGE_CURVE ( 'NONE', #1570, #6725, #2330, .T. ) ;
#6380 = VERTEX_POINT ( 'NONE', #1782 ) ;
#6381 = FILL_AREA_STYLE ('',( #3648 ) ) ;
#6382 = LINE ( 'NONE', #4729, #347 ) ;
#6383 = VECTOR ( 'NONE', #4089, 1000.000000000000000 ) ;
#6384 = CARTESIAN_POINT ( 'NONE',  ( 3.874618011762642755, 0.9999999999999997780, -2.645752928310922680 ) ) ;
#6385 = PLANE ( 'NONE',  #1346 ) ;
#6386 = ORIENTED_EDGE ( 'NONE', *, *, #3873, .F. ) ;
#6387 = CARTESIAN_POINT ( 'NONE',  ( 3.518269230769230926, 1.000000000000000000, -2.515384615384615330 ) ) ;
#6388 = CARTESIAN_POINT ( 'NONE',  ( -1.512367334036130773, 0.9799999999999997602, -2.461461006307791521 ) ) ;
#6389 = CIRCLE ( 'NONE', #1959, 0.5000000000000004441 ) ;
#6390 = CARTESIAN_POINT ( 'NONE',  ( 3.138428184912579244, 1.000000000000000222, -2.612883373277548049 ) ) ;
#6391 = CARTESIAN_POINT ( 'NONE',  ( 3.750000000000000000, 0.9799999999999999822, -3.829999999999998739 ) ) ;
#6392 = CARTESIAN_POINT ( 'NONE',  ( 0.8873207699266084658, 0.9799999999999997602, -1.729008137715551063 ) ) ;
#6393 = FILL_AREA_STYLE_COLOUR ( '', #2776 ) ;
#6394 = EDGE_LOOP ( 'NONE', ( #1162, #6510, #3444, #5912 ) ) ;
#6395 = SURFACE_STYLE_FILL_AREA ( #7014 ) ;
#6396 = ORIENTED_EDGE ( 'NONE', *, *, #244, .T. ) ;
#6397 = CARTESIAN_POINT ( 'NONE',  ( 3.758267378717827345, 0.9800000000000002043, -1.750494955012064757 ) ) ;
#6398 = EDGE_CURVE ( 'NONE', #5487, #3350, #4063, .T. ) ;
#6399 = DIRECTION ( 'NONE',  ( 0.000000000000000000, 0.000000000000000000, -1.000000000000000000 ) ) ;
#6400 = FILL_AREA_STYLE_COLOUR ( '', #4633 ) ;
#6401 = VERTEX_POINT ( 'NONE', #4096 ) ;
#6402 = ORIENTED_EDGE ( 'NONE', *, *, #5215, .F. ) ;
#6403 = FACE_OUTER_BOUND ( 'NONE', #1184, .T. ) ;
#6404 = LINE ( 'NONE', #5811, #1056 ) ;
#6405 =( NAMED_UNIT ( * ) SI_UNIT ( $, .STERADIAN. ) SOLID_ANGLE_UNIT ( ) );
#6406 = DIRECTION ( 'NONE',  ( 0.000000000000000000, 1.000000000000000000, 0.000000000000000000 ) ) ;
#6407 = EDGE_CURVE ( 'NONE', #6319, #3924, #6272, .T. ) ;
#6408 =( LENGTH_UNIT ( ) NAMED_UNIT ( * ) SI_UNIT ( .MILLI., .METRE. ) );
#6409 = SURFACE_STYLE_FILL_AREA ( #871 ) ;
#6410 = VERTEX_POINT ( 'NONE', #1269 ) ;
#6411 = UNCERTAINTY_MEASURE_WITH_UNIT (LENGTH_MEASURE( 1.000000000000000082E-05 ), #6237, 'distance_accuracy_value', 'NONE');
#6412 = CARTESIAN_POINT ( 'NONE',  ( 2.892320084964774995, 1.000000000000000444, -1.979060479849231946 ) ) ;
#6413 = SURFACE_SIDE_STYLE ('',( #3644 ) ) ;
#6414 = DIRECTION ( 'NONE',  ( 0.000000000000000000, 0.000000000000000000, 1.000000000000000000 ) ) ;
#6415 = CARTESIAN_POINT ( 'NONE',  ( 3.487532181476933779, 1.000000000000000222, -2.730503372391977379 ) ) ;
#6416 = VECTOR ( 'NONE', #1950, 1000.000000000000000 ) ;
#6417 =( NAMED_UNIT ( * ) SI_UNIT ( $, .STERADIAN. ) SOLID_ANGLE_UNIT ( ) );
#6418 = EDGE_CURVE ( 'NONE', #5854, #2584, #6861, .T. ) ;
#6419 = CARTESIAN_POINT ( 'NONE',  ( 3.638685180307983380, 1.000000000000000000, -2.723207213417450312 ) ) ;
#6420 = FILL_AREA_STYLE ('',( #4132 ) ) ;
#6421 = CARTESIAN_POINT ( 'NONE',  ( -1.060993205252793059, 0.9799999999999999822, -2.222366563496354086 ) ) ;
#6422 = ORIENTED_EDGE ( 'NONE', *, *, #1862, .T. ) ;
#6423 = AXIS2_PLACEMENT_3D ( 'NONE', #5773, #33, #3911 ) ;
#6424 = LINE ( 'NONE', #3117, #2242 ) ;
#6425 = CARTESIAN_POINT ( 'NONE',  ( -1.378605769230769829, 0.9800000000000002043, -2.388461538461538858 ) ) ;
#6426 = CARTESIAN_POINT ( 'NONE',  ( 3.524278846153846345, 1.000000000000000000, -2.730769230769230838 ) ) ;
#6427 = DIRECTION ( 'NONE',  ( 1.334441259326694651E-14, 1.000000000000000000, -4.428871259530664556E-13 ) ) ;
#6428 = CARTESIAN_POINT ( 'NONE',  ( 5.999999999999998224, 0.000000000000000000, 6.830000000000001847 ) ) ;
#6429 =( GEOMETRIC_REPRESENTATION_CONTEXT ( 3 ) GLOBAL_UNCERTAINTY_ASSIGNED_CONTEXT ( ( #1466 ) ) GLOBAL_UNIT_ASSIGNED_CONTEXT ( ( #3474, #210, #72 ) ) REPRESENTATION_CONTEXT ( 'NONE', 'WORKASPACE' ) );
#6430 = VERTEX_POINT ( 'NONE', #5869 ) ;
#6431 = EDGE_CURVE ( 'NONE', #2896, #6014, #5978, .T. ) ;
#6432 = DIRECTION ( 'NONE',  ( -1.000000000000000000, -2.065146995210484695E-16, 0.000000000000000000 ) ) ;
#6433 =( GEOMETRIC_REPRESENTATION_CONTEXT ( 3 ) GLOBAL_UNCERTAINTY_ASSIGNED_CONTEXT ( ( #7026 ) ) GLOBAL_UNIT_ASSIGNED_CONTEXT ( ( #5655, #1817, #5195 ) ) REPRESENTATION_CONTEXT ( 'NONE', 'WORKASPACE' ) );
#6434 = FACE_OUTER_BOUND ( 'NONE', #4375, .T. ) ;
#6435 = ORIENTED_EDGE ( 'NONE', *, *, #4515, .F. ) ;
#6436 = LINE ( 'NONE', #3809, #247 ) ;
#6437 =( LENGTH_UNIT ( ) NAMED_UNIT ( * ) SI_UNIT ( .MILLI., .METRE. ) );
#6438 = SURFACE_STYLE_USAGE ( .BOTH. , #3667 ) ;
#6439 = AXIS2_PLACEMENT_3D ( 'NONE', #2022, #3909, #3312 ) ;
#6440 = VERTEX_POINT ( 'NONE', #3695 ) ;
#6441 = EDGE_LOOP ( 'NONE', ( #1699, #1916, #4852, #652 ) ) ;
#6442 = VERTEX_POINT ( 'NONE', #1448 ) ;
#6443 = DIRECTION ( 'NONE',  ( -0.000000000000000000, 1.000000000000000000, -0.000000000000000000 ) ) ;
#6444 = CARTESIAN_POINT ( 'NONE',  ( 4.426923076923076295, 0.9799999999999999822, -1.746153846153846390 ) ) ;
#6445 = AXIS2_PLACEMENT_3D ( 'NONE', #2943, #186, #212 ) ;
#6446 = CARTESIAN_POINT ( 'NONE',  ( 0.9865476363181331365, 1.000000000000000000, -2.412228111417435095 ) ) ;
#6447 = CARTESIAN_POINT ( 'NONE',  ( 4.452736500423738697, 0.9999999999999997780, -1.744738558145270346 ) ) ;
#6448 = SURFACE_STYLE_USAGE ( .BOTH. , #4239 ) ;
#6449 = AXIS2_PLACEMENT_3D ( 'NONE', #1970, #4216, #2541 ) ;
#6450 = VERTEX_POINT ( 'NONE', #6391 ) ;
#6451 = CARTESIAN_POINT ( 'NONE',  ( 2.913453638848031879, 0.9800000000000002043, -1.897837002926723526 ) ) ;
#6452 = CARTESIAN_POINT ( 'NONE',  ( 1.014801726623556055, 0.9999999999999995559, -2.651185687371525379 ) ) ;
#6453 = CARTESIAN_POINT ( 'NONE',  ( 3.750000000000000000, 0.000000000000000000, -4.529999999999998472 ) ) ;
#6454 = FILL_AREA_STYLE ('',( #2501 ) ) ;
#6455 = COLOUR_RGB ( '',1.000000000000000000, 1.000000000000000000, 1.000000000000000000 ) ;
#6456 = SURFACE_STYLE_USAGE ( .BOTH. , #5751 ) ;
#6457 = CARTESIAN_POINT ( 'NONE',  ( 4.426923076923076295, 0.9799999999999999822, -1.484615384615384892 ) ) ;
#6458 = DIRECTION ( 'NONE',  ( 0.000000000000000000, 0.000000000000000000, -1.000000000000000000 ) ) ;
#6459 = SURFACE_STYLE_USAGE ( .BOTH. , #1027 ) ;
#6460 = CARTESIAN_POINT ( 'NONE',  ( -1.788461538461538769, 1.000000000000000000, -1.715384615384615508 ) ) ;
#6461 = ADVANCED_FACE ( 'NONE', ( #2544 ), #5364, .F. ) ;
#6462 = LINE ( 'NONE', #1480, #2226 ) ;
#6463 = CARTESIAN_POINT ( 'NONE',  ( -3.440865384615384936, 0.9799999999999999822, -2.700000000000000178 ) ) ;
#6464 = LINE ( 'NONE', #4805, #2513 ) ;
#6465 = CARTESIAN_POINT ( 'NONE',  ( 4.122326420609162767, 0.9799999999999997602, -1.985635159703083907 ) ) ;
#6466 = CARTESIAN_POINT ( 'NONE',  ( 1.009472776553189455, 0.9799999999999997602, -1.786177100733938872 ) ) ;
#6467 = CARTESIAN_POINT ( 'NONE',  ( 2.901934368276701814, 1.000000000000000000, -2.276276798882549635 ) ) ;
#6468 =( NAMED_UNIT ( * ) SI_UNIT ( $, .STERADIAN. ) SOLID_ANGLE_UNIT ( ) );
#6469 = CARTESIAN_POINT ( 'NONE',  ( -1.479226889295409686, 0.9799999999999999822, -1.735644222418574190 ) ) ;
#6470 = VERTEX_POINT ( 'NONE', #3195 ) ;
#6471 =( NAMED_UNIT ( * ) PLANE_ANGLE_UNIT ( ) SI_UNIT ( $, .RADIAN. ) );
#6472 = EDGE_CURVE ( 'NONE', #856, #2693, #6464, .T. ) ;
#6473 = DIRECTION ( 'NONE',  ( 1.000000000000000000, 0.000000000000000000, 0.000000000000000000 ) ) ;
#6474 = STYLED_ITEM ( 'NONE', ( #5414 ), #3366 ) ;
#6475 = ORIENTED_EDGE ( 'NONE', *, *, #4899, .T. ) ;
#6476 = ORIENTED_EDGE ( 'NONE', *, *, #6693, .F. ) ;
#6477 = CARTESIAN_POINT ( 'NONE',  ( 1.108767713515866227, 0.9999999999999997780, -1.945185366950444639 ) ) ;
#6478 = DIRECTION ( 'NONE',  ( -1.000000000000000000, 0.000000000000000000, -0.000000000000000000 ) ) ;
#6479 = AXIS2_PLACEMENT_3D ( 'NONE', #5314, #3061, #415 ) ;
#6480 = CARTESIAN_POINT ( 'NONE',  ( 1.013701923076922862, 1.000000000000000222, -2.388461538461538858 ) ) ;
#6481 = DIRECTION ( 'NONE',  ( -0.000000000000000000, -0.000000000000000000, -1.000000000000000000 ) ) ;
#6482 = PRODUCT_DEFINITION ( 'UNKNOWN', '', #1586, #6269 ) ;
#6483 = CARTESIAN_POINT ( 'NONE',  ( 1.260180746335662239, 0.9999999999999997780, -2.424243654629552935 ) ) ;
#6484 = PLANE ( 'NONE',  #2145 ) ;
#6485 = EDGE_LOOP ( 'NONE', ( #3560, #5160, #6475, #3211 ) ) ;
#6486 = MECHANICAL_DESIGN_GEOMETRIC_PRESENTATION_REPRESENTATION (  '', ( #6120 ), #2050 ) ;
#6487 = UNCERTAINTY_MEASURE_WITH_UNIT (LENGTH_MEASURE( 1.000000000000000082E-05 ), #947, 'distance_accuracy_value', 'NONE');
#6488 = CARTESIAN_POINT ( 'NONE',  ( 0.9545435675335249837, 0.9799999999999997602, -2.431345987542615550 ) ) ;
#6489 = MECHANICAL_DESIGN_GEOMETRIC_PRESENTATION_REPRESENTATION (  '', ( #4053 ), #7176 ) ;
#6490 =( NAMED_UNIT ( * ) PLANE_ANGLE_UNIT ( ) SI_UNIT ( $, .RADIAN. ) );
#6491 = DIRECTION ( 'NONE',  ( -0.000000000000000000, 0.000000000000000000, 1.000000000000000000 ) ) ;
#6492 = MECHANICAL_DESIGN_GEOMETRIC_PRESENTATION_REPRESENTATION (  '', ( #1234 ), #2627 ) ;
#6493 = CARTESIAN_POINT ( 'NONE',  ( 4.296153846153845102, 1.000000000000000000, -1.615865384615384759 ) ) ;
#6494 = FILL_AREA_STYLE_COLOUR ( '', #1695 ) ;
#6495 =( NAMED_UNIT ( * ) SI_UNIT ( $, .STERADIAN. ) SOLID_ANGLE_UNIT ( ) );
#6496 = ADVANCED_FACE ( 'NONE', ( #5431 ), #2512, .T. ) ;
#6497 = STYLED_ITEM ( 'NONE', ( #4058 ), #2938 ) ;
#6498 = B_SPLINE_CURVE_WITH_KNOTS ( 'NONE', 3,
 ( #4326, #3770, #5910, #2046, #4809, #7050, #2077, #4779, #5945, #4187, #6533, #2618, #319, #817, #4262, #924, #3093, #3203, #4226, #3662, #1941, #5306, #5371 ),
 .UNSPECIFIED., .F., .F.,
 ( 4, 1, 1, 1, 1, 1, 1, 1, 1, 1, 1, 1, 1, 1, 1, 1, 1, 1, 1, 1, 4 ),
 ( 0.000000000000000000, 0.06577294654616611114, 0.1294778953864831605, 0.1914300882723854180, 0.2524456684589037603, 0.3117869583861930805, 0.3688175499237479338, 0.4240915179529632928, 0.4784921057091159891, 0.5313937439562549381, 0.5820039702205108689, 0.6312012707438624526, 0.6795030077413394265, 0.7055613742938304789, 0.7352217229481216032, 0.7691324857524239889, 0.8068583199113332771, 0.8489297713697361303, 0.8951166613253597193, 0.9454698037689632795, 1.000000000000000000 ),
 .UNSPECIFIED. ) ;
#6499 = CARTESIAN_POINT ( 'NONE',  ( 3.416216072719198138, 0.9800000000000002043, -2.723677675058170156 ) ) ;
#6500 = CARTESIAN_POINT ( 'NONE',  ( 3.801382807619412496, 0.9999999999999993339, -1.526278599990921414 ) ) ;
#6501 = CARTESIAN_POINT ( 'NONE',  ( 1.067481383159013308, 0.9999999999999988898, -1.853940151505816480 ) ) ;
#6502 = CARTESIAN_POINT ( 'NONE',  ( 3.038221153846154543, 1.000000000000000000, -2.520913461538461409 ) ) ;
#6503 = EDGE_CURVE ( 'NONE', #4269, #3808, #3087, .T. ) ;
#6504 = CYLINDRICAL_SURFACE ( 'NONE', #5394, 0.7000000000000000666 ) ;
#6505 = CARTESIAN_POINT ( 'NONE',  ( -1.382834915754502569, 0.9999999999999995559, -1.786177100733938872 ) ) ;
#6506 = EDGE_LOOP ( 'NONE', ( #5520, #5925, #6515, #3848 ) ) ;
#6507 =( LENGTH_UNIT ( ) NAMED_UNIT ( * ) SI_UNIT ( .MILLI., .METRE. ) );
#6508 = CARTESIAN_POINT ( 'NONE',  ( 3.216916361616590780, 0.9999999999999995559, -2.396655025554712548 ) ) ;
#6509 = SURFACE_SIDE_STYLE ('',( #4302 ) ) ;
#6510 = ORIENTED_EDGE ( 'NONE', *, *, #1379, .F. ) ;
#6511 = EDGE_CURVE ( 'NONE', #148, #4988, #289, .T. ) ;
#6512 = UNCERTAINTY_MEASURE_WITH_UNIT (LENGTH_MEASURE( 1.000000000000000082E-05 ), #1504, 'distance_accuracy_value', 'NONE');
#6513 =( NAMED_UNIT ( * ) SI_UNIT ( $, .STERADIAN. ) SOLID_ANGLE_UNIT ( ) );
#6514 = ORIENTED_EDGE ( 'NONE', *, *, #2051, .T. ) ;
#6515 = ORIENTED_EDGE ( 'NONE', *, *, #5420, .T. ) ;
#6516 = ADVANCED_FACE ( 'NONE', ( #2008 ), #4358, .F. ) ;
#6517 = LINE ( 'NONE', #3715, #1203 ) ;
#6518 = LINE ( 'NONE', #4965, #4485 ) ;
#6519 = DIRECTION ( 'NONE',  ( 0.000000000000000000, 1.000000000000000000, 0.000000000000000000 ) ) ;
#6520 = FILL_AREA_STYLE_COLOUR ( '', #2221 ) ;
#6521 = PLANE ( 'NONE',  #4335 ) ;
#6522 = COLOUR_RGB ( '',1.000000000000000000, 1.000000000000000000, 1.000000000000000000 ) ;
#6523 = DIRECTION ( 'NONE',  ( 0.000000000000000000, 1.000000000000000000, 0.000000000000000000 ) ) ;
#6524 = EDGE_CURVE ( 'NONE', #3242, #1222, #997, .T. ) ;
#6525 = EDGE_LOOP ( 'NONE', ( #6476, #966, #3167, #2432 ) ) ;
#6526 = CARTESIAN_POINT ( 'NONE',  ( 1.126636060949991025, 0.9799999999999999822, -2.102740203373589356 ) ) ;
#6527 = FILL_AREA_STYLE_COLOUR ( '', #6024 ) ;
#6528 = CARTESIAN_POINT ( 'NONE',  ( 2.880769230769231193, 1.000000000000000000, -2.106009615384615508 ) ) ;
#6529 = AXIS2_PLACEMENT_3D ( 'NONE', #510, #1589, #4390 ) ;
#6530 = DIRECTION ( 'NONE',  ( 0.000000000000000000, 0.000000000000000000, -1.000000000000000000 ) ) ;
#6531 = COLOUR_RGB ( '',0.8980392156862745390, 0.8980392156862745390, 0.8980392156862745390 ) ;
#6532 = AXIS2_PLACEMENT_3D ( 'NONE', #126, #6705, #2818 ) ;
#6533 = CARTESIAN_POINT ( 'NONE',  ( -1.264250834226337217, 1.000000000000000000, -1.599821915657939408 ) ) ;
#6534 = CARTESIAN_POINT ( 'NONE',  ( -1.399551462079047015, 0.9799999999999999822, -1.773181274320753342 ) ) ;
#6535 = ORIENTED_EDGE ( 'NONE', *, *, #674, .T. ) ;
#6536 = CARTESIAN_POINT ( 'NONE',  ( 1.120679172633726850, 0.9800000000000002043, -2.178044090144684031 ) ) ;
#6537 = CARTESIAN_POINT ( 'NONE',  ( 4.305124650355351079, 0.9799999999999997602, -1.565284476229015675 ) ) ;
#6538 = AXIS2_PLACEMENT_3D ( 'NONE', #6059, #1713, #3958 ) ;
#6539 =( LENGTH_UNIT ( ) NAMED_UNIT ( * ) SI_UNIT ( .MILLI., .METRE. ) );
#6540 = VECTOR ( 'NONE', #1479, 1000.000000000000000 ) ;
#6541 = ORIENTED_EDGE ( 'NONE', *, *, #5024, .F. ) ;
#6542 = COLOUR_RGB ( '',0.8980392156862745390, 0.8980392156862745390, 0.8980392156862745390 ) ;
#6543 = EDGE_CURVE ( 'NONE', #3651, #1965, #2673, .T. ) ;
#6544 = FACE_OUTER_BOUND ( 'NONE', #6649, .T. ) ;
#6545 = CARTESIAN_POINT ( 'NONE',  ( 2.949999999999996181, 2.599999999999998312, 7.530000000000002025 ) ) ;
#6546 = CIRCLE ( 'NONE', #7123, 0.9700000000000004174 ) ;
#6547 = CARTESIAN_POINT ( 'NONE',  ( 4.401103502017422286, 0.9800000000000002043, -1.744749512889310905 ) ) ;
#6548 = LINE ( 'NONE', #6628, #4768 ) ;
#6549 = VECTOR ( 'NONE', #6084, 1000.000000000000000 ) ;
#6550 =( NAMED_UNIT ( * ) PLANE_ANGLE_UNIT ( ) SI_UNIT ( $, .RADIAN. ) );
#6551 = ORIENTED_EDGE ( 'NONE', *, *, #2000, .T. ) ;
#6552 = AXIS2_PLACEMENT_3D ( 'NONE', #1501, #985, #501 ) ;
#6553 = UNCERTAINTY_MEASURE_WITH_UNIT (LENGTH_MEASURE( 1.000000000000000082E-05 ), #6252, 'distance_accuracy_value', 'NONE');
#6554 =( GEOMETRIC_REPRESENTATION_CONTEXT ( 3 ) GLOBAL_UNCERTAINTY_ASSIGNED_CONTEXT ( ( #5183 ) ) GLOBAL_UNIT_ASSIGNED_CONTEXT ( ( #5202, #149, #3511 ) ) REPRESENTATION_CONTEXT ( 'NONE', 'WORKASPACE' ) );
#6555 = DIRECTION ( 'NONE',  ( -0.000000000000000000, 1.000000000000000000, -0.000000000000000000 ) ) ;
#6556 = DIRECTION ( 'NONE',  ( -1.000000000000000000, 0.000000000000000000, 0.000000000000000000 ) ) ;
#6557 = SURFACE_STYLE_FILL_AREA ( #7169 ) ;
#6558 = CARTESIAN_POINT ( 'NONE',  ( 0.000000000000000000, 0.9799999999999999822, 0.000000000000000000 ) ) ;
#6559 = CARTESIAN_POINT ( 'NONE',  ( 4.499875823712194745, 0.9799999999999999822, -1.505822946830044584 ) ) ;
#6560 =( NAMED_UNIT ( * ) PLANE_ANGLE_UNIT ( ) SI_UNIT ( $, .RADIAN. ) );
#6561 = EDGE_CURVE ( 'NONE', #2873, #2341, #4122, .T. ) ;
#6562 = FACE_OUTER_BOUND ( 'NONE', #4228, .T. ) ;
#6563 = SURFACE_STYLE_USAGE ( .BOTH. , #6039 ) ;
#6564 = SURFACE_STYLE_USAGE ( .BOTH. , #4427 ) ;
#6565 =( GEOMETRIC_REPRESENTATION_CONTEXT ( 3 ) GLOBAL_UNCERTAINTY_ASSIGNED_CONTEXT ( ( #691 ) ) GLOBAL_UNIT_ASSIGNED_CONTEXT ( ( #685, #5283, #5178 ) ) REPRESENTATION_CONTEXT ( 'NONE', 'WORKASPACE' ) );
#6566 = CARTESIAN_POINT ( 'NONE',  ( 4.081347594308010862, 0.9800000000000002043, -1.834372719655138484 ) ) ;
#6567 = SURFACE_SIDE_STYLE ('',( #4357 ) ) ;
#6568 = DIRECTION ( 'NONE',  ( -0.000000000000000000, 1.000000000000000000, -0.000000000000000000 ) ) ;
#6569 = VERTEX_POINT ( 'NONE', #6864 ) ;
#6570 = CARTESIAN_POINT ( 'NONE',  ( 3.978132514172022294, 0.9799999999999997602, -1.664499468193611831 ) ) ;
#6571 =( GEOMETRIC_REPRESENTATION_CONTEXT ( 3 ) GLOBAL_UNCERTAINTY_ASSIGNED_CONTEXT ( ( #3035 ) ) GLOBAL_UNIT_ASSIGNED_CONTEXT ( ( #3740, #1531, #2658 ) ) REPRESENTATION_CONTEXT ( 'NONE', 'WORKASPACE' ) );
#6572 = CARTESIAN_POINT ( 'NONE',  ( 4.219999999999999751, 2.250000000000000444, 2.130000000000001670 ) ) ;
#6573 = ORIENTED_EDGE ( 'NONE', *, *, #1754, .T. ) ;
#6574 = FILL_AREA_STYLE_COLOUR ( '', #2117 ) ;
#6575 = LINE ( 'NONE', #5441, #6892 ) ;
#6576 = ORIENTED_EDGE ( 'NONE', *, *, #674, .F. ) ;
#6577 = CARTESIAN_POINT ( 'NONE',  ( 1.126923076923076472, 0.9799999999999999822, -2.087019230769231015 ) ) ;
#6578 = UNCERTAINTY_MEASURE_WITH_UNIT (LENGTH_MEASURE( 1.000000000000000082E-05 ), #6899, 'distance_accuracy_value', 'NONE');
#6579 = CARTESIAN_POINT ( 'NONE',  ( 3.112566858978100370, 1.000000000000000222, -2.227092777604009033 ) ) ;
#6580 = CARTESIAN_POINT ( 'NONE',  ( 3.562861089186312835, 0.9799999999999999822, -2.730174226218879063 ) ) ;
#6581 = ORIENTED_EDGE ( 'NONE', *, *, #6201, .T. ) ;
#6582 = CARTESIAN_POINT ( 'NONE',  ( 4.519751214554742269, 1.000000000000000222, -1.522546610324669647 ) ) ;
#6583 = ORIENTED_EDGE ( 'NONE', *, *, #454, .T. ) ;
#6584 = PLANE ( 'NONE',  #4372 ) ;
#6585 = UNCERTAINTY_MEASURE_WITH_UNIT (LENGTH_MEASURE( 1.000000000000000082E-05 ), #2966, 'distance_accuracy_value', 'NONE');
#6586 = SURFACE_STYLE_FILL_AREA ( #2233 ) ;
#6587 = CARTESIAN_POINT ( 'NONE',  ( 3.363803068830458987, 0.9800000000000004263, -1.714784845176637207 ) ) ;
#6588 = CARTESIAN_POINT ( 'NONE',  ( 2.019230769230768718, 0.9799999999999999822, -1.976923076923077005 ) ) ;
#6589 = EDGE_CURVE ( 'NONE', #1719, #4530, #771, .T. ) ;
#6590 = ORIENTED_EDGE ( 'NONE', *, *, #68, .F. ) ;
#6591 = STYLED_ITEM ( 'NONE', ( #4073 ), #3609 ) ;
#6592 = DIRECTION ( 'NONE',  ( -0.000000000000000000, 0.000000000000000000, -1.000000000000000000 ) ) ;
#6593 = CARTESIAN_POINT ( 'NONE',  ( 3.694039252503541704, 0.9799999999999999822, -1.713615857616529015 ) ) ;
#6594 = FACE_OUTER_BOUND ( 'NONE', #2472, .T. ) ;
#6595 = CARTESIAN_POINT ( 'NONE',  ( 1.819230769230768985, 1.000000000000000000, -2.469230769230769784 ) ) ;
#6596 = FILL_AREA_STYLE ('',( #2602 ) ) ;
#6597 = CARTESIAN_POINT ( 'NONE',  ( 0.9865476363181331365, 1.000000000000000222, -2.412228111417435095 ) ) ;
#6598 = AXIS2_PLACEMENT_3D ( 'NONE', #437, #950, #7039 ) ;
#6599 = LINE ( 'NONE', #4348, #3910 ) ;
#6600 = CARTESIAN_POINT ( 'NONE',  ( -1.050000000000000044, 0.9799999999999999822, -2.083173076923077183 ) ) ;
#6601 = AXIS2_PLACEMENT_3D ( 'NONE', #5804, #6799, #2372 ) ;
#6602 = MECHANICAL_DESIGN_GEOMETRIC_PRESENTATION_REPRESENTATION (  '', ( #4401 ), #1573 ) ;
#6603 = CARTESIAN_POINT ( 'NONE',  ( 1.249999999999999778, 0.9799999999999999822, -4.529999999999998472 ) ) ;
#6604 = SURFACE_STYLE_USAGE ( .BOTH. , #511 ) ;
#6605 = PRESENTATION_LAYER_ASSIGNMENT (  '', '', ( #2514 ) ) ;
#6606 = EDGE_CURVE ( 'NONE', #6957, #6863, #3088, .T. ) ;
#6607 = DIRECTION ( 'NONE',  ( 2.065146995210484695E-16, -1.000000000000000000, 0.000000000000000000 ) ) ;
#6608 = VERTEX_POINT ( 'NONE', #6354 ) ;
#6609 = CARTESIAN_POINT ( 'NONE',  ( 3.654555858607710039, 0.9800000000000002043, -1.479294805306491378 ) ) ;
#6610 = AXIS2_PLACEMENT_3D ( 'NONE', #6280, #1906, #2944 ) ;
#6611 = CARTESIAN_POINT ( 'NONE',  ( 1.126923076923076694, 0.9999999999999991118, -2.087019230769231459 ) ) ;
#6612 = VECTOR ( 'NONE', #2982, 1000.000000000000000 ) ;
#6613 = DIRECTION ( 'NONE',  ( 0.000000000000000000, -1.000000000000000000, 0.000000000000000000 ) ) ;
#6614 = COLOUR_RGB ( '',1.000000000000000000, 1.000000000000000000, 1.000000000000000000 ) ;
#6615 = CARTESIAN_POINT ( 'NONE',  ( -1.732451923076923306, 0.9799999999999999822, -2.700000000000000178 ) ) ;
#6616 = ORIENTED_EDGE ( 'NONE', *, *, #543, .F. ) ;
#6617 = CARTESIAN_POINT ( 'NONE',  ( -1.120066234397541827, 1.000000000000000444, -1.772810115625022220 ) ) ;
#6618 = DIRECTION ( 'NONE',  ( 0.000000000000000000, 0.000000000000000000, 1.000000000000000000 ) ) ;
#6619 = CARTESIAN_POINT ( 'NONE',  ( -1.435573341781920753, 1.000000000000000222, -1.751489362061791510 ) ) ;
#6620 = AXIS2_PLACEMENT_3D ( 'NONE', #2782, #5051, #3498 ) ;
#6621 = VERTEX_POINT ( 'NONE', #5762 ) ;
#6622 =( LENGTH_UNIT ( ) NAMED_UNIT ( * ) SI_UNIT ( .MILLI., .METRE. ) );
#6623 = ADVANCED_FACE ( 'NONE', ( #2977 ), #2941, .T. ) ;
#6624 = LINE ( 'NONE', #1605, #232 ) ;
#6625 = ORIENTED_EDGE ( 'NONE', *, *, #3264, .F. ) ;
#6626 = CARTESIAN_POINT ( 'NONE',  ( 0.9348828597137953667, 0.9799999999999997602, -1.516163720631590328 ) ) ;
#6627 = CARTESIAN_POINT ( 'NONE',  ( 4.296153846153845102, 0.9799999999999999822, -1.615865384615384759 ) ) ;
#6628 = CARTESIAN_POINT ( 'NONE',  ( 2.019230769230768718, 0.9799999999999999822, -1.976923076923077005 ) ) ;
#6629 = ORIENTED_EDGE ( 'NONE', *, *, #4267, .F. ) ;
#6630 = UNCERTAINTY_MEASURE_WITH_UNIT (LENGTH_MEASURE( 1.000000000000000082E-05 ), #6869, 'distance_accuracy_value', 'NONE');
#6631 = LINE ( 'NONE', #7207, #2940 ) ;
#6632 = CARTESIAN_POINT ( 'NONE',  ( 2.326923076923076650, 0.9799999999999999822, -2.176923076923077183 ) ) ;
#6633 = PRESENTATION_STYLE_ASSIGNMENT (( #5458 ) ) ;
#6634 = CARTESIAN_POINT ( 'NONE',  ( 0.9545435675335249837, 1.000000000000000000, -2.431345987542615550 ) ) ;
#6635 =( LENGTH_UNIT ( ) NAMED_UNIT ( * ) SI_UNIT ( .MILLI., .METRE. ) );
#6636 = DIRECTION ( 'NONE',  ( -1.000000000000000000, 0.000000000000000000, 0.000000000000000000 ) ) ;
#6637 = EDGE_CURVE ( 'NONE', #2331, #5189, #5293, .T. ) ;
#6638 = DIRECTION ( 'NONE',  ( 0.000000000000000000, -1.000000000000000000, 0.000000000000000000 ) ) ;
#6639 = ORIENTED_EDGE ( 'NONE', *, *, #5012, .F. ) ;
#6640 = LINE ( 'NONE', #4505, #1998 ) ;
#6641 = SURFACE_SIDE_STYLE ('',( #6046 ) ) ;
#6642 = ORIENTED_EDGE ( 'NONE', *, *, #1179, .F. ) ;
#6643 = CARTESIAN_POINT ( 'NONE',  ( 3.096153846153846700, 1.000000000000000000, -2.106250000000000622 ) ) ;
#6644 = FILL_AREA_STYLE_COLOUR ( '', #3155 ) ;
#6645 = CARTESIAN_POINT ( 'NONE',  ( -1.050000000000000044, 1.000000000000000222, -2.083173076923077183 ) ) ;
#6646 = AXIS2_PLACEMENT_3D ( 'NONE', #2840, #3932, #5669 ) ;
#6647 = CARTESIAN_POINT ( 'NONE',  ( 3.097214193308410746, 0.9799999999999999822, -2.147780415932878384 ) ) ;
#6648 = EDGE_CURVE ( 'NONE', #4469, #6957, #3078, .T. ) ;
#6649 = EDGE_LOOP ( 'NONE', ( #2227, #3133, #1019, #164 ) ) ;
#6650 = MECHANICAL_DESIGN_GEOMETRIC_PRESENTATION_REPRESENTATION (  '', ( #3858 ), #679 ) ;
#6651 =( NAMED_UNIT ( * ) PLANE_ANGLE_UNIT ( ) SI_UNIT ( $, .RADIAN. ) );
#6652 = STYLED_ITEM ( 'NONE', ( #4996 ), #1336 ) ;
#6653 = CARTESIAN_POINT ( 'NONE',  ( -1.050000000000000044, 0.9799999999999999822, -2.083173076923077183 ) ) ;
#6654 = VERTEX_POINT ( 'NONE', #6457 ) ;
#6655 = CARTESIAN_POINT ( 'NONE',  ( 1.317474276174387171, 1.000000000000000000, -1.887998703050046911 ) ) ;
#6656 = UNCERTAINTY_MEASURE_WITH_UNIT (LENGTH_MEASURE( 1.000000000000000082E-05 ), #3233, 'distance_accuracy_value', 'NONE');
#6657 = FILL_AREA_STYLE_COLOUR ( '', #295 ) ;
#6658 = ORIENTED_EDGE ( 'NONE', *, *, #2510, .F. ) ;
#6659 = CARTESIAN_POINT ( 'NONE',  ( -1.405760055989559110, 1.000000000000000222, -2.412228111417435983 ) ) ;
#6660 = CARTESIAN_POINT ( 'NONE',  ( -0.8346153846153844258, 0.9799999999999999822, -1.838461538461538813 ) ) ;
#6661 = DIRECTION ( 'NONE',  ( 1.280444591976111160E-14, 1.000000000000000000, -3.656424559329026540E-13 ) ) ;
#6662 = CARTESIAN_POINT ( 'NONE',  ( -6.000000000000001776, 0.000000000000000000, -6.829999999999998295 ) ) ;
#6663 =( LENGTH_UNIT ( ) NAMED_UNIT ( * ) SI_UNIT ( .MILLI., .METRE. ) );
#6664 = CARTESIAN_POINT ( 'NONE',  ( 0.9192767412806158722, 0.9799999999999997602, -2.448142915585495238 ) ) ;
#6665 = CARTESIAN_POINT ( 'NONE',  ( 2.913453638848031879, 1.000000000000000222, -1.897837002926723526 ) ) ;
#6666 = VECTOR ( 'NONE', #3655, 1000.000000000000000 ) ;
#6667 = CARTESIAN_POINT ( 'NONE',  ( 3.396160442419003722, 0.9799999999999999822, -1.480272307946297827 ) ) ;
#6668 = FILL_AREA_STYLE_COLOUR ( '', #6169 ) ;
#6669 = CARTESIAN_POINT ( 'NONE',  ( -1.788461538461538769, 1.000000000000000000, -1.715384615384615508 ) ) ;
#6670 = VECTOR ( 'NONE', #2462, 1000.000000000000000 ) ;
#6671 = STYLED_ITEM ( 'NONE', ( #6312 ), #6321 ) ;
#6672 =( NAMED_UNIT ( * ) SI_UNIT ( $, .STERADIAN. ) SOLID_ANGLE_UNIT ( ) );
#6673 = ORIENTED_EDGE ( 'NONE', *, *, #236, .F. ) ;
#6674 = CARTESIAN_POINT ( 'NONE',  ( 3.526923076923077272, 0.9799999999999999822, -1.900000000000000133 ) ) ;
#6675 = B_SPLINE_CURVE_WITH_KNOTS ( 'NONE', 3,
 ( #1852, #5331, #5829, #6859, #3004, #3049, #2005, #5796, #770, #4254, #4093 ),
 .UNSPECIFIED., .F., .F.,
 ( 4, 1, 1, 1, 1, 1, 1, 1, 4 ),
 ( 0.000000000000000000, 0.1282260268668413694, 0.2505306575576872752, 0.3726387697203865090, 0.4998332120264979417, 0.6271786142189264002, 0.7498417788579285759, 0.8729404948669966524, 1.000000000000000000 ),
 .UNSPECIFIED. ) ;
#6676 = DIRECTION ( 'NONE',  ( 0.000000000000000000, 0.000000000000000000, 1.000000000000000000 ) ) ;
#6677 = CARTESIAN_POINT ( 'NONE',  ( -1.132126945972029564, 0.9999999999999997780, -2.424243654629552935 ) ) ;
#6678 = ADVANCED_FACE ( 'NONE', ( #6924 ), #804, .T. ) ;
#6679 = AXIS2_PLACEMENT_3D ( 'NONE', #5491, #1063, #946 ) ;
#6680 = CARTESIAN_POINT ( 'NONE',  ( 1.090744059651786113, 0.9999999999999997780, -1.897005307203841085 ) ) ;
#6681 = CARTESIAN_POINT ( 'NONE',  ( -1.249999999999999778, 1.000000000000000000, -5.229999999999998650 ) ) ;
#6682 = CARTESIAN_POINT ( 'NONE',  ( -1.405760055989559110, 0.9800000000000002043, -2.412228111417435983 ) ) ;
#6683 = LINE ( 'NONE', #7224, #2572 ) ;
#6684 = CARTESIAN_POINT ( 'NONE',  ( -1.264250834226337217, 0.9799999999999999822, -1.599821915657939408 ) ) ;
#6685 = VECTOR ( 'NONE', #1542, 1000.000000000000114 ) ;
#6686 = CARTESIAN_POINT ( 'NONE',  ( 3.096153846153846700, 1.000000000000000000, -2.106250000000000622 ) ) ;
#6687 = EDGE_LOOP ( 'NONE', ( #1527, #1412, #6099, #4979 ) ) ;
#6688 = CARTESIAN_POINT ( 'NONE',  ( 3.931351406233436041, 1.000000000000000000, -2.608880856177456131 ) ) ;
#6689 = B_SPLINE_CURVE_WITH_KNOTS ( 'NONE', 3,
 ( #430, #5965, #4280, #6488, #3825, #6032, #3144, #2090, #7206, #14, #3409 ),
 .UNSPECIFIED., .F., .F.,
 ( 4, 1, 1, 1, 1, 1, 1, 1, 4 ),
 ( 0.000000000000000000, 0.1016634760927243863, 0.2076361382691220558, 0.3187445673333755281, 0.4366799415637014903, 0.5635066463765688871, 0.6986812076536840221, 0.8444465558739923106, 1.000000000000000000 ),
 .UNSPECIFIED. ) ;
#6690 = CARTESIAN_POINT ( 'NONE',  ( -1.351440294342622694, 0.9799999999999999822, -2.360947421190576989 ) ) ;
#6691 = ORIENTED_EDGE ( 'NONE', *, *, #5483, .F. ) ;
#6692 = CARTESIAN_POINT ( 'NONE',  ( 1.128056858081354363, 0.9799999999999999822, -1.599821915657939408 ) ) ;
#6693 = EDGE_CURVE ( 'NONE', #4277, #4617, #3050, .T. ) ;
#6694 = FILL_AREA_STYLE_COLOUR ( '', #2565 ) ;
#6695 = FACE_OUTER_BOUND ( 'NONE', #189, .T. ) ;
#6696 = PLANE ( 'NONE',  #3080 ) ;
#6697 = VERTEX_POINT ( 'NONE', #1966 ) ;
#6698 = DIRECTION ( 'NONE',  ( 0.000000000000000000, 1.000000000000000000, 0.000000000000000000 ) ) ;
#6699 = CARTESIAN_POINT ( 'NONE',  ( 2.019230769230768718, 1.000000000000000000, -1.976923076923077005 ) ) ;
#6700 = FACE_OUTER_BOUND ( 'NONE', #316, .T. ) ;
#6701 = CARTESIAN_POINT ( 'NONE',  ( 1.207988032584759175, 0.9999999999999997780, -1.675745577443358059 ) ) ;
#6702 = SURFACE_SIDE_STYLE ('',( #6812 ) ) ;
#6703 = FILL_AREA_STYLE ('',( #2169 ) ) ;
#6704 = CARTESIAN_POINT ( 'NONE',  ( 3.234456676654614338, 1.000000000000000000, -1.531099216689704390 ) ) ;
#6705 = DIRECTION ( 'NONE',  ( -0.000000000000000000, -1.000000000000000000, -0.000000000000000000 ) ) ;
#6706 = FACE_OUTER_BOUND ( 'NONE', #708, .T. ) ;
#6707 = EDGE_CURVE ( 'NONE', #699, #5658, #3611, .T. ) ;
#6708 = STYLED_ITEM ( 'NONE', ( #3464 ), #3795 ) ;
#6709 = CARTESIAN_POINT ( 'NONE',  ( -1.675961538461538725, 0.9799999999999999822, -1.715384615384615508 ) ) ;
#6710 = ORIENTED_EDGE ( 'NONE', *, *, #3599, .T. ) ;
#6711 = CARTESIAN_POINT ( 'NONE',  ( 4.125240384615385558, 1.000000000000000000, -2.115384615384615419 ) ) ;
#6712 = CARTESIAN_POINT ( 'NONE',  ( 2.880769230769231193, 0.9799999999999999822, -2.106009615384615508 ) ) ;
#6713 = AXIS2_PLACEMENT_3D ( 'NONE', #3554, #6329, #1322 ) ;
#6714 = CARTESIAN_POINT ( 'NONE',  ( -1.556039962405213695, 0.9799999999999997602, -2.691390507887255978 ) ) ;
#6715 = PRESENTATION_LAYER_ASSIGNMENT (  '', '', ( #4288 ) ) ;
#6716 = CARTESIAN_POINT ( 'NONE',  ( 3.487532181476933779, 0.9800000000000002043, -2.730503372391977379 ) ) ;
#6717 = STYLED_ITEM ( 'NONE', ( #1433 ), #6868 ) ;
#6718 = CARTESIAN_POINT ( 'NONE',  ( -1.732451923076923306, 0.9799999999999999822, -2.700000000000000178 ) ) ;
#6719 = AXIS2_PLACEMENT_3D ( 'NONE', #2779, #5607, #1774 ) ;
#6720 = DIRECTION ( 'NONE',  ( 0.000000000000000000, 1.000000000000000000, 0.000000000000000000 ) ) ;
#6721 = ADVANCED_FACE ( 'NONE', ( #879 ), #2740, .T. ) ;
#6722 = CARTESIAN_POINT ( 'NONE',  ( 1.249999999999999778, 0.02000000000000000042, -5.229999999999998650 ) ) ;
#6723 = SHAPE_DEFINITION_REPRESENTATION ( #5174, #4207 ) ;
#6724 = MECHANICAL_DESIGN_GEOMETRIC_PRESENTATION_REPRESENTATION (  '', ( #2053 ), #5334 ) ;
#6725 = VERTEX_POINT ( 'NONE', #2133 ) ;
#6726 = CARTESIAN_POINT ( 'NONE',  ( 3.826670052613668549, 0.9999999999999997780, -2.669851250350907534 ) ) ;
#6727 = CARTESIAN_POINT ( 'NONE',  ( -1.378605769230769829, 0.9800000000000002043, -2.388461538461538858 ) ) ;
#6728 = ORIENTED_EDGE ( 'NONE', *, *, #285, .F. ) ;
#6729 = CARTESIAN_POINT ( 'NONE',  ( 1.341772135782881126, 0.9799999999999999822, -2.060548449902598556 ) ) ;
#6730 = UNCERTAINTY_MEASURE_WITH_UNIT (LENGTH_MEASURE( 1.000000000000000082E-05 ), #2253, 'distance_accuracy_value', 'NONE');
#6731 = EDGE_CURVE ( 'NONE', #2439, #6654, #5085, .T. ) ;
#6732 = VECTOR ( 'NONE', #2646, 1000.000000000000000 ) ;
#6733 = FACE_BOUND ( 'NONE', #681, .T. ) ;
#6734 = FILL_AREA_STYLE ('',( #4072 ) ) ;
#6735 = CARTESIAN_POINT ( 'NONE',  ( -1.728365384615384803, 0.9799999999999999822, -1.500000000000000222 ) ) ;
#6736 = ORIENTED_EDGE ( 'NONE', *, *, #972, .F. ) ;
#6737 = B_SPLINE_CURVE_WITH_KNOTS ( 'NONE', 3,
 ( #4540, #5601, #2208, #6774, #6743, #3265, #3374, #1139, #1068, #5495, #2167, #4458, #6178, #613, #5532, #5114, #1616, #575, #506, #3303, #6665, #1725, #2847, #3338, #4424, #1107, #3415 ),
 .UNSPECIFIED., .F., .F.,
 ( 4, 1, 1, 1, 1, 1, 1, 1, 1, 1, 1, 1, 1, 1, 1, 1, 1, 1, 1, 1, 1, 1, 1, 1, 4 ),
 ( 0.000000000000000000, 0.04517287879862699057, 0.08954611918494199962, 0.1328127639003587879, 0.1751020071688609847, 0.2170301830540125043, 0.2583804467431638496, 0.2995763167954478279, 0.3407076851203929002, 0.3815382952685208440, 0.4219415929715220059, 0.4621152714130989936, 0.5024333950072055188, 0.5427515186013122106, 0.5834072057629401398, 0.6246627348097928412, 0.6667924017057104136, 0.7089883561164970205, 0.7506859261210352408, 0.7920551107057921536, 0.8332027837492655964, 0.8744393397510749066, 0.9158733303825455918, 0.9576559381140661298, 1.000000000000000000 ),
 .UNSPECIFIED. ) ;
#6738 = CARTESIAN_POINT ( 'NONE',  ( 3.249999999999999556, 1.000000000000000444, 0.1300000000000016420 ) ) ;
#6739 = CARTESIAN_POINT ( 'NONE',  ( -1.555393105096329887, 0.9999999999999997780, -2.471993520198598748 ) ) ;
#6740 = DIRECTION ( 'NONE',  ( 0.000000000000000000, 0.000000000000000000, 1.000000000000000000 ) ) ;
#6741 = CARTESIAN_POINT ( 'NONE',  ( 1.249999999999999778, 0.9799999999999999822, -4.029999999999997584 ) ) ;
#6742 =( LENGTH_UNIT ( ) NAMED_UNIT ( * ) SI_UNIT ( .MILLI., .METRE. ) );
#6743 = CARTESIAN_POINT ( 'NONE',  ( 3.396160442419003722, 1.000000000000000000, -1.480272307946297827 ) ) ;
#6744 = CARTESIAN_POINT ( 'NONE',  ( 3.866183066568298798, 0.9800000000000002043, -2.366043932528768767 ) ) ;
#6745 = ADVANCED_FACE ( 'NONE', ( #2738 ), #4497, .T. ) ;
#6746 = SURFACE_SIDE_STYLE ('',( #2774 ) ) ;
#6747 = DIRECTION ( 'NONE',  ( -0.000000000000000000, 1.000000000000000000, -0.000000000000000000 ) ) ;
#6748 = CARTESIAN_POINT ( 'NONE',  ( 3.750000000000000000, 0.02000000000000000042, -5.029999999999997584 ) ) ;
#6749 = FACE_BOUND ( 'NONE', #5373, .T. ) ;
#6750 = VERTEX_POINT ( 'NONE', #1259 ) ;
#6751 = CARTESIAN_POINT ( 'NONE',  ( -1.505060308412942138, 0.9800000000000002043, -2.684574988228277004 ) ) ;
#6752 = SURFACE_STYLE_USAGE ( .BOTH. , #2215 ) ;
#6753 = CARTESIAN_POINT ( 'NONE',  ( -1.611139481672578144, 1.000000000000000222, -2.696344794924187216 ) ) ;
#6754 = ADVANCED_FACE ( 'NONE', ( #5113 ), #5704, .F. ) ;
#6755 = SURFACE_SIDE_STYLE ('',( #135 ) ) ;
#6756 = CARTESIAN_POINT ( 'NONE',  ( 3.253016005188609672, 0.9999999999999995559, -2.678616939764981275 ) ) ;
#6757 = CARTESIAN_POINT ( 'NONE',  ( -3.750000000000000444, 0.9799999999999999822, -1.847596153846154055 ) ) ;
#6758 = CYLINDRICAL_SURFACE ( 'NONE', #1352, 0.7000000000000000666 ) ;
#6759 = ORIENTED_EDGE ( 'NONE', *, *, #626, .F. ) ;
#6760 = CIRCLE ( 'NONE', #104, 0.7000000000000005107 ) ;
#6761 = CARTESIAN_POINT ( 'NONE',  ( -1.249999999999999778, 0.9799999999999999822, -4.029999999999997584 ) ) ;
#6762 = EDGE_LOOP ( 'NONE', ( #2480, #1889, #2148, #5712 ) ) ;
#6763 = CARTESIAN_POINT ( 'NONE',  ( 0.7187604997886961611, 0.9999999999999995559, -1.500218044030600106 ) ) ;
#6764 =( NAMED_UNIT ( * ) PLANE_ANGLE_UNIT ( ) SI_UNIT ( $, .RADIAN. ) );
#6765 =( LENGTH_UNIT ( ) NAMED_UNIT ( * ) SI_UNIT ( .MILLI., .METRE. ) );
#6766 = EDGE_LOOP ( 'NONE', ( #942, #4270 ) ) ;
#6767 = EDGE_CURVE ( 'NONE', #4487, #6442, #1036, .T. ) ;
#6768 = SURFACE_STYLE_USAGE ( .BOTH. , #5140 ) ;
#6769 =( GEOMETRIC_REPRESENTATION_CONTEXT ( 3 ) GLOBAL_UNCERTAINTY_ASSIGNED_CONTEXT ( ( #5618 ) ) GLOBAL_UNIT_ASSIGNED_CONTEXT ( ( #5103, #6764, #643 ) ) REPRESENTATION_CONTEXT ( 'NONE', 'WORKASPACE' ) );
#6770 = CYLINDRICAL_SURFACE ( 'NONE', #2571, 0.7000000000000000666 ) ;
#6771 = LINE ( 'NONE', #1761, #1314 ) ;
#6772 = CARTESIAN_POINT ( 'NONE',  ( -1.281308774047113186, 1.000000000000000222, -2.597949694402314158 ) ) ;
#6773 =( NAMED_UNIT ( * ) PLANE_ANGLE_UNIT ( ) SI_UNIT ( $, .RADIAN. ) );
#6774 = CARTESIAN_POINT ( 'NONE',  ( 3.439740390846067530, 1.000000000000000000, -1.473789602823553535 ) ) ;
#6775 = DIRECTION ( 'NONE',  ( -0.6914887031430155817, 0.000000000000000000, -0.7223872738535684901 ) ) ;
#6776 = ORIENTED_EDGE ( 'NONE', *, *, #1133, .F. ) ;
#6777 = COLOUR_RGB ( '',1.000000000000000000, 1.000000000000000000, 1.000000000000000000 ) ;
#6778 = CARTESIAN_POINT ( 'NONE',  ( 3.197199420071420661, 0.9800000000000002043, -1.549986930062983825 ) ) ;
#6779 = LINE ( 'NONE', #54, #3140 ) ;
#6780 = FACE_OUTER_BOUND ( 'NONE', #2089, .T. ) ;
#6781 = SURFACE_SIDE_STYLE ('',( #4575 ) ) ;
#6782 = EDGE_CURVE ( 'NONE', #1497, #856, #193, .T. ) ;
#6783 = AXIS2_PLACEMENT_3D ( 'NONE', #4947, #6613, #6121 ) ;
#6784 = ORIENTED_EDGE ( 'NONE', *, *, #4844, .T. ) ;
#6785 = CARTESIAN_POINT ( 'NONE',  ( -4.288461538461538325, 0.9799999999999999822, -2.700000000000000178 ) ) ;
#6786 = AXIS2_PLACEMENT_3D ( 'NONE', #2393, #1772, #542 ) ;
#6787 = FACE_OUTER_BOUND ( 'NONE', #1877, .T. ) ;
#6788 = CARTESIAN_POINT ( 'NONE',  ( 3.315716193979083126, 1.000000000000000000, -2.701467339603667916 ) ) ;
#6789 = B_SPLINE_SURFACE_WITH_KNOTS ( 'NONE', 3, 1, ( 
 ( #6313, #2300 ),
 ( #6897, #1896 ),
 ( #4139, #4556 ),
 ( #634, #242 ),
 ( #775, #1935 ),
 ( #3008, #4182 ),
 ( #6392, #3618 ),
 ( #5265, #1377 ),
 ( #4735, #2476 ),
 ( #6935, #3274 ),
 ( #888, #3122 ),
 ( #2579, #1450 ),
 ( #6466, #1034 ),
 ( #5367, #479 ),
 ( #4324, #7146 ),
 ( #3765, #3237 ),
 ( #5506, #6501 ),
 ( #3699, #1484 ),
 ( #2707, #1593 ),
 ( #7046, #346 ),
 ( #5982, #4945 ),
 ( #4294, #5908 ),
 ( #2073, #959 ),
 ( #3728, #2614 ),
 ( #3800, #5464 ),
 ( #5436, #4396 ),
 ( #3162, #6611 ) ),
 .UNSPECIFIED., .F., .F., .F.,
 ( 4, 1, 1, 1, 1, 1, 1, 1, 1, 1, 1, 1, 1, 1, 1, 1, 1, 1, 1, 1, 1, 1, 1, 1, 4 ),
 ( 2, 2 ),
 ( 0.000000000000000000, 0.06261464793181534261, 0.1204288125492776751, 0.1741994859485837266, 0.2237246639590647623, 0.2690284504243910524, 0.3107650011525418532, 0.3481152575356891710, 0.3823781144346327099, 0.4147531609533670061, 0.4471954319285634250, 0.4800445791734141987, 0.5137386411999473879, 0.5479625035502666552, 0.5829178144656939065, 0.6193151011155169083, 0.6571235452560976187, 0.6956865764257776918, 0.7355137155615780742, 0.7758232002862923693, 0.8176522616681765054, 0.8607425835624210597, 0.9053869274729277050, 0.9519981971377819985, 1.000000000000000000 ),
 ( 0.000000000000000000, 1.000000000000000000 ),
 .UNSPECIFIED. ) ;
#6790 = LINE ( 'NONE', #3539, #6184 ) ;
#6791 = DIRECTION ( 'NONE',  ( -0.000000000000000000, 1.000000000000000000, -0.000000000000000000 ) ) ;
#6792 = UNCERTAINTY_MEASURE_WITH_UNIT (LENGTH_MEASURE( 1.000000000000000082E-05 ), #4525, 'distance_accuracy_value', 'NONE');
#6793 = EDGE_CURVE ( 'NONE', #4036, #3180, #5079, .T. ) ;
#6794 = FILL_AREA_STYLE ('',( #3432 ) ) ;
#6795 = CARTESIAN_POINT ( 'NONE',  ( 0.000000000000000000, 0.000000000000000000, 0.000000000000000000 ) ) ;
#6796 = VECTOR ( 'NONE', #810, 999.9999999999998863 ) ;
#6797 = EDGE_LOOP ( 'NONE', ( #5516, #477 ) ) ;
#6798 = VECTOR ( 'NONE', #1103, 1000.000000000000227 ) ;
#6799 = DIRECTION ( 'NONE',  ( 0.000000000000000000, -1.000000000000000000, 0.000000000000000000 ) ) ;
#6800 = CARTESIAN_POINT ( 'NONE',  ( -1.565286913297200933, 0.9799999999999997602, -1.719958759348470645 ) ) ;
#6801 = ORIENTED_EDGE ( 'NONE', *, *, #7113, .F. ) ;
#6802 = CARTESIAN_POINT ( 'NONE',  ( 3.813193504017746260, 1.000000000000000222, -1.803551418180772803 ) ) ;
#6803 = UNCERTAINTY_MEASURE_WITH_UNIT (LENGTH_MEASURE( 1.000000000000000082E-05 ), #614, 'distance_accuracy_value', 'NONE');
#6804 = PRESENTATION_STYLE_ASSIGNMENT (( #3402 ) ) ;
#6805 = CARTESIAN_POINT ( 'NONE',  ( 3.931351406233436041, 0.9799999999999999822, -2.608880856177456131 ) ) ;
#6806 = VERTEX_POINT ( 'NONE', #5600 ) ;
#6807 =( LENGTH_UNIT ( ) NAMED_UNIT ( * ) SI_UNIT ( .MILLI., .METRE. ) );
#6808 = CARTESIAN_POINT ( 'NONE',  ( -1.675961538461538725, 0.9799999999999999822, -1.715384615384615508 ) ) ;
#6809 = LINE ( 'NONE', #3371, #5974 ) ;
#6810 = CARTESIAN_POINT ( 'NONE',  ( -1.200390662830817856, 1.000000000000000000, -2.522308471146830211 ) ) ;
#6811 = EDGE_CURVE ( 'NONE', #2496, #4824, #50, .T. ) ;
#6812 = SURFACE_STYLE_FILL_AREA ( #2387 ) ;
#6813 = DIRECTION ( 'NONE',  ( -1.000000000000000000, 0.000000000000000000, 0.000000000000000000 ) ) ;
#6814 = CARTESIAN_POINT ( 'NONE',  ( 3.618114058956970691, 0.9999999999999997780, -2.506193272304860997 ) ) ;
#6815 = VERTEX_POINT ( 'NONE', #6176 ) ;
#6816 =( GEOMETRIC_REPRESENTATION_CONTEXT ( 3 ) GLOBAL_UNCERTAINTY_ASSIGNED_CONTEXT ( ( #4107 ) ) GLOBAL_UNIT_ASSIGNED_CONTEXT ( ( #5820, #6490, #800 ) ) REPRESENTATION_CONTEXT ( 'NONE', 'WORKASPACE' ) );
#6817 = CARTESIAN_POINT ( 'NONE',  ( 3.777461160916183669, 1.000000000000000000, -1.766456819533499312 ) ) ;
#6818 = SURFACE_SIDE_STYLE ('',( #580 ) ) ;
#6819 = CARTESIAN_POINT ( 'NONE',  ( 3.925142841947402150, 0.9799999999999999822, -1.609860299996180855 ) ) ;
#6820 = ORIENTED_EDGE ( 'NONE', *, *, #1400, .F. ) ;
#6821 = CARTESIAN_POINT ( 'NONE',  ( 1.249999999999999778, 0.9799999999999999822, -4.529999999999998472 ) ) ;
#6822 = PRESENTATION_LAYER_ASSIGNMENT (  '', '', ( #5648 ) ) ;
#6823 = CARTESIAN_POINT ( 'NONE',  ( -1.153559704717333156, 0.9800000000000002043, -2.459173467542655089 ) ) ;
#6824 = EDGE_LOOP ( 'NONE', ( #5877, #292, #5842, #6946 ) ) ;
#6825 = EDGE_CURVE ( 'NONE', #3924, #5289, #5924, .T. ) ;
#6826 =( NAMED_UNIT ( * ) SI_UNIT ( $, .STERADIAN. ) SOLID_ANGLE_UNIT ( ) );
#6827 = DIRECTION ( 'NONE',  ( 1.000000000000000000, 0.000000000000000000, 0.000000000000000000 ) ) ;
#6828 =( NAMED_UNIT ( * ) PLANE_ANGLE_UNIT ( ) SI_UNIT ( $, .RADIAN. ) );
#6829 = MECHANICAL_DESIGN_GEOMETRIC_PRESENTATION_REPRESENTATION (  '', ( #5888 ), #4636 ) ;
#6830 = SURFACE_STYLE_FILL_AREA ( #206 ) ;
#6831 = MECHANICAL_DESIGN_GEOMETRIC_PRESENTATION_REPRESENTATION (  '', ( #4288 ), #1106 ) ;
#6832 = ORIENTED_EDGE ( 'NONE', *, *, #5688, .T. ) ;
#6833 = APPLICATION_CONTEXT ( 'automotive_design' ) ;
#6834 = AXIS2_PLACEMENT_3D ( 'NONE', #4784, #6986, #2945 ) ;
#6835 = EDGE_CURVE ( 'NONE', #3894, #2506, #1874, .T. ) ;
#6836 =( GEOMETRIC_REPRESENTATION_CONTEXT ( 3 ) GLOBAL_UNCERTAINTY_ASSIGNED_CONTEXT ( ( #3819 ) ) GLOBAL_UNIT_ASSIGNED_CONTEXT ( ( #878, #1963, #1440 ) ) REPRESENTATION_CONTEXT ( 'NONE', 'WORKASPACE' ) );
#6837 =( NAMED_UNIT ( * ) PLANE_ANGLE_UNIT ( ) SI_UNIT ( $, .RADIAN. ) );
#6838 = FILL_AREA_STYLE_COLOUR ( '', #559 ) ;
#6839 = ORIENTED_EDGE ( 'NONE', *, *, #4662, .F. ) ;
#6840 = CARTESIAN_POINT ( 'NONE',  ( 3.829223605039477896, 0.9999999999999997780, -1.825073511134189364 ) ) ;
#6841 = SURFACE_STYLE_USAGE ( .BOTH. , #4070 ) ;
#6842 = AXIS2_PLACEMENT_3D ( 'NONE', #2111, #4405, #6618 ) ;
#6843 = EDGE_LOOP ( 'NONE', ( #3731, #5980 ) ) ;
#6844 = DIRECTION ( 'NONE',  ( 0.000000000000000000, 0.000000000000000000, 1.000000000000000000 ) ) ;
#6845 = EDGE_CURVE ( 'NONE', #6440, #833, #5889, .T. ) ;
#6846 = CARTESIAN_POINT ( 'NONE',  ( 3.249999999999999556, 2.750000000000000000, 7.530000000000002025 ) ) ;
#6847 = CARTESIAN_POINT ( 'NONE',  ( -1.249999999999999778, 0.02000000000000000042, -5.229999999999998650 ) ) ;
#6848 = SURFACE_STYLE_FILL_AREA ( #5212 ) ;
#6849 = CARTESIAN_POINT ( 'NONE',  ( 0.6038461538461536993, 1.000000000000034861, -2.484615384615384670 ) ) ;
#6850 = CARTESIAN_POINT ( 'NONE',  ( -1.399551462079047015, 0.9799999999999999822, -1.773181274320753342 ) ) ;
#6851 = DIRECTION ( 'NONE',  ( -0.000000000000000000, 0.000000000000000000, -1.000000000000000000 ) ) ;
#6852 = VERTEX_POINT ( 'NONE', #870 ) ;
#6853 = FACE_OUTER_BOUND ( 'NONE', #3874, .T. ) ;
#6854 = PRESENTATION_STYLE_ASSIGNMENT (( #4055 ) ) ;
#6855 = ORIENTED_EDGE ( 'NONE', *, *, #4907, .T. ) ;
#6856 = LINE ( 'NONE', #3043, #4100 ) ;
#6857 = DIRECTION ( 'NONE',  ( 1.000000000000000000, 0.000000000000000000, 0.000000000000000000 ) ) ;
#6858 = VERTEX_POINT ( 'NONE', #1990 ) ;
#6859 = CARTESIAN_POINT ( 'NONE',  ( 4.305072234592569380, 0.9999999999999997780, -1.666393287851660299 ) ) ;
#6860 = EDGE_CURVE ( 'NONE', #2705, #6380, #2624, .T. ) ;
#6861 = LINE ( 'NONE', #1854, #3881 ) ;
#6862 = CARTESIAN_POINT ( 'NONE',  ( 1.337732797445859489, 0.9800000000000002043, -2.177319075516277458 ) ) ;
#6863 = VERTEX_POINT ( 'NONE', #6955 ) ;
#6864 = CARTESIAN_POINT ( 'NONE',  ( -0.8346153846153844258, 1.000000000000000000, -2.038461538461538325 ) ) ;
#6865 = ORIENTED_EDGE ( 'NONE', *, *, #3097, .T. ) ;
#6866 = CARTESIAN_POINT ( 'NONE',  ( 3.619446054768474141, 0.9799999999999997602, -1.691769527411228990 ) ) ;
#6867 = PLANE ( 'NONE',  #6610 ) ;
#6868 = ADVANCED_FACE ( 'NONE', ( #5922 ), #3557, .T. ) ;
#6869 =( LENGTH_UNIT ( ) NAMED_UNIT ( * ) SI_UNIT ( .MILLI., .METRE. ) );
#6870 = CARTESIAN_POINT ( 'NONE',  ( 3.879086538461538503, 0.9799999999999999822, -2.353125000000000355 ) ) ;
#6871 = ORIENTED_EDGE ( 'NONE', *, *, #420, .T. ) ;
#6872 = PLANE ( 'NONE',  #6423 ) ;
#6873 = AXIS2_PLACEMENT_3D ( 'NONE', #5065, #6128, #1638 ) ;
#6874 = LINE ( 'NONE', #1866, #6416 ) ;
#6875 = CARTESIAN_POINT ( 'NONE',  ( -0.8346153846153844258, 0.9799999999999999822, -1.838461538461538813 ) ) ;
#6876 = CARTESIAN_POINT ( 'NONE',  ( -1.249999999999999778, 0.02000000000000000042, -3.829999999999997851 ) ) ;
#6877 = DIRECTION ( 'NONE',  ( 0.000000000000000000, 1.000000000000000000, 0.000000000000000000 ) ) ;
#6878 = AXIS2_PLACEMENT_3D ( 'NONE', #1567, #4853, #6478 ) ;
#6879 = STYLED_ITEM ( 'NONE', ( #4602 ), #383 ) ;
#6880 = CARTESIAN_POINT ( 'NONE',  ( 1.331314487054898965, 1.000000000000000000, -2.222366563496354086 ) ) ;
#6881 = CARTESIAN_POINT ( 'NONE',  ( -1.369554585983983941, 1.000000000000000222, -2.379294192103029726 ) ) ;
#6882 = ORIENTED_EDGE ( 'NONE', *, *, #2601, .T. ) ;
#6883 = ORIENTED_EDGE ( 'NONE', *, *, #551, .F. ) ;
#6884 = MECHANICAL_DESIGN_GEOMETRIC_PRESENTATION_REPRESENTATION (  '', ( #6301 ), #448 ) ;
#6885 = LINE ( 'NONE', #6918, #4928 ) ;
#6886 = CARTESIAN_POINT ( 'NONE',  ( 0.9340026560987634285, 0.9999999999999997780, -2.675556189337490842 ) ) ;
#6887 = CYLINDRICAL_SURFACE ( 'NONE', #6901, 0.4999999999999995559 ) ;
#6888 = ORIENTED_EDGE ( 'NONE', *, *, #598, .T. ) ;
#6889 = DIRECTION ( 'NONE',  ( -0.000000000000000000, 1.000000000000000000, -0.000000000000000000 ) ) ;
#6890 = PRESENTATION_LAYER_ASSIGNMENT (  '', '', ( #4460 ) ) ;
#6891 = ORIENTED_EDGE ( 'NONE', *, *, #6913, .F. ) ;
#6892 = VECTOR ( 'NONE', #450, 1000.000000000000000 ) ;
#6893 = DIRECTION ( 'NONE',  ( -1.000000000000000000, 0.000000000000000000, 0.000000000000000000 ) ) ;
#6894 = DIRECTION ( 'NONE',  ( -0.000000000000000000, 1.000000000000000000, -0.000000000000000000 ) ) ;
#6895 = VECTOR ( 'NONE', #2948, 1000.000000000000000 ) ;
#6896 = CARTESIAN_POINT ( 'NONE',  ( 3.315716193979083126, 0.9799999999999999822, -2.701467339603667916 ) ) ;
#6897 = CARTESIAN_POINT ( 'NONE',  ( 0.7297319261113863753, 0.9799999999999999822, -1.715409143662370184 ) ) ;
#6898 = COLOUR_RGB ( '',1.000000000000000000, 1.000000000000000000, 1.000000000000000000 ) ;
#6899 =( LENGTH_UNIT ( ) NAMED_UNIT ( * ) SI_UNIT ( .MILLI., .METRE. ) );
#6900 = EDGE_CURVE ( 'NONE', #6234, #6815, #3028, .T. ) ;
#6901 = AXIS2_PLACEMENT_3D ( 'NONE', #6453, #5897, #3606 ) ;
#6902 = ORIENTED_EDGE ( 'NONE', *, *, #3759, .T. ) ;
#6903 = DIRECTION ( 'NONE',  ( -1.000000000000000000, 0.000000000000000000, 0.000000000000000000 ) ) ;
#6904 = FACE_OUTER_BOUND ( 'NONE', #6248, .T. ) ;
#6905 = EDGE_LOOP ( 'NONE', ( #6021, #2181, #4786, #7117 ) ) ;
#6906 = CARTESIAN_POINT ( 'NONE',  ( 3.619446054768474141, 0.9999999999999997780, -1.691769527411228990 ) ) ;
#6907 = AXIS2_PLACEMENT_3D ( 'NONE', #7003, #5361, #6308 ) ;
#6908 = DIRECTION ( 'NONE',  ( 0.000000000000000000, 1.000000000000000000, 0.000000000000000000 ) ) ;
#6909 = CARTESIAN_POINT ( 'NONE',  ( 4.219999999999999751, 2.250000000000000444, 7.530000000000002025 ) ) ;
#6910 = CARTESIAN_POINT ( 'NONE',  ( 3.840864324441973121, 0.9799999999999995381, -2.391393010974438571 ) ) ;
#6911 = AXIS2_PLACEMENT_3D ( 'NONE', #1217, #2812, #4008 ) ;
#6912 = CARTESIAN_POINT ( 'NONE',  ( 3.524278846153846345, 0.9799999999999999822, -2.730769230769230838 ) ) ;
#6913 = EDGE_CURVE ( 'NONE', #7184, #196, #5413, .T. ) ;
#6914 = CARTESIAN_POINT ( 'NONE',  ( 3.403829906763389257, 0.9799999999999997602, -1.701170856979114410 ) ) ;
#6915 = FACE_OUTER_BOUND ( 'NONE', #30, .T. ) ;
#6916 = ORIENTED_EDGE ( 'NONE', *, *, #3357, .T. ) ;
#6917 = EDGE_LOOP ( 'NONE', ( #5149, #3918, #2550, #5613 ) ) ;
#6918 = CARTESIAN_POINT ( 'NONE',  ( 0.6038461538461535882, 1.000000000000000000, -2.484615384615384670 ) ) ;
#6919 = CARTESIAN_POINT ( 'NONE',  ( 1.139343692243145911, 0.9999999999999997780, -2.575222200027703856 ) ) ;
#6920 = LINE ( 'NONE', #1845, #5384 ) ;
#6921 = DIRECTION ( 'NONE',  ( 0.000000000000000000, -1.000000000000000000, 0.000000000000000000 ) ) ;
#6922 = SURFACE_STYLE_USAGE ( .BOTH. , #4683 ) ;
#6923 = ORIENTED_EDGE ( 'NONE', *, *, #4799, .F. ) ;
#6924 = FACE_OUTER_BOUND ( 'NONE', #4141, .T. ) ;
#6925 = DIRECTION ( 'NONE',  ( -0.000000000000000000, 1.000000000000000000, -0.000000000000000000 ) ) ;
#6926 = CARTESIAN_POINT ( 'NONE',  ( 3.846201770115875718, 1.000000000000000000, -2.661334578638067327 ) ) ;
#6927 = CARTESIAN_POINT ( 'NONE',  ( 2.326923076923076650, 1.000000000000000000, -1.976923076923077005 ) ) ;
#6928 = ORIENTED_EDGE ( 'NONE', *, *, #2212, .T. ) ;
#6929 = CARTESIAN_POINT ( 'NONE',  ( 4.500000000000000000, 2.250000000000000444, 7.530000000000002025 ) ) ;
#6930 = CARTESIAN_POINT ( 'NONE',  ( -1.405760055989559110, 0.9800000000000002043, -2.412228111417435983 ) ) ;
#6931 = EDGE_CURVE ( 'NONE', #5169, #4746, #5485, .T. ) ;
#6932 = B_SPLINE_CURVE_WITH_KNOTS ( 'NONE', 3,
 ( #1215, #1174, #6659, #6104, #5562, #535, #6739, #2766, #3369, #5595, #5634 ),
 .UNSPECIFIED., .F., .F.,
 ( 4, 1, 1, 1, 1, 1, 1, 1, 4 ),
 ( 0.000000000000000000, 0.1016634760927243586, 0.2076361382691220003, 0.3187445673333756391, 0.4366799415637013793, 0.5635066463765689981, 0.6986812076536838001, 0.8444465558739920885, 1.000000000000000000 ),
 .UNSPECIFIED. ) ;
#6933 = COLOUR_RGB ( '',1.000000000000000000, 1.000000000000000000, 1.000000000000000000 ) ;
#6934 = DIRECTION ( 'NONE',  ( -1.000000000000000000, 1.040834085586084059E-15, 0.000000000000000000 ) ) ;
#6935 = CARTESIAN_POINT ( 'NONE',  ( 0.9567343505257720482, 0.9800000000000002043, -1.751489362061791510 ) ) ;
#6936 = DIRECTION ( 'NONE',  ( -1.000000000000000000, 0.000000000000000000, 0.000000000000000000 ) ) ;
#6937 = VERTEX_POINT ( 'NONE', #1534 ) ;
#6938 = VECTOR ( 'NONE', #6987, 1000.000000000000000 ) ;
#6939 = EDGE_CURVE ( 'NONE', #1792, #4571, #1018, .T. ) ;
#6940 = CARTESIAN_POINT ( 'NONE',  ( -3.249999999999999556, 2.750000000000000000, 0.1300000000000016420 ) ) ;
#6941 = ORIENTED_EDGE ( 'NONE', *, *, #5089, .F. ) ;
#6942 = CARTESIAN_POINT ( 'NONE',  ( 3.694039252503541704, 1.000000000000000000, -1.713615857616529015 ) ) ;
#6943 = CARTESIAN_POINT ( 'NONE',  ( 4.376382509346844252, 1.000000000000000222, -1.493416868254552776 ) ) ;
#6944 = COLOUR_RGB ( '',1.000000000000000000, 1.000000000000000000, 1.000000000000000000 ) ;
#6945 = CARTESIAN_POINT ( 'NONE',  ( -1.249999999999999778, 0.000000000000000000, -4.529999999999998472 ) ) ;
#6946 = ORIENTED_EDGE ( 'NONE', *, *, #258, .F. ) ;
#6947 =( GEOMETRIC_REPRESENTATION_CONTEXT ( 3 ) GLOBAL_UNCERTAINTY_ASSIGNED_CONTEXT ( ( #3810 ) ) GLOBAL_UNIT_ASSIGNED_CONTEXT ( ( #790, #3103, #6405 ) ) REPRESENTATION_CONTEXT ( 'NONE', 'WORKASPACE' ) );
#6948 = DIRECTION ( 'NONE',  ( 0.000000000000000000, -1.000000000000000000, 0.000000000000000000 ) ) ;
#6949 = CIRCLE ( 'NONE', #4763, 0.6999999999999992895 ) ;
#6950 = CARTESIAN_POINT ( 'NONE',  ( 1.342307692307692202, 0.9799999999999999822, -2.083173076923077183 ) ) ;
#6951 = EDGE_CURVE ( 'NONE', #3324, #1556, #2593, .T. ) ;
#6952 = DIRECTION ( 'NONE',  ( 0.000000000000000000, 0.000000000000000000, -1.000000000000000000 ) ) ;
#6953 = VECTOR ( 'NONE', #2454, 1000.000000000000114 ) ;
#6954 = LINE ( 'NONE', #4751, #826 ) ;
#6955 = CARTESIAN_POINT ( 'NONE',  ( 3.750000000000000000, 0.000000000000000000, -5.229999999999998650 ) ) ;
#6956 = CARTESIAN_POINT ( 'NONE',  ( 3.149999999999998135, 2.799999999999999822, 7.330000000000000071 ) ) ;
#6957 = VERTEX_POINT ( 'NONE', #7202 ) ;
#6958 = ORIENTED_EDGE ( 'NONE', *, *, #963, .F. ) ;
#6959 = VECTOR ( 'NONE', #5949, 1000.000000000000000 ) ;
#6960 = CARTESIAN_POINT ( 'NONE',  ( 4.122326420609162767, 0.9999999999999997780, -1.985635159703083907 ) ) ;
#6961 = CARTESIAN_POINT ( 'NONE',  ( 1.310633268986746591, 1.000000000000000000, -2.307893310465048309 ) ) ;
#6962 = FILL_AREA_STYLE ('',( #1961 ) ) ;
#6963 = PLANE ( 'NONE',  #3893 ) ;
#6964 = SURFACE_STYLE_FILL_AREA ( #2427 ) ;
#6965 = EDGE_LOOP ( 'NONE', ( #6855, #1682, #418, #808 ) ) ;
#6966 = DIRECTION ( 'NONE',  ( -0.9994604207224035974, 0.000000000000000000, 0.03284611711292630132 ) ) ;
#6967 = CARTESIAN_POINT ( 'NONE',  ( -5.369382187547255030E-16, 2.599999999999997868, 7.530000000000002025 ) ) ;
#6968 = PRESENTATION_LAYER_ASSIGNMENT (  '', '', ( #873 ) ) ;
#6969 = CARTESIAN_POINT ( 'NONE',  ( 3.931351406233436041, 0.9799999999999999822, -2.608880856177456131 ) ) ;
#6970 = EDGE_CURVE ( 'NONE', #3680, #7180, #4856, .T. ) ;
#6971 =( NAMED_UNIT ( * ) SI_UNIT ( $, .STERADIAN. ) SOLID_ANGLE_UNIT ( ) );
#6972 = ORIENTED_EDGE ( 'NONE', *, *, #4061, .F. ) ;
#6973 = FACE_OUTER_BOUND ( 'NONE', #112, .T. ) ;
#6974 = DIRECTION ( 'NONE',  ( 0.000000000000000000, 1.000000000000000000, 0.000000000000000000 ) ) ;
#6975 = MECHANICAL_DESIGN_GEOMETRIC_PRESENTATION_REPRESENTATION (  '', ( #2751 ), #4462 ) ;
#6976 = CARTESIAN_POINT ( 'NONE',  ( 3.487532181476933779, 0.9800000000000002043, -2.730503372391977379 ) ) ;
#6977 = DIRECTION ( 'NONE',  ( -0.000000000000000000, 0.000000000000000000, -1.000000000000000000 ) ) ;
#6978 = FACE_OUTER_BOUND ( 'NONE', #38, .T. ) ;
#6979 = DIRECTION ( 'NONE',  ( -0.000000000000000000, 1.000000000000000000, -0.000000000000000000 ) ) ;
#6980 = ORIENTED_EDGE ( 'NONE', *, *, #1923, .F. ) ;
#6981 =( NAMED_UNIT ( * ) PLANE_ANGLE_UNIT ( ) SI_UNIT ( $, .RADIAN. ) );
#6982 = CARTESIAN_POINT ( 'NONE',  ( -1.399551462079047015, 0.9999999999999995559, -1.773181274320753342 ) ) ;
#6983 = ORIENTED_EDGE ( 'NONE', *, *, #4588, .T. ) ;
#6984 = CARTESIAN_POINT ( 'NONE',  ( 1.126076402041340518, 1.000000000000000222, -2.133394881843516444 ) ) ;
#6985 = CARTESIAN_POINT ( 'NONE',  ( 3.503588758242764722, 0.9800000000000002043, -2.515007888535688352 ) ) ;
#6986 = DIRECTION ( 'NONE',  ( 0.000000000000000000, -1.000000000000000000, 0.000000000000000000 ) ) ;
#6987 = DIRECTION ( 'NONE',  ( -0.000000000000000000, 1.000000000000000000, -0.000000000000000000 ) ) ;
#6988 = ORIENTED_EDGE ( 'NONE', *, *, #4025, .F. ) ;
#6989 = VERTEX_POINT ( 'NONE', #3821 ) ;
#6990 =( NAMED_UNIT ( * ) SI_UNIT ( $, .STERADIAN. ) SOLID_ANGLE_UNIT ( ) );
#6991 = CARTESIAN_POINT ( 'NONE',  ( 4.556432752012588239, 0.9799999999999997602, -1.589899587244813839 ) ) ;
#6992 = CARTESIAN_POINT ( 'NONE',  ( -1.050607031441156636, 1.000000000000000000, -2.130761294353221924 ) ) ;
#6993 = CARTESIAN_POINT ( 'NONE',  ( 1.342103167435893196, 1.000000000000000222, -2.099206800070118284 ) ) ;
#6994 = SURFACE_SIDE_STYLE ('',( #3071 ) ) ;
#6995 = ADVANCED_FACE ( 'NONE', ( #7062 ), #5995, .T. ) ;
#6996 = ORIENTED_EDGE ( 'NONE', *, *, #1037, .F. ) ;
#6997 = PRESENTATION_STYLE_ASSIGNMENT (( #3076 ) ) ;
#6998 = MECHANICAL_DESIGN_GEOMETRIC_PRESENTATION_REPRESENTATION (  '', ( #5145 ), #1736 ) ;
#6999 = FILL_AREA_STYLE ('',( #3077 ) ) ;
#7000 = CARTESIAN_POINT ( 'NONE',  ( 3.391929461198757156, 1.000000000000000000, -2.499266855089187001 ) ) ;
#7001 = CARTESIAN_POINT ( 'NONE',  ( -3.750000000000000000, 0.9799999999999999822, -4.529999999999998472 ) ) ;
#7002 = CARTESIAN_POINT ( 'NONE',  ( -0.4192307692307690736, 0.9799999999999999822, -1.838461538461538813 ) ) ;
#7003 = CARTESIAN_POINT ( 'NONE',  ( -3.249999999999999112, 2.250000000000000000, 6.830000000000001847 ) ) ;
#7004 = FILL_AREA_STYLE ('',( #4803 ) ) ;
#7005 = MECHANICAL_DESIGN_GEOMETRIC_PRESENTATION_REPRESENTATION (  '', ( #1283 ), #683 ) ;
#7006 = EDGE_CURVE ( 'NONE', #2984, #777, #6548, .T. ) ;
#7007 = SURFACE_STYLE_FILL_AREA ( #5831 ) ;
#7008 = DIRECTION ( 'NONE',  ( 0.000000000000000000, 0.000000000000000000, 1.000000000000000000 ) ) ;
#7009 = ORIENTED_EDGE ( 'NONE', *, *, #5360, .T. ) ;
#7010 = CARTESIAN_POINT ( 'NONE',  ( 3.978132514172022294, 0.9999999999999993339, -1.664499468193611831 ) ) ;
#7011 = DIRECTION ( 'NONE',  ( -0.000000000000000000, 1.000000000000000000, -0.000000000000000000 ) ) ;
#7012 = CARTESIAN_POINT ( 'NONE',  ( 0.6598557692307689404, 0.9799999999999999822, -2.700000000000000178 ) ) ;
#7013 = AXIS2_PLACEMENT_3D ( 'NONE', #4495, #1758, #5670 ) ;
#7014 = FILL_AREA_STYLE ('',( #2517 ) ) ;
#7015 = COLOUR_RGB ( '',0.5019607843137254832, 0.5019607843137254832, 0.5019607843137254832 ) ;
#7016 = CARTESIAN_POINT ( 'NONE',  ( -1.291710051538542903, 0.9999999999999995559, -1.920409797398147989 ) ) ;
#7017 = ORIENTED_EDGE ( 'NONE', *, *, #6279, .F. ) ;
#7018 = UNCERTAINTY_MEASURE_WITH_UNIT (LENGTH_MEASURE( 1.000000000000000082E-05 ), #5809, 'distance_accuracy_value', 'NONE');
#7019 = CARTESIAN_POINT ( 'NONE',  ( 4.297396182817280419, 1.000000000000000222, -1.589890280025808567 ) ) ;
#7020 = STYLED_ITEM ( 'NONE', ( #4790 ), #4716 ) ;
#7021 = ORIENTED_EDGE ( 'NONE', *, *, #3737, .F. ) ;
#7022 = SURFACE_SIDE_STYLE ('',( #2556 ) ) ;
#7023 = CARTESIAN_POINT ( 'NONE',  ( 0.8585021310626739233, 1.000000000000000000, -1.724239591707438235 ) ) ;
#7024 =( GEOMETRIC_REPRESENTATION_CONTEXT ( 3 ) GLOBAL_UNCERTAINTY_ASSIGNED_CONTEXT ( ( #982 ) ) GLOBAL_UNIT_ASSIGNED_CONTEXT ( ( #2862, #140, #3007 ) ) REPRESENTATION_CONTEXT ( 'NONE', 'WORKASPACE' ) );
#7025 = CARTESIAN_POINT ( 'NONE',  ( 0.7392776359132106068, 1.000000000000000000, -2.483925317998095572 ) ) ;
#7026 = UNCERTAINTY_MEASURE_WITH_UNIT (LENGTH_MEASURE( 1.000000000000000082E-05 ), #5655, 'distance_accuracy_value', 'NONE');
#7027 = CARTESIAN_POINT ( 'NONE',  ( -3.249999999999998668, 1.000000000000000000, 0.1300000000000016420 ) ) ;
#7028 = CARTESIAN_POINT ( 'NONE',  ( 0.8362677299024783295, 1.000000000000000000, -2.691390507887257311 ) ) ;
#7029 = CARTESIAN_POINT ( 'NONE',  ( -6.000000000000001776, 1.000000000000000000, 6.830000000000001847 ) ) ;
#7030 =( GEOMETRIC_REPRESENTATION_CONTEXT ( 3 ) GLOBAL_UNCERTAINTY_ASSIGNED_CONTEXT ( ( #4827 ) ) GLOBAL_UNIT_ASSIGNED_CONTEXT ( ( #4657, #3538, #2433 ) ) REPRESENTATION_CONTEXT ( 'NONE', 'WORKASPACE' ) );
#7031 = ORIENTED_EDGE ( 'NONE', *, *, #3528, .T. ) ;
#7032 = CARTESIAN_POINT ( 'NONE',  ( 3.766754532572594183, 1.000000000000000222, -1.511037457077952340 ) ) ;
#7033 = CARTESIAN_POINT ( 'NONE',  ( 1.191917029476874612, 0.9799999999999999822, -2.522308471146830211 ) ) ;
#7034 = CARTESIAN_POINT ( 'NONE',  ( 0.6038461538461535882, 0.9799999999999999822, -1.715384615384615508 ) ) ;
#7035 = DIRECTION ( 'NONE',  ( 0.000000000000000000, 1.000000000000000000, 0.000000000000000000 ) ) ;
#7036 = EDGE_CURVE ( 'NONE', #3100, #3704, #1219, .T. ) ;
#7037 = STYLED_ITEM ( 'NONE', ( #6633 ), #5886 ) ;
#7038 = CARTESIAN_POINT ( 'NONE',  ( 3.316288959897484734, 1.000000000000000000, -2.469350492193210123 ) ) ;
#7039 = DIRECTION ( 'NONE',  ( 0.000000000000000000, 0.000000000000000000, 1.000000000000000000 ) ) ;
#7040 = CARTESIAN_POINT ( 'NONE',  ( -4.058413461538461497, 0.9799999999999999822, -2.700000000000000178 ) ) ;
#7041 = LINE ( 'NONE', #1408, #6666 ) ;
#7042 = CARTESIAN_POINT ( 'NONE',  ( 3.193985322808112759, 0.9799999999999999822, -2.648940257519353469 ) ) ;
#7043 = FILL_AREA_STYLE_COLOUR ( '', #6193 ) ;
#7044 = ORIENTED_EDGE ( 'NONE', *, *, #6561, .F. ) ;
#7045 = CARTESIAN_POINT ( 'NONE',  ( 3.693350683047618599, 0.9799999999999999822, -1.487482227691808934 ) ) ;
#7046 = CARTESIAN_POINT ( 'NONE',  ( 1.100597640769149788, 0.9799999999999999822, -1.920409797398147989 ) ) ;
#7047 = CARTESIAN_POINT ( 'NONE',  ( 2.881194464988898751, 0.9999999999999997780, -2.125586450420523743 ) ) ;
#7048 = EDGE_CURVE ( 'NONE', #7051, #6319, #4634, .T. ) ;
#7049 = VECTOR ( 'NONE', #1844, 1000.000000000000000 ) ;
#7050 = CARTESIAN_POINT ( 'NONE',  ( -1.095029052076768705, 1.000000000000000222, -1.828541687717118780 ) ) ;
#7051 = VERTEX_POINT ( 'NONE', #2871 ) ;
#7052 = CARTESIAN_POINT ( 'NONE',  ( 1.099357222556580416, 0.9799999999999999822, -2.259370600705898902 ) ) ;
#7053 = CARTESIAN_POINT ( 'NONE',  ( 3.353145266564293347, 0.9800000000000002043, -2.486267179209729505 ) ) ;
#7054 = FILL_AREA_STYLE_COLOUR ( '', #2168 ) ;
#7055 = ADVANCED_FACE ( 'NONE', ( #4598 ), #1830, .F. ) ;
#7056 = VERTEX_POINT ( 'NONE', #6136 ) ;
#7057 =( NAMED_UNIT ( * ) PLANE_ANGLE_UNIT ( ) SI_UNIT ( $, .RADIAN. ) );
#7058 = STYLED_ITEM ( 'NONE', ( #2647 ), #3754 ) ;
#7059 = SURFACE_SIDE_STYLE ('',( #4854 ) ) ;
#7060 = CARTESIAN_POINT ( 'NONE',  ( -1.081674423320946099, 1.000000000000000222, -2.307893310465048309 ) ) ;
#7061 = AXIS2_PLACEMENT_3D ( 'NONE', #5825, #6966, #5392 ) ;
#7062 = FACE_OUTER_BOUND ( 'NONE', #6506, .T. ) ;
#7063 = FILL_AREA_STYLE_COLOUR ( '', #2831 ) ;
#7064 = VERTEX_POINT ( 'NONE', #603 ) ;
#7065 = EDGE_CURVE ( 'NONE', #6442, #2425, #3927, .T. ) ;
#7066 = AXIS2_PLACEMENT_3D ( 'NONE', #3756, #1545, #4901 ) ;
#7067 = COLOUR_RGB ( '',0.7921568627450980005, 0.8196078431372548767, 0.9333333333333333481 ) ;
#7068 = CARTESIAN_POINT ( 'NONE',  ( -3.249999999999999112, 1.279999999999999805, -8.655624622074400421 ) ) ;
#7069 = CARTESIAN_POINT ( 'NONE',  ( 3.750000000000000000, 0.02000000000000000042, -5.229999999999998650 ) ) ;
#7070 = COLOUR_RGB ( '',1.000000000000000000, 1.000000000000000000, 1.000000000000000000 ) ;
#7071 = DIRECTION ( 'NONE',  ( -0.000000000000000000, -1.000000000000000000, -0.000000000000000000 ) ) ;
#7072 = FILL_AREA_STYLE ('',( #1926 ) ) ;
#7073 = LINE ( 'NONE', #3832, #4388 ) ;
#7074 = AXIS2_PLACEMENT_3D ( 'NONE', #666, #5687, #4660 ) ;
#7075 = MANIFOLD_SOLID_BREP ( 'Cut-Extrude5', #3501 ) ;
#7076 = CARTESIAN_POINT ( 'NONE',  ( 3.716619743208994464, 1.000000000000000000, -1.724099189595294845 ) ) ;
#7077 = DIRECTION ( 'NONE',  ( -0.000000000000000000, 1.000000000000000000, -0.000000000000000000 ) ) ;
#7078 = AXIS2_PLACEMENT_3D ( 'NONE', #7182, #3381, #623 ) ;
#7079 = CARTESIAN_POINT ( 'NONE',  ( 3.730774788138872644, 0.9999999999999995559, -1.498093476204892305 ) ) ;
#7080 = SURFACE_STYLE_FILL_AREA ( #381 ) ;
#7081 = CARTESIAN_POINT ( 'NONE',  ( 2.882034176499216560, 0.9800000000000002043, -2.164244895472430041 ) ) ;
#7082 = EDGE_CURVE ( 'NONE', #5764, #2873, #4102, .T. ) ;
#7083 = DIRECTION ( 'NONE',  ( 0.000000000000000000, 1.000000000000000000, 0.000000000000000000 ) ) ;
#7084 = SURFACE_STYLE_FILL_AREA ( #4188 ) ;
#7085 = ORIENTED_EDGE ( 'NONE', *, *, #83, .F. ) ;
#7086 = CARTESIAN_POINT ( 'NONE',  ( 1.120679172633726850, 1.000000000000000444, -2.178044090144684031 ) ) ;
#7087 = UNCERTAINTY_MEASURE_WITH_UNIT (LENGTH_MEASURE( 1.000000000000000082E-05 ), #6635, 'distance_accuracy_value', 'NONE');
#7088 = CARTESIAN_POINT ( 'NONE',  ( 3.675642829916731635, 0.9799999999999997602, -2.716866357621625205 ) ) ;
#7089 = EDGE_LOOP ( 'NONE', ( #4741, #1267, #2361, #4019, #5453, #1664, #5218, #1245 ) ) ;
#7090 = UNCERTAINTY_MEASURE_WITH_UNIT (LENGTH_MEASURE( 1.000000000000000082E-05 ), #5264, 'distance_accuracy_value', 'NONE');
#7091 = ADVANCED_FACE ( 'NONE', ( #6695 ), #2803, .T. ) ;
#7092 = CARTESIAN_POINT ( 'NONE',  ( 4.536629737879824376, 1.000000000000000222, -1.688986639685390312 ) ) ;
#7093 = CARTESIAN_POINT ( 'NONE',  ( 3.534615384615384936, 0.9799999999999999822, -1.684615384615384848 ) ) ;
#7094 = VERTEX_POINT ( 'NONE', #5733 ) ;
#7095 = LINE ( 'NONE', #5455, #1404 ) ;
#7096 = DIRECTION ( 'NONE',  ( 1.000000000000000000, 0.000000000000000000, 0.000000000000000000 ) ) ;
#7097 = DIRECTION ( 'NONE',  ( 0.000000000000000000, 0.000000000000000000, -1.000000000000000000 ) ) ;
#7098 =( NAMED_UNIT ( * ) PLANE_ANGLE_UNIT ( ) SI_UNIT ( $, .RADIAN. ) );
#7099 = DIRECTION ( 'NONE',  ( 1.000000000000000000, 0.000000000000000000, 0.000000000000000000 ) ) ;
#7100 = FACE_OUTER_BOUND ( 'NONE', #2929, .T. ) ;
#7101 = CARTESIAN_POINT ( 'NONE',  ( -6.000000000000001776, 0.000000000000000000, 6.830000000000001847 ) ) ;
#7102 = CIRCLE ( 'NONE', #786, 0.6999999999999992895 ) ;
#7103 = CARTESIAN_POINT ( 'NONE',  ( 4.122326420609162767, 0.9799999999999997602, -1.985635159703083907 ) ) ;
#7104 = LINE ( 'NONE', #412, #1756 ) ;
#7105 = DIRECTION ( 'NONE',  ( -0.000000000000000000, -0.000000000000000000, 1.000000000000000000 ) ) ;
#7106 = ORIENTED_EDGE ( 'NONE', *, *, #1528, .T. ) ;
#7107 =( NAMED_UNIT ( * ) PLANE_ANGLE_UNIT ( ) SI_UNIT ( $, .RADIAN. ) );
#7108 =( NAMED_UNIT ( * ) PLANE_ANGLE_UNIT ( ) SI_UNIT ( $, .RADIAN. ) );
#7109 = VECTOR ( 'NONE', #2529, 1000.000000000000000 ) ;
#7110 = CARTESIAN_POINT ( 'NONE',  ( -1.653030056394481528, 0.9799999999999997602, -2.483925317998095572 ) ) ;
#7111 = CARTESIAN_POINT ( 'NONE',  ( 3.125722544454802687, 0.9799999999999995381, -2.264378128668183443 ) ) ;
#7112 = ORIENTED_EDGE ( 'NONE', *, *, #3707, .F. ) ;
#7113 = EDGE_CURVE ( 'NONE', #2019, #498, #2726, .T. ) ;
#7114 = CARTESIAN_POINT ( 'NONE',  ( 4.042067307692308376, 1.000000000000000000, -2.509134615384615241 ) ) ;
#7115 = MECHANICAL_DESIGN_GEOMETRIC_PRESENTATION_REPRESENTATION (  '', ( #3867 ), #6429 ) ;
#7116 = CARTESIAN_POINT ( 'NONE',  ( -1.271896957849105281, 0.9999999999999997780, -1.998379573614586624 ) ) ;
#7117 = ORIENTED_EDGE ( 'NONE', *, *, #6511, .T. ) ;
#7118 = PRESENTATION_LAYER_ASSIGNMENT (  '', '', ( #4472 ) ) ;
#7119 = CARTESIAN_POINT ( 'NONE',  ( 3.096153846153846700, 0.9799999999999999822, -2.106250000000000622 ) ) ;
#7120 = CARTESIAN_POINT ( 'NONE',  ( -1.184319659722932183, 0.9799999999999997602, -1.675745577443358059 ) ) ;
#7121 = ORIENTED_EDGE ( 'NONE', *, *, #5454, .T. ) ;
#7122 = CARTESIAN_POINT ( 'NONE',  ( 4.426923076923076295, 0.9999999999999997780, -1.484615384615384892 ) ) ;
#7123 = AXIS2_PLACEMENT_3D ( 'NONE', #6211, #3297, #1099 ) ;
#7124 = B_SPLINE_SURFACE_WITH_KNOTS ( 'NONE', 3, 1, ( 
 ( #2184, #4476 ),
 ( #5059, #1041 ),
 ( #6682, #5509 ),
 ( #6157, #3912 ),
 ( #7187, #483 ),
 ( #1630, #3876 ),
 ( #521, #6124 ),
 ( #3353, #5581 ),
 ( #7110, #1155 ),
 ( #3390, #3685 ),
 ( #5093, #6377 ) ),
 .UNSPECIFIED., .F., .F., .F.,
 ( 4, 1, 1, 1, 1, 1, 1, 1, 4 ),
 ( 2, 2 ),
 ( 0.000000000000000000, 0.1016634760927243586, 0.2076361382691220003, 0.3187445673333756391, 0.4366799415637013793, 0.5635066463765689981, 0.6986812076536838001, 0.8444465558739920885, 1.000000000000000000 ),
 ( 0.000000000000000000, 1.000000000000000000 ),
 .UNSPECIFIED. ) ;
#7125 = ORIENTED_EDGE ( 'NONE', *, *, #1252, .T. ) ;
#7126 = EDGE_CURVE ( 'NONE', #4571, #3680, #3696, .T. ) ;
#7127 = STYLED_ITEM ( 'NONE', ( #2743 ), #5018 ) ;
#7128 = UNCERTAINTY_MEASURE_WITH_UNIT (LENGTH_MEASURE( 1.000000000000000082E-05 ), #2062, 'distance_accuracy_value', 'NONE');
#7129 = PRESENTATION_LAYER_ASSIGNMENT (  '', '', ( #3044 ) ) ;
#7130 = CARTESIAN_POINT ( 'NONE',  ( 3.866245429234392628, 0.9999999999999997780, -1.563791163236879722 ) ) ;
#7131 = CARTESIAN_POINT ( 'NONE',  ( 4.296574432511615527, 1.000000000000000000, -1.607071653452507132 ) ) ;
#7132 = CARTESIAN_POINT ( 'NONE',  ( 3.534615384615384936, 1.000000000000000000, -1.684615384615384848 ) ) ;
#7133 = CARTESIAN_POINT ( 'NONE',  ( 4.316926376772575402, 0.9800000000000004263, -1.689057704615967825 ) ) ;
#7134 = CYLINDRICAL_SURFACE ( 'NONE', #992, 0.6999999999999992895 ) ;
#7135 =( LENGTH_UNIT ( ) NAMED_UNIT ( * ) SI_UNIT ( .MILLI., .METRE. ) );
#7136 = CARTESIAN_POINT ( 'NONE',  ( 2.019230769230768718, 0.9799999999999999822, -2.469230769230769784 ) ) ;
#7137 = DIRECTION ( 'NONE',  ( -0.000000000000000000, 0.000000000000000000, -1.000000000000000000 ) ) ;
#7138 =( NAMED_UNIT ( * ) PLANE_ANGLE_UNIT ( ) SI_UNIT ( $, .RADIAN. ) );
#7139 = FACE_OUTER_BOUND ( 'NONE', #1406, .T. ) ;
#7140 = COLOUR_RGB ( '',0.5019607843137254832, 0.5019607843137254832, 0.5019607843137254832 ) ;
#7141 = FACE_OUTER_BOUND ( 'NONE', #597, .T. ) ;
#7142 = CARTESIAN_POINT ( 'NONE',  ( 4.452736500423738697, 0.9999999999999997780, -1.744738558145270346 ) ) ;
#7143 = DIRECTION ( 'NONE',  ( -1.000000000000000000, 0.000000000000000000, 0.000000000000000000 ) ) ;
#7144 = EDGE_LOOP ( 'NONE', ( #6154, #5716 ) ) ;
#7145 = CARTESIAN_POINT ( 'NONE',  ( 3.952343392855576898, 0.9999999999999997780, -1.636143998798361254 ) ) ;
#7146 = CARTESIAN_POINT ( 'NONE',  ( 1.040224265419077199, 0.9999999999999988898, -1.816999407971625180 ) ) ;
#7147 = ORIENTED_EDGE ( 'NONE', *, *, #1252, .F. ) ;
#7148 = ADVANCED_FACE ( 'NONE', ( #4193 ), #5240, .F. ) ;
#7149 = FILL_AREA_STYLE ('',( #2710 ) ) ;
#7150 = AXIS2_PLACEMENT_3D ( 'NONE', #3332, #1759, #3484 ) ;
#7151 = DIRECTION ( 'NONE',  ( 1.000000000000000000, 0.000000000000000000, 0.000000000000000000 ) ) ;
#7152 = CARTESIAN_POINT ( 'NONE',  ( 3.247935617625323790, 0.9800000000000004263, -2.424391970406647889 ) ) ;
#7153 = ORIENTED_EDGE ( 'NONE', *, *, #1635, .F. ) ;
#7154 = CARTESIAN_POINT ( 'NONE',  ( -1.709613860324706414, 0.9799999999999999822, -1.500074585785847514 ) ) ;
#7155 = CARTESIAN_POINT ( 'NONE',  ( -3.750000000000000000, 0.02000000000000000042, -4.529999999999998472 ) ) ;
#7156 = CARTESIAN_POINT ( 'NONE',  ( -1.352083426888615492, 1.000000000000000000, -1.816999407971625180 ) ) ;
#7157 = ORIENTED_EDGE ( 'NONE', *, *, #4351, .F. ) ;
#7158 =( LENGTH_UNIT ( ) NAMED_UNIT ( * ) SI_UNIT ( .MILLI., .METRE. ) );
#7159 = CARTESIAN_POINT ( 'NONE',  ( 4.548775608636707268, 1.000000000000000222, -1.565212834791893659 ) ) ;
#7160 = ORIENTED_EDGE ( 'NONE', *, *, #7211, .F. ) ;
#7161 = DIRECTION ( 'NONE',  ( 0.000000000000000000, 0.000000000000000000, 1.000000000000000000 ) ) ;
#7162 = VERTEX_POINT ( 'NONE', #4109 ) ;
#7163 = ADVANCED_FACE ( 'NONE', ( #5844 ), #824, .T. ) ;
#7164 = VECTOR ( 'NONE', #6326, 1000.000000000000000 ) ;
#7165 = LINE ( 'NONE', #1499, #5952 ) ;
#7166 = CARTESIAN_POINT ( 'NONE',  ( 3.858684383046074640, 0.9800000000000002043, -1.873284901088208665 ) ) ;
#7167 = FACE_BOUND ( 'NONE', #1338, .T. ) ;
#7168 = VECTOR ( 'NONE', #5462, 999.9999999999998863 ) ;
#7169 = FILL_AREA_STYLE ('',( #6034 ) ) ;
#7170 = EDGE_CURVE ( 'NONE', #2519, #6440, #187, .T. ) ;
#7171 = CARTESIAN_POINT ( 'NONE',  ( -1.265384615384615996, 1.000000000000000222, -2.087019230769231459 ) ) ;
#7172 = CARTESIAN_POINT ( 'NONE',  ( 0.8369145872113622486, 0.9799999999999997602, -2.471993520198598304 ) ) ;
#7173 = MECHANICAL_DESIGN_GEOMETRIC_PRESENTATION_REPRESENTATION (  '', ( #4980 ), #287 ) ;
#7174 = DIRECTION ( 'NONE',  ( 0.000000000000000000, -0.000000000000000000, 1.000000000000000000 ) ) ;
#7175 = CARTESIAN_POINT ( 'NONE',  ( -1.788461538461538769, 0.9799999999999999822, -1.715384615384615508 ) ) ;
#7176 =( GEOMETRIC_REPRESENTATION_CONTEXT ( 3 ) GLOBAL_UNCERTAINTY_ASSIGNED_CONTEXT ( ( #534 ) ) GLOBAL_UNIT_ASSIGNED_CONTEXT ( ( #6765, #644, #5138 ) ) REPRESENTATION_CONTEXT ( 'NONE', 'WORKASPACE' ) );
#7177 = CARTESIAN_POINT ( 'NONE',  ( 3.645554217126922403, 1.000000000000000000, -1.697137100233354845 ) ) ;
#7178 =( GEOMETRIC_REPRESENTATION_CONTEXT ( 3 ) GLOBAL_UNCERTAINTY_ASSIGNED_CONTEXT ( ( #197 ) ) GLOBAL_UNIT_ASSIGNED_CONTEXT ( ( #6742, #6773, #3414 ) ) REPRESENTATION_CONTEXT ( 'NONE', 'WORKASPACE' ) );
#7179 = EDGE_CURVE ( 'NONE', #1709, #2445, #4706, .T. ) ;
#7180 = VERTEX_POINT ( 'NONE', #6909 ) ;
#7181 = CARTESIAN_POINT ( 'NONE',  ( -1.225874765554582968, 0.9799999999999999822, -2.550161286182537346 ) ) ;
#7182 = CARTESIAN_POINT ( 'NONE',  ( -1.788461538461538769, 0.9799999999999999822, -2.484615384615384670 ) ) ;
#7183 =( LENGTH_UNIT ( ) NAMED_UNIT ( * ) SI_UNIT ( .MILLI., .METRE. ) );
#7184 = VERTEX_POINT ( 'NONE', #4148 ) ;
#7185 = CARTESIAN_POINT ( 'NONE',  ( 1.025275518432263278, 1.000000000000000000, -1.800847901605126866 ) ) ;
#7186 = VECTOR ( 'NONE', #5577, 1000.000000000000000 ) ;
#7187 = CARTESIAN_POINT ( 'NONE',  ( -1.473030951027076263, 0.9799999999999999822, -2.448142915585495238 ) ) ;
#7188 = B_SPLINE_SURFACE_WITH_KNOTS ( 'NONE', 3, 1, ( 
 ( #5405, #6645 ),
 ( #5094, #3391 ),
 ( #4479, #3992 ),
 ( #2829, #1157 ),
 ( #2791, #2298 ),
 ( #67, #6158 ),
 ( #4555, #6617 ),
 ( #2149, #485 ),
 ( #594, #555 ),
 ( #5061, #3844 ),
 ( #6684, #5472 ),
 ( #2186, #2713 ),
 ( #7225, #1739 ),
 ( #1044, #4985 ),
 ( #1005, #3243 ),
 ( #4513, #452 ),
 ( #4404, #6126 ),
 ( #4437, #1600 ),
 ( #2682, #4951 ),
 ( #7190, #1672 ),
 ( #36, #5547 ),
 ( #7154, #1632 ),
 ( #3281, #3878 ) ),
 .UNSPECIFIED., .F., .F., .F.,
 ( 4, 1, 1, 1, 1, 1, 1, 1, 1, 1, 1, 1, 1, 1, 1, 1, 1, 1, 1, 1, 4 ),
 ( 2, 2 ),
 ( 0.000000000000000000, 0.06577294654616611114, 0.1294778953864831605, 0.1914300882723854180, 0.2524456684589037603, 0.3117869583861930805, 0.3688175499237479338, 0.4240915179529632928, 0.4784921057091159891, 0.5313937439562549381, 0.5820039702205108689, 0.6312012707438624526, 0.6795030077413394265, 0.7055613742938304789, 0.7352217229481216032, 0.7691324857524239889, 0.8068583199113332771, 0.8489297713697361303, 0.8951166613253597193, 0.9454698037689632795, 1.000000000000000000 ),
 ( 0.000000000000000000, 1.000000000000000000 ),
 .UNSPECIFIED. ) ;
#7189 = FACE_OUTER_BOUND ( 'NONE', #2910, .T. ) ;
#7190 = CARTESIAN_POINT ( 'NONE',  ( -1.621622414588394623, 0.9799999999999999822, -1.501794183810177152 ) ) ;
#7191 = FACE_OUTER_BOUND ( 'NONE', #6361, .T. ) ;
#7192 = CARTESIAN_POINT ( 'NONE',  ( -1.265528724264681770, 1.000000000000000222, -2.076760214500665835 ) ) ;
#7193 = COLOUR_RGB ( '',1.000000000000000000, 1.000000000000000000, 1.000000000000000000 ) ;
#7194 = ORIENTED_EDGE ( 'NONE', *, *, #5535, .T. ) ;
#7195 = SURFACE_SIDE_STYLE ('',( #4917 ) ) ;
#7196 = CARTESIAN_POINT ( 'NONE',  ( 3.097141506061015903, 0.9799999999999999822, -2.063342164923021471 ) ) ;
#7197 = CARTESIAN_POINT ( 'NONE',  ( 4.499875823712194745, 1.000000000000000000, -1.505822946830044584 ) ) ;
#7198 = EDGE_LOOP ( 'NONE', ( #4857, #2620, #1146, #4081 ) ) ;
#7199 = CARTESIAN_POINT ( 'NONE',  ( 1.128056858081354363, 1.000000000000000000, -1.599821915657939408 ) ) ;
#7200 = FACE_BOUND ( 'NONE', #4504, .T. ) ;
#7201 = VECTOR ( 'NONE', #6952, 1000.000000000000000 ) ;
#7202 = CARTESIAN_POINT ( 'NONE',  ( 3.750000000000000000, 0.000000000000000000, -3.829999999999998739 ) ) ;
#7203 = LINE ( 'NONE', #44, #3561 ) ;
#7204 = B_SPLINE_CURVE_WITH_KNOTS ( 'NONE', 3,
 ( #5826, #5863, #841, #3079, #6419, #1402, #3649, #2265, #527, #5067, #3290 ),
 .UNSPECIFIED., .F., .F.,
 ( 4, 1, 1, 1, 1, 1, 1, 1, 4 ),
 ( 0.000000000000000000, 0.1289756962903355342, 0.2566142768832946341, 0.3823748611154020316, 0.5074502079341302041, 0.6312318059159224282, 0.7542207153102958861, 0.8773008482791450069, 1.000000000000000000 ),
 .UNSPECIFIED. ) ;
#7205 = EDGE_LOOP ( 'NONE', ( #2335, #4709 ) ) ;
#7206 = CARTESIAN_POINT ( 'NONE',  ( 0.7392776359132106068, 0.9799999999999999822, -2.483925317998095572 ) ) ;
#7207 = CARTESIAN_POINT ( 'NONE',  ( 4.557692307692307487, 0.9799999999999999822, -1.615865384615384759 ) ) ;
#7208 = FACE_OUTER_BOUND ( 'NONE', #6905, .T. ) ;
#7209 = CARTESIAN_POINT ( 'NONE',  ( 0.7706852777192975124, 1.000000000000000222, -1.501794183810177818 ) ) ;
#7210 = SURFACE_SIDE_STYLE ('',( #5327 ) ) ;
#7211 = EDGE_CURVE ( 'NONE', #6303, #2759, #2431, .T. ) ;
#7212 = CARTESIAN_POINT ( 'NONE',  ( 3.249999999999999556, 1.000000000000000000, 6.830000000000001847 ) ) ;
#7213 = DIRECTION ( 'NONE',  ( -0.000000000000000000, 1.000000000000000000, -0.000000000000000000 ) ) ;
#7214 =( NAMED_UNIT ( * ) SI_UNIT ( $, .STERADIAN. ) SOLID_ANGLE_UNIT ( ) );
#7215 =( LENGTH_UNIT ( ) NAMED_UNIT ( * ) SI_UNIT ( .MILLI., .METRE. ) );
#7216 = ORIENTED_EDGE ( 'NONE', *, *, #3245, .T. ) ;
#7217 = LINE ( 'NONE', #2855, #4104 ) ;
#7218 = CARTESIAN_POINT ( 'NONE',  ( -4.220000000000000639, 2.750000000000000000, 7.530000000000002025 ) ) ;
#7219 = CARTESIAN_POINT ( 'NONE',  ( -1.252964000064546557, 1.000000000000000000, -2.575222200027703856 ) ) ;
#7220 = VERTEX_POINT ( 'NONE', #2151 ) ;
#7221 = EDGE_CURVE ( 'NONE', #1327, #2425, #1823, .T. ) ;
#7222 = LINE ( 'NONE', #5543, #6186 ) ;
#7223 = SURFACE_STYLE_USAGE ( .BOTH. , #1081 ) ;
#7224 = CARTESIAN_POINT ( 'NONE',  ( 0.7163461538461535216, 0.9799999999999999822, -1.715384615384615508 ) ) ;
#7225 = CARTESIAN_POINT ( 'NONE',  ( -1.352665586018842125, 0.9799999999999997602, -1.546065538491963931 ) ) ;
#7226 = VECTOR ( 'NONE', #243, 1000.000000000000000 ) ;
#7227 = CARTESIAN_POINT ( 'NONE',  ( 3.125722544454802687, 0.9799999999999995381, -2.264378128668183443 ) ) ;
ENDSEC;
END-ISO-10303-21;
